# Blender 5.1.2
# www.blender.org
o lower_tray
v 0.000000 24.799999 2.200000
v -13.850000 -20.868904 2.250000
v 13.850000 -20.868904 2.250000
v 13.850000 27.108902 2.250000
v -27.700001 3.120000 2.250000
v 14.003092 -20.872662 2.250000
v -13.850000 27.108902 2.250000
v -13.696909 -20.872662 2.250000
v 14.155814 -20.883926 2.250000
v 0.000000 32.000000 0.000000
v 14.307799 -20.902672 2.250000
v -27.546909 3.116242 2.250000
v -13.544187 -20.883926 2.250000
v 27.700001 3.120000 2.250000
v 14.458682 -20.928854 2.250000
v -27.394188 3.104976 2.250000
v -13.392201 -20.902672 2.250000
v 14.608099 -20.962406 2.250000
v -13.696909 27.105145 2.250000
v 14.755689 -21.003250 2.250000
v 0.000000 32.000000 11.500000
v 14.003092 27.105145 2.250000
v -27.242201 3.086231 2.250000
v 14.901096 -21.051285 2.250000
v -13.544187 27.093880 2.250000
v 15.043973 -21.106400 2.250000
v 1.216878 24.770126 2.200000
v -27.091318 3.060050 2.250000
v 15.183972 -21.168457 2.250000
v 14.155814 27.093880 2.250000
v -13.392201 27.075134 2.250000
v -26.941902 3.026497 2.250000
v 15.320758 -21.237309 2.250000
v 27.853092 3.116242 2.250000
v 15.454000 -21.312790 2.250000
v -26.794313 2.985654 2.250000
v -13.241319 27.048952 2.250000
v 1.570166 31.961454 0.000000
v 15.583380 -21.394718 2.250000
v 14.307799 27.075134 2.250000
v 15.708582 -21.482895 2.250000
v -26.648905 2.937617 2.250000
v -13.091902 27.015400 2.250000
v 1.570166 31.961454 11.500000
v 15.829308 -21.577110 2.250000
v -26.506029 2.882504 2.250000
v 28.005814 3.104976 2.250000
v 15.945265 -21.677135 2.250000
v -26.366030 2.820446 2.250000
v 14.458682 27.048952 2.250000
v 16.056173 -21.782730 2.250000
v -12.944312 26.974556 2.250000
v 3.136549 31.845911 0.000000
v 16.161768 -21.893639 2.250000
v -26.229242 2.751594 2.250000
v 16.261793 -22.009596 2.250000
v -12.798904 26.926521 2.250000
v 2.430825 24.680580 2.200000
v -26.096001 2.676113 2.250000
v 16.356009 -22.130322 2.250000
v 28.157801 3.086231 2.250000
v 16.444185 -22.255524 2.250000
v -11.438208 -22.009596 2.250000
v 14.608099 27.015400 2.250000
v 16.526114 -22.384903 2.250000
v -25.966621 2.594185 2.250000
v -12.656028 26.871407 2.250000
v 16.601595 -22.518145 2.250000
v -11.343993 -22.130322 2.250000
v 3.136549 31.845911 11.500000
v -25.841419 2.506007 2.250000
v 16.670446 -22.654932 2.250000
v -11.255816 -22.255524 2.250000
v 16.732504 -22.794931 2.250000
v -12.516028 26.809349 2.250000
v 3.638916 24.531576 2.200000
v -11.173887 -22.384903 2.250000
v 16.787617 -22.937807 2.250000
v -25.720694 2.411793 2.250000
v 16.835655 -23.083216 2.250000
v 14.755689 26.974556 2.250000
v -11.098406 -22.518145 2.250000
v -25.604736 2.311767 2.250000
v 16.876497 -23.230804 2.250000
v -11.029554 -22.654932 2.250000
v 28.308683 3.060050 2.250000
v 16.910049 -23.380220 2.250000
v -12.379243 26.740498 2.250000
v 16.936232 -23.531103 2.250000
v 4.695375 31.653648 0.000000
v -10.967497 -22.794931 2.250000
v 16.954977 -23.683090 2.250000
v -25.493828 2.206173 2.250000
v -10.912383 -22.937807 2.250000
v -12.246000 26.665016 2.250000
v 16.966242 -23.835812 2.250000
v 14.901096 26.926521 2.250000
v 16.970001 -23.988903 2.250000
v -25.388233 2.095264 2.250000
v -10.864347 -23.083216 2.250000
v 4.695375 31.653648 11.500000
v 16.966242 -24.141994 2.250000
v -25.288208 1.979307 2.250000
v 16.954977 -24.294716 2.250000
v -10.823503 -23.230804 2.250000
v 15.043973 26.871407 2.250000
v -12.116621 26.583088 2.250000
v 16.936232 -24.446703 2.250000
v -10.789950 -23.380220 2.250000
v -25.193993 1.858582 2.250000
v 16.910049 -24.597586 2.250000
v -10.763770 -23.531103 2.250000
v 16.876497 -24.747002 2.250000
v 28.458099 3.026497 2.250000
v -11.991419 26.494911 2.250000
v -10.745024 -23.683090 2.250000
v 16.835655 -24.894590 2.250000
v 6.242890 31.385128 0.000000
v -25.105816 1.733379 2.250000
v 16.787617 -25.039999 2.250000
v 15.183972 26.809349 2.250000
v 16.732504 -25.182875 2.250000
v -10.733759 -23.835812 2.250000
v -11.870693 26.400696 2.250000
v 16.670446 -25.322874 2.250000
v -25.023888 1.604001 2.250000
v -10.730000 -23.988903 2.250000
v 16.601595 -25.459661 2.250000
v 4.838240 24.323473 2.200000
v -10.733759 -24.141994 2.250000
v 16.526114 -25.592903 2.250000
v -24.948406 1.470758 2.250000
v 28.605688 2.985654 2.250000
v 16.444185 -25.722282 2.250000
v -11.754736 26.300671 2.250000
v -10.745024 -24.294716 2.250000
v -24.879555 1.333972 2.250000
v 16.356009 -25.847485 2.250000
v 6.242890 31.385128 11.500000
v 16.261793 -25.968210 2.250000
v -10.763770 -24.446703 2.250000
v 15.320758 26.740498 2.250000
v 16.161768 -26.084167 2.250000
v -24.817497 1.193972 2.250000
v -10.789950 -24.597586 2.250000
v -11.643827 26.195076 2.250000
v 16.056173 -26.195076 2.250000
v 7.775366 31.041000 0.000000
v 15.945265 -26.300671 2.250000
v -10.823503 -24.747002 2.250000
v 15.454000 26.665016 2.250000
v 15.829308 -26.400696 2.250000
v -11.538233 26.084167 2.250000
v -10.864347 -24.894590 2.250000
v 28.751097 2.937617 2.250000
v 15.708582 -26.494911 2.250000
v -10.912383 -25.039999 2.250000
v 6.025908 24.056774 2.200000
v 15.583380 -26.583088 2.250000
v -11.438208 25.968210 2.250000
v -10.967497 -25.182875 2.250000
v 15.454000 -26.665016 2.250000
v 15.583380 26.583088 2.250000
v 7.775366 31.041000 11.500000
v 15.320758 -26.740498 2.250000
v -11.029554 -25.322874 2.250000
v 28.893972 2.882504 2.250000
v 15.183972 -26.809349 2.250000
v -11.343993 25.847485 2.250000
v 15.708582 26.494911 2.250000
v 15.043973 -26.871407 2.250000
v -11.098406 -25.459661 2.250000
v 14.901096 -26.926521 2.250000
v 7.199060 23.732121 2.200000
v -11.173887 -25.592903 2.250000
v 14.755689 -26.974556 2.250000
v -11.255816 25.722282 2.250000
v 29.033972 2.820446 2.250000
v 15.829308 26.400696 2.250000
v 14.608099 -27.015400 2.250000
v -11.255816 -25.722282 2.250000
v 14.458682 -27.048952 2.250000
v -11.173887 25.592903 2.250000
v 9.289110 30.622091 0.000000
v -11.343993 -25.847485 2.250000
v 14.307799 -27.075134 2.250000
v -11.098406 25.459661 2.250000
v 14.155814 -27.093880 2.250000
v 9.289110 30.622091 11.500000
v -11.438208 -25.968210 2.250000
v 15.945265 26.300671 2.250000
v 14.003092 -27.105145 2.250000
v 10.780476 30.129410 0.000000
v 13.850000 -27.108902 2.250000
v -11.538233 -26.084167 2.250000
v -11.029554 25.322874 2.250000
v 13.696909 -27.105145 2.250000
v 29.170759 2.751594 2.250000
v -11.643827 -26.195076 2.250000
v 13.544187 -27.093880 2.250000
v -10.967497 25.182875 2.250000
v 8.354868 23.350292 2.200000
v -11.754736 -26.300671 2.250000
v 13.392201 -27.075134 2.250000
v 16.056173 26.195076 2.250000
v -11.870693 -26.400696 2.250000
v 13.241319 -27.048952 2.250000
v 10.780476 30.129410 11.500000
v 13.091902 -27.015400 2.250000
v -10.912383 25.039999 2.250000
v 29.304001 2.676113 2.250000
v -11.991419 -26.494911 2.250000
v 12.944312 -26.974556 2.250000
v -10.864347 24.894590 2.250000
v 12.798904 -26.926521 2.250000
v 16.161768 26.084167 2.250000
v -12.116621 -26.583088 2.250000
v -24.817497 -1.193972 2.250000
v 12.656028 -26.871407 2.250000
v -12.246000 -26.665016 2.250000
v 12.516028 -26.809349 2.250000
v 12.245871 29.564144 0.000000
v 29.433380 2.594185 2.250000
v 12.379243 -26.740498 2.250000
v -12.379243 -26.740498 2.250000
v -10.823503 24.747002 2.250000
v -24.879555 -1.333972 2.250000
v 12.246000 -26.665016 2.250000
v -12.516028 -26.809349 2.250000
v 12.116621 -26.583088 2.250000
v 16.261793 25.968210 2.250000
v -10.789950 24.597586 2.250000
v -12.656028 -26.871407 2.250000
v 11.991419 -26.494911 2.250000
v -24.948406 -1.470758 2.250000
v 11.870693 -26.400696 2.250000
v 9.490549 22.912210 2.200000
v -25.023888 -1.604001 2.250000
v 11.754736 -26.300671 2.250000
v -12.798904 -26.926521 2.250000
v 12.245871 29.564144 11.500000
v -12.944312 -26.974556 2.250000
v 11.643827 -26.195076 2.250000
v -10.763770 24.446703 2.250000
v 16.356009 25.847485 2.250000
v 11.538233 -26.084167 2.250000
v -25.105816 -1.733379 2.250000
v -13.091902 -27.015400 2.250000
v 11.438208 -25.968210 2.250000
v 29.558582 2.506007 2.250000
v -13.241319 -27.048952 2.250000
v 11.343993 -25.847485 2.250000
v -25.193993 -1.858582 2.250000
v 13.681763 28.927658 0.000000
v 11.255816 -25.722282 2.250000
v -13.392201 -27.075134 2.250000
v -10.745024 24.294716 2.250000
v 11.173887 -25.592903 2.250000
v 16.444185 25.722282 2.250000
v -25.288208 -1.979307 2.250000
v 11.098406 -25.459661 2.250000
v -13.544187 -27.093880 2.250000
v 11.029554 -25.322874 2.250000
v 10.603366 22.418934 2.200000
v -10.733759 24.141994 2.250000
v 10.967497 -25.182875 2.250000
v -13.696909 -27.105145 2.250000
v -25.388233 -2.095264 2.250000
v 10.912383 -25.039999 2.250000
v 13.681763 28.927658 11.500000
v -13.850000 -27.108902 2.250000
v 10.864347 -24.894590 2.250000
v 16.526114 25.592903 2.250000
v -25.493828 -2.206173 2.250000
v -14.003092 -27.105145 2.250000
v 10.823503 -24.747002 2.250000
v -10.730000 23.988903 2.250000
v 10.789950 -24.597586 2.250000
v 29.679308 2.411793 2.250000
v -14.155814 -27.093880 2.250000
v 10.763770 -24.446703 2.250000
v -25.604736 -2.311767 2.250000
v 15.084696 28.221479 0.000000
v 10.745024 -24.294716 2.250000
v -14.307799 -27.075134 2.250000
v -10.733759 23.835812 2.250000
v 10.733759 -24.141994 2.250000
v -25.720694 -2.411793 2.250000
v -14.458682 -27.048952 2.250000
v 16.601595 25.459661 2.250000
v 10.730000 -23.988903 2.250000
v -14.608099 -27.015400 2.250000
v 16.670446 25.322874 2.250000
v 10.733759 -23.835812 2.250000
v -25.841419 -2.506007 2.250000
v 10.745024 -23.683090 2.250000
v -14.755689 -26.974556 2.250000
v -10.745024 23.683090 2.250000
v -25.966621 -2.594185 2.250000
v 10.763770 -23.531103 2.250000
v -14.901096 -26.926521 2.250000
v 29.795265 2.311767 2.250000
v 10.789950 -23.380220 2.250000
v -10.763770 23.531103 2.250000
v -15.043973 -26.871407 2.250000
v 10.823503 -23.230804 2.250000
v -26.096001 -2.676113 2.250000
v 15.084696 28.221479 11.500000
v 10.864347 -23.083216 2.250000
v -15.183972 -26.809349 2.250000
v 16.732504 25.182875 2.250000
v 10.912383 -22.937807 2.250000
v -26.229242 -2.751594 2.250000
v 16.451288 27.447315 0.000000
v 10.967497 -22.794931 2.250000
v -15.320758 -26.740498 2.250000
v -10.789950 23.380220 2.250000
v 11.029554 -22.654932 2.250000
v 29.906174 2.206173 2.250000
v 11.098406 -22.518145 2.250000
v -15.454000 -26.665016 2.250000
v -26.366030 -2.820446 2.250000
v -15.583380 -26.583088 2.250000
v 11.173887 -22.384903 2.250000
v 16.787617 25.039999 2.250000
v 11.255816 -22.255524 2.250000
v -26.506029 -2.882504 2.250000
v -10.823503 23.230804 2.250000
v 11.343993 -22.130322 2.250000
v -15.708582 -26.494911 2.250000
v 30.011768 2.095264 2.250000
v 11.438208 -22.009596 2.250000
v -15.829308 -26.400696 2.250000
v -10.864347 23.083216 2.250000
v -26.648905 -2.937617 2.250000
v -15.945265 -26.300671 2.250000
v 16.451288 27.447315 11.500000
v -26.794313 -2.985654 2.250000
v 16.835655 24.894590 2.250000
v -16.056173 -26.195076 2.250000
v -10.912383 22.937807 2.250000
v -26.941902 -3.026497 2.250000
v -16.161768 -26.084167 2.250000
v 17.778248 26.607027 0.000000
v 16.876497 24.747002 2.250000
v -16.261793 -25.968210 2.250000
v 13.778142 20.620445 2.200000
v -27.091318 -3.060050 2.250000
v -16.356009 -25.847485 2.250000
v -10.967497 22.794931 2.250000
v 30.111794 1.979307 2.250000
v -16.444185 -25.722282 2.250000
v -27.242201 -3.086231 2.250000
v 17.778248 26.607027 11.500000
v -16.526114 -25.592903 2.250000
v -11.029554 22.654932 2.250000
v -16.601595 -25.459661 2.250000
v -27.394188 -3.104976 2.250000
v 16.910049 24.597586 2.250000
v -16.670446 -25.322874 2.250000
v -11.098406 22.518145 2.250000
v -27.546909 -3.116242 2.250000
v 13.392201 -20.902672 2.250000
v -16.732504 -25.182875 2.250000
v 30.206009 1.858582 2.250000
v 19.062378 25.702641 0.000000
v 13.544187 -20.883926 2.250000
v -16.787617 -25.039999 2.250000
v 13.696909 -20.872662 2.250000
v -27.700001 -3.120000 2.250000
v 16.936232 24.446703 2.250000
v -16.835655 -24.894590 2.250000
v -11.173887 22.384903 2.250000
v -27.853092 -3.116242 2.250000
v 14.773342 19.919546 2.200000
v -16.876497 -24.747002 2.250000
v -11.255816 22.255524 2.250000
v -28.005814 -3.104976 2.250000
v -16.910049 -24.597586 2.250000
v 16.954977 24.294716 2.250000
v -28.157801 -3.086231 2.250000
v -16.936232 -24.446703 2.250000
v 30.294186 1.733379 2.250000
v -16.954977 -24.294716 2.250000
v -11.343993 22.130322 2.250000
v -28.308683 -3.060050 2.250000
v 19.062378 25.702641 11.500000
v -16.966242 -24.141994 2.250000
v 16.966242 24.141994 2.250000
v -16.970001 -23.988903 2.250000
v -11.438208 22.009596 2.250000
v -28.458099 -3.026497 2.250000
v -16.966242 -23.835812 2.250000
v 20.300587 24.736334 0.000000
v -28.605688 -2.985654 2.250000
v -16.954977 -23.683090 2.250000
v 30.376114 1.604001 2.250000
v 15.732954 19.170658 2.200000
v -28.751097 -2.937617 2.250000
v -16.936232 -23.531103 2.250000
v 16.970001 23.988903 2.250000
v -16.910049 -23.380220 2.250000
v 20.300587 24.736334 11.500000
v 16.654661 18.375587 2.200000
v -16.876497 -23.230804 2.250000
v -28.893972 -2.882504 2.250000
v 16.966242 23.835812 2.250000
v -16.835655 -23.083216 2.250000
v 30.451595 1.470758 2.250000
v -29.033972 -2.820446 2.250000
v 16.954977 23.683090 2.250000
v -16.787617 -22.937807 2.250000
v 21.489887 23.710436 0.000000
v -16.732504 -22.794931 2.250000
v -29.170759 -2.751594 2.250000
v 30.520447 1.333972 2.250000
v 16.936232 23.531103 2.250000
v -16.670446 -22.654932 2.250000
v -29.304001 -2.676113 2.250000
v 21.489887 23.710436 11.500000
v -16.601595 -22.518145 2.250000
v -29.433380 -2.594185 2.250000
v -16.526114 -22.384903 2.250000
v 17.536247 17.536247 2.200000
v 16.910049 23.380220 2.250000
v -16.444185 -22.255524 2.250000
v -29.558582 -2.506007 2.250000
v 30.582504 1.193972 2.250000
v -16.356009 -22.130322 2.250000
v 22.627417 22.627417 0.000000
v -29.679308 -2.411793 2.250000
v -16.261793 -22.009596 2.250000
v 22.627417 22.627417 11.500000
v 16.876497 23.230804 2.250000
v -16.161768 -21.893639 2.250000
v -29.795265 -2.311767 2.250000
v 18.375587 16.654661 2.200000
v -16.056173 -21.782730 2.250000
v 30.637619 1.051096 2.250000
v 16.835655 23.083216 2.250000
v -29.906174 -2.206173 2.250000
v -15.945265 -21.677135 2.250000
v 23.710436 21.489887 0.000000
v -30.011768 -2.095264 2.250000
v -15.829308 -21.577110 2.250000
v 16.787617 22.937807 2.250000
v -15.708582 -21.482895 2.250000
v 23.710436 21.489887 11.500000
v -30.111794 -1.979307 2.250000
v -15.583380 -21.394718 2.250000
v 30.685654 0.905688 2.250000
v 24.736334 20.300587 0.000000
v -15.454000 -21.312790 2.250000
v -30.206009 -1.858582 2.250000
v 16.732504 22.794931 2.250000
v -15.320758 -21.237309 2.250000
v 19.170658 15.732954 2.200000
v 30.726498 0.758098 2.250000
v -15.183972 -21.168457 2.250000
v -30.294186 -1.733379 2.250000
v -13.392201 20.902672 2.250000
v 16.670446 22.654932 2.250000
v -15.043973 -21.106400 2.250000
v -30.376114 -1.604001 2.250000
v -14.901096 -21.051285 2.250000
v 24.736334 20.300587 11.500000
v -13.544187 20.883926 2.250000
v -14.755689 -21.003250 2.250000
v -30.451595 -1.470758 2.250000
v 19.919546 14.773342 2.200000
v -14.608099 -20.962406 2.250000
v 16.601595 22.518145 2.250000
v -30.520447 -1.333972 2.250000
v 30.760050 0.608682 2.250000
v -14.458682 -20.928854 2.250000
v -13.696909 20.872662 2.250000
v -14.307799 -20.902672 2.250000
v -30.582504 -1.193972 2.250000
v 16.526114 22.384903 2.250000
v -30.637619 -1.051096 2.250000
v -14.155814 -20.883926 2.250000
v -13.850000 20.868904 2.250000
v -14.003092 -20.872662 2.250000
v 25.702641 19.062378 0.000000
v 25.702641 19.062378 11.500000
v -30.685654 -0.905688 2.250000
v -14.003092 20.872662 2.250000
v 30.786232 0.457799 2.250000
v -30.726498 -0.758098 2.250000
v 16.444185 22.255524 2.250000
v -30.760050 -0.608682 2.250000
v 26.607027 17.778248 0.000000
v -14.155814 20.883926 2.250000
v -30.786232 -0.457799 2.250000
v 30.804977 0.305813 2.250000
v -14.307799 20.902672 2.250000
v -30.804977 -0.305813 2.250000
v 16.356009 22.130322 2.250000
v 20.620445 13.778142 2.200000
v -30.816242 -0.153091 2.250000
v -14.458682 20.928854 2.250000
v 16.261793 22.009596 2.250000
v -30.820000 0.000000 2.250000
v 26.607027 17.778248 11.500000
v 30.816242 0.153091 2.250000
v -14.608099 20.962406 2.250000
v -30.816242 0.153091 2.250000
v 16.161768 21.893639 2.250000
v -14.755689 21.003250 2.250000
v -30.804977 0.305813 2.250000
v 21.271669 12.749748 2.200000
v -30.786232 0.457799 2.250000
v 27.447315 16.451288 0.000000
v -14.901096 21.051285 2.250000
v 27.447315 16.451288 11.500000
v -30.760050 0.608682 2.250000
v 16.056173 21.782730 2.250000
v 30.820000 0.000000 2.250000
v -30.726498 0.758098 2.250000
v -15.043973 21.106400 2.250000
v 21.871645 11.690639 2.200000
v -30.685654 0.905688 2.250000
v 15.945265 21.677135 2.250000
v -15.183972 21.168457 2.250000
v -30.637619 1.051096 2.250000
v 28.221479 15.084696 0.000000
v -30.582504 1.193972 2.250000
v -15.320758 21.237309 2.250000
v 30.816242 -0.153091 2.250000
v -30.520447 1.333972 2.250000
v 15.829308 21.577110 2.250000
v -15.454000 21.312790 2.250000
v -30.451595 1.470758 2.250000
v 28.221479 15.084696 11.500000
v 30.804977 -0.305813 2.250000
v 15.708582 21.482895 2.250000
v -30.376114 1.604001 2.250000
v -15.583380 21.394718 2.250000
v -30.294186 1.733379 2.250000
v 28.927658 13.681763 0.000000
v 22.418934 10.603366 2.200000
v -15.708582 21.482895 2.250000
v -30.206009 1.858582 2.250000
v 15.583380 21.394718 2.250000
v -15.829308 21.577110 2.250000
v -30.111794 1.979307 2.250000
v 28.927658 13.681763 11.500000
v 30.786232 -0.457799 2.250000
v -30.011768 2.095264 2.250000
v -15.945265 21.677135 2.250000
v 15.454000 21.312790 2.250000
v -29.906174 2.206173 2.250000
v 29.564144 12.245871 0.000000
v -29.795265 2.311767 2.250000
v 15.320758 21.237309 2.250000
v -16.056173 21.782730 2.250000
v 30.760050 -0.608682 2.250000
v -29.679308 2.411793 2.250000
v -16.161768 21.893639 2.250000
v 22.912210 9.490549 2.200000
v -29.558582 2.506007 2.250000
v 15.183972 21.168457 2.250000
v 29.564144 12.245871 11.500000
v -29.433380 2.594185 2.250000
v -16.261793 22.009596 2.250000
v 30.726498 -0.758098 2.250000
v -29.304001 2.676113 2.250000
v 15.043973 21.106400 2.250000
v -29.170759 2.751594 2.250000
v -16.356009 22.130322 2.250000
v 30.129410 10.780476 0.000000
v -16.444185 22.255524 2.250000
v -29.033972 2.820446 2.250000
v 23.350292 8.354868 2.200000
v 30.685654 -0.905688 2.250000
v -28.893972 2.882504 2.250000
v 14.901096 21.051285 2.250000
v -16.526114 22.384903 2.250000
v -28.751097 2.937617 2.250000
v 30.129410 10.780476 11.500000
v 14.755689 21.003250 2.250000
v -28.605688 2.985654 2.250000
v -16.601595 22.518145 2.250000
v -28.458099 3.026497 2.250000
v 30.622091 9.289110 0.000000
v -16.670446 22.654932 2.250000
v -28.308683 3.060050 2.250000
v 23.732121 7.199060 2.200000
v 30.637619 -1.051096 2.250000
v -28.157801 3.086231 2.250000
v 14.608099 20.962406 2.250000
v -16.732504 22.794931 2.250000
v 30.622091 9.289110 11.500000
v -28.005814 3.104976 2.250000
v 31.041000 7.775366 0.000000
v -27.853092 3.116242 2.250000
v -16.787617 22.937807 2.250000
v 14.458682 20.928854 2.250000
v 30.582504 -1.193972 2.250000
v -16.835655 23.083216 2.250000
v 24.056774 6.025908 2.200000
v 14.307799 20.902672 2.250000
v -16.876497 23.230804 2.250000
v 31.041000 7.775366 11.500000
v -16.910049 23.380220 2.250000
v 14.155814 20.883926 2.250000
v 30.520447 -1.333972 2.250000
v 31.385128 6.242890 0.000000
v -16.936232 23.531103 2.250000
v 14.003092 20.872662 2.250000
v -16.954977 23.683090 2.250000
v 24.323473 4.838240 2.200000
v 30.451595 -1.470758 2.250000
v -16.966242 23.835812 2.250000
v 13.850000 20.868904 2.250000
v 31.385128 6.242890 11.500000
v -16.970001 23.988903 2.250000
v 24.531576 3.638916 2.200000
v 30.376114 -1.604001 2.250000
v 13.696909 20.872662 2.250000
v -16.966242 24.141994 2.250000
v 31.653648 4.695375 0.000000
v -16.954977 24.294716 2.250000
v 30.294186 -1.733379 2.250000
v 13.544187 20.883926 2.250000
v -16.936232 24.446703 2.250000
v 31.653648 4.695375 11.500000
v 13.392201 20.902672 2.250000
v 31.845911 3.136549 0.000000
v -16.910049 24.597586 2.250000
v 24.680580 2.430825 2.200000
v 30.206009 -1.858582 2.250000
v -16.876497 24.747002 2.250000
v 31.845911 3.136549 11.500000
v 30.111794 -1.979307 2.250000
v -16.835655 24.894590 2.250000
v 24.770126 1.216878 2.200000
v -16.787617 25.039999 2.250000
v 31.961454 1.570166 0.000000
v 30.011768 -2.095264 2.250000
v -16.732504 25.182875 2.250000
v 31.961454 1.570166 11.500000
v 32.000000 0.000000 0.000000
v -16.670446 25.322874 2.250000
v 29.906174 -2.206173 2.250000
v 32.000000 0.000000 11.500000
v -16.601595 25.459661 2.250000
v 29.795265 -2.311767 2.250000
v 31.961454 -1.570166 0.000000
v 24.770126 -1.216878 2.200000
v -16.526114 25.592903 2.250000
v 29.679308 -2.411793 2.250000
v 31.961454 -1.570166 11.500000
v -16.444185 25.722282 2.250000
v 24.680580 -2.430825 2.200000
v 31.845911 -3.136549 0.000000
v -16.356009 25.847485 2.250000
v 29.558582 -2.506007 2.250000
v 31.845911 -3.136549 11.500000
v -16.261793 25.968210 2.250000
v 31.653648 -4.695375 0.000000
v 29.433380 -2.594185 2.250000
v -16.161768 26.084167 2.250000
v 24.531576 -3.638916 2.200000
v 31.653648 -4.695375 11.500000
v -16.056173 26.195076 2.250000
v 29.304001 -2.676113 2.250000
v -15.945265 26.300671 2.250000
v 31.385128 -6.242890 0.000000
v 29.170759 -2.751594 2.250000
v 24.323473 -4.838240 2.200000
v -15.829308 26.400696 2.250000
v 31.385128 -6.242890 11.500000
v -15.708582 26.494911 2.250000
v 29.033972 -2.820446 2.250000
v 11.438208 22.009596 2.250000
v 31.041000 -7.775366 0.000000
v -15.583380 26.583088 2.250000
v 24.056774 -6.025908 2.200000
v 11.343993 22.130322 2.250000
v -15.454000 26.665016 2.250000
v 31.041000 -7.775366 11.500000
v 28.893972 -2.882504 2.250000
v -15.320758 26.740498 2.250000
v 11.255816 22.255524 2.250000
v -15.183972 26.809349 2.250000
v 30.622091 -9.289110 0.000000
v 11.173887 22.384903 2.250000
v 23.732121 -7.199060 2.200000
v -15.043973 26.871407 2.250000
v 28.751097 -2.937617 2.250000
v 11.098406 22.518145 2.250000
v -14.901096 26.926521 2.250000
v 30.622091 -9.289110 11.500000
v 28.605688 -2.985654 2.250000
v -14.755689 26.974556 2.250000
v 30.129410 -10.780476 0.000000
v -14.608099 27.015400 2.250000
v 11.029554 22.654932 2.250000
v 23.350292 -8.354868 2.200000
v -14.458682 27.048952 2.250000
v 28.458099 -3.026497 2.250000
v 10.967497 22.794931 2.250000
v -14.307799 27.075134 2.250000
v 30.129410 -10.780476 11.500000
v 29.564144 -12.245871 0.000000
v -14.155814 27.093880 2.250000
v 10.912383 22.937807 2.250000
v 22.912210 -9.490549 2.200000
v 10.864347 23.083216 2.250000
v -14.003092 27.105145 2.250000
v 28.308683 -3.060050 2.250000
v 29.564144 -12.245871 11.500000
v 10.823503 23.230804 2.250000
v 28.927658 -13.681763 0.000000
v 28.157801 -3.086231 2.250000
v 10.789950 23.380220 2.250000
v 22.418934 -10.603366 2.200000
v 28.927658 -13.681763 11.500000
v 10.763770 23.531103 2.250000
v 28.005814 -3.104976 2.250000
v 21.871645 -11.690639 2.200000
v 28.221479 -15.084696 0.000000
v 10.745024 23.683090 2.250000
v 27.853092 -3.116242 2.250000
v 28.221479 -15.084696 11.500000
v 10.733759 23.835812 2.250000
v 21.271669 -12.749748 2.200000
v 10.730000 23.988903 2.250000
v 27.700001 -3.120000 2.250000
v 27.447315 -16.451288 0.000000
v 27.447315 -16.451288 11.500000
v 10.733759 24.141994 2.250000
v 27.546909 -3.116242 2.250000
v 10.745024 24.294716 2.250000
v 26.607027 -17.778248 0.000000
v 20.620445 -13.778142 2.200000
v 10.763770 24.446703 2.250000
v 27.394188 -3.104976 2.250000
v 26.607027 -17.778248 11.500000
v 10.789950 24.597586 2.250000
v 25.702641 -19.062378 0.000000
v 27.242201 -3.086231 2.250000
v 19.919546 -14.773342 2.200000
v 10.823503 24.747002 2.250000
v 25.702641 -19.062378 11.500000
v 27.091318 -3.060050 2.250000
v 10.864347 24.894590 2.250000
v 24.736334 -20.300587 0.000000
v 10.912383 25.039999 2.250000
v 19.170658 -15.732954 2.200000
v 26.941902 -3.026497 2.250000
v 10.967497 25.182875 2.250000
v 24.736334 -20.300587 11.500000
v 26.794313 -2.985654 2.250000
v 11.029554 25.322874 2.250000
v 23.710436 -21.489887 0.000000
v 18.375587 -16.654661 2.200000
v 11.098406 25.459661 2.250000
v 23.710436 -21.489887 11.500000
v 26.648905 -2.937617 2.250000
v 17.536247 -17.536247 2.200000
v 11.173887 25.592903 2.250000
v 22.627417 -22.627417 0.000000
v 26.506029 -2.882504 2.250000
v 11.255816 25.722282 2.250000
v 22.627417 -22.627417 11.500000
v 11.343993 25.847485 2.250000
v 21.489887 -23.710436 0.000000
v 26.366030 -2.820446 2.250000
v 11.438208 25.968210 2.250000
v 16.654661 -18.375587 2.200000
v 21.489887 -23.710436 11.500000
v 11.538233 26.084167 2.250000
v 26.229242 -2.751594 2.250000
v 15.732954 -19.170658 2.200000
v 11.643827 26.195076 2.250000
v 20.300587 -24.736334 0.000000
v 26.096001 -2.676113 2.250000
v 20.300587 -24.736334 11.500000
v 11.754736 26.300671 2.250000
v 25.966621 -2.594185 2.250000
v 14.773342 -19.919546 2.200000
v 11.870693 26.400696 2.250000
v 19.062378 -25.702641 0.000000
v 19.062378 -25.702641 11.500000
v 11.991419 26.494911 2.250000
v 25.841419 -2.506007 2.250000
v 13.778142 -20.620445 2.200000
v 12.116621 26.583088 2.250000
v 25.720694 -2.411793 2.250000
v 17.778248 -26.607027 0.000000
v 12.246000 26.665016 2.250000
v 17.778248 -26.607027 11.500000
v 12.379243 26.740498 2.250000
v 25.604736 -2.311767 2.250000
v 16.451288 -27.447315 0.000000
v 12.516028 26.809349 2.250000
v 16.451288 -27.447315 11.500000
v 25.493828 -2.206173 2.250000
v 12.656028 26.871407 2.250000
v 25.388233 -2.095264 2.250000
v 12.798904 26.926521 2.250000
v 15.084696 -28.221479 0.000000
v 12.944312 26.974556 2.250000
v 15.084696 -28.221479 11.500000
v 25.288208 -1.979307 2.250000
v 13.091902 27.015400 2.250000
v 13.681763 -28.927658 0.000000
v 10.603366 -22.418934 2.200000
v 25.193993 -1.858582 2.250000
v 13.241319 27.048952 2.250000
v 13.681763 -28.927658 11.500000
v 12.245871 -29.564144 0.000000
v 13.392201 27.075134 2.250000
v 25.105816 -1.733379 2.250000
v 9.490549 -22.912210 2.200000
v 13.544187 27.093880 2.250000
v 12.245871 -29.564144 11.500000
v 13.696909 27.105145 2.250000
v 10.780476 -30.129410 0.000000
v 25.023888 -1.604001 2.250000
v 8.354868 -23.350292 2.200000
v 10.780476 -30.129410 11.500000
v 24.948406 -1.470758 2.250000
v 7.199060 -23.732121 2.200000
v 24.879555 -1.333972 2.250000
v 9.289110 -30.622091 0.000000
v 9.289110 -30.622091 11.500000
v 24.817497 -1.193972 2.250000
v 6.025908 -24.056774 2.200000
v 7.775366 -31.041000 0.000000
v 7.775366 -31.041000 11.500000
v 6.242890 -31.385128 0.000000
v 4.838240 -24.323473 2.200000
v 6.242890 -31.385128 11.500000
v 4.695375 -31.653648 0.000000
v 3.638916 -24.531576 2.200000
v 4.695375 -31.653648 11.500000
v 3.136549 -31.845911 0.000000
v 2.430825 -24.680580 2.200000
v 3.136549 -31.845911 11.500000
v 1.570166 -31.961454 0.000000
v 1.216878 -24.770126 2.200000
v 1.570166 -31.961454 11.500000
v 0.000000 -24.799999 2.200000
v 0.000000 -32.000000 0.000000
v 0.000000 -32.000000 11.500000
v -1.216878 -24.770126 2.200000
v -1.570166 -31.961454 0.000000
v -1.570166 -31.961454 11.500000
v -2.430825 -24.680580 2.200000
v -3.136549 -31.845911 0.000000
v -3.136549 -31.845911 11.500000
v -3.638916 -24.531576 2.200000
v -4.695375 -31.653648 0.000000
v -4.695375 -31.653648 11.500000
v -4.838240 -24.323473 2.200000
v -6.242890 -31.385128 0.000000
v -6.242890 -31.385128 11.500000
v -7.775366 -31.041000 0.000000
v -6.025908 -24.056774 2.200000
v -7.775366 -31.041000 11.500000
v 24.817497 1.193972 2.250000
v -9.289110 -30.622091 0.000000
v -7.199060 -23.732121 2.200000
v 24.879555 1.333972 2.250000
v -9.289110 -30.622091 11.500000
v -8.354868 -23.350292 2.200000
v 24.948406 1.470758 2.250000
v -10.780476 -30.129410 0.000000
v 25.023888 1.604001 2.250000
v -10.780476 -30.129410 11.500000
v -12.245871 -29.564144 0.000000
v 25.105816 1.733379 2.250000
v -9.490549 -22.912210 2.200000
v -12.245871 -29.564144 11.500000
v 25.193993 1.858582 2.250000
v -13.681763 -28.927658 0.000000
v -10.603366 -22.418934 2.200000
v -13.681763 -28.927658 11.500000
v 25.288208 1.979307 2.250000
v 25.388233 2.095264 2.250000
v -15.084696 -28.221479 0.000000
v -15.084696 -28.221479 11.500000
v 25.493828 2.206173 2.250000
v -16.451288 -27.447315 0.000000
v 25.604736 2.311767 2.250000
v -16.451288 -27.447315 11.500000
v -13.778142 -20.620445 2.200000
v -17.778248 -26.607027 0.000000
v 25.720694 2.411793 2.250000
v -17.778248 -26.607027 11.500000
v 25.841419 2.506007 2.250000
v -14.773342 -19.919546 2.200000
v -19.062378 -25.702641 0.000000
v 25.966621 2.594185 2.250000
v -19.062378 -25.702641 11.500000
v -15.732954 -19.170658 2.200000
v 26.096001 2.676113 2.250000
v -20.300587 -24.736334 0.000000
v -20.300587 -24.736334 11.500000
v -16.654661 -18.375587 2.200000
v 26.229242 2.751594 2.250000
v -21.489887 -23.710436 0.000000
v -21.489887 -23.710436 11.500000
v 26.366030 2.820446 2.250000
v -17.536247 -17.536247 2.200000
v -22.627417 -22.627417 0.000000
v 26.506029 2.882504 2.250000
v -22.627417 -22.627417 11.500000
v 26.648905 2.937617 2.250000
v -23.710436 -21.489887 0.000000
v -18.375587 -16.654661 2.200000
v 26.794313 2.985654 2.250000
v -23.710436 -21.489887 11.500000
v -24.736334 -20.300587 0.000000
v -19.170658 -15.732954 2.200000
v 26.941902 3.026497 2.250000
v -24.736334 -20.300587 11.500000
v -25.702641 -19.062378 0.000000
v 27.091318 3.060050 2.250000
v -19.919546 -14.773342 2.200000
v 27.242201 3.086231 2.250000
v -25.702641 -19.062378 11.500000
v -26.607027 -17.778248 0.000000
v 27.394188 3.104976 2.250000
v -20.620445 -13.778142 2.200000
v -26.607027 -17.778248 11.500000
v 27.546909 3.116242 2.250000
v -21.271669 -12.749748 2.200000
v -21.818239 6.618491 8.400000
v -27.447315 -16.451288 0.000000
v -27.447315 -16.451288 11.500000
v -22.116713 5.539948 8.400000
v -28.221479 -15.084696 0.000000
v -20.610956 9.748256 8.400000
v -21.871645 -11.690639 2.200000
v -21.064451 8.725183 8.400000
v -28.221479 -15.084696 11.500000
v -21.467203 7.681088 8.400000
v -20.107803 10.747846 8.400000
v -28.927658 -13.681763 0.000000
v -19.556211 11.721542 8.400000
v -22.418934 -10.603366 2.200000
v -18.313131 13.581944 8.400000
v -28.927658 -13.681763 11.500000
v -22.912210 -9.490549 2.200000
v -18.957506 12.667001 8.400000
v -16.893684 15.311544 8.400000
v -29.564144 -12.245871 0.000000
v -17.624638 14.464168 8.400000
v -29.564144 -12.245871 11.500000
v -16.122034 16.122034 8.400000
v -30.129410 -10.780476 0.000000
v -23.350292 -8.354868 2.200000
v -15.311544 16.893684 8.400000
v -14.464168 17.624638 8.400000
v -30.129410 -10.780476 11.500000
v -12.667001 18.957506 8.400000
v -30.622091 -9.289110 0.000000
v -23.732121 -7.199060 2.200000
v -13.581944 18.313131 8.400000
v -10.747846 20.107803 8.400000
v -30.622091 -9.289110 11.500000
v -31.041000 -7.775366 0.000000
v -8.725183 21.064451 8.400000
v -9.748256 20.610956 8.400000
v -24.056774 -6.025908 2.200000
v -11.721542 19.556211 8.400000
v -31.041000 -7.775366 11.500000
v -24.323473 -4.838240 2.200000
v -5.539948 22.116713 8.400000
v -6.618491 21.818239 8.400000
v -31.385128 -6.242890 0.000000
v -3.345454 22.553225 8.400000
v -31.385128 -6.242890 11.500000
v -31.653648 -4.695375 0.000000
v -1.118743 22.772535 8.400000
v -24.531576 -3.638916 2.200000
v -2.234791 22.690210 8.400000
v -31.653648 -4.695375 11.500000
v -4.448059 22.361902 8.400000
v -31.845911 -3.136549 0.000000
v -7.681088 21.467203 8.400000
v -24.680580 -2.430825 2.200000
v -22.772535 -1.118743 8.400000
v -22.690210 -2.234791 8.400000
v -31.845911 -3.136549 11.500000
v -24.770126 -1.216878 2.200000
v -22.553225 -3.345454 8.400000
v -22.361902 -4.448059 8.400000
v -31.961454 -1.570166 0.000000
v -21.818239 -6.618491 8.400000
v -31.961454 -1.570166 11.500000
v -22.116713 -5.539948 8.400000
v -20.610956 -9.748256 8.400000
v -32.000000 0.000000 0.000000
v -32.000000 0.000000 11.500000
v -21.064451 -8.725183 8.400000
v -19.556211 -11.721542 8.400000
v -24.770126 1.216878 2.200000
v -31.961454 1.570166 0.000000
v -18.313131 -13.581944 8.400000
v -31.961454 1.570166 11.500000
v -18.957506 -12.667001 8.400000
v -24.680580 2.430825 2.200000
v -21.467203 -7.681088 8.400000
v -31.845911 3.136549 0.000000
v -20.107803 -10.747846 8.400000
v -31.845911 3.136549 11.500000
v -16.122034 -16.122034 8.400000
v -16.893684 -15.311544 8.400000
v -24.531576 3.638916 2.200000
v -14.464168 -17.624638 8.400000
v -31.653648 4.695375 0.000000
v -12.667001 -18.957506 8.400000
v -31.653648 4.695375 11.500000
v -13.581944 -18.313131 8.400000
v -24.323473 4.838240 2.200000
v -31.385128 6.242890 0.000000
v -15.311544 -16.893684 8.400000
v -10.747846 -20.107803 8.400000
v -31.385128 6.242890 11.500000
v -8.725183 -21.064451 8.400000
v -24.056774 6.025908 2.200000
v -31.041000 7.775366 0.000000
v -9.748256 -20.610956 8.400000
v -6.618491 -21.818239 8.400000
v -31.041000 7.775366 11.500000
v -5.539948 -22.116713 8.400000
v -23.732121 7.199060 2.200000
v -30.622091 9.289110 0.000000
v -7.681088 -21.467203 8.400000
v -30.622091 9.289110 11.500000
v -11.721542 -19.556211 8.400000
v -17.624638 -14.464168 8.400000
v -30.129410 10.780476 0.000000
v -23.350292 8.354868 2.200000
v 1.118743 -22.772535 8.400000
v 2.234791 -22.690210 8.400000
v -30.129410 10.780476 11.500000
v 3.345454 -22.553225 8.400000
v -29.564144 12.245871 0.000000
v -22.912210 9.490549 2.200000
v 4.448059 -22.361902 8.400000
v 6.618491 -21.818239 8.400000
v -29.564144 12.245871 11.500000
v -28.927658 13.681763 0.000000
v 5.539948 -22.116713 8.400000
v -22.418934 10.603366 2.200000
v 9.748256 -20.610956 8.400000
v 8.725183 -21.064451 8.400000
v -28.927658 13.681763 11.500000
v 11.721542 -19.556211 8.400000
v -28.221479 15.084696 0.000000
v 13.581944 -18.313131 8.400000
v -21.871645 11.690639 2.200000
v 12.667001 -18.957506 8.400000
v -28.221479 15.084696 11.500000
v 10.747846 -20.107803 8.400000
v -27.447315 16.451288 0.000000
v -21.271669 12.749748 2.200000
v 7.681088 -21.467203 8.400000
v 15.311544 -16.893684 8.400000
v -27.447315 16.451288 11.500000
v -26.607027 17.778248 0.000000
v 16.122034 -16.122034 8.400000
v -20.620445 13.778142 2.200000
v 16.893684 -15.311544 8.400000
v -26.607027 17.778248 11.500000
v 17.624638 -14.464168 8.400000
v 18.957506 -12.667001 8.400000
v -19.919546 14.773342 2.200000
v 18.313131 -13.581944 8.400000
v -25.702641 19.062378 0.000000
v 19.556211 -11.721542 8.400000
v -25.702641 19.062378 11.500000
v -19.170658 15.732954 2.200000
v 20.107803 -10.747846 8.400000
v -24.736334 20.300587 0.000000
v 21.064451 -8.725183 8.400000
v -24.736334 20.300587 11.500000
v 20.610956 -9.748256 8.400000
v 21.818239 -6.618491 8.400000
v -18.375587 16.654661 2.200000
v 22.116713 -5.539948 8.400000
v -23.710436 21.489887 0.000000
v 21.467203 -7.681088 8.400000
v -23.710436 21.489887 11.500000
v -17.536247 17.536247 2.200000
v 14.464168 -17.624638 8.400000
v 6.618491 21.818239 8.400000
v -22.627417 22.627417 0.000000
v 5.539948 22.116713 8.400000
v -22.627417 22.627417 11.500000
v 9.748256 20.610956 8.400000
v -16.654661 18.375587 2.200000
v 8.725183 21.064451 8.400000
v -21.489887 23.710436 0.000000
v 7.681088 21.467203 8.400000
v -21.489887 23.710436 11.500000
v 10.747846 20.107803 8.400000
v -15.732954 19.170658 2.200000
v 11.721542 19.556211 8.400000
v -20.300587 24.736334 0.000000
v 13.581944 18.313131 8.400000
v -20.300587 24.736334 11.500000
v 12.667001 18.957506 8.400000
v -19.062378 25.702641 0.000000
v -14.773342 19.919546 2.200000
v 15.311544 16.893684 8.400000
v -19.062378 25.702641 11.500000
v 16.893684 15.311544 8.400000
v 16.122034 16.122034 8.400000
v -17.778248 26.607027 0.000000
v 14.464168 17.624638 8.400000
v -13.778142 20.620445 2.200000
v -17.778248 26.607027 11.500000
v 18.957506 12.667001 8.400000
v -16.451288 27.447315 0.000000
v 18.313131 13.581944 8.400000
v 20.107803 10.747846 8.400000
v -16.451288 27.447315 11.500000
v 21.064451 8.725183 8.400000
v -15.084696 28.221479 0.000000
v 20.610956 9.748256 8.400000
v 19.556211 11.721542 8.400000
v -15.084696 28.221479 11.500000
v 17.624638 14.464168 8.400000
v -13.681763 28.927658 0.000000
v 22.116713 5.539948 8.400000
v 21.818239 6.618491 8.400000
v -10.603366 22.418934 2.200000
v -13.681763 28.927658 11.500000
v 22.553225 3.345454 8.400000
v -12.245871 29.564144 0.000000
v 22.772535 1.118743 8.400000
v 22.690210 2.234791 8.400000
v -9.490549 22.912210 2.200000
v 22.361902 4.448059 8.400000
v -12.245871 29.564144 11.500000
v 21.467203 7.681088 8.400000
v -10.780476 30.129410 0.000000
v -22.799999 0.000000 8.400000
v -8.354868 23.350292 2.200000
v -10.780476 30.129410 11.500000
v -22.772535 1.118743 8.400000
v -9.289110 30.622091 0.000000
v -22.361902 4.448059 8.400000
v -22.553225 3.345454 8.400000
v -7.199060 23.732121 2.200000
v -9.289110 30.622091 11.500000
v -22.690210 2.234791 8.400000
v -2.234791 -22.690210 8.400000
v -7.775366 31.041000 0.000000
v -4.448059 -22.361902 8.400000
v -6.025908 24.056774 2.200000
v -3.345454 -22.553225 8.400000
v -7.775366 31.041000 11.500000
v -6.242890 31.385128 0.000000
v 0.000000 22.799999 8.400000
v 1.118743 22.772535 8.400000
v -4.838240 24.323473 2.200000
v -6.242890 31.385128 11.500000
v 0.000000 -22.799999 8.400000
v -4.695375 31.653648 0.000000
v -1.118743 -22.772535 8.400000
v 3.345454 22.553225 8.400000
v -3.638916 24.531576 2.200000
v 2.234791 22.690210 8.400000
v -4.695375 31.653648 11.500000
v 22.553225 -3.345454 8.400000
v -2.430825 24.680580 2.200000
v -3.136549 31.845911 0.000000
v 22.361902 -4.448059 8.400000
v -3.136549 31.845911 11.500000
v 22.772535 -1.118743 8.400000
v 22.799999 0.000000 8.400000
v -1.216878 24.770126 2.200000
v -1.570166 31.961454 0.000000
v 22.690210 -2.234791 8.400000
v -1.570166 31.961454 11.500000
v 4.448059 22.361902 8.400000
v 2.234791 22.690210 7.650000
v -21.871645 11.690639 11.500000
v 3.345454 22.553225 7.650000
v -20.620445 13.778142 11.500000
v 4.448059 22.361902 7.650000
v -21.271669 12.749748 11.500000
v 5.539948 22.116713 7.650000
v -19.170658 15.732954 11.500000
v 7.681088 21.467203 7.650000
v -19.919546 14.773342 11.500000
v 6.618491 21.818239 7.650000
v -17.536247 17.536247 11.500000
v 10.747846 20.107803 7.650000
v -18.375587 16.654661 11.500000
v -16.654661 18.375587 11.500000
v 9.748256 20.610956 7.650000
v -14.773342 19.919546 11.500000
v 12.667001 18.957506 7.650000
v 14.464168 17.624638 7.650000
v -15.732954 19.170658 11.500000
v 13.581944 18.313131 7.650000
v -12.749748 21.271669 11.500000
v 11.721542 19.556211 7.650000
v -13.778142 20.620445 11.500000
v 8.725183 21.064451 7.650000
v -9.490549 22.912210 11.500000
v -10.603366 22.418934 11.500000
v 16.122034 16.122034 7.650000
v -7.199060 23.732121 11.500000
v 17.624638 14.464168 7.650000
v -8.354868 23.350292 11.500000
v 16.893684 15.311544 7.650000
v -11.690639 21.871645 11.500000
v 18.313131 13.581944 7.650000
v -23.732121 -7.199060 11.500000
v 19.556211 11.721542 7.650000
v -22.912210 -9.490549 11.500000
v 18.957506 12.667001 7.650000
v 20.107803 10.747846 7.650000
v -23.350292 -8.354868 11.500000
v 20.610956 9.748256 7.650000
v -21.871645 -11.690639 11.500000
v 21.467203 7.681088 7.650000
v -19.919546 -14.773342 11.500000
v 21.064451 8.725183 7.650000
v -20.620445 -13.778142 11.500000
v 22.116713 5.539948 7.650000
v -21.271669 -12.749748 11.500000
v 22.361902 4.448059 7.650000
v -22.418934 -10.603366 11.500000
v -18.375587 -16.654661 11.500000
v 21.818239 6.618491 7.650000
v -15.732954 -19.170658 11.500000
v 15.311544 16.893684 7.650000
v 5.539948 -22.116713 7.650000
v -16.654661 -18.375587 11.500000
v -17.536247 -17.536247 11.500000
v 4.448059 -22.361902 7.650000
v 8.725183 -21.064451 7.650000
v -13.778142 -20.620445 11.500000
v 7.681088 -21.467203 7.650000
v -11.690639 -21.871645 11.500000
v 9.748256 -20.610956 7.650000
v -12.749748 -21.271669 11.500000
v -14.773342 -19.919546 11.500000
v 6.618491 -21.818239 7.650000
v 10.747846 -20.107803 7.650000
v -19.170658 -15.732954 11.500000
v 12.667001 -18.957506 7.650000
v 7.199060 -23.732121 11.500000
v 11.721542 -19.556211 7.650000
v 9.490549 -22.912210 11.500000
v 8.354868 -23.350292 11.500000
v 14.464168 -17.624638 7.650000
v 12.749748 -21.271669 11.500000
v 16.122034 -16.122034 7.650000
v 11.690639 -21.871645 11.500000
v 15.311544 -16.893684 7.650000
v 14.773342 -19.919546 11.500000
v 13.581944 -18.313131 7.650000
v 13.778142 -20.620445 11.500000
v 18.313131 -13.581944 7.650000
v 10.603366 -22.418934 11.500000
v 16.893684 -15.311544 7.650000
v 17.624638 -14.464168 7.650000
v 17.536247 -17.536247 11.500000
v 19.556211 -11.721542 7.650000
v 16.654661 -18.375587 11.500000
v 19.170658 -15.732954 11.500000
v 20.610956 -9.748256 7.650000
v 18.375587 -16.654661 11.500000
v 20.107803 -10.747846 7.650000
v 21.271669 -12.749748 11.500000
v 18.957506 -12.667001 7.650000
v 20.620445 -13.778142 11.500000
v 21.818239 -6.618491 7.650000
v 21.467203 -7.681088 7.650000
v 21.871645 -11.690639 11.500000
v 19.919546 -14.773342 11.500000
v 22.361902 -4.448059 7.650000
v 15.732954 -19.170658 11.500000
v 22.690210 -2.234791 7.650000
v 22.553225 -3.345454 7.650000
v 11.690639 21.871645 11.500000
v 22.116713 -5.539948 7.650000
v 13.778142 20.620445 11.500000
v 21.064451 -8.725183 7.650000
v 12.749748 21.271669 11.500000
v 15.732954 19.170658 11.500000
v -22.116713 -5.539948 7.650000
v 18.375587 16.654661 11.500000
v -22.361902 -4.448059 7.650000
v -21.064451 -8.725183 7.650000
v 17.536247 17.536247 11.500000
v -21.467203 -7.681088 7.650000
v 16.654661 18.375587 11.500000
v -20.610956 -9.748256 7.650000
v 14.773342 19.919546 11.500000
v -21.818239 -6.618491 7.650000
v 19.919546 14.773342 11.500000
v 21.871645 11.690639 11.500000
v -20.107803 -10.747846 7.650000
v 21.271669 12.749748 11.500000
v -18.957506 -12.667001 7.650000
v 20.620445 13.778142 11.500000
v -19.556211 -11.721542 7.650000
v -18.313131 -13.581944 7.650000
v 22.912210 9.490549 11.500000
v -17.624638 -14.464168 7.650000
v 23.732121 7.199060 11.500000
v 23.350292 8.354868 11.500000
v -16.893684 -15.311544 7.650000
v 22.418934 10.603366 11.500000
v -16.122034 -16.122034 7.650000
v -15.311544 -16.893684 7.650000
v 19.170658 15.732954 11.500000
v -13.581944 -18.313131 7.650000
v -24.799999 0.000000 11.500000
v -14.464168 -17.624638 7.650000
v -24.770126 -1.216878 11.500000
v -24.770126 1.216878 11.500000
v -11.721542 -19.556211 7.650000
v -24.531576 -3.638916 11.500000
v -9.748256 -20.610956 7.650000
v -10.747846 -20.107803 7.650000
v -24.531576 3.638916 11.500000
v -24.323473 -4.838240 11.500000
v -12.667001 -18.957506 7.650000
v -6.618491 -21.818239 7.650000
v -24.680580 -2.430825 11.500000
v -24.680580 2.430825 11.500000
v -7.681088 -21.467203 7.650000
v -24.056774 -6.025908 11.500000
v -4.448059 -22.361902 7.650000
v -24.056774 6.025908 11.500000
v -2.234791 -22.690210 7.650000
v -3.345454 -22.553225 7.650000
v -23.350292 8.354868 11.500000
v -5.539948 -22.116713 7.650000
v -22.418934 10.603366 11.500000
v -8.725183 -21.064451 7.650000
v -22.912210 9.490549 11.500000
v -22.690210 2.234791 7.650000
v -23.732121 7.199060 11.500000
v -22.553225 3.345454 7.650000
v -24.323473 4.838240 11.500000
v -9.490549 -22.912210 11.500000
v -22.361902 4.448059 7.650000
v -22.116713 5.539948 7.650000
v -7.199060 -23.732121 11.500000
v -21.467203 7.681088 7.650000
v -8.354868 -23.350292 11.500000
v -21.818239 6.618491 7.650000
v -4.838240 -24.323473 11.500000
v -6.025908 24.056774 11.500000
v -20.107803 10.747846 7.650000
v -20.610956 9.748256 7.650000
v -6.025908 -24.056774 11.500000
v -2.430825 24.680580 11.500000
v -18.957506 12.667001 7.650000
v -3.638916 -24.531576 11.500000
v -17.624638 14.464168 7.650000
v -3.638916 24.531576 11.500000
v -18.313131 13.581944 7.650000
v 0.000000 24.799999 11.500000
v -19.556211 11.721542 7.650000
v -21.064451 8.725183 7.650000
v 2.430825 24.680580 11.500000
v 1.216878 24.770126 11.500000
v -15.311544 16.893684 7.650000
v -1.216878 24.770126 11.500000
v -16.122034 16.122034 7.650000
v -13.581944 18.313131 7.650000
v -10.603366 -22.418934 11.500000
v -4.838240 24.323473 11.500000
v -11.721542 19.556211 7.650000
v -12.667001 18.957506 7.650000
v -2.430825 -24.680580 11.500000
v -14.464168 17.624638 7.650000
v 0.000000 -24.799999 11.500000
v -9.748256 20.610956 7.650000
v -1.216878 -24.770126 11.500000
v -7.681088 21.467203 7.650000
v 3.638916 24.531576 11.500000
v -8.725183 21.064451 7.650000
v 2.430825 -24.680580 11.500000
v -5.539948 22.116713 7.650000
v 3.638916 -24.531576 11.500000
v -4.448059 22.361902 7.650000
v 1.216878 -24.770126 11.500000
v 4.838240 -24.323473 11.500000
v -6.618491 21.818239 7.650000
v 4.838240 24.323473 11.500000
v -10.747846 20.107803 7.650000
v -16.893684 15.311544 7.650000
v 9.490549 22.912210 11.500000
v -1.118743 22.772535 7.650000
v 8.354868 23.350292 11.500000
v 7.199060 23.732121 11.500000
v 0.000000 22.799999 7.650000
v 6.025908 -24.056774 11.500000
v 1.118743 22.772535 7.650000
v 6.025908 24.056774 11.500000
v 2.234791 -22.690210 7.650000
v 22.912210 -9.490549 11.500000
v 22.690210 2.234791 7.650000
v 22.418934 -10.603366 11.500000
v 22.553225 3.345454 7.650000
v 22.799999 0.000000 7.650000
v 23.732121 -7.199060 11.500000
v 24.056774 6.025908 11.500000
v 22.772535 -1.118743 7.650000
v 24.056774 -6.025908 11.500000
v 22.772535 1.118743 7.650000
v 3.345454 -22.553225 7.650000
v 23.350292 -8.354868 11.500000
v -22.799999 0.000000 7.650000
v 24.531576 -3.638916 11.500000
v -22.772535 -1.118743 7.650000
v 24.531576 3.638916 11.500000
v 24.799999 0.000000 11.500000
v -22.772535 1.118743 7.650000
v -22.553225 -3.345454 7.650000
v 24.770126 1.216878 11.500000
v -22.690210 -2.234791 7.650000
v 24.770126 -1.216878 11.500000
v 24.680580 2.430825 11.500000
v -2.234791 22.690210 7.650000
v 24.323473 -4.838240 11.500000
v -3.345454 22.553225 7.650000
v 24.680580 -2.430825 11.500000
v 1.118743 -22.772535 7.650000
v -1.118743 -22.772535 7.650000
v 24.323473 4.838240 11.500000
v 0.000000 -22.799999 7.650000
v 10.603366 22.418934 11.500000
v 0.000000 24.799999 7.650000
v 0.000000 24.799999 8.400000
v 1.216878 24.770126 7.650000
v 1.216878 24.770126 8.400000
v 2.430825 24.680580 7.650000
v 2.430825 24.680580 8.400000
v 3.638916 24.531576 7.650000
v 3.638916 24.531576 8.400000
v 4.838240 24.323473 7.650000
v 4.838240 24.323473 8.400000
v 6.025908 24.056774 7.650000
v 6.025908 24.056774 8.400000
v 7.199060 23.732121 7.650000
v 7.199060 23.732121 8.400000
v 8.354868 23.350292 7.650000
v 8.354868 23.350292 8.400000
v 9.490549 22.912210 7.650000
v 9.490549 22.912210 8.400000
v 10.603366 22.418934 7.650000
v 10.603366 22.418934 8.400000
v 11.690639 21.871645 7.650000
v 11.690639 21.871645 8.400000
v 12.749748 21.271669 7.650000
v 12.749748 21.271669 8.400000
v 13.778142 20.620445 7.650000
v 13.778142 20.620445 8.400000
v 14.773342 19.919546 7.650000
v 14.773342 19.919546 8.400000
v 15.732954 19.170658 7.650000
v 15.732954 19.170658 8.400000
v 16.654661 18.375587 7.650000
v 16.654661 18.375587 8.400000
v 17.536247 17.536247 7.650000
v 17.536247 17.536247 8.400000
v 18.375587 16.654661 7.650000
v 18.375587 16.654661 8.400000
v 19.170658 15.732954 8.400000
v 19.170658 15.732954 7.650000
v 19.919546 14.773342 7.650000
v 19.919546 14.773342 8.400000
v 20.620445 13.778142 7.650000
v 20.620445 13.778142 8.400000
v 21.271669 12.749748 7.650000
v 21.271669 12.749748 8.400000
v 21.871645 11.690639 7.650000
v 21.871645 11.690639 8.400000
v 22.418934 10.603366 7.650000
v 22.418934 10.603366 8.400000
v 22.912210 9.490549 7.650000
v 22.912210 9.490549 8.400000
v 23.350292 8.354868 7.650000
v 23.350292 8.354868 8.400000
v 23.732121 7.199060 7.650000
v 23.732121 7.199060 8.400000
v 24.056774 6.025908 7.650000
v 24.056774 6.025908 8.400000
v 24.323473 4.838240 7.650000
v 24.323473 4.838240 8.400000
v 24.531576 3.638916 7.650000
v 24.531576 3.638916 8.400000
v 24.680580 2.430825 7.650000
v 24.680580 2.430825 8.400000
v 24.770126 1.216878 7.650000
v 24.770126 1.216878 8.400000
v 24.799999 0.000000 7.650000
v 24.799999 0.000000 8.400000
v 24.770126 -1.216878 7.650000
v 24.770126 -1.216878 8.400000
v 24.680580 -2.430825 7.650000
v 24.680580 -2.430825 8.400000
v 24.531576 -3.638916 7.650000
v 24.531576 -3.638916 8.400000
v 24.323473 -4.838240 7.650000
v 24.323473 -4.838240 8.400000
v 24.056774 -6.025908 7.650000
v 24.056774 -6.025908 8.400000
v 23.732121 -7.199060 7.650000
v 23.732121 -7.199060 8.400000
v 23.350292 -8.354868 7.650000
v 23.350292 -8.354868 8.400000
v 22.912210 -9.490549 7.650000
v 22.912210 -9.490549 8.400000
v 22.418934 -10.603366 7.650000
v 22.418934 -10.603366 8.400000
v 21.871645 -11.690639 7.650000
v 21.871645 -11.690639 8.400000
v 21.271669 -12.749748 7.650000
v 21.271669 -12.749748 8.400000
v 20.620445 -13.778142 7.650000
v 20.620445 -13.778142 8.400000
v 19.919546 -14.773342 7.650000
v 19.919546 -14.773342 8.400000
v 19.170658 -15.732954 7.650000
v 19.170658 -15.732954 8.400000
v 18.375587 -16.654661 7.650000
v 18.375587 -16.654661 8.400000
v 17.536247 -17.536247 7.650000
v 17.536247 -17.536247 8.400000
v 16.654661 -18.375587 7.650000
v 16.654661 -18.375587 8.400000
v 15.732954 -19.170658 7.650000
v 15.732954 -19.170658 8.400000
v 14.773342 -19.919546 7.650000
v 14.773342 -19.919546 8.400000
v 13.778142 -20.620445 7.650000
v 13.778142 -20.620445 8.400000
v 12.749748 -21.271669 7.650000
v 12.749748 -21.271669 8.400000
v 11.690639 -21.871645 7.650000
v 11.690639 -21.871645 8.400000
v 10.603366 -22.418934 7.650000
v 10.603366 -22.418934 8.400000
v 9.490549 -22.912210 7.650000
v 9.490549 -22.912210 8.400000
v 8.354868 -23.350292 7.650000
v 8.354868 -23.350292 8.400000
v 7.199060 -23.732121 7.650000
v 7.199060 -23.732121 8.400000
v 6.025908 -24.056774 7.650000
v 6.025908 -24.056774 8.400000
v 4.838240 -24.323473 7.650000
v 4.838240 -24.323473 8.400000
v 3.638916 -24.531576 7.650000
v 3.638916 -24.531576 8.400000
v 2.430825 -24.680580 7.650000
v 2.430825 -24.680580 8.400000
v 1.216878 -24.770126 7.650000
v 1.216878 -24.770126 8.400000
v 0.000000 -24.799999 7.650000
v 0.000000 -24.799999 8.400000
v -1.216878 -24.770126 7.650000
v -1.216878 -24.770126 8.400000
v -2.430825 -24.680580 7.650000
v -2.430825 -24.680580 8.400000
v -3.638916 -24.531576 7.650000
v -3.638916 -24.531576 8.400000
v -4.838240 -24.323473 7.650000
v -4.838240 -24.323473 8.400000
v -6.025908 -24.056774 7.650000
v -6.025908 -24.056774 8.400000
v -7.199060 -23.732121 7.650000
v -7.199060 -23.732121 8.400000
v -8.354868 -23.350292 7.650000
v -8.354868 -23.350292 8.400000
v -9.490549 -22.912210 7.650000
v -9.490549 -22.912210 8.400000
v -10.603366 -22.418934 7.650000
v -10.603366 -22.418934 8.400000
v -11.690639 -21.871645 7.650000
v -11.690639 -21.871645 8.400000
v -12.749748 -21.271669 7.650000
v -12.749748 -21.271669 8.400000
v -13.778142 -20.620445 7.650000
v -13.778142 -20.620445 8.400000
v -14.773342 -19.919546 7.650000
v -14.773342 -19.919546 8.400000
v -15.732954 -19.170658 7.650000
v -15.732954 -19.170658 8.400000
v -16.654661 -18.375587 7.650000
v -16.654661 -18.375587 8.400000
v -17.536247 -17.536247 7.650000
v -17.536247 -17.536247 8.400000
v -18.375587 -16.654661 7.650000
v -18.375587 -16.654661 8.400000
v -19.170658 -15.732954 7.650000
v -19.170658 -15.732954 8.400000
v -19.919546 -14.773342 7.650000
v -19.919546 -14.773342 8.400000
v -20.620445 -13.778142 7.650000
v -20.620445 -13.778142 8.400000
v -21.271669 -12.749748 7.650000
v -21.271669 -12.749748 8.400000
v -21.871645 -11.690639 7.650000
v -21.871645 -11.690639 8.400000
v -22.418934 -10.603366 7.650000
v -22.418934 -10.603366 8.400000
v -22.912210 -9.490549 7.650000
v -22.912210 -9.490549 8.400000
v -23.350292 -8.354868 7.650000
v -23.350292 -8.354868 8.400000
v -23.732121 -7.199060 7.650000
v -23.732121 -7.199060 8.400000
v -24.056774 -6.025908 7.650000
v -24.056774 -6.025908 8.400000
v -24.323473 -4.838240 7.650000
v -24.323473 -4.838240 8.400000
v -24.531576 -3.638916 7.650000
v -24.531576 -3.638916 8.400000
v -24.680580 -2.430825 7.650000
v -24.680580 -2.430825 8.400000
v -24.770126 -1.216878 7.650000
v -24.770126 -1.216878 8.400000
v -24.799999 0.000000 7.650000
v -24.799999 0.000000 8.400000
v -24.770126 1.216878 7.650000
v -24.770126 1.216878 8.400000
v -24.680580 2.430825 7.650000
v -24.680580 2.430825 8.400000
v -24.531576 3.638916 7.650000
v -24.531576 3.638916 8.400000
v -24.323473 4.838240 7.650000
v -24.323473 4.838240 8.400000
v -24.056774 6.025908 7.650000
v -24.056774 6.025908 8.400000
v -23.732121 7.199060 7.650000
v -23.732121 7.199060 8.400000
v -23.350292 8.354868 7.650000
v -23.350292 8.354868 8.400000
v -22.912210 9.490549 7.650000
v -22.912210 9.490549 8.400000
v -22.418934 10.603366 7.650000
v -22.418934 10.603366 8.400000
v -21.871645 11.690639 7.650000
v -21.871645 11.690639 8.400000
v -21.271669 12.749748 7.650000
v -21.271669 12.749748 8.400000
v -20.620445 13.778142 7.650000
v -20.620445 13.778142 8.400000
v -19.919546 14.773342 7.650000
v -19.919546 14.773342 8.400000
v -19.170658 15.732954 7.650000
v -19.170658 15.732954 8.400000
v -18.375587 16.654661 7.650000
v -18.375587 16.654661 8.400000
v -17.536247 17.536247 7.650000
v -17.536247 17.536247 8.400000
v -16.654661 18.375587 7.650000
v -16.654661 18.375587 8.400000
v -15.732954 19.170658 7.650000
v -15.732954 19.170658 8.400000
v -14.773342 19.919546 7.650000
v -14.773342 19.919546 8.400000
v -13.778142 20.620445 7.650000
v -13.778142 20.620445 8.400000
v -12.749748 21.271669 7.650000
v -12.749748 21.271669 8.400000
v -11.690639 21.871645 7.650000
v -11.690639 21.871645 8.400000
v -10.603366 22.418934 7.650000
v -10.603366 22.418934 8.400000
v -9.490549 22.912210 7.650000
v -9.490549 22.912210 8.400000
v -8.354868 23.350292 7.650000
v -8.354868 23.350292 8.400000
v -7.199060 23.732121 7.650000
v -7.199060 23.732121 8.400000
v -6.025908 24.056774 7.650000
v -6.025908 24.056774 8.400000
v -4.838240 24.323473 7.650000
v -4.838240 24.323473 8.400000
v -3.638916 24.531576 7.650000
v -3.638916 24.531576 8.400000
v -2.430825 24.680580 7.650000
v -2.430825 24.680580 8.400000
v -1.216878 24.770126 7.650000
v -1.216878 24.770126 8.400000
v 30.011768 -2.095264 0.000000
v 29.931587 -2.179481 0.000000
v 30.294186 -1.733379 0.000000
v 30.206009 -1.858582 0.000000
v 30.111794 -1.979307 0.000000
v 30.520447 -1.333972 0.000000
v 30.451595 -1.470758 0.000000
v 30.637619 -1.051096 0.000000
v 30.582504 -1.193972 0.000000
v 30.376114 -1.604001 0.000000
v 30.726498 -0.758098 0.000000
v 30.786232 0.457799 0.000000
v 30.760050 -0.608682 0.000000
v 30.760050 0.608682 0.000000
v 30.804977 -0.305813 0.000000
v 30.820000 0.000000 0.000000
v 30.816242 0.153091 0.000000
v 30.816242 -0.153091 0.000000
v 30.804977 0.305813 0.000000
v 30.786232 -0.457799 0.000000
v 30.726498 0.758098 0.000000
v 30.685654 -0.905688 0.000000
v 26.229242 -2.751594 0.000000
v 26.506029 -2.882504 0.000000
v 26.366030 -2.820446 0.000000
v 26.794313 -2.985654 0.000000
v 27.242201 -3.086231 0.000000
v 27.091318 -3.060050 0.000000
v 26.941902 -3.026497 0.000000
v 26.648905 -2.937617 0.000000
v 27.546909 -3.116242 0.000000
v 28.005814 -3.104976 0.000000
v 27.853092 -3.116242 0.000000
v 27.700001 -3.120000 0.000000
v 28.308683 -3.060050 0.000000
v 28.605688 -2.985654 0.000000
v 28.751097 -2.937617 0.000000
v 28.458099 -3.026497 0.000000
v 28.157801 -3.086231 0.000000
v 28.893972 -2.882504 0.000000
v 27.394188 -3.104976 0.000000
v 29.170759 -2.751594 0.000000
v 29.033972 -2.820446 0.000000
v 29.433380 -2.594185 0.000000
v 29.304001 -2.676113 0.000000
v 29.679308 -2.411793 0.000000
v 29.906174 -2.206173 0.000000
v 29.795265 -2.311767 0.000000
v 29.906174 2.206173 0.000000
v 29.558582 -2.506007 0.000000
v 30.206009 1.858582 0.000000
v 30.111794 1.979307 0.000000
v 30.376114 1.604001 0.000000
v 30.294186 1.733379 0.000000
v 30.582504 1.193972 0.000000
v 30.520447 1.333972 0.000000
v 30.685654 0.905688 0.000000
v 30.637619 1.051096 0.000000
v 30.451595 1.470758 0.000000
v 30.011768 2.095264 0.000000
v 24.580002 0.000000 0.000000
v 24.583759 -0.153091 0.000000
v 24.583759 0.153091 0.000000
v 24.613770 -0.457799 0.000000
v 24.595024 -0.305813 0.000000
v 24.613770 0.457799 0.000000
v 24.595024 0.305813 0.000000
v 24.673504 -0.758098 0.000000
v 24.673504 0.758098 0.000000
v 24.762383 -1.051096 0.000000
v 24.762383 1.051096 0.000000
v 24.714348 -0.905688 0.000000
v 24.714348 0.905688 0.000000
v 24.817497 -1.193972 0.000000
v 24.639952 -0.608682 0.000000
v 24.639952 0.608682 0.000000
v 24.817497 1.193972 0.000000
v 24.948406 1.470758 0.000000
v 24.879555 -1.333972 0.000000
v 24.879555 1.333972 0.000000
v 25.105816 -1.733379 0.000000
v 25.023888 -1.604001 0.000000
v 25.105816 1.733379 0.000000
v 24.948406 -1.470758 0.000000
v 25.023888 1.604001 0.000000
v 25.288208 -1.979307 0.000000
v 25.288208 1.979307 0.000000
v 25.493828 -2.206173 0.000000
v 25.493828 2.206173 0.000000
v 25.388233 -2.095264 0.000000
v 25.388233 2.095264 0.000000
v 25.193993 -1.858582 0.000000
v 25.193993 1.858582 0.000000
v 25.604736 -2.311767 0.000000
v 25.604736 2.311767 0.000000
v 25.841419 2.506007 0.000000
v 25.720694 -2.411793 0.000000
v 25.720694 2.411793 0.000000
v 26.096001 -2.676113 0.000000
v 25.966621 -2.594185 0.000000
v 26.096001 2.676113 0.000000
v 25.841419 -2.506007 0.000000
v 25.966621 2.594185 0.000000
v 26.366030 2.820446 0.000000
v 26.648905 2.937617 0.000000
v 26.506029 2.882504 0.000000
v 26.941902 3.026497 0.000000
v 27.394188 3.104976 0.000000
v 27.242201 3.086231 0.000000
v 27.091318 3.060050 0.000000
v 26.794313 2.985654 0.000000
v 26.229242 2.751594 0.000000
v 27.700001 3.120000 0.000000
v 28.005814 3.104976 0.000000
v 27.853092 3.116242 0.000000
v 28.308683 3.060050 0.000000
v 28.751097 2.937617 0.000000
v 28.605688 2.985654 0.000000
v 28.458099 3.026497 0.000000
v 28.157801 3.086231 0.000000
v 29.033972 2.820446 0.000000
v 29.304001 2.676113 0.000000
v 29.170759 2.751594 0.000000
v 29.558582 2.506007 0.000000
v 29.684242 2.407536 0.000000
v 29.795265 2.311767 0.000000
v 29.679308 2.411793 0.000000
v 29.433380 2.594185 0.000000
v 28.893972 2.882504 0.000000
v 27.546909 3.116242 0.000000
v 24.799999 0.000000 2.250000
v 24.773489 1.079889 2.250000
v 24.773489 1.079889 2.200000
v 24.773489 -1.079889 2.250000
v 24.773489 -1.079889 2.200000
v 24.673504 0.758098 2.200000
v 24.714348 0.905688 2.200000
v 24.762383 -1.051096 2.200000
v 24.762383 1.051096 2.200000
v 24.595024 0.305813 2.200000
v 24.583759 0.153091 2.200000
v 24.639952 0.608682 2.200000
v 24.613770 0.457799 2.200000
v 24.580002 0.000000 2.200000
v 24.595024 -0.305813 2.200000
v 24.583759 -0.153091 2.200000
v 24.639952 -0.608682 2.200000
v 24.714348 -0.905688 2.200000
v 24.673504 -0.758098 2.200000
v 24.613770 -0.457799 2.200000
v 12.377666 26.739603 0.000000
v 12.379243 26.740498 0.000000
v 12.516028 26.809349 0.000000
v 12.656028 26.871407 0.000000
v 12.798904 26.926521 0.000000
v 12.944312 26.974556 0.000000
v 13.091902 27.015400 0.000000
v 13.241319 27.048952 0.000000
v 13.544187 27.093880 0.000000
v 13.696909 27.105145 0.000000
v 13.392201 27.075134 0.000000
v 13.850000 27.108902 0.000000
v 14.003092 27.105145 0.000000
v 14.155814 27.093880 0.000000
v 14.458682 27.048952 0.000000
v 14.608099 27.015400 0.000000
v 14.307799 27.075134 0.000000
v 14.901096 26.926521 0.000000
v 15.043973 26.871407 0.000000
v 15.320758 26.740498 0.000000
v 15.454000 26.665016 0.000000
v 15.183972 26.809349 0.000000
v 14.755689 26.974556 0.000000
v 10.730000 23.988903 0.000000
v 10.733759 24.141994 0.000000
v 10.745024 24.294716 0.000000
v 10.763770 24.446703 0.000000
v 10.823503 24.747002 0.000000
v 10.789950 24.597586 0.000000
v 10.864347 24.894590 0.000000
v 10.912383 25.039999 0.000000
v 11.029554 25.322874 0.000000
v 10.967497 25.182875 0.000000
v 11.173887 25.592903 0.000000
v 11.343993 25.847485 0.000000
v 11.255816 25.722282 0.000000
v 11.098406 25.459661 0.000000
v 11.438208 25.968210 0.000000
v 11.538233 26.084167 0.000000
v 11.754736 26.300671 0.000000
v 11.643827 26.195076 0.000000
v 11.991419 26.494911 0.000000
v 12.246000 26.665016 0.000000
v 12.116621 26.583088 0.000000
v 11.870693 26.400696 0.000000
v 15.583380 26.583088 0.000000
v 15.829308 26.400696 0.000000
v 15.708582 26.494911 0.000000
v 16.056173 26.195076 0.000000
v 16.161768 26.084167 0.000000
v 15.945265 26.300671 0.000000
v 10.733759 23.835812 0.000000
v 10.763770 23.531103 0.000000
v 10.789950 23.380220 0.000000
v 10.745024 23.683090 0.000000
v 10.864347 23.083216 0.000000
v 10.823503 23.230804 0.000000
v 10.967497 22.794931 0.000000
v 10.912383 22.937807 0.000000
v 11.029554 22.654932 0.000000
v 11.173887 22.384903 0.000000
v 11.098406 22.518145 0.000000
v 11.343993 22.130322 0.000000
v 11.255816 22.255524 0.000000
v 11.643827 21.782730 0.000000
v 11.538233 21.893639 0.000000
v 11.870693 21.577110 0.000000
v 11.754736 21.677135 0.000000
v 11.438208 22.009596 0.000000
v 11.991419 21.482895 0.000000
v 12.246000 21.312790 0.000000
v 12.116621 21.394718 0.000000
v 12.516028 21.168457 0.000000
v 12.379243 21.237309 0.000000
v 12.944312 21.003250 0.000000
v 12.798904 21.051285 0.000000
v 13.241319 20.928854 0.000000
v 13.091902 20.962406 0.000000
v 12.656028 21.106400 0.000000
v 13.696909 20.872662 0.000000
v 13.544187 20.883926 0.000000
v 14.003092 20.872662 0.000000
v 13.850000 20.868904 0.000000
v 14.458682 20.928854 0.000000
v 14.307799 20.902672 0.000000
v 14.755689 21.003250 0.000000
v 14.608099 20.962406 0.000000
v 14.155814 20.883926 0.000000
v 13.392201 20.902672 0.000000
v 15.183972 21.168457 0.000000
v 15.043973 21.106400 0.000000
v 15.454000 21.312790 0.000000
v 15.320758 21.237309 0.000000
v 15.829308 21.577110 0.000000
v 15.708582 21.482895 0.000000
v 16.056173 21.782730 0.000000
v 15.945265 21.677135 0.000000
v 15.583380 21.394718 0.000000
v 16.261793 25.968210 0.000000
v 16.356009 22.130322 0.000000
v 16.261793 22.009596 0.000000
v 16.356009 25.847485 0.000000
v 16.526114 22.384903 0.000000
v 16.526114 25.592903 0.000000
v 16.444185 22.255524 0.000000
v 16.444185 25.722282 0.000000
v 16.161768 21.893639 0.000000
v 16.670446 25.322874 0.000000
v 16.732504 22.794931 0.000000
v 16.670446 22.654932 0.000000
v 16.732504 25.182875 0.000000
v 16.835655 23.083216 0.000000
v 16.835655 24.894590 0.000000
v 16.787617 22.937807 0.000000
v 16.787617 25.039999 0.000000
v 16.910049 24.597586 0.000000
v 16.936232 23.531103 0.000000
v 16.910049 23.380220 0.000000
v 16.936232 24.446703 0.000000
v 16.970001 23.988903 0.000000
v 16.966242 24.141994 0.000000
v 16.954977 23.683090 0.000000
v 16.966242 23.835812 0.000000
v 16.954977 24.294716 0.000000
v 16.876497 23.230804 0.000000
v 16.876497 24.747002 0.000000
v 16.601595 22.518145 0.000000
v 16.601595 25.459661 0.000000
v 14.901096 21.051285 0.000000
v 11.454806 21.990353 2.200000
v 11.454806 21.990353 2.250000
v 11.690639 21.871645 2.250000
v 12.749748 21.271669 2.250000
v 13.309907 20.916952 2.250000
v 13.309907 20.916952 2.200000
v 11.538233 21.893639 2.200000
v 13.241319 20.928854 2.200000
v 13.091902 20.962406 2.200000
v 11.754736 21.677135 2.200000
v 11.643827 21.782730 2.200000
v 11.870693 21.577110 2.200000
v 12.116621 21.394718 2.200000
v 11.991419 21.482895 2.200000
v 12.516028 21.168457 2.200000
v 12.379243 21.237309 2.200000
v 12.798904 21.051285 2.200000
v 12.944312 21.003250 2.200000
v 12.656028 21.106400 2.200000
v 12.246000 21.312790 2.200000
v -16.970001 23.988903 0.000000
v -16.966242 23.835812 0.000000
v -16.966242 24.141994 0.000000
v -16.954977 23.683090 0.000000
v -16.936232 24.446703 0.000000
v -16.936232 23.531103 0.000000
v -16.954977 24.294716 0.000000
v -16.910049 23.380220 0.000000
v -16.835655 23.083216 0.000000
v -16.835655 24.894590 0.000000
v -16.876497 23.230804 0.000000
v -16.876497 24.747002 0.000000
v -16.787617 22.937807 0.000000
v -16.910049 24.597586 0.000000
v -16.732504 22.794931 0.000000
v -16.732504 25.182875 0.000000
v -16.601595 22.518145 0.000000
v -16.601595 25.459661 0.000000
v -16.670446 22.654932 0.000000
v -16.670446 25.322874 0.000000
v -16.526114 25.592903 0.000000
v -16.444185 22.255524 0.000000
v -16.444185 25.722282 0.000000
v -16.261793 22.009596 0.000000
v -16.261793 25.968210 0.000000
v -16.356009 22.130322 0.000000
v -16.356009 25.847485 0.000000
v -16.526114 22.384903 0.000000
v -16.787617 25.039999 0.000000
v -16.056173 26.195076 0.000000
v -15.945265 21.677135 0.000000
v -15.829308 26.400696 0.000000
v -16.056173 21.782730 0.000000
v -15.945265 26.300671 0.000000
v -15.708582 21.482895 0.000000
v -15.454000 21.312790 0.000000
v -15.583380 21.394718 0.000000
v -15.183972 21.168457 0.000000
v -14.901096 21.051285 0.000000
v -15.043973 21.106400 0.000000
v -15.320758 21.237309 0.000000
v -15.829308 21.577110 0.000000
v -14.458682 20.928854 0.000000
v -14.608099 20.962406 0.000000
v -14.155814 20.883926 0.000000
v -13.850000 20.868904 0.000000
v -14.003092 20.872662 0.000000
v -14.307799 20.902672 0.000000
v -13.544187 20.883926 0.000000
v -13.241319 20.928854 0.000000
v -13.392201 20.902672 0.000000
v -12.944312 21.003250 0.000000
v -12.656028 21.106400 0.000000
v -12.798904 21.051285 0.000000
v -13.091902 20.962406 0.000000
v -13.696909 20.872662 0.000000
v -14.755689 21.003250 0.000000
v -16.161768 21.893639 0.000000
v -16.161768 26.084167 0.000000
v -13.544187 27.093880 0.000000
v -13.696909 27.105145 0.000000
v -13.241319 27.048952 0.000000
v -13.392201 27.075134 0.000000
v -13.850000 27.108902 0.000000
v -13.091902 27.015400 0.000000
v -12.944312 26.974556 0.000000
v -15.708582 26.494911 0.000000
v -15.583380 26.583088 0.000000
v -15.454000 26.665016 0.000000
v -15.320758 26.740498 0.000000
v -15.043973 26.871407 0.000000
v -15.183972 26.809349 0.000000
v -14.901096 26.926521 0.000000
v -14.755689 26.974556 0.000000
v -14.458682 27.048952 0.000000
v -14.608099 27.015400 0.000000
v -14.155814 27.093880 0.000000
v -12.798904 26.926521 0.000000
v -14.003092 27.105145 0.000000
v -14.307799 27.075134 0.000000
v -12.516028 21.168457 0.000000
v -12.516028 26.809349 0.000000
v -12.246000 21.312790 0.000000
v -12.246000 26.665016 0.000000
v -12.379243 21.237309 0.000000
v -12.379243 26.740498 0.000000
v -11.991419 21.482895 0.000000
v -11.991419 26.494911 0.000000
v -11.754736 21.677135 0.000000
v -11.754736 26.300671 0.000000
v -11.870693 21.577110 0.000000
v -11.870693 26.400696 0.000000
v -12.116621 21.394718 0.000000
v -12.116621 26.583088 0.000000
v -12.656028 26.871407 0.000000
v -11.538233 21.893639 0.000000
v -11.538233 26.084167 0.000000
v -11.343993 22.130322 0.000000
v -11.343993 25.847485 0.000000
v -11.438208 22.009596 0.000000
v -11.438208 25.968210 0.000000
v -11.173887 22.384903 0.000000
v -11.173887 25.592903 0.000000
v -11.029554 22.654932 0.000000
v -11.029554 25.322874 0.000000
v -11.098406 22.518145 0.000000
v -11.098406 25.459661 0.000000
v -11.255816 22.255524 0.000000
v -11.255816 25.722282 0.000000
v -10.912383 22.937807 0.000000
v -10.912383 25.039999 0.000000
v -10.823503 23.230804 0.000000
v -10.823503 24.747002 0.000000
v -10.864347 23.083216 0.000000
v -10.864347 24.894590 0.000000
v -10.763770 23.531103 0.000000
v -10.763770 24.446703 0.000000
v -10.730000 23.988903 0.000000
v -10.733759 23.835812 0.000000
v -10.733759 24.141994 0.000000
v -10.745024 23.683090 0.000000
v -10.745024 24.294716 0.000000
v -10.789950 23.380220 0.000000
v -10.789950 24.597586 0.000000
v -10.967497 22.794931 0.000000
v -10.967497 25.182875 0.000000
v -11.643827 26.195076 0.000000
v -11.643827 21.782730 0.000000
v -13.309907 20.916952 2.200000
v -13.309907 20.916952 2.250000
v -12.749748 21.271669 2.250000
v -11.690639 21.871645 2.250000
v -11.454806 21.990353 2.250000
v -11.454806 21.990353 2.200000
v -13.241319 20.928854 2.200000
v -13.091902 20.962406 2.200000
v -12.944312 21.003250 2.200000
v -12.798904 21.051285 2.200000
v -12.656028 21.106400 2.200000
v -12.516028 21.168457 2.200000
v -12.246000 21.312790 2.200000
v -12.379243 21.237309 2.200000
v -11.643827 21.782730 2.200000
v -11.538233 21.893639 2.200000
v -12.116621 21.394718 2.200000
v -11.991419 21.482895 2.200000
v -11.870693 21.577110 2.200000
v -11.754736 21.677135 2.200000
v -25.493828 -2.206173 0.000000
v -25.388233 -2.095264 0.000000
v -25.288208 -1.979307 0.000000
v -25.105816 -1.733379 0.000000
v -25.193993 -1.858582 0.000000
v -25.023888 -1.604001 0.000000
v -24.948406 -1.470758 0.000000
v -24.817497 -1.193972 0.000000
v -24.879555 -1.333972 0.000000
v -24.714348 -0.905688 0.000000
v -24.639952 -0.608682 0.000000
v -24.673504 -0.758098 0.000000
v -24.762383 -1.051096 0.000000
v -26.941902 -3.026497 0.000000
v -26.506029 -2.882504 0.000000
v -26.648905 -2.937617 0.000000
v -26.794313 -2.985654 0.000000
v -26.096001 -2.676113 0.000000
v -26.229242 -2.751594 0.000000
v -25.720694 -2.411793 0.000000
v -25.841419 -2.506007 0.000000
v -25.966621 -2.594185 0.000000
v -26.366030 -2.820446 0.000000
v -24.714348 0.905688 0.000000
v -24.639952 0.608682 0.000000
v -24.673504 0.758098 0.000000
v -24.595024 0.305813 0.000000
v -24.580002 0.000000 0.000000
v -24.583759 -0.153091 0.000000
v -24.583759 0.153091 0.000000
v -24.595024 -0.305813 0.000000
v -24.613770 0.457799 0.000000
v -24.613770 -0.457799 0.000000
v -25.604736 -2.311767 0.000000
v -27.853092 -3.116242 0.000000
v -28.005814 -3.104976 0.000000
v -27.546909 -3.116242 0.000000
v -27.242201 -3.086231 0.000000
v -27.394188 -3.104976 0.000000
v -27.700001 -3.120000 0.000000
v -25.023888 1.604001 0.000000
v -25.105816 1.733379 0.000000
v -24.879555 1.333972 0.000000
v -24.762383 1.051096 0.000000
v -24.817497 1.193972 0.000000
v -24.948406 1.470758 0.000000
v -27.091318 -3.060050 0.000000
v -29.033972 -2.820446 0.000000
v -28.893972 -2.882504 0.000000
v -28.751097 -2.937617 0.000000
v -28.458099 -3.026497 0.000000
v -28.605688 -2.985654 0.000000
v -28.308683 -3.060050 0.000000
v -28.157801 -3.086231 0.000000
v -25.493828 2.206173 0.000000
v -25.604736 2.311767 0.000000
v -25.288208 1.979307 0.000000
v -25.193993 1.858582 0.000000
v -25.388233 2.095264 0.000000
v -29.795265 -2.311767 0.000000
v -29.679308 -2.411793 0.000000
v -29.558582 -2.506007 0.000000
v -29.304001 -2.676113 0.000000
v -29.433380 -2.594185 0.000000
v -26.096001 2.676113 0.000000
v -26.229242 2.751594 0.000000
v -25.841419 2.506007 0.000000
v -25.720694 2.411793 0.000000
v -25.966621 2.594185 0.000000
v -29.170759 -2.751594 0.000000
v -30.376114 -1.604001 0.000000
v -30.451595 -1.470758 0.000000
v -30.206009 -1.858582 0.000000
v -30.011768 -2.095264 0.000000
v -30.111794 -1.979307 0.000000
v -30.294186 -1.733379 0.000000
v -26.794313 2.985654 0.000000
v -26.941902 3.026497 0.000000
v -26.506029 2.882504 0.000000
v -26.366030 2.820446 0.000000
v -26.648905 2.937617 0.000000
v -29.906174 -2.206173 0.000000
v -30.786232 -0.457799 0.000000
v -30.760050 -0.608682 0.000000
v -30.804977 -0.305813 0.000000
v -30.726498 -0.758098 0.000000
v -30.582504 -1.193972 0.000000
v -30.637619 -1.051096 0.000000
v -30.685654 -0.905688 0.000000
v -27.700001 3.120000 0.000000
v -27.853092 3.116242 0.000000
v -28.005814 3.104976 0.000000
v -27.394188 3.104976 0.000000
v -27.091318 3.060050 0.000000
v -27.242201 3.086231 0.000000
v -27.546909 3.116242 0.000000
v -30.520447 -1.333972 0.000000
v -30.820000 0.000000 0.000000
v -30.816242 -0.153091 0.000000
v -30.816242 0.153091 0.000000
v -30.760050 0.608682 0.000000
v -30.786232 0.457799 0.000000
v -30.804977 0.305813 0.000000
v -30.726498 0.758098 0.000000
v -30.685654 0.905688 0.000000
v -30.582504 1.193972 0.000000
v -30.637619 1.051096 0.000000
v -30.451595 1.470758 0.000000
v -30.206009 1.858582 0.000000
v -30.294186 1.733379 0.000000
v -30.376114 1.604001 0.000000
v -30.520447 1.333972 0.000000
v -30.011768 2.095264 0.000000
v -29.795265 2.311767 0.000000
v -29.906174 2.206173 0.000000
v -29.558582 2.506007 0.000000
v -29.304001 2.676113 0.000000
v -29.433380 2.594185 0.000000
v -29.679308 2.411793 0.000000
v -29.033972 2.820446 0.000000
v -28.751097 2.937617 0.000000
v -28.893972 2.882504 0.000000
v -28.458099 3.026497 0.000000
v -28.157801 3.086231 0.000000
v -28.308683 3.060050 0.000000
v -28.605688 2.985654 0.000000
v -29.170759 2.751594 0.000000
v -30.111794 1.979307 0.000000
v -24.773489 -1.079889 2.200000
v -24.773489 -1.079889 2.250000
v -24.799999 0.000000 2.250000
v -24.773489 1.079889 2.250000
v -24.773489 1.079889 2.200000
v -24.762383 1.051096 2.200000
v -24.762383 -1.051096 2.200000
v -24.673504 0.758098 2.200000
v -24.714348 0.905688 2.200000
v -24.639952 0.608682 2.200000
v -24.595024 0.305813 2.200000
v -24.583759 0.153091 2.200000
v -24.613770 0.457799 2.200000
v -24.714348 -0.905688 2.200000
v -24.639952 -0.608682 2.200000
v -24.673504 -0.758098 2.200000
v -24.583759 -0.153091 2.200000
v -24.595024 -0.305813 2.200000
v -24.580002 0.000000 2.200000
v -24.613770 -0.457799 2.200000
v -16.970001 -23.988903 0.000000
v -16.966242 -24.141994 0.000000
v -16.966242 -23.835812 0.000000
v -16.954977 -24.294716 0.000000
v -16.954977 -23.683090 0.000000
v -16.936232 -24.446703 0.000000
v -16.910049 -23.380220 0.000000
v -16.835655 -24.894590 0.000000
v -16.876497 -24.747002 0.000000
v -16.910049 -24.597586 0.000000
v -16.936232 -23.531103 0.000000
v -16.732504 -25.182875 0.000000
v -16.670446 -25.322874 0.000000
v -16.526114 -25.592903 0.000000
v -16.444185 -25.722282 0.000000
v -16.356009 -25.847485 0.000000
v -16.601595 -25.459661 0.000000
v -16.261793 -25.968210 0.000000
v -16.056173 -26.195076 0.000000
v -16.161768 -26.084167 0.000000
v -15.708582 -26.494911 0.000000
v -15.829308 -26.400696 0.000000
v -15.945265 -26.300671 0.000000
v -16.787617 -25.039999 0.000000
v -16.876497 -23.230804 0.000000
v -16.835655 -23.083216 0.000000
v -16.732504 -22.794931 0.000000
v -16.787617 -22.937807 0.000000
v -16.601595 -22.518145 0.000000
v -16.444185 -22.255524 0.000000
v -16.526114 -22.384903 0.000000
v -16.670446 -22.654932 0.000000
v -15.454000 -26.665016 0.000000
v -15.583380 -26.583088 0.000000
v -15.183972 -26.809349 0.000000
v -15.320758 -26.740498 0.000000
v -14.901096 -26.926521 0.000000
v -14.608099 -27.015400 0.000000
v -14.458682 -27.048952 0.000000
v -14.755689 -26.974556 0.000000
v -15.043973 -26.871407 0.000000
v -16.356009 -22.130322 0.000000
v -16.161768 -21.893639 0.000000
v -16.261793 -22.009596 0.000000
v -15.945265 -21.677135 0.000000
v -15.829308 -21.577110 0.000000
v -16.056173 -21.782730 0.000000
v -14.307799 -27.075134 0.000000
v -14.003092 -27.105145 0.000000
v -14.155814 -27.093880 0.000000
v -13.696909 -27.105145 0.000000
v -13.392201 -27.075134 0.000000
v -13.544187 -27.093880 0.000000
v -13.850000 -27.108902 0.000000
v -15.708582 -21.482895 0.000000
v -15.583380 -21.394718 0.000000
v -15.454000 -21.312790 0.000000
v -15.320758 -21.237309 0.000000
v -15.183972 -21.168457 0.000000
v -13.241319 -27.048952 0.000000
v -12.944312 -26.974556 0.000000
v -13.091902 -27.015400 0.000000
v -12.656028 -26.871407 0.000000
v -12.516028 -26.809349 0.000000
v -12.798904 -26.926521 0.000000
v -15.043973 -21.106400 0.000000
v -14.901096 -21.051285 0.000000
v -14.755689 -21.003250 0.000000
v -14.608099 -20.962406 0.000000
v -14.458682 -20.928854 0.000000
v -12.246000 -26.665016 0.000000
v -11.991419 -26.494911 0.000000
v -12.116621 -26.583088 0.000000
v -11.754736 -26.300671 0.000000
v -11.643827 -26.195076 0.000000
v -11.870693 -26.400696 0.000000
v -12.379243 -26.740498 0.000000
v -14.307799 -20.902672 0.000000
v -14.003092 -20.872662 0.000000
v -14.155814 -20.883926 0.000000
v -13.696909 -20.872662 0.000000
v -13.544187 -20.883926 0.000000
v -13.850000 -20.868904 0.000000
v -11.538233 -26.084167 0.000000
v -11.343993 -25.847485 0.000000
v -11.438208 -25.968210 0.000000
v -11.173887 -25.592903 0.000000
v -11.029554 -25.322874 0.000000
v -11.098406 -25.459661 0.000000
v -11.255816 -25.722282 0.000000
v -13.392201 -20.902672 0.000000
v -13.091902 -20.962406 0.000000
v -13.241319 -20.928854 0.000000
v -12.944312 -21.003250 0.000000
v -12.656028 -21.106400 0.000000
v -12.798904 -21.051285 0.000000
v -12.516028 -21.168457 0.000000
v -10.912383 -25.039999 0.000000
v -10.789950 -24.597586 0.000000
v -10.823503 -24.747002 0.000000
v -10.864347 -24.894590 0.000000
v -10.745024 -24.294716 0.000000
v -10.730000 -23.988903 0.000000
v -10.763770 -24.446703 0.000000
v -10.733759 -24.141994 0.000000
v -10.967497 -25.182875 0.000000
v -12.379243 -21.237309 0.000000
v -12.246000 -21.312790 0.000000
v -11.870693 -21.577110 0.000000
v -11.991419 -21.482895 0.000000
v -12.116621 -21.394718 0.000000
v -11.538233 -21.893639 0.000000
v -11.643827 -21.782730 0.000000
v -11.255816 -22.255524 0.000000
v -11.343993 -22.130322 0.000000
v -11.438208 -22.009596 0.000000
v -11.754736 -21.677135 0.000000
v -11.029554 -22.654932 0.000000
v -11.098406 -22.518145 0.000000
v -10.864347 -23.083216 0.000000
v -10.912383 -22.937807 0.000000
v -10.967497 -22.794931 0.000000
v -10.763770 -23.531103 0.000000
v -10.789950 -23.380220 0.000000
v -10.733759 -23.835812 0.000000
v -10.745024 -23.683090 0.000000
v -10.823503 -23.230804 0.000000
v -11.173887 -22.384903 0.000000
v -11.690639 -21.871645 2.250000
v -11.454806 -21.990353 2.250000
v -11.454806 -21.990353 2.200000
v -12.749748 -21.271669 2.250000
v -13.309907 -20.916952 2.200000
v -13.309907 -20.916952 2.250000
v -13.091902 -20.962406 2.200000
v -13.241319 -20.928854 2.200000
v -12.798904 -21.051285 2.200000
v -12.944312 -21.003250 2.200000
v -12.379243 -21.237309 2.200000
v -12.516028 -21.168457 2.200000
v -12.656028 -21.106400 2.200000
v -11.643827 -21.782730 2.200000
v -11.754736 -21.677135 2.200000
v -11.538233 -21.893639 2.200000
v -12.116621 -21.394718 2.200000
v -11.991419 -21.482895 2.200000
v -11.870693 -21.577110 2.200000
v -12.246000 -21.312790 2.200000
v 12.246000 -26.665016 0.000000
v 12.379243 -26.740498 0.000000
v 12.656028 -26.871407 0.000000
v 13.091902 -27.015400 0.000000
v 12.944312 -26.974556 0.000000
v 12.798904 -26.926521 0.000000
v 12.516028 -26.809349 0.000000
v 13.392201 -27.075134 0.000000
v 13.696909 -27.105145 0.000000
v 13.544187 -27.093880 0.000000
v 14.003092 -27.105145 0.000000
v 14.411549 -27.057131 0.000000
v 14.307799 -27.075134 0.000000
v 14.155814 -27.093880 0.000000
v 13.241319 -27.048952 0.000000
v 13.850000 -27.108902 0.000000
v 10.730000 -23.988903 0.000000
v 10.733759 -24.141994 0.000000
v 10.733759 -23.835812 0.000000
v 10.745024 -24.294716 0.000000
v 10.763770 -24.446703 0.000000
v 10.745024 -23.683090 0.000000
v 10.763770 -23.531103 0.000000
v 10.789950 -24.597586 0.000000
v 10.789950 -23.380220 0.000000
v 10.864347 -24.894590 0.000000
v 10.864347 -23.083216 0.000000
v 10.823503 -24.747002 0.000000
v 10.823503 -23.230804 0.000000
v 10.967497 -22.794931 0.000000
v 11.029554 -25.322874 0.000000
v 10.967497 -25.182875 0.000000
v 11.029554 -22.654932 0.000000
v 11.173887 -25.592903 0.000000
v 11.173887 -22.384903 0.000000
v 11.343993 -25.847485 0.000000
v 11.343993 -22.130322 0.000000
v 11.255816 -25.722282 0.000000
v 11.255816 -22.255524 0.000000
v 11.098406 -25.459661 0.000000
v 11.098406 -22.518145 0.000000
v 11.438208 -25.968210 0.000000
v 10.912383 -25.039999 0.000000
v 10.912383 -22.937807 0.000000
v 11.538233 -26.084167 0.000000
v 11.538233 -21.893639 0.000000
v 11.754736 -21.677135 0.000000
v 11.643827 -26.195076 0.000000
v 11.643827 -21.782730 0.000000
v 11.870693 -26.400696 0.000000
v 12.246000 -21.312790 0.000000
v 12.116621 -26.583088 0.000000
v 12.116621 -21.394718 0.000000
v 11.991419 -26.494911 0.000000
v 11.991419 -21.482895 0.000000
v 11.754736 -26.300671 0.000000
v 11.870693 -21.577110 0.000000
v 12.656028 -21.106400 0.000000
v 12.516028 -21.168457 0.000000
v 12.944312 -21.003250 0.000000
v 13.241319 -20.928854 0.000000
v 13.091902 -20.962406 0.000000
v 12.798904 -21.051285 0.000000
v 13.696909 -20.872662 0.000000
v 13.544187 -20.883926 0.000000
v 14.003092 -20.872662 0.000000
v 14.307799 -20.902672 0.000000
v 14.155814 -20.883926 0.000000
v 13.850000 -20.868904 0.000000
v 13.392201 -20.902672 0.000000
v 12.379243 -21.237309 0.000000
v 11.438208 -22.009596 0.000000
v 14.458682 -27.048952 0.000000
v 14.755689 -26.974556 0.000000
v 14.755689 -21.003250 0.000000
v 14.608099 -27.015400 0.000000
v 14.608099 -20.962406 0.000000
v 15.043973 -26.871407 0.000000
v 15.043973 -21.106400 0.000000
v 15.320758 -26.740498 0.000000
v 15.320758 -21.237309 0.000000
v 15.183972 -26.809349 0.000000
v 15.183972 -21.168457 0.000000
v 14.901096 -26.926521 0.000000
v 14.901096 -21.051285 0.000000
v 15.583380 -21.394718 0.000000
v 15.708582 -26.494911 0.000000
v 15.583380 -26.583088 0.000000
v 15.708582 -21.482895 0.000000
v 15.945265 -26.300671 0.000000
v 15.945265 -21.677135 0.000000
v 16.161768 -26.084167 0.000000
v 16.161768 -21.893639 0.000000
v 16.056173 -26.195076 0.000000
v 16.056173 -21.782730 0.000000
v 15.829308 -26.400696 0.000000
v 15.829308 -21.577110 0.000000
v 15.454000 -26.665016 0.000000
v 15.454000 -21.312790 0.000000
v 16.356009 -25.847485 0.000000
v 16.356009 -22.130322 0.000000
v 16.526114 -25.592903 0.000000
v 16.444185 -25.722282 0.000000
v 16.444185 -22.255524 0.000000
v 16.601595 -25.459661 0.000000
v 16.601595 -22.518145 0.000000
v 16.732504 -25.182875 0.000000
v 16.732504 -22.794931 0.000000
v 16.670446 -25.322874 0.000000
v 16.670446 -22.654932 0.000000
v 16.787617 -25.039999 0.000000
v 16.526114 -22.384903 0.000000
v 16.835655 -24.894590 0.000000
v 16.835655 -23.083216 0.000000
v 16.910049 -23.380220 0.000000
v 16.876497 -24.747002 0.000000
v 16.876497 -23.230804 0.000000
v 16.936232 -24.446703 0.000000
v 16.970001 -23.988903 0.000000
v 16.966242 -24.141994 0.000000
v 16.966242 -23.835812 0.000000
v 16.954977 -24.294716 0.000000
v 16.954977 -23.683090 0.000000
v 16.936232 -23.531103 0.000000
v 16.910049 -24.597586 0.000000
v 16.787617 -22.937807 0.000000
v 16.261793 -22.009596 0.000000
v 16.261793 -25.968210 0.000000
v 14.458682 -20.928854 0.000000
v 12.749748 -21.271669 2.250000
v 13.309907 -20.916952 2.250000
v 13.309907 -20.916952 2.200000
v 11.690639 -21.871645 2.250000
v 11.454806 -21.990353 2.200000
v 11.454806 -21.990353 2.250000
v 11.538233 -21.893639 2.200000
v 13.241319 -20.928854 2.200000
v 13.091902 -20.962406 2.200000
v 11.754736 -21.677135 2.200000
v 11.643827 -21.782730 2.200000
v 11.870693 -21.577110 2.200000
v 11.991419 -21.482895 2.200000
v 12.116621 -21.394718 2.200000
v 12.246000 -21.312790 2.200000
v 12.656028 -21.106400 2.200000
v 12.944312 -21.003250 2.200000
v 12.798904 -21.051285 2.200000
v 12.379243 -21.237309 2.200000
v 12.516028 -21.168457 2.200000
v 23.298710 14.000000 11.500000
v 23.299854 13.953385 11.500000
v 23.299854 14.046615 11.500000
v 23.308992 13.860606 11.500000
v 23.308992 14.139394 11.500000
v 23.303286 13.906883 11.500000
v 23.303286 14.093117 11.500000
v 23.327181 13.769169 11.500000
v 23.327181 14.230831 11.500000
v 23.354244 13.679955 11.500000
v 23.354244 14.320045 11.500000
v 23.339617 13.724230 11.500000
v 23.339617 14.275770 11.500000
v 23.316965 13.814664 11.500000
v 23.316965 14.185336 11.500000
v 23.389921 13.593822 11.500000
v 23.389921 14.406178 11.500000
v 23.433868 13.511602 11.500000
v 23.433868 14.488398 11.500000
v 23.410885 13.552173 11.500000
v 23.410885 14.447827 11.500000
v 23.485664 13.434086 11.500000
v 23.485664 14.565914 11.500000
v 23.544807 13.362019 11.500000
v 23.544807 14.637981 11.500000
v 23.514351 13.397326 11.500000
v 23.514351 14.602674 11.500000
v 23.458815 13.472208 11.500000
v 23.458815 14.527792 11.500000
v 23.371025 13.636451 11.500000
v 23.371025 14.363549 11.500000
v 23.610729 13.296097 11.500000
v 23.610729 14.703903 11.500000
v 23.682796 13.236953 11.500000
v 23.682796 14.763047 11.500000
v 23.646036 13.265640 11.500000
v 23.646036 14.734360 11.500000
v 23.760313 13.185158 11.500000
v 23.760313 14.814842 11.500000
v 23.842533 13.141211 11.500000
v 23.842533 14.858789 11.500000
v 23.800884 13.162175 11.500000
v 23.800884 14.837825 11.500000
v 23.720919 13.210104 11.500000
v 23.720919 14.789896 11.500000
v 23.928665 13.105534 11.500000
v 23.928665 14.894466 11.500000
v 24.017879 13.078470 11.500000
v 24.017879 14.921530 11.500000
v 23.972940 13.090907 11.500000
v 23.972940 14.909093 11.500000
v 24.109316 13.060283 11.500000
v 24.109316 14.939717 11.500000
v 24.202097 13.051145 11.500000
v 24.202097 14.948855 11.500000
v 24.155594 13.054575 11.500000
v 24.155594 14.945425 11.500000
v 24.063375 13.068254 11.500000
v 24.063375 14.931746 11.500000
v 23.885160 13.122314 11.500000
v 23.885160 14.877686 11.500000
v 23.576960 13.328249 11.500000
v 23.576960 14.671751 11.500000
v 24.295324 13.051145 11.500000
v 24.341040 14.945483 11.500000
v 24.295324 14.948855 11.500000
v 24.388105 13.060283 11.500000
v 24.388105 14.939717 11.500000
v 24.341827 13.054575 11.500000
v 24.341827 14.945425 11.500000
v 24.479542 13.078470 11.500000
v 24.479542 14.921530 11.500000
v 24.568756 13.105534 11.500000
v 24.568756 14.894466 11.500000
v 24.524481 13.090907 11.500000
v 24.524481 14.909093 11.500000
v 24.434046 13.068254 11.500000
v 24.434046 14.931746 11.500000
v 24.654888 13.141211 11.500000
v 24.654888 14.858789 11.500000
v 24.696537 14.837825 11.500000
v 24.737108 13.185158 11.500000
v 24.737108 14.814842 11.500000
v 24.696537 13.162175 11.500000
v 24.612261 14.877686 11.500000
v 24.814625 13.236953 11.500000
v 24.814625 14.763047 11.500000
v 24.886692 13.296097 11.500000
v 24.886692 14.703903 11.500000
v 24.851385 13.265640 11.500000
v 24.851385 14.734360 11.500000
v 24.776503 13.210104 11.500000
v 24.776503 14.789896 11.500000
v 24.612261 13.122314 11.500000
v 24.248711 14.950000 11.500000
v 24.952614 13.362019 11.500000
v 24.952614 14.637981 11.500000
v 25.011757 13.434086 11.500000
v 25.011757 14.565914 11.500000
v 24.983070 13.397326 11.500000
v 24.983070 14.602674 11.500000
v 25.063553 13.511602 11.500000
v 25.063553 14.488398 11.500000
v 25.107500 13.593822 11.500000
v 25.107500 14.406178 11.500000
v 25.086536 13.552173 11.500000
v 25.086536 14.447827 11.500000
v 25.038607 13.472208 11.500000
v 25.038607 14.527792 11.500000
v 25.143177 13.679955 11.500000
v 25.143177 14.320045 11.500000
v 25.170240 13.769169 11.500000
v 25.170240 14.230831 11.500000
v 25.157804 13.724230 11.500000
v 25.157804 14.275770 11.500000
v 25.188429 13.860606 11.500000
v 25.188429 14.139394 11.500000
v 25.198711 14.000000 11.500000
v 25.197567 14.046615 11.500000
v 25.197567 13.953385 11.500000
v 25.194136 14.093117 11.500000
v 25.194136 13.906883 11.500000
v 25.180456 13.814664 11.500000
v 25.180456 14.185336 11.500000
v 25.126396 13.636451 11.500000
v 25.126396 14.363549 11.500000
v 24.920462 13.328249 11.500000
v 24.920462 14.671751 11.500000
v 24.248711 13.050000 11.500000
v 23.298710 14.000000 0.000000
v 23.299854 13.953385 0.000000
v 23.299854 14.046615 0.000000
v 23.308992 13.860606 0.000000
v 23.308992 14.139394 0.000000
v 23.303286 13.906883 0.000000
v 23.303286 14.093117 0.000000
v 23.327181 13.769169 0.000000
v 23.327181 14.230831 0.000000
v 23.354244 13.679955 0.000000
v 23.354244 14.320045 0.000000
v 23.339617 13.724230 0.000000
v 23.339617 14.275770 0.000000
v 23.316965 13.814664 0.000000
v 23.316965 14.185336 0.000000
v 23.389921 13.593822 0.000000
v 23.389921 14.406178 0.000000
v 23.433868 13.511602 0.000000
v 23.433868 14.488398 0.000000
v 23.410885 13.552173 0.000000
v 23.410885 14.447827 0.000000
v 23.485664 13.434086 0.000000
v 23.485664 14.565914 0.000000
v 23.544807 13.362019 0.000000
v 23.544807 14.637981 0.000000
v 23.514351 13.397326 0.000000
v 23.514351 14.602674 0.000000
v 23.458815 13.472208 0.000000
v 23.458815 14.527792 0.000000
v 23.371025 13.636451 0.000000
v 23.371025 14.363549 0.000000
v 23.610729 13.296097 0.000000
v 23.610729 14.703903 0.000000
v 23.682796 13.236953 0.000000
v 23.682796 14.763047 0.000000
v 23.646036 13.265640 0.000000
v 23.646036 14.734360 0.000000
v 23.760313 13.185158 0.000000
v 23.760313 14.814842 0.000000
v 23.842533 13.141211 0.000000
v 23.842533 14.858789 0.000000
v 23.800884 13.162175 0.000000
v 23.800884 14.837825 0.000000
v 23.720919 13.210104 0.000000
v 23.720919 14.789896 0.000000
v 23.928665 13.105534 0.000000
v 23.928665 14.894466 0.000000
v 24.017879 13.078470 0.000000
v 24.017879 14.921530 0.000000
v 23.972940 13.090907 0.000000
v 23.972940 14.909093 0.000000
v 24.109316 13.060283 0.000000
v 24.109316 14.939717 0.000000
v 24.202097 13.051145 0.000000
v 24.202097 14.948855 0.000000
v 24.155594 13.054575 0.000000
v 24.155594 14.945425 0.000000
v 24.063375 13.068254 0.000000
v 24.063375 14.931746 0.000000
v 23.885160 13.122314 0.000000
v 23.885160 14.877686 0.000000
v 23.576960 13.328249 0.000000
v 23.576960 14.671751 0.000000
v 24.295324 13.051145 0.000000
v 24.295324 14.948855 0.000000
v 24.388105 13.060283 0.000000
v 24.388105 14.939717 0.000000
v 24.341827 13.054575 0.000000
v 24.341827 14.945425 0.000000
v 24.479542 13.078470 0.000000
v 24.479542 14.921530 0.000000
v 24.568756 13.105534 0.000000
v 24.568756 14.894466 0.000000
v 24.524481 13.090907 0.000000
v 24.524481 14.909093 0.000000
v 24.434046 13.068254 0.000000
v 24.434046 14.931746 0.000000
v 24.654888 13.141211 0.000000
v 24.654888 14.858789 0.000000
v 24.737108 13.185158 0.000000
v 24.737108 14.814842 0.000000
v 24.696537 13.162175 0.000000
v 24.696537 14.837825 0.000000
v 24.814625 13.236953 0.000000
v 24.814625 14.763047 0.000000
v 24.886692 13.296097 0.000000
v 24.886692 14.703903 0.000000
v 24.851385 13.265640 0.000000
v 24.851385 14.734360 0.000000
v 24.776503 13.210104 0.000000
v 24.776503 14.789896 0.000000
v 24.612261 13.122314 0.000000
v 24.612261 14.877686 0.000000
v 24.952614 13.362019 0.000000
v 24.952614 14.637981 0.000000
v 25.011757 13.434086 0.000000
v 25.011757 14.565914 0.000000
v 24.983070 13.397326 0.000000
v 24.983070 14.602674 0.000000
v 25.063553 13.511602 0.000000
v 25.063553 14.488398 0.000000
v 25.107500 13.593822 0.000000
v 25.107500 14.406178 0.000000
v 25.086536 13.552173 0.000000
v 25.086536 14.447827 0.000000
v 25.038607 13.472208 0.000000
v 25.038607 14.527792 0.000000
v 25.143177 13.679955 0.000000
v 25.143177 14.320045 0.000000
v 25.170240 13.769169 0.000000
v 25.170240 14.230831 0.000000
v 25.157804 13.724230 0.000000
v 25.157804 14.275770 0.000000
v 25.188429 13.860606 0.000000
v 25.188429 14.139394 0.000000
v 25.198711 14.000000 0.000000
v 25.197567 13.953385 0.000000
v 25.197567 14.046615 0.000000
v 25.194136 13.906883 0.000000
v 25.194136 14.093117 0.000000
v 25.180456 13.814664 0.000000
v 25.180456 14.185336 0.000000
v 25.126396 13.636451 0.000000
v 25.126396 14.363549 0.000000
v 24.920462 13.328249 0.000000
v 24.920462 14.671751 0.000000
v 24.248711 14.950000 0.000000
v 24.248711 13.050000 0.000000
v -24.248711 13.050000 11.500000
v -24.295324 13.051145 11.500000
v -24.155594 13.054575 11.500000
v -24.202097 13.051145 11.500000
v -24.063375 13.068254 11.500000
v -23.928665 13.105534 11.500000
v -23.972940 13.090907 11.500000
v -24.017879 13.078470 11.500000
v -24.109316 13.060283 11.500000
v -23.842533 13.141211 11.500000
v -23.720919 13.210104 11.500000
v -23.760313 13.185158 11.500000
v -23.800884 13.162175 11.500000
v -23.646036 13.265640 11.500000
v -23.576960 13.328249 11.500000
v -23.554579 13.351756 11.500000
v -23.682796 13.236953 11.500000
v -23.610729 13.296097 11.500000
v -23.885160 13.122314 11.500000
v -24.737108 13.185158 11.500000
v -24.696537 13.162175 11.500000
v -24.568756 13.105534 11.500000
v -24.612261 13.122314 11.500000
v -24.524481 13.090907 11.500000
v -24.654888 13.141211 11.500000
v -24.479542 13.078470 11.500000
v -24.434046 13.068254 11.500000
v -24.341827 13.054575 11.500000
v -23.544807 13.362019 11.500000
v -24.388105 13.060283 11.500000
v -23.458815 13.472208 11.500000
v -23.485664 13.434086 11.500000
v -23.389921 13.593822 11.500000
v -23.410885 13.552173 11.500000
v -23.433868 13.511602 11.500000
v -23.354244 13.679955 11.500000
v -23.327181 13.769169 11.500000
v -23.339617 13.724230 11.500000
v -23.308712 13.862885 11.500000
v -23.316965 13.814664 11.500000
v -23.308992 13.860606 11.500000
v -23.514351 13.397326 11.500000
v -23.371025 13.636451 11.500000
v -24.952614 13.362019 11.500000
v -24.920462 13.328249 11.500000
v -24.886692 13.296097 11.500000
v -24.851385 13.265640 11.500000
v -24.776503 13.210104 11.500000
v -24.814625 13.236953 11.500000
v -23.303286 13.906883 11.500000
v -23.308992 14.139394 11.500000
v -23.298710 14.000000 11.500000
v -23.299854 13.953385 11.500000
v -23.299854 14.046615 11.500000
v -23.303286 14.093117 11.500000
v -25.011757 13.434086 11.500000
v -25.038607 13.472208 11.500000
v -24.983070 13.397326 11.500000
v -23.339617 14.275770 11.500000
v -23.354244 14.320045 11.500000
v -23.316965 14.185336 11.500000
v -23.327181 14.230831 11.500000
v -23.371025 14.363549 11.500000
v -25.198711 14.000000 11.500000
v -25.197567 13.953385 11.500000
v -25.197567 14.046615 11.500000
v -25.188429 13.860606 11.500000
v -25.188429 14.139394 11.500000
v -25.180456 13.814664 11.500000
v -25.194136 13.906883 11.500000
v -25.194136 14.093117 11.500000
v -25.170240 13.769169 11.500000
v -25.170240 14.230831 11.500000
v -25.143177 13.679955 11.500000
v -25.143177 14.320045 11.500000
v -25.157804 13.724230 11.500000
v -25.157804 14.275770 11.500000
v -25.126396 13.636451 11.500000
v -25.180456 14.185336 11.500000
v -25.126396 14.363549 11.500000
v -25.107500 13.593822 11.500000
v -25.107500 14.406178 11.500000
v -25.038607 14.527792 11.500000
v -25.063553 13.511602 11.500000
v -25.063553 14.488398 11.500000
v -25.086536 13.552173 11.500000
v -25.086536 14.447827 11.500000
v -24.983070 14.602674 11.500000
v -24.920462 14.671751 11.500000
v -24.952614 14.637981 11.500000
v -24.851385 14.734360 11.500000
v -24.737108 14.814842 11.500000
v -24.776503 14.789896 11.500000
v -24.814625 14.763047 11.500000
v -24.886692 14.703903 11.500000
v -25.011757 14.565914 11.500000
v -24.654888 14.858789 11.500000
v -24.568756 14.894466 11.500000
v -24.612261 14.877686 11.500000
v -24.479542 14.921530 11.500000
v -24.388105 14.939717 11.500000
v -24.434046 14.931746 11.500000
v -24.524481 14.909093 11.500000
v -24.295324 14.948855 11.500000
v -24.155594 14.945425 11.500000
v -24.202097 14.948855 11.500000
v -24.248711 14.950000 11.500000
v -24.063375 14.931746 11.500000
v -23.972940 14.909093 11.500000
v -24.017879 14.921530 11.500000
v -24.109316 14.939717 11.500000
v -24.341827 14.945425 11.500000
v -23.885160 14.877686 11.500000
v -23.800884 14.837825 11.500000
v -23.842533 14.858789 11.500000
v -23.720919 14.789896 11.500000
v -23.610729 14.703903 11.500000
v -23.646036 14.734360 11.500000
v -23.682796 14.763047 11.500000
v -23.760313 14.814842 11.500000
v -23.544807 14.637981 11.500000
v -23.485664 14.565914 11.500000
v -23.514351 14.602674 11.500000
v -23.433868 14.488398 11.500000
v -23.389921 14.406178 11.500000
v -23.410885 14.447827 11.500000
v -23.458815 14.527792 11.500000
v -23.576960 14.671751 11.500000
v -23.928665 14.894466 11.500000
v -24.696537 14.837825 11.500000
v -25.198711 14.000000 0.000000
v -25.197567 13.953385 0.000000
v -25.197567 14.046615 0.000000
v -25.194136 13.906883 0.000000
v -25.188429 14.139394 0.000000
v -25.188429 13.860606 0.000000
v -25.194136 14.093117 0.000000
v -25.180456 13.814664 0.000000
v -25.170240 14.230831 0.000000
v -25.157804 13.724230 0.000000
v -25.143177 14.320045 0.000000
v -25.170240 13.769169 0.000000
v -25.157804 14.275770 0.000000
v -25.143177 13.679955 0.000000
v -25.180456 14.185336 0.000000
v -25.126396 13.636451 0.000000
v -25.107500 14.406178 0.000000
v -25.086536 13.552173 0.000000
v -25.063553 14.488398 0.000000
v -25.107500 13.593822 0.000000
v -25.086536 14.447827 0.000000
v -25.038607 13.472208 0.000000
v -25.011757 14.565914 0.000000
v -24.983070 13.397326 0.000000
v -24.952614 14.637981 0.000000
v -25.011757 13.434086 0.000000
v -24.983070 14.602674 0.000000
v -25.063553 13.511602 0.000000
v -25.038607 14.527792 0.000000
v -24.952614 13.362019 0.000000
v -25.126396 14.363549 0.000000
v -24.920462 13.328249 0.000000
v -24.886692 14.703903 0.000000
v -24.851385 13.265640 0.000000
v -24.814625 14.763047 0.000000
v -24.886692 13.296097 0.000000
v -24.851385 14.734360 0.000000
v -24.776503 13.210104 0.000000
v -24.737108 14.814842 0.000000
v -24.696537 13.162175 0.000000
v -24.654888 14.858789 0.000000
v -24.737108 13.185158 0.000000
v -24.696537 14.837825 0.000000
v -24.814625 13.236953 0.000000
v -24.776503 14.789896 0.000000
v -24.612261 13.122314 0.000000
v -24.568756 14.894466 0.000000
v -24.524481 13.090907 0.000000
v -24.479542 14.921530 0.000000
v -24.568756 13.105534 0.000000
v -24.524481 14.909093 0.000000
v -24.434046 13.068254 0.000000
v -24.388105 14.939717 0.000000
v -24.295324 13.051145 0.000000
v -24.341827 13.054575 0.000000
v -24.295324 14.948855 0.000000
v -24.388105 13.060283 0.000000
v -24.341827 14.945425 0.000000
v -24.479542 13.078470 0.000000
v -24.434046 14.931746 0.000000
v -24.654888 13.141211 0.000000
v -24.612261 14.877686 0.000000
v -24.920462 14.671751 0.000000
v -24.202097 13.051145 0.000000
v -24.202097 14.948855 0.000000
v -24.109316 13.060283 0.000000
v -24.109316 14.939717 0.000000
v -24.155594 13.054575 0.000000
v -24.155594 14.945425 0.000000
v -24.017879 13.078470 0.000000
v -24.017879 14.921530 0.000000
v -23.928665 13.105534 0.000000
v -23.928665 14.894466 0.000000
v -23.972940 13.090907 0.000000
v -23.972940 14.909093 0.000000
v -24.063375 13.068254 0.000000
v -24.063375 14.931746 0.000000
v -23.842533 13.141211 0.000000
v -23.842533 14.858789 0.000000
v -23.760313 13.185158 0.000000
v -23.760313 14.814842 0.000000
v -23.800884 13.162175 0.000000
v -23.800884 14.837825 0.000000
v -23.682796 13.236953 0.000000
v -23.682796 14.763047 0.000000
v -23.610729 13.296097 0.000000
v -23.610729 14.703903 0.000000
v -23.646036 13.265640 0.000000
v -23.646036 14.734360 0.000000
v -23.720919 13.210104 0.000000
v -23.720919 14.789896 0.000000
v -23.885160 13.122314 0.000000
v -23.885160 14.877686 0.000000
v -23.544807 13.362019 0.000000
v -23.544807 14.637981 0.000000
v -23.485664 13.434086 0.000000
v -23.485664 14.565914 0.000000
v -23.514351 13.397326 0.000000
v -23.514351 14.602674 0.000000
v -23.433868 13.511602 0.000000
v -23.433868 14.488398 0.000000
v -23.389921 13.593822 0.000000
v -23.389921 14.406178 0.000000
v -23.410885 13.552173 0.000000
v -23.410885 14.447827 0.000000
v -23.458815 13.472208 0.000000
v -23.458815 14.527792 0.000000
v -23.354244 13.679955 0.000000
v -23.354244 14.320045 0.000000
v -23.327181 13.769169 0.000000
v -23.327181 14.230831 0.000000
v -23.339617 13.724230 0.000000
v -23.339617 14.275770 0.000000
v -23.308992 13.860606 0.000000
v -23.308992 14.139394 0.000000
v -23.298710 14.000000 0.000000
v -23.299854 14.046615 0.000000
v -23.299854 13.953385 0.000000
v -23.303286 14.093117 0.000000
v -23.303286 13.906883 0.000000
v -23.316965 14.185336 0.000000
v -23.316965 13.814664 0.000000
v -23.371025 14.363549 0.000000
v -23.371025 13.636451 0.000000
v -23.576960 14.671751 0.000000
v -23.576960 13.328249 0.000000
v -24.248711 13.050000 0.000000
v -24.248711 14.950000 0.000000
v 0.046614 -28.948856 11.500000
v 0.000000 -28.950001 11.500000
v 0.000000 -27.049999 11.500000
v 0.046614 -27.051144 11.500000
v 0.139394 -27.060282 11.500000
v 0.139394 -28.939718 11.500000
v 0.093116 -27.054575 11.500000
v 0.093116 -28.945425 11.500000
v 0.230831 -28.921530 11.500000
v 0.230831 -27.078470 11.500000
v 0.320045 -28.894466 11.500000
v 0.320045 -27.105534 11.500000
v 0.275770 -28.909094 11.500000
v 0.275770 -27.090906 11.500000
v 0.185336 -28.931746 11.500000
v 0.185336 -27.068254 11.500000
v 0.363549 -27.122314 11.500000
v 0.447827 -28.837826 11.500000
v 0.406177 -28.858789 11.500000
v 0.406177 -27.141211 11.500000
v 0.528536 -27.210629 11.500000
v 0.527792 -27.210104 11.500000
v 0.527792 -28.789896 11.500000
v 0.488398 -27.185158 11.500000
v 0.488398 -28.814842 11.500000
v 0.447827 -27.162174 11.500000
v 0.602674 -28.734360 11.500000
v 0.671751 -28.671751 11.500000
v 0.637981 -28.703903 11.500000
v 0.734360 -28.602674 11.500000
v 0.789896 -28.527792 11.500000
v 0.763047 -28.565914 11.500000
v 0.565914 -28.763046 11.500000
v 0.703904 -28.637981 11.500000
v 0.363549 -28.877686 11.500000
v 0.602674 -27.265640 11.500000
v 0.565914 -27.236954 11.500000
v 0.671751 -27.328249 11.500000
v 0.734360 -27.397326 11.500000
v 0.703904 -27.362019 11.500000
v 0.637981 -27.296097 11.500000
v 0.789896 -27.472208 11.500000
v 0.814842 -28.488398 11.500000
v 0.814842 -27.511602 11.500000
v 0.858790 -28.406178 11.500000
v 0.858790 -27.593822 11.500000
v 0.837825 -28.447826 11.500000
v 0.837825 -27.552174 11.500000
v 0.763047 -27.434086 11.500000
v 0.894467 -28.320045 11.500000
v 0.894467 -27.679955 11.500000
v 0.921530 -28.230831 11.500000
v 0.921530 -27.769169 11.500000
v 0.909093 -28.275770 11.500000
v 0.909093 -27.724230 11.500000
v 0.939718 -28.139395 11.500000
v 0.939718 -27.860605 11.500000
v 0.950000 -28.000000 11.500000
v 0.948856 -28.046614 11.500000
v 0.948856 -27.953386 11.500000
v 0.945425 -28.093117 11.500000
v 0.945425 -27.906883 11.500000
v 0.931746 -28.185335 11.500000
v 0.931746 -27.814665 11.500000
v 0.877686 -27.636450 11.500000
v 0.877686 -28.363550 11.500000
v -0.789896 -28.527792 11.500000
v -0.734360 -28.602674 11.500000
v -0.703904 -28.637981 11.500000
v -0.763047 -28.565914 11.500000
v -0.671751 -28.671751 11.500000
v -0.565914 -28.763046 11.500000
v -0.602674 -28.734360 11.500000
v -0.637981 -28.703903 11.500000
v -0.488398 -28.814842 11.500000
v -0.527792 -27.210104 11.500000
v -0.406177 -27.141211 11.500000
v -0.406177 -28.858789 11.500000
v -0.447827 -27.162174 11.500000
v -0.447827 -28.837826 11.500000
v -0.488398 -27.185158 11.500000
v -0.527792 -28.789896 11.500000
v -0.320045 -28.894466 11.500000
v -0.320045 -27.105534 11.500000
v -0.230831 -28.921530 11.500000
v -0.230831 -27.078470 11.500000
v -0.275770 -28.909094 11.500000
v -0.275770 -27.090906 11.500000
v -0.093116 -28.945425 11.500000
v -0.139394 -28.939718 11.500000
v -0.139394 -27.060282 11.500000
v -0.046614 -28.948856 11.500000
v -0.046614 -27.051144 11.500000
v -0.093116 -27.054575 11.500000
v -0.185336 -28.931746 11.500000
v -0.185336 -27.068254 11.500000
v -0.363549 -27.122314 11.500000
v -0.363549 -28.877686 11.500000
v -0.950000 -28.000000 11.500000
v -0.948856 -28.046614 11.500000
v -0.948856 -27.953386 11.500000
v -0.939718 -28.139395 11.500000
v -0.945425 -27.906883 11.500000
v -0.945425 -28.093117 11.500000
v -0.939718 -27.860605 11.500000
v -0.921530 -28.230831 11.500000
v -0.931746 -27.814665 11.500000
v -0.894467 -27.679955 11.500000
v -0.894467 -28.320045 11.500000
v -0.909093 -27.724230 11.500000
v -0.909093 -28.275770 11.500000
v -0.921530 -27.769169 11.500000
v -0.931746 -28.185335 11.500000
v -0.858790 -28.406178 11.500000
v -0.858790 -27.593822 11.500000
v -0.814842 -28.488398 11.500000
v -0.814842 -27.511602 11.500000
v -0.837825 -28.447826 11.500000
v -0.837825 -27.552174 11.500000
v -0.763047 -27.434086 11.500000
v -0.703904 -27.362019 11.500000
v -0.734360 -27.397326 11.500000
v -0.637981 -27.296097 11.500000
v -0.565914 -27.236954 11.500000
v -0.602674 -27.265640 11.500000
v -0.671751 -27.328249 11.500000
v -0.789896 -27.472208 11.500000
v -0.877686 -28.363550 11.500000
v -0.877686 -27.636450 11.500000
v -0.950000 -28.000000 0.000000
v -0.948856 -28.046614 0.000000
v -0.948856 -27.953386 0.000000
v -0.939718 -28.139395 0.000000
v -0.939718 -27.860605 0.000000
v -0.945425 -28.093117 0.000000
v -0.945425 -27.906883 0.000000
v -0.921530 -28.230831 0.000000
v -0.921530 -27.769169 0.000000
v -0.894467 -28.320045 0.000000
v -0.894467 -27.679955 0.000000
v -0.909093 -28.275770 0.000000
v -0.909093 -27.724230 0.000000
v -0.931746 -28.185335 0.000000
v -0.931746 -27.814665 0.000000
v -0.858790 -28.406178 0.000000
v -0.858790 -27.593822 0.000000
v -0.814842 -28.488398 0.000000
v -0.814842 -27.511602 0.000000
v -0.837825 -28.447826 0.000000
v -0.837825 -27.552174 0.000000
v -0.763047 -28.565914 0.000000
v -0.763047 -27.434086 0.000000
v -0.703904 -28.637981 0.000000
v -0.703904 -27.362019 0.000000
v -0.734360 -28.602674 0.000000
v -0.734360 -27.397326 0.000000
v -0.789896 -28.527792 0.000000
v -0.789896 -27.472208 0.000000
v -0.877686 -28.363550 0.000000
v -0.877686 -27.636450 0.000000
v -0.637981 -28.703903 0.000000
v -0.637981 -27.296097 0.000000
v -0.565914 -28.763046 0.000000
v -0.565914 -27.236954 0.000000
v -0.602674 -28.734360 0.000000
v -0.602674 -27.265640 0.000000
v -0.488398 -28.814842 0.000000
v -0.488398 -27.185158 0.000000
v -0.406177 -28.858789 0.000000
v -0.406177 -27.141211 0.000000
v -0.447827 -28.837826 0.000000
v -0.447827 -27.162174 0.000000
v -0.527792 -28.789896 0.000000
v -0.527792 -27.210104 0.000000
v -0.320045 -28.894466 0.000000
v -0.320045 -27.105534 0.000000
v -0.230831 -28.921530 0.000000
v -0.230831 -27.078470 0.000000
v -0.275770 -28.909094 0.000000
v -0.275770 -27.090906 0.000000
v -0.139394 -28.939718 0.000000
v -0.139394 -27.060282 0.000000
v -0.046614 -28.948856 0.000000
v -0.093116 -28.945425 0.000000
v -0.046614 -27.051144 0.000000
v -0.185336 -28.931746 0.000000
v -0.093116 -27.054575 0.000000
v -0.363549 -28.877686 0.000000
v -0.185336 -27.068254 0.000000
v -0.671751 -28.671751 0.000000
v -0.363549 -27.122314 0.000000
v -0.671751 -27.328249 0.000000
v 0.046614 -28.948856 0.000000
v 0.046614 -27.051144 0.000000
v 0.139394 -28.939718 0.000000
v 0.139394 -27.060282 0.000000
v 0.093116 -28.945425 0.000000
v 0.093116 -27.054575 0.000000
v 0.230831 -28.921530 0.000000
v 0.230831 -27.078470 0.000000
v 0.320045 -28.894466 0.000000
v 0.320045 -27.105534 0.000000
v 0.275770 -28.909094 0.000000
v 0.275770 -27.090906 0.000000
v 0.185336 -28.931746 0.000000
v 0.185336 -27.068254 0.000000
v 0.406177 -28.858789 0.000000
v 0.406177 -27.141211 0.000000
v 0.488398 -28.814842 0.000000
v 0.488398 -27.185158 0.000000
v 0.447827 -28.837826 0.000000
v 0.447827 -27.162174 0.000000
v 0.565914 -28.763046 0.000000
v 0.565914 -27.236954 0.000000
v 0.637981 -28.703903 0.000000
v 0.637981 -27.296097 0.000000
v 0.602674 -28.734360 0.000000
v 0.602674 -27.265640 0.000000
v 0.527792 -28.789896 0.000000
v 0.527792 -27.210104 0.000000
v 0.363549 -28.877686 0.000000
v 0.363549 -27.122314 0.000000
v 0.703904 -28.637981 0.000000
v 0.703904 -27.362019 0.000000
v 0.763047 -28.565914 0.000000
v 0.763047 -27.434086 0.000000
v 0.734360 -28.602674 0.000000
v 0.734360 -27.397326 0.000000
v 0.814842 -28.488398 0.000000
v 0.814842 -27.511602 0.000000
v 0.858790 -28.406178 0.000000
v 0.858790 -27.593822 0.000000
v 0.837825 -28.447826 0.000000
v 0.837825 -27.552174 0.000000
v 0.789896 -28.527792 0.000000
v 0.789896 -27.472208 0.000000
v 0.894467 -28.320045 0.000000
v 0.894467 -27.679955 0.000000
v 0.921530 -28.230831 0.000000
v 0.921530 -27.769169 0.000000
v 0.909093 -28.275770 0.000000
v 0.909093 -27.724230 0.000000
v 0.939718 -28.139395 0.000000
v 0.939718 -27.860605 0.000000
v 0.950000 -28.000000 0.000000
v 0.948856 -27.953386 0.000000
v 0.948856 -28.046614 0.000000
v 0.945425 -27.906883 0.000000
v 0.945425 -28.093117 0.000000
v 0.931746 -27.814665 0.000000
v 0.931746 -28.185335 0.000000
v 0.877686 -27.636450 0.000000
v 0.877686 -28.363550 0.000000
v 0.671751 -27.328249 0.000000
v 0.671751 -28.671751 0.000000
v 0.000000 -27.049999 0.000000
v 0.000000 -28.950001 0.000000
vn 0.0245 0.9997 -0.0000
vn 0.0736 0.9973 -0.0000
vn 0.1224 0.9925 -0.0000
vn 0.1710 0.9853 -0.0000
vn 0.2191 0.9757 -0.0000
vn 0.2667 0.9638 -0.0000
vn 0.3137 0.9495 -0.0000
vn 0.3599 0.9330 -0.0000
vn 0.4052 0.9142 -0.0000
vn 0.4496 0.8932 -0.0000
vn 0.4929 0.8701 -0.0000
vn 0.5350 0.8449 -0.0000
vn 0.5758 0.8176 -0.0000
vn 0.6152 0.7883 -0.0000
vn 0.6532 0.7572 -0.0000
vn 0.6895 0.7242 -0.0000
vn 0.7242 0.6895 -0.0000
vn 0.7572 0.6532 -0.0000
vn 0.7883 0.6152 -0.0000
vn 0.8176 0.5758 -0.0000
vn 0.8449 0.5350 -0.0000
vn 0.8701 0.4929 -0.0000
vn 0.8932 0.4496 -0.0000
vn 0.9142 0.4052 -0.0000
vn 0.9330 0.3599 -0.0000
vn 0.9495 0.3137 -0.0000
vn 0.9638 0.2667 -0.0000
vn 0.9757 0.2191 -0.0000
vn 0.9853 0.1710 -0.0000
vn 0.9925 0.1224 -0.0000
vn 0.9973 0.0736 -0.0000
vn 0.9997 0.0245 -0.0000
vn 0.9997 -0.0245 -0.0000
vn 0.9973 -0.0736 -0.0000
vn 0.9925 -0.1224 -0.0000
vn 0.9853 -0.1710 -0.0000
vn 0.9757 -0.2191 -0.0000
vn 0.9638 -0.2667 -0.0000
vn 0.9495 -0.3137 -0.0000
vn 0.9330 -0.3599 -0.0000
vn 0.9142 -0.4052 -0.0000
vn 0.8932 -0.4496 -0.0000
vn 0.8701 -0.4929 -0.0000
vn 0.8449 -0.5350 -0.0000
vn 0.8176 -0.5758 -0.0000
vn 0.7883 -0.6152 -0.0000
vn 0.7572 -0.6532 -0.0000
vn 0.7242 -0.6895 -0.0000
vn 0.6895 -0.7242 -0.0000
vn 0.6532 -0.7572 -0.0000
vn 0.6152 -0.7883 -0.0000
vn 0.5758 -0.8176 -0.0000
vn 0.5350 -0.8449 -0.0000
vn 0.4929 -0.8701 -0.0000
vn 0.4496 -0.8932 -0.0000
vn 0.4052 -0.9142 -0.0000
vn 0.3599 -0.9330 -0.0000
vn 0.3137 -0.9495 -0.0000
vn 0.2667 -0.9638 -0.0000
vn 0.2191 -0.9757 -0.0000
vn 0.1710 -0.9853 -0.0000
vn 0.1224 -0.9925 -0.0000
vn 0.0736 -0.9973 -0.0000
vn 0.0245 -0.9997 -0.0000
vn -0.0245 -0.9997 -0.0000
vn -0.0736 -0.9973 -0.0000
vn -0.1224 -0.9925 -0.0000
vn -0.1710 -0.9853 -0.0000
vn -0.2191 -0.9757 -0.0000
vn -0.2667 -0.9638 -0.0000
vn -0.3137 -0.9495 -0.0000
vn -0.3599 -0.9330 -0.0000
vn -0.4052 -0.9142 -0.0000
vn -0.4496 -0.8932 -0.0000
vn -0.4929 -0.8701 -0.0000
vn -0.5350 -0.8449 -0.0000
vn -0.5758 -0.8176 -0.0000
vn -0.6152 -0.7883 -0.0000
vn -0.6532 -0.7572 -0.0000
vn -0.6895 -0.7242 -0.0000
vn -0.7242 -0.6895 -0.0000
vn -0.7572 -0.6532 -0.0000
vn -0.7883 -0.6152 -0.0000
vn -0.8176 -0.5758 -0.0000
vn -0.8449 -0.5350 -0.0000
vn -0.8701 -0.4929 -0.0000
vn -0.8932 -0.4496 -0.0000
vn -0.9142 -0.4052 -0.0000
vn -0.9330 -0.3599 -0.0000
vn -0.9495 -0.3137 -0.0000
vn -0.9638 -0.2667 -0.0000
vn -0.9757 -0.2191 -0.0000
vn -0.9853 -0.1710 -0.0000
vn -0.9925 -0.1224 -0.0000
vn -0.9973 -0.0736 -0.0000
vn -0.9997 -0.0245 -0.0000
vn -0.9997 0.0245 -0.0000
vn -0.9973 0.0736 -0.0000
vn -0.9925 0.1224 -0.0000
vn -0.9853 0.1710 -0.0000
vn -0.9757 0.2191 -0.0000
vn -0.9638 0.2667 -0.0000
vn -0.9495 0.3137 -0.0000
vn -0.9330 0.3599 -0.0000
vn -0.9142 0.4052 -0.0000
vn -0.8932 0.4496 -0.0000
vn -0.8701 0.4929 -0.0000
vn -0.8449 0.5350 -0.0000
vn -0.8176 0.5758 -0.0000
vn -0.7883 0.6152 -0.0000
vn -0.7572 0.6532 -0.0000
vn -0.7242 0.6895 -0.0000
vn -0.6895 0.7242 -0.0000
vn -0.6532 0.7572 -0.0000
vn -0.6152 0.7883 -0.0000
vn -0.5758 0.8176 -0.0000
vn -0.5350 0.8449 -0.0000
vn -0.4929 0.8701 -0.0000
vn -0.4496 0.8932 -0.0000
vn -0.4052 0.9142 -0.0000
vn -0.3599 0.9330 -0.0000
vn -0.3137 0.9495 -0.0000
vn -0.2667 0.9638 -0.0000
vn -0.2191 0.9757 -0.0000
vn -0.1710 0.9853 -0.0000
vn -0.1224 0.9925 -0.0000
vn -0.0000 -0.0000 1.0000
vn -0.0736 0.9973 -0.0000
vn -0.0245 0.9997 -0.0000
vn -0.0000 -0.0000 -1.0000
vn -0.6895 -0.7243 -0.0000
vn -0.8448 -0.5350 -0.0000
vn -0.9142 -0.4053 -0.0000
vn -0.9142 0.4053 -0.0000
vn -0.8448 0.5350 -0.0000
vn -0.6895 0.7243 -0.0000
vn 0.6895 0.7243 -0.0000
vn 0.8448 0.5350 -0.0000
vn 0.9142 0.4053 -0.0000
vn 0.9142 -0.4053 -0.0000
vn 0.8448 -0.5350 -0.0000
vn 0.6895 -0.7243 -0.0000
vn -0.6896 -0.7242 -0.0000
vn -0.7242 -0.6896 -0.0000
vn -0.7884 -0.6152 -0.0000
vn -0.8933 -0.4496 -0.0000
vn -0.8933 0.4496 -0.0000
vn -0.7884 0.6152 -0.0000
vn -0.7242 0.6896 -0.0000
vn -0.6896 0.7242 -0.0000
vn 0.6152 0.7884 -0.0000
vn 0.6896 0.7242 -0.0000
vn 0.7242 0.6896 -0.0000
vn 0.7884 0.6152 -0.0000
vn 0.9997 0.0246 -0.0000
vn 0.9997 -0.0246 -0.0000
vn 0.7884 -0.6152 -0.0000
vn 0.7242 -0.6896 -0.0000
vn 0.6896 -0.7242 -0.0000
vn 0.6152 -0.7884 -0.0000
vn -0.6152 -0.7884 -0.0000
vn -0.9997 -0.0246 -0.0000
vn -0.9997 0.0246 -0.0000
vn -0.6152 0.7884 -0.0000
vn 0.8933 0.4496 -0.0000
vn 0.8933 -0.4496 -0.0000
vt 1.000000 0.500000
vt 1.000000 1.000000
vt 0.992188 1.000000
vt 0.992188 0.500000
vt 0.984375 1.000000
vt 0.984375 0.500000
vt 0.976562 1.000000
vt 0.976562 0.500000
vt 0.968750 1.000000
vt 0.968750 0.500000
vt 0.960938 1.000000
vt 0.960938 0.500000
vt 0.953125 1.000000
vt 0.953125 0.500000
vt 0.945312 1.000000
vt 0.945312 0.500000
vt 0.937500 1.000000
vt 0.937500 0.500000
vt 0.929688 1.000000
vt 0.929688 0.500000
vt 0.921875 1.000000
vt 0.921875 0.500000
vt 0.914062 1.000000
vt 0.914062 0.500000
vt 0.906250 1.000000
vt 0.906250 0.500000
vt 0.898438 1.000000
vt 0.898438 0.500000
vt 0.890625 1.000000
vt 0.890625 0.500000
vt 0.882812 1.000000
vt 0.882812 0.500000
vt 0.875000 1.000000
vt 0.875000 0.500000
vt 0.867188 1.000000
vt 0.867188 0.500000
vt 0.859375 1.000000
vt 0.859375 0.500000
vt 0.851562 1.000000
vt 0.851562 0.500000
vt 0.843750 1.000000
vt 0.843750 0.500000
vt 0.835938 1.000000
vt 0.835938 0.500000
vt 0.828125 1.000000
vt 0.828125 0.500000
vt 0.820312 1.000000
vt 0.820312 0.500000
vt 0.812500 1.000000
vt 0.812500 0.500000
vt 0.804688 1.000000
vt 0.804688 0.500000
vt 0.796875 1.000000
vt 0.796875 0.500000
vt 0.789062 1.000000
vt 0.789062 0.500000
vt 0.781250 1.000000
vt 0.781250 0.500000
vt 0.773438 1.000000
vt 0.773438 0.500000
vt 0.765625 1.000000
vt 0.765625 0.500000
vt 0.757812 1.000000
vt 0.757812 0.500000
vt 0.750000 1.000000
vt 0.750000 0.500000
vt 0.742188 1.000000
vt 0.742188 0.500000
vt 0.734375 1.000000
vt 0.734375 0.500000
vt 0.726562 1.000000
vt 0.726562 0.500000
vt 0.718750 1.000000
vt 0.718750 0.500000
vt 0.710938 1.000000
vt 0.710938 0.500000
vt 0.703125 1.000000
vt 0.703125 0.500000
vt 0.695312 1.000000
vt 0.695312 0.500000
vt 0.687500 1.000000
vt 0.687500 0.500000
vt 0.679688 1.000000
vt 0.679688 0.500000
vt 0.671875 1.000000
vt 0.671875 0.500000
vt 0.664062 1.000000
vt 0.664062 0.500000
vt 0.656250 1.000000
vt 0.656250 0.500000
vt 0.648438 1.000000
vt 0.648438 0.500000
vt 0.640625 1.000000
vt 0.640625 0.500000
vt 0.632812 1.000000
vt 0.632812 0.500000
vt 0.625000 1.000000
vt 0.625000 0.500000
vt 0.617188 1.000000
vt 0.617188 0.500000
vt 0.609375 1.000000
vt 0.609375 0.500000
vt 0.601562 1.000000
vt 0.601562 0.500000
vt 0.593750 1.000000
vt 0.593750 0.500000
vt 0.585938 1.000000
vt 0.585938 0.500000
vt 0.578125 1.000000
vt 0.578125 0.500000
vt 0.570312 1.000000
vt 0.570312 0.500000
vt 0.562500 1.000000
vt 0.562500 0.500000
vt 0.554688 1.000000
vt 0.554688 0.500000
vt 0.546875 1.000000
vt 0.546875 0.500000
vt 0.539062 1.000000
vt 0.539062 0.500000
vt 0.531250 1.000000
vt 0.531250 0.500000
vt 0.523438 1.000000
vt 0.523438 0.500000
vt 0.515625 1.000000
vt 0.515625 0.500000
vt 0.507812 1.000000
vt 0.507812 0.500000
vt 0.500000 1.000000
vt 0.500000 0.500000
vt 0.492188 1.000000
vt 0.492188 0.500000
vt 0.484375 1.000000
vt 0.484375 0.500000
vt 0.476562 1.000000
vt 0.476562 0.500000
vt 0.468750 1.000000
vt 0.468750 0.500000
vt 0.460938 1.000000
vt 0.460938 0.500000
vt 0.453125 1.000000
vt 0.453125 0.500000
vt 0.445312 1.000000
vt 0.445312 0.500000
vt 0.437500 1.000000
vt 0.437500 0.500000
vt 0.429688 1.000000
vt 0.429688 0.500000
vt 0.421875 1.000000
vt 0.421875 0.500000
vt 0.414062 1.000000
vt 0.414062 0.500000
vt 0.406250 1.000000
vt 0.406250 0.500000
vt 0.398438 1.000000
vt 0.398438 0.500000
vt 0.390625 1.000000
vt 0.390625 0.500000
vt 0.382812 1.000000
vt 0.382812 0.500000
vt 0.375000 1.000000
vt 0.375000 0.500000
vt 0.367188 1.000000
vt 0.367188 0.500000
vt 0.359375 1.000000
vt 0.359375 0.500000
vt 0.351562 1.000000
vt 0.351562 0.500000
vt 0.343750 1.000000
vt 0.343750 0.500000
vt 0.335938 1.000000
vt 0.335938 0.500000
vt 0.328125 1.000000
vt 0.328125 0.500000
vt 0.320312 1.000000
vt 0.320312 0.500000
vt 0.312500 1.000000
vt 0.312500 0.500000
vt 0.304688 1.000000
vt 0.304688 0.500000
vt 0.296875 1.000000
vt 0.296875 0.500000
vt 0.289062 1.000000
vt 0.289062 0.500000
vt 0.281250 1.000000
vt 0.281250 0.500000
vt 0.273438 1.000000
vt 0.273438 0.500000
vt 0.265625 1.000000
vt 0.265625 0.500000
vt 0.257812 1.000000
vt 0.257812 0.500000
vt 0.250000 1.000000
vt 0.250000 0.500000
vt 0.242188 1.000000
vt 0.242188 0.500000
vt 0.234375 1.000000
vt 0.234375 0.500000
vt 0.226562 1.000000
vt 0.226562 0.500000
vt 0.218750 1.000000
vt 0.218750 0.500000
vt 0.210938 1.000000
vt 0.210938 0.500000
vt 0.203125 1.000000
vt 0.203125 0.500000
vt 0.195312 1.000000
vt 0.195312 0.500000
vt 0.187500 1.000000
vt 0.187500 0.500000
vt 0.179688 1.000000
vt 0.179688 0.500000
vt 0.171875 1.000000
vt 0.171875 0.500000
vt 0.164062 1.000000
vt 0.164062 0.500000
vt 0.156250 1.000000
vt 0.156250 0.500000
vt 0.148438 1.000000
vt 0.148438 0.500000
vt 0.140625 1.000000
vt 0.140625 0.500000
vt 0.132812 1.000000
vt 0.132812 0.500000
vt 0.125000 1.000000
vt 0.125000 0.500000
vt 0.117188 1.000000
vt 0.117188 0.500000
vt 0.109375 1.000000
vt 0.109375 0.500000
vt 0.101562 1.000000
vt 0.101562 0.500000
vt 0.093750 1.000000
vt 0.093750 0.500000
vt 0.085938 1.000000
vt 0.085938 0.500000
vt 0.078125 1.000000
vt 0.078125 0.500000
vt 0.070312 1.000000
vt 0.070312 0.500000
vt 0.062500 1.000000
vt 0.062500 0.500000
vt 0.054688 1.000000
vt 0.054688 0.500000
vt 0.046875 1.000000
vt 0.046875 0.500000
vt 0.039062 1.000000
vt 0.039062 0.500000
vt 0.031250 1.000000
vt 0.031250 0.500000
vt 0.023438 1.000000
vt 0.023438 0.500000
vt 0.015625 1.000000
vt 0.015625 0.500000
vt 0.080294 0.419706
vt 0.072172 0.411174
vt 0.064478 0.402254
vt 0.057230 0.392968
vt 0.050447 0.383337
vt 0.044145 0.373385
vt 0.038339 0.363135
vt 0.033043 0.352613
vt 0.028269 0.341844
vt 0.024029 0.330854
vt 0.020334 0.319668
vt 0.017192 0.308315
vt 0.014612 0.296822
vt 0.012598 0.285215
vt 0.011156 0.273524
vt 0.064896 0.268231
vt 0.066013 0.277292
vt 0.067574 0.286287
vt 0.069574 0.295194
vt 0.072009 0.303993
vt 0.074873 0.312661
vt 0.078158 0.321179
vt 0.081858 0.329525
vt 0.085963 0.337680
vt 0.090462 0.345623
vt 0.095347 0.353336
vt 0.073341 0.350138
vt 0.073173 0.349962
vt 0.072920 0.349721
vt 0.072655 0.349492
vt 0.072379 0.349277
vt 0.072093 0.349076
vt 0.071798 0.348889
vt 0.071493 0.348716
vt 0.071181 0.348559
vt 0.070861 0.348417
vt 0.070535 0.348291
vt 0.070203 0.348182
vt 0.069866 0.348088
vt 0.069525 0.348012
vt 0.069180 0.347952
vt 0.068833 0.347909
vt 0.068484 0.347883
vt 0.068135 0.347875
vt 0.067785 0.347883
vt 0.067436 0.347909
vt 0.067089 0.347952
vt 0.066745 0.348012
vt 0.066403 0.348089
vt 0.066066 0.348182
vt 0.065734 0.348292
vt 0.065408 0.348417
vt 0.065088 0.348559
vt 0.064776 0.348716
vt 0.064472 0.348889
vt 0.064176 0.349076
vt 0.063890 0.349277
vt 0.063615 0.349492
vt 0.063350 0.349721
vt 0.063097 0.349962
vt 0.062855 0.350215
vt 0.062627 0.350480
vt 0.062412 0.350756
vt 0.062210 0.351042
vt 0.062023 0.351337
vt 0.061851 0.351641
vt 0.061694 0.351954
vt 0.061552 0.352273
vt 0.061426 0.352600
vt 0.061316 0.352932
vt 0.061223 0.353269
vt 0.061147 0.353610
vt 0.061087 0.353955
vt 0.061044 0.354302
vt 0.061018 0.354650
vt 0.061010 0.355000
vt 0.061018 0.355350
vt 0.061044 0.355698
vt 0.061087 0.356045
vt 0.061147 0.356390
vt 0.061223 0.356731
vt 0.061316 0.357068
vt 0.061426 0.357400
vt 0.061552 0.357727
vt 0.061694 0.358046
vt 0.061851 0.358359
vt 0.062023 0.358663
vt 0.062210 0.358958
vt 0.062412 0.359244
vt 0.062627 0.359520
vt 0.062855 0.359785
vt 0.063097 0.360038
vt 0.063350 0.360279
vt 0.063615 0.360508
vt 0.063890 0.360723
vt 0.064176 0.360924
vt 0.064472 0.361111
vt 0.064776 0.361284
vt 0.065088 0.361441
vt 0.065408 0.361583
vt 0.065734 0.361708
vt 0.066066 0.361818
vt 0.066403 0.361911
vt 0.066745 0.361988
vt 0.067089 0.362048
vt 0.067436 0.362091
vt 0.067785 0.362116
vt 0.068135 0.362125
vt 0.068484 0.362116
vt 0.068833 0.362091
vt 0.069180 0.362048
vt 0.069525 0.361988
vt 0.069866 0.361911
vt 0.070203 0.361818
vt 0.070535 0.361708
vt 0.070861 0.361583
vt 0.071181 0.361441
vt 0.071493 0.361284
vt 0.071798 0.361111
vt 0.072093 0.360924
vt 0.072379 0.360723
vt 0.072655 0.360508
vt 0.072920 0.360279
vt 0.073173 0.360038
vt 0.073414 0.359785
vt 0.073642 0.359520
vt 0.073857 0.359244
vt 0.074059 0.358958
vt 0.074246 0.358663
vt 0.074418 0.358359
vt 0.074576 0.358046
vt 0.074717 0.357727
vt 0.074843 0.357400
vt 0.074953 0.357068
vt 0.075046 0.356731
vt 0.075123 0.356390
vt 0.075183 0.356045
vt 0.075225 0.355699
vt 0.075251 0.355349
vt 0.075260 0.355000
vt 0.075251 0.354650
vt 0.075225 0.354302
vt 0.075185 0.353972
vt 0.100603 0.360800
vt 0.106220 0.367997
vt 0.112183 0.374910
vt 0.118478 0.381522
vt 0.125090 0.387817
vt 0.132003 0.393780
vt 0.139200 0.399397
vt 0.146664 0.404653
vt 0.154377 0.409538
vt 0.162320 0.414037
vt 0.170475 0.418142
vt 0.178821 0.421841
vt 0.187338 0.425127
vt 0.196007 0.427991
vt 0.204806 0.430426
vt 0.213713 0.432426
vt 0.222708 0.433987
vt 0.231769 0.435104
vt 0.240873 0.435776
vt 0.250000 0.436000
vt 0.259126 0.435776
vt 0.268231 0.435104
vt 0.273524 0.488844
vt 0.261776 0.489711
vt 0.250000 0.490000
vt 0.238224 0.489711
vt 0.226476 0.488844
vt 0.214785 0.487402
vt 0.203178 0.485388
vt 0.191685 0.482808
vt 0.180332 0.479666
vt 0.169146 0.475971
vt 0.158156 0.471731
vt 0.147387 0.466957
vt 0.136865 0.461661
vt 0.126615 0.455855
vt 0.116663 0.449553
vt 0.107032 0.442770
vt 0.097746 0.435522
vt 0.088826 0.427828
vt 0.073414 0.350215
vt 0.075183 0.353954
vt 0.075123 0.353610
vt 0.075046 0.353269
vt 0.074953 0.352932
vt 0.074843 0.352600
vt 0.074717 0.352273
vt 0.074576 0.351954
vt 0.074418 0.351641
vt 0.074246 0.351337
vt 0.074059 0.351041
vt 0.073858 0.350756
vt 0.073642 0.350480
vt 0.435522 0.402254
vt 0.427828 0.411174
vt 0.419706 0.419706
vt 0.411174 0.427828
vt 0.402254 0.435522
vt 0.392968 0.442770
vt 0.383337 0.449553
vt 0.373385 0.455855
vt 0.363135 0.461661
vt 0.352613 0.466957
vt 0.341844 0.471731
vt 0.330854 0.475971
vt 0.319668 0.479666
vt 0.308315 0.482808
vt 0.296822 0.485388
vt 0.285215 0.487402
vt 0.277292 0.433987
vt 0.286287 0.432426
vt 0.295194 0.430426
vt 0.303993 0.427991
vt 0.312662 0.425127
vt 0.321179 0.421841
vt 0.329525 0.418142
vt 0.337680 0.414037
vt 0.345623 0.409537
vt 0.353336 0.404653
vt 0.360800 0.399397
vt 0.367997 0.393780
vt 0.374910 0.387817
vt 0.381522 0.381522
vt 0.387817 0.374910
vt 0.393780 0.367997
vt 0.399397 0.360800
vt 0.404653 0.353336
vt 0.409538 0.345623
vt 0.425283 0.352273
vt 0.425157 0.352599
vt 0.425047 0.352932
vt 0.424954 0.353269
vt 0.424877 0.353610
vt 0.424817 0.353954
vt 0.424775 0.354302
vt 0.424749 0.354650
vt 0.424740 0.355000
vt 0.424749 0.355350
vt 0.424775 0.355699
vt 0.424817 0.356046
vt 0.424877 0.356390
vt 0.424954 0.356731
vt 0.425047 0.357068
vt 0.425157 0.357400
vt 0.425283 0.357726
vt 0.425424 0.358046
vt 0.425582 0.358359
vt 0.425754 0.358663
vt 0.425941 0.358958
vt 0.426143 0.359244
vt 0.426358 0.359520
vt 0.426586 0.359785
vt 0.426827 0.360038
vt 0.427080 0.360279
vt 0.427345 0.360508
vt 0.427621 0.360723
vt 0.427907 0.360924
vt 0.428202 0.361111
vt 0.428507 0.361284
vt 0.428819 0.361441
vt 0.429139 0.361583
vt 0.429465 0.361708
vt 0.429797 0.361818
vt 0.430134 0.361911
vt 0.430475 0.361988
vt 0.430820 0.362048
vt 0.431167 0.362091
vt 0.431516 0.362117
vt 0.431865 0.362125
vt 0.432215 0.362116
vt 0.432557 0.362091
vt 0.250000 0.064000
vt 0.250000 0.047125
vt 0.250350 0.047116
vt 0.250698 0.047091
vt 0.251045 0.047048
vt 0.251390 0.046988
vt 0.251731 0.046911
vt 0.252068 0.046818
vt 0.252400 0.046708
vt 0.252727 0.046583
vt 0.253047 0.046441
vt 0.253359 0.046284
vt 0.253663 0.046111
vt 0.253958 0.045924
vt 0.253964 0.045920
vt 0.259126 0.064224
vt 0.240873 0.064224
vt 0.231769 0.064896
vt 0.222708 0.066013
vt 0.213713 0.067574
vt 0.204806 0.069574
vt 0.196007 0.072009
vt 0.187338 0.074873
vt 0.178821 0.078158
vt 0.170475 0.081858
vt 0.162320 0.085963
vt 0.154377 0.090462
vt 0.146664 0.095347
vt 0.139200 0.100603
vt 0.132003 0.106220
vt 0.125090 0.112183
vt 0.118478 0.118478
vt 0.112183 0.125090
vt 0.106220 0.132003
vt 0.100603 0.139200
vt 0.095347 0.146664
vt 0.090462 0.154377
vt 0.085963 0.162320
vt 0.081858 0.170475
vt 0.078158 0.178821
vt 0.074873 0.187338
vt 0.072009 0.196007
vt 0.069574 0.204806
vt 0.067574 0.213713
vt 0.066013 0.222708
vt 0.064896 0.231769
vt 0.064224 0.240873
vt 0.064000 0.250000
vt 0.064224 0.259126
vt 0.010289 0.261776
vt 0.010000 0.250000
vt 0.010289 0.238224
vt 0.011156 0.226476
vt 0.012598 0.214785
vt 0.014612 0.203178
vt 0.017192 0.191685
vt 0.020334 0.180332
vt 0.024029 0.169146
vt 0.028269 0.158156
vt 0.033043 0.147387
vt 0.038339 0.136865
vt 0.044145 0.126615
vt 0.050447 0.116663
vt 0.057230 0.107032
vt 0.064478 0.097746
vt 0.072172 0.088826
vt 0.080294 0.080294
vt 0.088826 0.072172
vt 0.097746 0.064478
vt 0.107032 0.057230
vt 0.116663 0.050447
vt 0.126615 0.044145
vt 0.136865 0.038339
vt 0.147387 0.033043
vt 0.158156 0.028269
vt 0.169146 0.024029
vt 0.180332 0.020334
vt 0.191685 0.017192
vt 0.203178 0.014612
vt 0.214785 0.012598
vt 0.226476 0.011156
vt 0.238224 0.010289
vt 0.250000 0.010000
vt 0.261776 0.010289
vt 0.273524 0.011156
vt 0.285215 0.012598
vt 0.296822 0.014612
vt 0.308315 0.017192
vt 0.319668 0.020334
vt 0.330854 0.024029
vt 0.341844 0.028269
vt 0.352613 0.033043
vt 0.363135 0.038339
vt 0.373385 0.044145
vt 0.383337 0.050447
vt 0.392968 0.057230
vt 0.402254 0.064478
vt 0.411174 0.072172
vt 0.419706 0.080294
vt 0.427828 0.088826
vt 0.435522 0.097746
vt 0.442770 0.107032
vt 0.449553 0.116663
vt 0.455855 0.126615
vt 0.461661 0.136865
vt 0.466957 0.147387
vt 0.471731 0.158156
vt 0.475971 0.169146
vt 0.479666 0.180332
vt 0.482808 0.191685
vt 0.485388 0.203178
vt 0.487402 0.214785
vt 0.488844 0.226476
vt 0.489711 0.238224
vt 0.490000 0.250000
vt 0.489711 0.261776
vt 0.488844 0.273524
vt 0.487402 0.285215
vt 0.485388 0.296822
vt 0.482808 0.308315
vt 0.479666 0.319668
vt 0.475971 0.330854
vt 0.471731 0.341844
vt 0.466957 0.352613
vt 0.461661 0.363135
vt 0.455855 0.373385
vt 0.449553 0.383337
vt 0.442770 0.392968
vt 0.432564 0.362091
vt 0.432911 0.362048
vt 0.433255 0.361988
vt 0.433596 0.361912
vt 0.433934 0.361818
vt 0.434266 0.361709
vt 0.434592 0.361583
vt 0.434912 0.361441
vt 0.435224 0.361284
vt 0.435529 0.361111
vt 0.435824 0.360924
vt 0.436109 0.360723
vt 0.436385 0.360508
vt 0.436650 0.360279
vt 0.436903 0.360038
vt 0.437145 0.359785
vt 0.437373 0.359520
vt 0.437588 0.359244
vt 0.437790 0.358959
vt 0.437977 0.358663
vt 0.438149 0.358359
vt 0.438306 0.358046
vt 0.438448 0.357726
vt 0.438574 0.357400
vt 0.438684 0.357068
vt 0.438777 0.356731
vt 0.438853 0.356390
vt 0.438913 0.356045
vt 0.438956 0.355698
vt 0.438982 0.355350
vt 0.438991 0.355000
vt 0.438982 0.354650
vt 0.438956 0.354302
vt 0.438913 0.353954
vt 0.438853 0.353610
vt 0.438777 0.353269
vt 0.438684 0.352932
vt 0.438574 0.352600
vt 0.438448 0.352273
vt 0.438306 0.351954
vt 0.438149 0.351641
vt 0.437977 0.351337
vt 0.437789 0.351042
vt 0.437588 0.350756
vt 0.437373 0.350480
vt 0.437145 0.350215
vt 0.436904 0.349962
vt 0.436650 0.349721
vt 0.436385 0.349492
vt 0.436110 0.349277
vt 0.435824 0.349076
vt 0.435528 0.348889
vt 0.435224 0.348716
vt 0.434912 0.348559
vt 0.434592 0.348417
vt 0.434265 0.348291
vt 0.433934 0.348182
vt 0.433597 0.348089
vt 0.433255 0.348012
vt 0.432911 0.347952
vt 0.432564 0.347909
vt 0.432215 0.347883
vt 0.431866 0.347875
vt 0.431516 0.347883
vt 0.431167 0.347909
vt 0.430820 0.347952
vt 0.430476 0.348012
vt 0.430134 0.348089
vt 0.429797 0.348182
vt 0.429465 0.348291
vt 0.429139 0.348417
vt 0.428819 0.348559
vt 0.428507 0.348716
vt 0.428202 0.348889
vt 0.427907 0.349076
vt 0.427621 0.349277
vt 0.427346 0.349493
vt 0.427080 0.349721
vt 0.426827 0.349962
vt 0.426586 0.350215
vt 0.426358 0.350480
vt 0.426142 0.350756
vt 0.425941 0.351041
vt 0.425754 0.351337
vt 0.425582 0.351642
vt 0.425424 0.351954
vt 0.414037 0.337680
vt 0.418142 0.329525
vt 0.421842 0.321179
vt 0.425127 0.312661
vt 0.427991 0.303993
vt 0.430426 0.295194
vt 0.432426 0.286287
vt 0.433987 0.277292
vt 0.435104 0.268231
vt 0.435776 0.259127
vt 0.436000 0.250000
vt 0.435776 0.240873
vt 0.435104 0.231769
vt 0.433987 0.222708
vt 0.432426 0.213713
vt 0.430426 0.204806
vt 0.427991 0.196007
vt 0.425127 0.187339
vt 0.421841 0.178821
vt 0.418142 0.170475
vt 0.414037 0.162320
vt 0.409537 0.154377
vt 0.404653 0.146664
vt 0.399397 0.139200
vt 0.393780 0.132003
vt 0.387817 0.125090
vt 0.381522 0.118478
vt 0.374910 0.112183
vt 0.367997 0.106220
vt 0.360800 0.100603
vt 0.353336 0.095347
vt 0.345623 0.090462
vt 0.337680 0.085963
vt 0.329525 0.081858
vt 0.321179 0.078158
vt 0.312661 0.074873
vt 0.303993 0.072009
vt 0.295194 0.069574
vt 0.286287 0.067574
vt 0.277292 0.066013
vt 0.268231 0.064896
vt 0.254244 0.045723
vt 0.254520 0.045508
vt 0.254785 0.045279
vt 0.255038 0.045038
vt 0.255279 0.044785
vt 0.255508 0.044520
vt 0.255723 0.044244
vt 0.255924 0.043958
vt 0.256111 0.043663
vt 0.256284 0.043359
vt 0.256441 0.043046
vt 0.256583 0.042727
vt 0.256708 0.042400
vt 0.256818 0.042068
vt 0.256911 0.041731
vt 0.256988 0.041390
vt 0.257048 0.041045
vt 0.257091 0.040698
vt 0.257116 0.040350
vt 0.257125 0.040000
vt 0.257116 0.039650
vt 0.257091 0.039302
vt 0.257048 0.038955
vt 0.256988 0.038610
vt 0.256911 0.038269
vt 0.256818 0.037932
vt 0.256708 0.037600
vt 0.256583 0.037273
vt 0.256441 0.036954
vt 0.256284 0.036641
vt 0.256111 0.036337
vt 0.255924 0.036042
vt 0.255723 0.035756
vt 0.255508 0.035480
vt 0.255279 0.035215
vt 0.255038 0.034962
vt 0.254785 0.034721
vt 0.254520 0.034492
vt 0.254244 0.034277
vt 0.253959 0.034076
vt 0.253663 0.033889
vt 0.253359 0.033716
vt 0.253046 0.033559
vt 0.252727 0.033417
vt 0.252400 0.033291
vt 0.252068 0.033182
vt 0.251731 0.033089
vt 0.251390 0.033012
vt 0.251045 0.032952
vt 0.250698 0.032909
vt 0.250350 0.032884
vt 0.250000 0.032875
vt 0.249650 0.032884
vt 0.249302 0.032909
vt 0.248954 0.032952
vt 0.248610 0.033012
vt 0.248269 0.033089
vt 0.247932 0.033182
vt 0.247600 0.033292
vt 0.247273 0.033417
vt 0.246954 0.033559
vt 0.246641 0.033716
vt 0.246337 0.033889
vt 0.246042 0.034076
vt 0.245756 0.034277
vt 0.245480 0.034492
vt 0.245215 0.034721
vt 0.244962 0.034962
vt 0.244721 0.035215
vt 0.244492 0.035480
vt 0.244277 0.035756
vt 0.244076 0.036042
vt 0.243889 0.036337
vt 0.243716 0.036641
vt 0.243559 0.036954
vt 0.243417 0.037273
vt 0.243291 0.037600
vt 0.243182 0.037932
vt 0.243088 0.038269
vt 0.243012 0.038610
vt 0.242952 0.038955
vt 0.242909 0.039302
vt 0.242884 0.039650
vt 0.242875 0.040000
vt 0.242884 0.040350
vt 0.242909 0.040698
vt 0.242952 0.041045
vt 0.243012 0.041390
vt 0.243088 0.041731
vt 0.243182 0.042068
vt 0.243291 0.042400
vt 0.243417 0.042727
vt 0.243559 0.043046
vt 0.243716 0.043359
vt 0.243889 0.043663
vt 0.244076 0.043958
vt 0.244277 0.044244
vt 0.244492 0.044520
vt 0.244721 0.044785
vt 0.244962 0.045038
vt 0.245215 0.045279
vt 0.245480 0.045508
vt 0.245756 0.045723
vt 0.246041 0.045924
vt 0.246337 0.046111
vt 0.246641 0.046284
vt 0.246954 0.046441
vt 0.247273 0.046583
vt 0.247600 0.046709
vt 0.247932 0.046818
vt 0.248269 0.046911
vt 0.248610 0.046988
vt 0.248955 0.047048
vt 0.249302 0.047091
vt 0.249650 0.047116
vt 0.007812 1.000000
vt 0.007812 0.500000
vt 0.000000 1.000000
vt 0.000000 0.500000
vt 0.726476 0.488844
vt 0.738224 0.489711
vt 0.750000 0.490000
vt 0.761776 0.489711
vt 0.773524 0.488844
vt 0.785215 0.487402
vt 0.796822 0.485388
vt 0.808315 0.482808
vt 0.819668 0.479666
vt 0.830854 0.475971
vt 0.841844 0.471731
vt 0.852613 0.466957
vt 0.863135 0.461661
vt 0.873385 0.455855
vt 0.883337 0.449553
vt 0.873331 0.442917
vt 0.872670 0.443856
vt 0.871964 0.444762
vt 0.871213 0.445631
vt 0.870421 0.446463
vt 0.869590 0.447255
vt 0.868721 0.448005
vt 0.867814 0.448712
vt 0.866876 0.449373
vt 0.865905 0.449987
vt 0.864905 0.450554
vt 0.863880 0.451070
vt 0.862830 0.451536
vt 0.861758 0.451949
vt 0.860667 0.452309
vt 0.859560 0.452616
vt 0.858440 0.452867
vt 0.857309 0.453064
vt 0.856169 0.453204
vt 0.855023 0.453288
vt 0.853875 0.453317
vt 0.852727 0.453289
vt 0.851582 0.453204
vt 0.850441 0.453063
vt 0.849310 0.452867
vt 0.848189 0.452615
vt 0.847082 0.452309
vt 0.845992 0.451949
vt 0.844920 0.451536
vt 0.843870 0.451070
vt 0.842844 0.450554
vt 0.842833 0.450547
vt 0.714785 0.487402
vt 0.519857 0.243207
vt 0.520218 0.242117
vt 0.510289 0.238224
vt 0.510000 0.250000
vt 0.518850 0.250000
vt 0.518878 0.248852
vt 0.518963 0.247706
vt 0.519103 0.246567
vt 0.519298 0.245434
vt 0.519552 0.244314
vt 0.518878 0.251148
vt 0.510289 0.261776
vt 0.511156 0.273524
vt 0.512598 0.285215
vt 0.514612 0.296822
vt 0.517192 0.308315
vt 0.520334 0.319668
vt 0.524029 0.330854
vt 0.528269 0.341844
vt 0.533043 0.352613
vt 0.538339 0.363135
vt 0.544145 0.373385
vt 0.562412 0.359245
vt 0.562210 0.358958
vt 0.562023 0.358662
vt 0.561851 0.358359
vt 0.561694 0.358046
vt 0.561552 0.357727
vt 0.561426 0.357401
vt 0.561316 0.357068
vt 0.561224 0.356732
vt 0.561146 0.356390
vt 0.561086 0.356045
vt 0.561044 0.355698
vt 0.561018 0.355349
vt 0.561009 0.355000
vt 0.561018 0.354650
vt 0.561044 0.354302
vt 0.561086 0.353955
vt 0.561147 0.353610
vt 0.561223 0.353269
vt 0.561316 0.352932
vt 0.561427 0.352600
vt 0.561552 0.352274
vt 0.561693 0.351953
vt 0.561851 0.351641
vt 0.562023 0.351337
vt 0.562210 0.351042
vt 0.562412 0.350756
vt 0.562627 0.350480
vt 0.562856 0.350215
vt 0.563096 0.349961
vt 0.563349 0.349720
vt 0.563614 0.349493
vt 0.563890 0.349277
vt 0.564175 0.349076
vt 0.564472 0.348889
vt 0.564775 0.348716
vt 0.565088 0.348559
vt 0.565407 0.348417
vt 0.565735 0.348292
vt 0.566066 0.348182
vt 0.566404 0.348088
vt 0.566744 0.348012
vt 0.567089 0.347952
vt 0.567436 0.347910
vt 0.557965 0.267338
vt 0.557095 0.268088
vt 0.556189 0.268795
vt 0.555251 0.269457
vt 0.554280 0.270071
vt 0.553281 0.270637
vt 0.552255 0.271154
vt 0.551205 0.271619
vt 0.550133 0.272032
vt 0.549043 0.272392
vt 0.547936 0.272699
vt 0.546815 0.272950
vt 0.545683 0.273147
vt 0.544544 0.273287
vt 0.543398 0.273372
vt 0.542250 0.273400
vt 0.541102 0.273372
vt 0.539957 0.273287
vt 0.538817 0.273147
vt 0.537685 0.272950
vt 0.536565 0.272699
vt 0.535457 0.272392
vt 0.534367 0.272032
vt 0.533295 0.271619
vt 0.532245 0.271153
vt 0.531219 0.270637
vt 0.530220 0.270071
vt 0.529250 0.269456
vt 0.528311 0.268795
vt 0.527405 0.268088
vt 0.526536 0.267338
vt 0.525704 0.266546
vt 0.524912 0.265715
vt 0.524162 0.264845
vt 0.523455 0.263939
vt 0.522794 0.263000
vt 0.522179 0.262030
vt 0.521613 0.261031
vt 0.521097 0.260005
vt 0.520631 0.258955
vt 0.520217 0.257883
vt 0.519858 0.256793
vt 0.519551 0.255686
vt 0.519299 0.254565
vt 0.519103 0.253434
vt 0.518963 0.252293
vt 0.632185 0.051288
vt 0.626615 0.044145
vt 0.616663 0.050447
vt 0.607032 0.057230
vt 0.597746 0.064478
vt 0.588826 0.072172
vt 0.580294 0.080294
vt 0.572172 0.088826
vt 0.564478 0.097746
vt 0.557230 0.107032
vt 0.550447 0.116663
vt 0.544145 0.126615
vt 0.538339 0.136865
vt 0.533043 0.147387
vt 0.528269 0.158156
vt 0.524029 0.169146
vt 0.520334 0.180332
vt 0.517192 0.191685
vt 0.514612 0.203178
vt 0.512598 0.214785
vt 0.511156 0.226476
vt 0.520631 0.241045
vt 0.521096 0.239995
vt 0.521613 0.238969
vt 0.522180 0.237970
vt 0.522794 0.237000
vt 0.523455 0.236061
vt 0.524161 0.235155
vt 0.524911 0.234285
vt 0.525704 0.233454
vt 0.526536 0.232662
vt 0.527405 0.231911
vt 0.528311 0.231205
vt 0.529250 0.230544
vt 0.530220 0.229929
vt 0.531219 0.229363
vt 0.532245 0.228847
vt 0.533295 0.228381
vt 0.534367 0.227968
vt 0.535457 0.227608
vt 0.536564 0.227301
vt 0.537685 0.227050
vt 0.538816 0.226853
vt 0.539957 0.226713
vt 0.541102 0.226628
vt 0.542249 0.226600
vt 0.543398 0.226628
vt 0.544543 0.226713
vt 0.545683 0.226853
vt 0.546815 0.227050
vt 0.547936 0.227301
vt 0.549042 0.227607
vt 0.550133 0.227968
vt 0.551205 0.228381
vt 0.552255 0.228847
vt 0.553281 0.229363
vt 0.554280 0.229929
vt 0.555250 0.230544
vt 0.556189 0.231205
vt 0.557095 0.231911
vt 0.557965 0.232662
vt 0.558796 0.233454
vt 0.559588 0.234285
vt 0.560339 0.235155
vt 0.561045 0.236061
vt 0.561706 0.237000
vt 0.562321 0.237970
vt 0.562887 0.238969
vt 0.563403 0.239995
vt 0.563869 0.241045
vt 0.564282 0.242117
vt 0.564642 0.243207
vt 0.564948 0.244314
vt 0.565200 0.245435
vt 0.565396 0.246566
vt 0.565537 0.247706
vt 0.565622 0.248852
vt 0.565650 0.250000
vt 0.565622 0.251148
vt 0.565537 0.252294
vt 0.565397 0.253434
vt 0.565200 0.254565
vt 0.564949 0.255686
vt 0.564643 0.256793
vt 0.564282 0.257883
vt 0.563868 0.258955
vt 0.563403 0.260005
vt 0.562887 0.261031
vt 0.562321 0.262030
vt 0.561707 0.263000
vt 0.561045 0.263939
vt 0.560338 0.264845
vt 0.559588 0.265714
vt 0.558796 0.266547
vt 0.567785 0.347884
vt 0.568136 0.347875
vt 0.568484 0.347883
vt 0.568834 0.347909
vt 0.569179 0.347952
vt 0.569525 0.348012
vt 0.569866 0.348088
vt 0.570203 0.348182
vt 0.570535 0.348292
vt 0.570862 0.348417
vt 0.571181 0.348559
vt 0.571493 0.348716
vt 0.571798 0.348889
vt 0.572093 0.349076
vt 0.572379 0.349277
vt 0.572655 0.349492
vt 0.572919 0.349720
vt 0.573173 0.349962
vt 0.573415 0.350216
vt 0.573643 0.350480
vt 0.573858 0.350756
vt 0.574059 0.351041
vt 0.574246 0.351337
vt 0.574419 0.351641
vt 0.574576 0.351953
vt 0.574717 0.352273
vt 0.574844 0.352600
vt 0.574953 0.352932
vt 0.575045 0.353269
vt 0.575123 0.353610
vt 0.575181 0.353954
vt 0.575225 0.354302
vt 0.575251 0.354650
vt 0.575259 0.355000
vt 0.575251 0.355350
vt 0.575225 0.355699
vt 0.575183 0.356046
vt 0.575122 0.356390
vt 0.575047 0.356731
vt 0.574953 0.357068
vt 0.574843 0.357401
vt 0.574717 0.357726
vt 0.574577 0.358047
vt 0.574419 0.358359
vt 0.574246 0.358663
vt 0.574059 0.358958
vt 0.573857 0.359244
vt 0.573641 0.359520
vt 0.573414 0.359785
vt 0.573173 0.360038
vt 0.572920 0.360279
vt 0.572656 0.360508
vt 0.572379 0.360723
vt 0.572093 0.360924
vt 0.571798 0.361112
vt 0.571493 0.361283
vt 0.571181 0.361441
vt 0.570862 0.361583
vt 0.570536 0.361709
vt 0.570202 0.361818
vt 0.569867 0.361911
vt 0.569525 0.361988
vt 0.569181 0.362048
vt 0.568833 0.362090
vt 0.568485 0.362116
vt 0.568136 0.362125
vt 0.567785 0.362116
vt 0.567435 0.362090
vt 0.567090 0.362048
vt 0.566744 0.361988
vt 0.566404 0.361912
vt 0.566066 0.361818
vt 0.565734 0.361708
vt 0.565409 0.361583
vt 0.565089 0.361441
vt 0.564776 0.361284
vt 0.564472 0.361111
vt 0.564176 0.360925
vt 0.563891 0.360723
vt 0.563615 0.360508
vt 0.563350 0.360280
vt 0.563097 0.360038
vt 0.562856 0.359785
vt 0.562628 0.359520
vt 0.550447 0.383337
vt 0.557230 0.392968
vt 0.564478 0.402254
vt 0.572172 0.411174
vt 0.580294 0.419706
vt 0.588826 0.427828
vt 0.597746 0.435522
vt 0.607032 0.442770
vt 0.616663 0.449553
vt 0.626615 0.455855
vt 0.632186 0.448712
vt 0.631280 0.448005
vt 0.630410 0.447255
vt 0.629578 0.446463
vt 0.628787 0.445631
vt 0.628037 0.444762
vt 0.627330 0.443856
vt 0.626669 0.442917
vt 0.626054 0.441947
vt 0.625488 0.440948
vt 0.624971 0.439921
vt 0.624506 0.438872
vt 0.624093 0.437800
vt 0.623733 0.436710
vt 0.623427 0.435603
vt 0.623175 0.434482
vt 0.622978 0.433350
vt 0.622837 0.432210
vt 0.622753 0.431065
vt 0.622725 0.429917
vt 0.622753 0.428769
vt 0.622838 0.427623
vt 0.622978 0.426483
vt 0.623174 0.425352
vt 0.623427 0.424231
vt 0.623733 0.423124
vt 0.624093 0.422034
vt 0.624506 0.420962
vt 0.624972 0.419912
vt 0.625488 0.418886
vt 0.626054 0.417887
vt 0.626669 0.416917
vt 0.627330 0.415978
vt 0.628036 0.415072
vt 0.628787 0.414202
vt 0.629579 0.413370
vt 0.630411 0.412578
vt 0.631281 0.411828
vt 0.632186 0.411122
vt 0.633125 0.410460
vt 0.634095 0.409846
vt 0.635094 0.409280
vt 0.636120 0.408763
vt 0.637170 0.408298
vt 0.638241 0.407884
vt 0.639332 0.407524
vt 0.640439 0.407218
vt 0.641560 0.406967
vt 0.642692 0.406770
vt 0.643831 0.406630
vt 0.644977 0.406545
vt 0.646125 0.406517
vt 0.647273 0.406545
vt 0.648419 0.406629
vt 0.649559 0.406770
vt 0.650690 0.406966
vt 0.651811 0.407218
vt 0.652918 0.407524
vt 0.654008 0.407884
vt 0.655079 0.408298
vt 0.656130 0.408763
vt 0.657155 0.409280
vt 0.658155 0.409846
vt 0.659125 0.410460
vt 0.660064 0.411122
vt 0.660970 0.411828
vt 0.661840 0.412579
vt 0.662671 0.413370
vt 0.663463 0.414202
vt 0.664213 0.415072
vt 0.664920 0.415977
vt 0.665581 0.416916
vt 0.666196 0.417886
vt 0.666762 0.418886
vt 0.667278 0.419912
vt 0.667743 0.420962
vt 0.668157 0.422033
vt 0.668517 0.423124
vt 0.668823 0.424231
vt 0.669075 0.425352
vt 0.669272 0.426483
vt 0.669412 0.427623
vt 0.669497 0.428768
vt 0.669525 0.429917
vt 0.830588 0.427623
vt 0.830728 0.426483
vt 0.830924 0.425352
vt 0.831176 0.424231
vt 0.831483 0.423124
vt 0.831843 0.422034
vt 0.832256 0.420962
vt 0.832722 0.419912
vt 0.833238 0.418886
vt 0.833804 0.417887
vt 0.834418 0.416916
vt 0.835080 0.415977
vt 0.835786 0.415072
vt 0.836537 0.414202
vt 0.837328 0.413370
vt 0.838161 0.412579
vt 0.839030 0.411828
vt 0.839936 0.411122
vt 0.840875 0.410460
vt 0.841845 0.409846
vt 0.842844 0.409280
vt 0.843870 0.408764
vt 0.844920 0.408298
vt 0.845992 0.407885
vt 0.847083 0.407524
vt 0.848189 0.407218
vt 0.849310 0.406966
vt 0.850441 0.406770
vt 0.851581 0.406629
vt 0.852727 0.406545
vt 0.853875 0.406517
vt 0.855023 0.406545
vt 0.856169 0.406629
vt 0.857309 0.406770
vt 0.858440 0.406967
vt 0.859560 0.407218
vt 0.860668 0.407524
vt 0.861758 0.407884
vt 0.862830 0.408298
vt 0.863880 0.408764
vt 0.864906 0.409280
vt 0.865904 0.409846
vt 0.866875 0.410460
vt 0.867814 0.411122
vt 0.868720 0.411828
vt 0.869590 0.412579
vt 0.870421 0.413370
vt 0.871214 0.414203
vt 0.871963 0.415072
vt 0.872669 0.415977
vt 0.873331 0.416917
vt 0.873946 0.417887
vt 0.874512 0.418886
vt 0.875029 0.419912
vt 0.875494 0.420962
vt 0.875907 0.422033
vt 0.876267 0.423124
vt 0.876574 0.424231
vt 0.876825 0.425352
vt 0.877022 0.426483
vt 0.877163 0.427623
vt 0.877247 0.428769
vt 0.877275 0.429917
vt 0.877247 0.431065
vt 0.877162 0.432210
vt 0.877022 0.433350
vt 0.876826 0.434482
vt 0.876574 0.435602
vt 0.876267 0.436710
vt 0.875906 0.437800
vt 0.875493 0.438872
vt 0.875028 0.439921
vt 0.874512 0.440948
vt 0.873946 0.441947
vt 0.892968 0.442770
vt 0.902254 0.435522
vt 0.911174 0.427828
vt 0.919706 0.419706
vt 0.927828 0.411174
vt 0.935522 0.402254
vt 0.942770 0.392968
vt 0.949553 0.383337
vt 0.955855 0.373385
vt 0.937588 0.359244
vt 0.937374 0.359520
vt 0.937144 0.359784
vt 0.936904 0.360038
vt 0.936650 0.360279
vt 0.936385 0.360508
vt 0.936109 0.360723
vt 0.935823 0.360924
vt 0.935528 0.361111
vt 0.935224 0.361284
vt 0.934912 0.361441
vt 0.934591 0.361582
vt 0.934266 0.361708
vt 0.933934 0.361818
vt 0.933598 0.361911
vt 0.933255 0.361988
vt 0.932911 0.362048
vt 0.932563 0.362091
vt 0.932215 0.362117
vt 0.931866 0.362126
vt 0.931516 0.362116
vt 0.931167 0.362090
vt 0.930820 0.362048
vt 0.930476 0.361989
vt 0.930134 0.361912
vt 0.929796 0.361818
vt 0.929465 0.361708
vt 0.929138 0.361582
vt 0.928819 0.361441
vt 0.928507 0.361284
vt 0.928202 0.361111
vt 0.927906 0.360924
vt 0.927621 0.360723
vt 0.927345 0.360508
vt 0.927081 0.360279
vt 0.926826 0.360038
vt 0.926586 0.359785
vt 0.926358 0.359521
vt 0.926141 0.359244
vt 0.925942 0.358959
vt 0.925754 0.358663
vt 0.925582 0.358359
vt 0.925424 0.358046
vt 0.925283 0.357726
vt 0.925158 0.357401
vt 0.925048 0.357068
vt 0.924954 0.356731
vt 0.924877 0.356390
vt 0.924818 0.356045
vt 0.924775 0.355698
vt 0.924748 0.355350
vt 0.924739 0.355000
vt 0.924750 0.354650
vt 0.924775 0.354302
vt 0.924818 0.353954
vt 0.924877 0.353610
vt 0.924953 0.353268
vt 0.925047 0.352932
vt 0.925157 0.352600
vt 0.925283 0.352274
vt 0.925424 0.351953
vt 0.925582 0.351642
vt 0.925754 0.351337
vt 0.925940 0.351042
vt 0.926142 0.350756
vt 0.926359 0.350480
vt 0.926586 0.350215
vt 0.926828 0.349962
vt 0.927080 0.349721
vt 0.927347 0.349493
vt 0.927621 0.349277
vt 0.927907 0.349075
vt 0.928203 0.348889
vt 0.928508 0.348716
vt 0.928819 0.348560
vt 0.929138 0.348417
vt 0.929464 0.348291
vt 0.929797 0.348182
vt 0.930135 0.348089
vt 0.930476 0.348012
vt 0.930820 0.347952
vt 0.931167 0.347909
vt 0.931516 0.347884
vt 0.931865 0.347875
vt 0.932215 0.347883
vt 0.932563 0.347909
vt 0.942036 0.267338
vt 0.941204 0.266546
vt 0.940412 0.265715
vt 0.939662 0.264845
vt 0.938955 0.263939
vt 0.938294 0.263000
vt 0.937679 0.262030
vt 0.937113 0.261031
vt 0.936596 0.260005
vt 0.936132 0.258955
vt 0.935718 0.257883
vt 0.935357 0.256793
vt 0.935051 0.255686
vt 0.934799 0.254565
vt 0.934603 0.253433
vt 0.934463 0.252294
vt 0.934379 0.251148
vt 0.934350 0.250000
vt 0.934379 0.248852
vt 0.934462 0.247706
vt 0.934603 0.246566
vt 0.934800 0.245435
vt 0.935051 0.244314
vt 0.935358 0.243207
vt 0.935718 0.242117
vt 0.936131 0.241045
vt 0.936596 0.239995
vt 0.937113 0.238969
vt 0.937679 0.237970
vt 0.938294 0.237000
vt 0.938955 0.236061
vt 0.939662 0.235155
vt 0.940412 0.234286
vt 0.941204 0.233454
vt 0.942036 0.232662
vt 0.942905 0.231912
vt 0.943811 0.231205
vt 0.944750 0.230544
vt 0.945720 0.229929
vt 0.946719 0.229363
vt 0.947745 0.228847
vt 0.948795 0.228381
vt 0.949867 0.227968
vt 0.950957 0.227608
vt 0.952064 0.227301
vt 0.953185 0.227050
vt 0.954317 0.226853
vt 0.955456 0.226713
vt 0.956602 0.226628
vt 0.957750 0.226600
vt 0.958898 0.226628
vt 0.960044 0.226713
vt 0.961184 0.226853
vt 0.962315 0.227050
vt 0.963436 0.227301
vt 0.964543 0.227608
vt 0.965633 0.227968
vt 0.966705 0.228381
vt 0.967755 0.228847
vt 0.968780 0.229363
vt 0.969780 0.229929
vt 0.970750 0.230544
vt 0.971689 0.231205
vt 0.972595 0.231912
vt 0.973464 0.232662
vt 0.974296 0.233454
vt 0.974487 0.233654
vt 0.982808 0.191685
vt 0.979666 0.180332
vt 0.975971 0.169146
vt 0.971731 0.158156
vt 0.966957 0.147387
vt 0.961661 0.136865
vt 0.955855 0.126615
vt 0.949553 0.116663
vt 0.942770 0.107032
vt 0.935522 0.097746
vt 0.927828 0.088826
vt 0.919706 0.080294
vt 0.911174 0.072172
vt 0.902254 0.064478
vt 0.892968 0.057230
vt 0.883337 0.050447
vt 0.873385 0.044145
vt 0.867815 0.051288
vt 0.868720 0.051995
vt 0.869589 0.052745
vt 0.870421 0.053537
vt 0.871213 0.054369
vt 0.871963 0.055238
vt 0.872670 0.056144
vt 0.873331 0.057083
vt 0.873946 0.058053
vt 0.874512 0.059053
vt 0.875028 0.060078
vt 0.875494 0.061129
vt 0.875908 0.062200
vt 0.876267 0.063291
vt 0.876573 0.064398
vt 0.876826 0.065518
vt 0.877021 0.066650
vt 0.877162 0.067790
vt 0.877247 0.068935
vt 0.877276 0.070083
vt 0.877247 0.071231
vt 0.877163 0.072377
vt 0.877022 0.073517
vt 0.876825 0.074648
vt 0.876574 0.075769
vt 0.876267 0.076876
vt 0.875906 0.077966
vt 0.875494 0.079038
vt 0.875028 0.080088
vt 0.874512 0.081114
vt 0.873946 0.082113
vt 0.873331 0.083084
vt 0.872670 0.084023
vt 0.871963 0.084928
vt 0.871214 0.085798
vt 0.870421 0.086629
vt 0.869590 0.087422
vt 0.868720 0.088172
vt 0.867814 0.088878
vt 0.866876 0.089540
vt 0.865904 0.090154
vt 0.864906 0.090720
vt 0.863879 0.091237
vt 0.862830 0.091702
vt 0.861759 0.092115
vt 0.860667 0.092476
vt 0.859562 0.092782
vt 0.858440 0.093034
vt 0.857309 0.093230
vt 0.856168 0.093371
vt 0.855023 0.093455
vt 0.853874 0.093483
vt 0.852727 0.093455
vt 0.851582 0.093371
vt 0.850442 0.093230
vt 0.849310 0.093033
vt 0.848189 0.092782
vt 0.847082 0.092476
vt 0.845992 0.092115
vt 0.844921 0.091702
vt 0.843870 0.091237
vt 0.842845 0.090720
vt 0.841845 0.090154
vt 0.840875 0.089540
vt 0.839935 0.088878
vt 0.839030 0.088172
vt 0.838160 0.087421
vt 0.837329 0.086629
vt 0.836537 0.085798
vt 0.835787 0.084928
vt 0.835081 0.084023
vt 0.834418 0.083084
vt 0.833805 0.082113
vt 0.833238 0.081114
vt 0.832722 0.080088
vt 0.832256 0.079038
vt 0.831843 0.077966
vt 0.831483 0.076876
vt 0.831175 0.075769
vt 0.830925 0.074648
vt 0.756583 0.042727
vt 0.756441 0.043046
vt 0.756284 0.043359
vt 0.756112 0.043663
vt 0.755924 0.043958
vt 0.755723 0.044244
vt 0.755508 0.044520
vt 0.755279 0.044785
vt 0.755038 0.045038
vt 0.754785 0.045279
vt 0.754520 0.045508
vt 0.754245 0.045723
vt 0.753959 0.045924
vt 0.753663 0.046111
vt 0.753358 0.046284
vt 0.753046 0.046441
vt 0.752726 0.046583
vt 0.752400 0.046708
vt 0.752069 0.046818
vt 0.751731 0.046911
vt 0.751390 0.046988
vt 0.751045 0.047048
vt 0.750699 0.047091
vt 0.750351 0.047116
vt 0.750000 0.047125
vt 0.749651 0.047116
vt 0.749302 0.047091
vt 0.748954 0.047048
vt 0.748610 0.046988
vt 0.748268 0.046911
vt 0.747932 0.046818
vt 0.747599 0.046709
vt 0.747274 0.046583
vt 0.746954 0.046441
vt 0.746641 0.046284
vt 0.746337 0.046111
vt 0.746042 0.045924
vt 0.745755 0.045723
vt 0.745480 0.045508
vt 0.745215 0.045279
vt 0.744962 0.045038
vt 0.744721 0.044785
vt 0.744492 0.044520
vt 0.744277 0.044244
vt 0.744076 0.043958
vt 0.743889 0.043663
vt 0.743717 0.043359
vt 0.743558 0.043046
vt 0.743417 0.042727
vt 0.743292 0.042400
vt 0.743182 0.042068
vt 0.743088 0.041731
vt 0.743012 0.041390
vt 0.742953 0.041046
vt 0.742909 0.040698
vt 0.742884 0.040350
vt 0.742875 0.040000
vt 0.742884 0.039650
vt 0.742910 0.039302
vt 0.742952 0.038955
vt 0.743011 0.038610
vt 0.743089 0.038269
vt 0.743182 0.037932
vt 0.743291 0.037600
vt 0.743417 0.037273
vt 0.743559 0.036954
vt 0.743716 0.036641
vt 0.743889 0.036337
vt 0.744076 0.036042
vt 0.744278 0.035756
vt 0.744492 0.035480
vt 0.744720 0.035215
vt 0.744961 0.034962
vt 0.745215 0.034721
vt 0.745481 0.034492
vt 0.745756 0.034277
vt 0.746042 0.034076
vt 0.746337 0.033889
vt 0.746642 0.033716
vt 0.746954 0.033559
vt 0.747273 0.033417
vt 0.747599 0.033292
vt 0.747932 0.033182
vt 0.748269 0.033089
vt 0.748610 0.033012
vt 0.748954 0.032952
vt 0.749302 0.032909
vt 0.749650 0.032884
vt 0.750000 0.032875
vt 0.750000 0.010000
vt 0.738224 0.010289
vt 0.726476 0.011156
vt 0.714785 0.012598
vt 0.703178 0.014612
vt 0.691685 0.017192
vt 0.680332 0.020334
vt 0.669146 0.024029
vt 0.658156 0.028269
vt 0.647387 0.033043
vt 0.636865 0.038339
vt 0.639333 0.047691
vt 0.640440 0.047385
vt 0.641560 0.047133
vt 0.642692 0.046937
vt 0.643832 0.046796
vt 0.644977 0.046711
vt 0.646125 0.046683
vt 0.647273 0.046711
vt 0.648419 0.046796
vt 0.649558 0.046936
vt 0.650691 0.047133
vt 0.651811 0.047385
vt 0.652918 0.047691
vt 0.654009 0.048051
vt 0.655080 0.048464
vt 0.656130 0.048930
vt 0.657155 0.049446
vt 0.658155 0.050012
vt 0.659126 0.050627
vt 0.660064 0.051288
vt 0.660970 0.051995
vt 0.661840 0.052745
vt 0.662671 0.053537
vt 0.663464 0.054369
vt 0.664213 0.055238
vt 0.664920 0.056144
vt 0.665582 0.057083
vt 0.666196 0.058053
vt 0.666762 0.059052
vt 0.667278 0.060078
vt 0.667744 0.061128
vt 0.668158 0.062200
vt 0.668517 0.063291
vt 0.668824 0.064397
vt 0.669075 0.065518
vt 0.669272 0.066650
vt 0.669412 0.067790
vt 0.669497 0.068935
vt 0.669525 0.070083
vt 0.669497 0.071231
vt 0.669413 0.072377
vt 0.669272 0.073517
vt 0.669075 0.074648
vt 0.668824 0.075769
vt 0.668517 0.076876
vt 0.668157 0.077966
vt 0.667744 0.079038
vt 0.667278 0.080088
vt 0.666762 0.081114
vt 0.666196 0.082113
vt 0.665582 0.083084
vt 0.664920 0.084023
vt 0.664214 0.084928
vt 0.663463 0.085798
vt 0.662671 0.086630
vt 0.661839 0.087422
vt 0.660970 0.088172
vt 0.660065 0.088878
vt 0.659125 0.089540
vt 0.658155 0.090154
vt 0.657156 0.090720
vt 0.656130 0.091237
vt 0.655079 0.091702
vt 0.654008 0.092115
vt 0.652917 0.092476
vt 0.651811 0.092782
vt 0.650690 0.093034
vt 0.649559 0.093230
vt 0.648419 0.093371
vt 0.647274 0.093455
vt 0.646125 0.093483
vt 0.644977 0.093455
vt 0.643832 0.093371
vt 0.642691 0.093230
vt 0.641560 0.093034
vt 0.640439 0.092782
vt 0.639333 0.092476
vt 0.638242 0.092115
vt 0.637170 0.091702
vt 0.636120 0.091237
vt 0.635094 0.090720
vt 0.634094 0.090154
vt 0.633124 0.089540
vt 0.632186 0.088878
vt 0.631280 0.088172
vt 0.630410 0.087421
vt 0.629578 0.086629
vt 0.628786 0.085798
vt 0.628036 0.084928
vt 0.627330 0.084023
vt 0.626669 0.083084
vt 0.626054 0.082113
vt 0.625488 0.081114
vt 0.624972 0.080088
vt 0.624506 0.079038
vt 0.624093 0.077966
vt 0.623732 0.076876
vt 0.623426 0.075769
vt 0.623175 0.074648
vt 0.622978 0.073517
vt 0.622838 0.072377
vt 0.622754 0.071231
vt 0.622725 0.070083
vt 0.622753 0.068935
vt 0.622838 0.067790
vt 0.622978 0.066650
vt 0.623175 0.065518
vt 0.623426 0.064398
vt 0.623733 0.063291
vt 0.624093 0.062200
vt 0.624506 0.061128
vt 0.624972 0.060078
vt 0.625488 0.059053
vt 0.626054 0.058053
vt 0.626669 0.057083
vt 0.627330 0.056144
vt 0.628036 0.055238
vt 0.628787 0.054369
vt 0.629579 0.053537
vt 0.630410 0.052745
vt 0.631280 0.051995
vt 0.858086 0.047072
vt 0.863135 0.038339
vt 0.852613 0.033043
vt 0.841844 0.028269
vt 0.830854 0.024029
vt 0.819668 0.020334
vt 0.808315 0.017192
vt 0.796822 0.014612
vt 0.785215 0.012598
vt 0.773524 0.011156
vt 0.761776 0.010289
vt 0.750350 0.032884
vt 0.750698 0.032909
vt 0.751045 0.032952
vt 0.751390 0.033012
vt 0.751731 0.033089
vt 0.752069 0.033182
vt 0.752400 0.033291
vt 0.752727 0.033417
vt 0.753047 0.033559
vt 0.753358 0.033716
vt 0.753663 0.033889
vt 0.753959 0.034076
vt 0.754244 0.034277
vt 0.754521 0.034492
vt 0.754785 0.034721
vt 0.755038 0.034962
vt 0.755280 0.035215
vt 0.755508 0.035480
vt 0.755723 0.035756
vt 0.755924 0.036042
vt 0.756112 0.036337
vt 0.756284 0.036641
vt 0.756441 0.036954
vt 0.756583 0.037273
vt 0.756709 0.037600
vt 0.756819 0.037932
vt 0.756911 0.038269
vt 0.756989 0.038610
vt 0.757047 0.038955
vt 0.757091 0.039302
vt 0.757116 0.039650
vt 0.757125 0.040000
vt 0.757116 0.040350
vt 0.757091 0.040698
vt 0.757048 0.041045
vt 0.756988 0.041390
vt 0.756912 0.041731
vt 0.756818 0.042068
vt 0.756709 0.042400
vt 0.830728 0.073517
vt 0.830587 0.072377
vt 0.830504 0.071231
vt 0.830474 0.070083
vt 0.830503 0.068935
vt 0.830589 0.067790
vt 0.830728 0.066650
vt 0.830925 0.065518
vt 0.831177 0.064397
vt 0.831483 0.063291
vt 0.831844 0.062200
vt 0.832256 0.061128
vt 0.832722 0.060078
vt 0.833238 0.059053
vt 0.833804 0.058053
vt 0.834419 0.057083
vt 0.835079 0.056144
vt 0.835787 0.055238
vt 0.836537 0.054369
vt 0.837330 0.053537
vt 0.838160 0.052745
vt 0.839031 0.051995
vt 0.839936 0.051288
vt 0.840875 0.050627
vt 0.841845 0.050012
vt 0.842845 0.049446
vt 0.843870 0.048930
vt 0.844920 0.048464
vt 0.845992 0.048051
vt 0.847083 0.047691
vt 0.848189 0.047384
vt 0.849310 0.047133
vt 0.850441 0.046936
vt 0.851580 0.046796
vt 0.852727 0.046711
vt 0.853874 0.046683
vt 0.855023 0.046711
vt 0.856168 0.046796
vt 0.857309 0.046937
vt 0.937790 0.358958
vt 0.961661 0.363135
vt 0.966957 0.352613
vt 0.971731 0.341844
vt 0.975971 0.330854
vt 0.979666 0.319668
vt 0.982808 0.308315
vt 0.985388 0.296822
vt 0.987402 0.285215
vt 0.972632 0.268057
vt 0.972595 0.268089
vt 0.971689 0.268795
vt 0.970750 0.269456
vt 0.969780 0.270071
vt 0.968781 0.270637
vt 0.967755 0.271153
vt 0.966705 0.271619
vt 0.965633 0.272032
vt 0.964543 0.272392
vt 0.963436 0.272699
vt 0.962315 0.272951
vt 0.961183 0.273147
vt 0.960044 0.273287
vt 0.958898 0.273372
vt 0.957750 0.273400
vt 0.956602 0.273372
vt 0.955456 0.273287
vt 0.954317 0.273147
vt 0.953185 0.272951
vt 0.952064 0.272699
vt 0.950957 0.272392
vt 0.949867 0.272032
vt 0.948795 0.271619
vt 0.947745 0.271153
vt 0.946720 0.270637
vt 0.945720 0.270071
vt 0.944750 0.269456
vt 0.943811 0.268795
vt 0.942905 0.268088
vt 0.932910 0.347952
vt 0.933255 0.348012
vt 0.933597 0.348089
vt 0.933934 0.348182
vt 0.934265 0.348291
vt 0.934593 0.348417
vt 0.934913 0.348560
vt 0.935225 0.348717
vt 0.935529 0.348889
vt 0.935824 0.349076
vt 0.936110 0.349277
vt 0.936385 0.349492
vt 0.936651 0.349721
vt 0.936904 0.349962
vt 0.937144 0.350215
vt 0.937373 0.350480
vt 0.937588 0.350756
vt 0.937789 0.351041
vt 0.937977 0.351337
vt 0.938149 0.351641
vt 0.938307 0.351954
vt 0.938448 0.352274
vt 0.938574 0.352600
vt 0.938683 0.352931
vt 0.938776 0.353268
vt 0.938853 0.353610
vt 0.938913 0.353955
vt 0.938958 0.354302
vt 0.938983 0.354650
vt 0.938989 0.355000
vt 0.938982 0.355350
vt 0.938957 0.355699
vt 0.938913 0.356046
vt 0.938854 0.356390
vt 0.938776 0.356731
vt 0.938684 0.357068
vt 0.938574 0.357400
vt 0.938448 0.357727
vt 0.938305 0.358047
vt 0.938150 0.358359
vt 0.937977 0.358663
vt 0.866876 0.050627
vt 0.858440 0.047133
vt 0.859561 0.047384
vt 0.860667 0.047691
vt 0.861758 0.048051
vt 0.862829 0.048464
vt 0.863880 0.048930
vt 0.864906 0.049446
vt 0.865904 0.050012
vt 0.638241 0.048051
vt 0.633124 0.050627
vt 0.634096 0.050012
vt 0.635094 0.049446
vt 0.636120 0.048930
vt 0.637171 0.048464
vt 0.633124 0.449373
vt 0.636865 0.461661
vt 0.647387 0.466957
vt 0.658156 0.471731
vt 0.669146 0.475971
vt 0.680332 0.479666
vt 0.691685 0.482808
vt 0.703178 0.485388
vt 0.841845 0.449988
vt 0.840875 0.449373
vt 0.839936 0.448712
vt 0.839030 0.448005
vt 0.838160 0.447255
vt 0.837328 0.446463
vt 0.836537 0.445631
vt 0.835787 0.444761
vt 0.835080 0.443856
vt 0.834419 0.442917
vt 0.833804 0.441947
vt 0.833238 0.440947
vt 0.832722 0.439922
vt 0.832256 0.438872
vt 0.831843 0.437800
vt 0.831482 0.436709
vt 0.831176 0.435602
vt 0.830924 0.434482
vt 0.830728 0.433350
vt 0.830587 0.432210
vt 0.830503 0.431065
vt 0.830475 0.429917
vt 0.830503 0.428769
vt 0.669496 0.431065
vt 0.669413 0.432211
vt 0.669272 0.433350
vt 0.669075 0.434482
vt 0.668824 0.435603
vt 0.668518 0.436710
vt 0.668157 0.437800
vt 0.667744 0.438872
vt 0.667278 0.439921
vt 0.666762 0.440947
vt 0.666196 0.441947
vt 0.665581 0.442917
vt 0.664920 0.443856
vt 0.664214 0.444762
vt 0.663463 0.445631
vt 0.662672 0.446463
vt 0.661839 0.447255
vt 0.660970 0.448005
vt 0.660065 0.448712
vt 0.659125 0.449373
vt 0.658155 0.449988
vt 0.657156 0.450554
vt 0.656130 0.451070
vt 0.655080 0.451536
vt 0.654008 0.451949
vt 0.652917 0.452309
vt 0.651811 0.452615
vt 0.650690 0.452868
vt 0.649558 0.453064
vt 0.648419 0.453204
vt 0.647273 0.453289
vt 0.646125 0.453317
vt 0.644977 0.453289
vt 0.643831 0.453204
vt 0.642692 0.453063
vt 0.641560 0.452867
vt 0.640439 0.452615
vt 0.639333 0.452310
vt 0.638242 0.451949
vt 0.637170 0.451535
vt 0.636120 0.451070
vt 0.635094 0.450553
vt 0.634095 0.449988
vt 0.973464 0.267338
vt 0.988844 0.273524
vt 0.989711 0.261776
vt 0.990000 0.250000
vt 0.989711 0.238224
vt 0.988844 0.226476
vt 0.987402 0.214785
vt 0.985388 0.203178
vt 0.975088 0.234286
vt 0.975838 0.235155
vt 0.976545 0.236061
vt 0.977206 0.237000
vt 0.977821 0.237970
vt 0.978387 0.238969
vt 0.978903 0.239995
vt 0.979369 0.241045
vt 0.979782 0.242117
vt 0.980143 0.243207
vt 0.980449 0.244314
vt 0.980700 0.245435
vt 0.980897 0.246567
vt 0.981037 0.247706
vt 0.981122 0.248852
vt 0.981150 0.250000
vt 0.981121 0.251148
vt 0.981037 0.252293
vt 0.980897 0.253433
vt 0.980700 0.254565
vt 0.980449 0.255686
vt 0.980143 0.256793
vt 0.979782 0.257883
vt 0.979369 0.258955
vt 0.978904 0.260005
vt 0.978387 0.261031
vt 0.977821 0.262030
vt 0.977206 0.263000
vt 0.976545 0.263939
vt 0.975838 0.264845
vt 0.975088 0.265714
vt 0.974296 0.266546
vt 1.000000 0.786842
vt 0.992188 0.786842
vt 0.992188 0.826316
vt 0.992188 0.989474
vt 1.000000 0.989474
vt 1.000000 0.826316
vt 0.984375 0.786842
vt 0.984375 0.826316
vt 0.984375 0.989474
vt 0.976562 0.786842
vt 0.976562 0.826316
vt 0.976562 0.989474
vt 0.968750 0.786842
vt 0.968750 0.826316
vt 0.968750 0.989474
vt 0.960938 0.786842
vt 0.960938 0.826316
vt 0.960938 0.989474
vt 0.953125 0.786842
vt 0.953125 0.826316
vt 0.953125 0.989474
vt 0.945312 0.786842
vt 0.945312 0.826316
vt 0.945312 0.989474
vt 0.937500 0.786842
vt 0.937500 0.826316
vt 0.937500 0.989474
vt 0.929688 0.786842
vt 0.929688 0.826316
vt 0.929688 0.989474
vt 0.923570 0.502632
vt 0.921875 0.502632
vt 0.921875 0.786842
vt 0.923570 0.500000
vt 0.921875 0.826316
vt 0.921875 0.989474
vt 0.914062 0.502632
vt 0.914062 0.786842
vt 0.914062 0.826316
vt 0.914062 0.989474
vt 0.909807 0.502632
vt 0.909807 0.500000
vt 0.906250 0.786842
vt 0.906250 0.826316
vt 0.906250 0.989474
vt 0.898438 0.786842
vt 0.898438 0.826316
vt 0.898438 0.989474
vt 0.890625 0.786842
vt 0.890625 0.826316
vt 0.890625 0.989474
vt 0.882812 0.786842
vt 0.882812 0.826316
vt 0.882812 0.989474
vt 0.875000 0.786842
vt 0.875000 0.826316
vt 0.875000 0.989474
vt 0.867188 0.826316
vt 0.867188 0.989474
vt 0.867188 0.786842
vt 0.859375 0.989474
vt 0.859375 0.826316
vt 0.859375 0.786842
vt 0.851562 0.989474
vt 0.851562 0.826316
vt 0.851562 0.786842
vt 0.843750 0.989474
vt 0.843750 0.826316
vt 0.843750 0.786842
vt 0.835938 0.989474
vt 0.835938 0.826316
vt 0.835938 0.786842
vt 0.828125 0.826316
vt 0.828125 0.989474
vt 0.828125 0.786842
vt 0.820312 0.826316
vt 0.820312 0.989474
vt 0.820312 0.786842
vt 0.812500 0.826316
vt 0.812500 0.989474
vt 0.812500 0.786842
vt 0.804688 0.989474
vt 0.804688 0.826316
vt 0.804688 0.786842
vt 0.796875 0.989474
vt 0.796875 0.826316
vt 0.796875 0.786842
vt 0.789062 0.989474
vt 0.789062 0.826316
vt 0.789062 0.786842
vt 0.781250 0.989474
vt 0.781250 0.826316
vt 0.781250 0.786842
vt 0.773438 0.826316
vt 0.773438 0.989474
vt 0.773438 0.786842
vt 0.765625 0.826316
vt 0.765625 0.989474
vt 0.765625 0.786842
vt 0.757812 0.826316
vt 0.757812 0.989474
vt 0.757812 0.786842
vt 0.750000 0.826316
vt 0.750000 0.989474
vt 0.756933 0.502632
vt 0.750000 0.502632
vt 0.750000 0.786842
vt 0.756933 0.500000
vt 0.742188 0.826316
vt 0.742188 0.989474
vt 0.743067 0.502632
vt 0.743067 0.500000
vt 0.742188 0.786842
vt 0.734375 0.989474
vt 0.734375 0.826316
vt 0.734375 0.786842
vt 0.726562 0.989474
vt 0.726562 0.826316
vt 0.726562 0.786842
vt 0.718750 0.989474
vt 0.718750 0.826316
vt 0.718750 0.786842
vt 0.710938 0.989474
vt 0.710938 0.826316
vt 0.710938 0.786842
vt 0.703125 0.826316
vt 0.703125 0.989474
vt 0.703125 0.786842
vt 0.695312 0.826316
vt 0.695312 0.989474
vt 0.695312 0.786842
vt 0.687500 0.826316
vt 0.687500 0.989474
vt 0.687500 0.786842
vt 0.679688 0.989474
vt 0.679688 0.826316
vt 0.679688 0.786842
vt 0.671875 0.989474
vt 0.671875 0.826316
vt 0.671875 0.786842
vt 0.664062 0.989474
vt 0.664062 0.826316
vt 0.664062 0.786842
vt 0.656250 0.989474
vt 0.656250 0.826316
vt 0.656250 0.786842
vt 0.648438 0.826316
vt 0.648438 0.989474
vt 0.648438 0.786842
vt 0.640625 0.826316
vt 0.640625 0.989474
vt 0.640625 0.786842
vt 0.632812 0.826316
vt 0.632812 0.989474
vt 0.632812 0.786842
vt 0.625000 0.826316
vt 0.625000 0.989474
vt 0.625000 0.786842
vt 0.617188 0.989474
vt 0.617188 0.826316
vt 0.617188 0.786842
vt 0.609375 0.989474
vt 0.609375 0.826316
vt 0.609375 0.786842
vt 0.601562 0.989474
vt 0.601562 0.826316
vt 0.601562 0.786842
vt 0.593750 0.989474
vt 0.593750 0.826316
vt 0.593750 0.786842
vt 0.585938 0.989474
vt 0.585938 0.826316
vt 0.590193 0.502632
vt 0.585938 0.502632
vt 0.585938 0.786842
vt 0.590193 0.500000
vt 0.578125 0.826316
vt 0.578125 0.989474
vt 0.578125 0.786842
vt 0.578125 0.502632
vt 0.570312 0.826316
vt 0.570312 0.989474
vt 0.576430 0.502632
vt 0.576430 0.500000
vt 0.570312 0.786842
vt 0.562500 0.826316
vt 0.562500 0.989474
vt 0.562500 0.786842
vt 0.554688 0.989474
vt 0.554688 0.826316
vt 0.554688 0.786842
vt 0.546875 0.989474
vt 0.546875 0.826316
vt 0.546875 0.786842
vt 0.539062 0.989474
vt 0.539062 0.826316
vt 0.539062 0.786842
vt 0.531250 0.826316
vt 0.531250 0.989474
vt 0.531250 0.786842
vt 0.523438 0.826316
vt 0.523438 0.989474
vt 0.523438 0.786842
vt 0.515625 0.826316
vt 0.515625 0.989474
vt 0.515625 0.786842
vt 0.507812 0.989474
vt 0.507812 0.826316
vt 0.507812 0.786842
vt 0.500000 0.989474
vt 0.500000 0.826316
vt 0.500000 0.786842
vt 0.492188 0.989474
vt 0.492188 0.826316
vt 0.492188 0.786842
vt 0.484375 0.826316
vt 0.484375 0.989474
vt 0.484375 0.786842
vt 0.476562 0.989474
vt 0.476562 0.826316
vt 0.476562 0.786842
vt 0.468750 0.989474
vt 0.468750 0.826316
vt 0.468750 0.786842
vt 0.460938 0.989474
vt 0.460938 0.826316
vt 0.460938 0.786842
vt 0.453125 0.826316
vt 0.453125 0.989474
vt 0.453125 0.786842
vt 0.445312 0.826316
vt 0.445312 0.989474
vt 0.445312 0.786842
vt 0.437500 0.826316
vt 0.437500 0.989474
vt 0.437500 0.786842
vt 0.429688 0.826316
vt 0.429688 0.989474
vt 0.429688 0.786842
vt 0.421875 0.826316
vt 0.421875 0.989474
vt 0.423570 0.502632
vt 0.421875 0.502632
vt 0.421875 0.786842
vt 0.423570 0.500000
vt 0.414062 0.826316
vt 0.414062 0.989474
vt 0.414062 0.502632
vt 0.414062 0.786842
vt 0.406250 0.826316
vt 0.406250 0.989474
vt 0.409807 0.502632
vt 0.409807 0.500000
vt 0.406250 0.786842
vt 0.398438 0.826316
vt 0.398438 0.989474
vt 0.398438 0.786842
vt 0.390625 0.989474
vt 0.390625 0.826316
vt 0.390625 0.786842
vt 0.382812 0.989474
vt 0.382812 0.826316
vt 0.382812 0.786842
vt 0.375000 0.989474
vt 0.375000 0.826316
vt 0.375000 0.786842
vt 0.367188 0.786842
vt 0.367188 0.826316
vt 0.367188 0.989474
vt 0.359375 0.786842
vt 0.359375 0.826316
vt 0.359375 0.989474
vt 0.351562 0.786842
vt 0.351562 0.826316
vt 0.351562 0.989474
vt 0.343750 0.786842
vt 0.343750 0.826316
vt 0.343750 0.989474
vt 0.335938 0.786842
vt 0.335938 0.826316
vt 0.335938 0.989474
vt 0.328125 0.786842
vt 0.328125 0.826316
vt 0.328125 0.989474
vt 0.320312 0.786842
vt 0.320312 0.826316
vt 0.320312 0.989474
vt 0.312500 0.786842
vt 0.312500 0.826316
vt 0.312500 0.989474
vt 0.304688 0.786842
vt 0.304688 0.826316
vt 0.304688 0.989474
vt 0.296875 0.786842
vt 0.296875 0.826316
vt 0.296875 0.989474
vt 0.289062 0.786842
vt 0.289062 0.826316
vt 0.289062 0.989474
vt 0.281250 0.786842
vt 0.281250 0.826316
vt 0.281250 0.989474
vt 0.273438 0.786842
vt 0.273438 0.826316
vt 0.273438 0.989474
vt 0.265625 0.786842
vt 0.265625 0.826316
vt 0.265625 0.989474
vt 0.257812 0.786842
vt 0.257812 0.826316
vt 0.257812 0.989474
vt 0.256933 0.502632
vt 0.250000 0.502632
vt 0.250000 0.786842
vt 0.256933 0.500000
vt 0.250000 0.826316
vt 0.250000 0.989474
vt 0.243067 0.502632
vt 0.243067 0.500000
vt 0.242188 0.786842
vt 0.242188 0.826316
vt 0.242188 0.989474
vt 0.234375 0.786842
vt 0.234375 0.826316
vt 0.234375 0.989474
vt 0.226562 0.786842
vt 0.226562 0.826316
vt 0.226562 0.989474
vt 0.218750 0.786842
vt 0.218750 0.826316
vt 0.218750 0.989474
vt 0.210938 0.786842
vt 0.210938 0.826316
vt 0.210938 0.989474
vt 0.203125 0.786842
vt 0.203125 0.826316
vt 0.203125 0.989474
vt 0.195312 0.786842
vt 0.195312 0.826316
vt 0.195312 0.989474
vt 0.187500 0.786842
vt 0.187500 0.826316
vt 0.187500 0.989474
vt 0.179688 0.786842
vt 0.179688 0.826316
vt 0.179688 0.989474
vt 0.171875 0.786842
vt 0.171875 0.826316
vt 0.171875 0.989474
vt 0.164062 0.786842
vt 0.164062 0.826316
vt 0.164062 0.989474
vt 0.156250 0.786842
vt 0.156250 0.826316
vt 0.156250 0.989474
vt 0.148438 0.786842
vt 0.148438 0.826316
vt 0.148438 0.989474
vt 0.140625 0.786842
vt 0.140625 0.826316
vt 0.140625 0.989474
vt 0.132812 0.786842
vt 0.132812 0.826316
vt 0.132812 0.989474
vt 0.125000 0.786842
vt 0.125000 0.826316
vt 0.125000 0.989474
vt 0.117188 0.786842
vt 0.117188 0.826316
vt 0.117188 0.989474
vt 0.109375 0.786842
vt 0.109375 0.826316
vt 0.109375 0.989474
vt 0.101562 0.786842
vt 0.101562 0.826316
vt 0.101562 0.989474
vt 0.093750 0.786842
vt 0.093750 0.826316
vt 0.093750 0.989474
vt 0.090193 0.502632
vt 0.085938 0.502632
vt 0.085938 0.786842
vt 0.090193 0.500000
vt 0.085938 0.826316
vt 0.085938 0.989474
vt 0.078125 0.502632
vt 0.078125 0.786842
vt 0.078125 0.826316
vt 0.078125 0.989474
vt 0.076430 0.502632
vt 0.076430 0.500000
vt 0.070312 0.786842
vt 0.070312 0.826316
vt 0.070312 0.989474
vt 0.062500 0.786842
vt 0.062500 0.826316
vt 0.062500 0.989474
vt 0.054688 0.786842
vt 0.054688 0.826316
vt 0.054688 0.989474
vt 0.046875 0.786842
vt 0.046875 0.826316
vt 0.046875 0.989474
vt 0.039062 0.786842
vt 0.039062 0.826316
vt 0.039062 0.989474
vt 0.031250 0.786842
vt 0.031250 0.826316
vt 0.031250 0.989474
vt 0.023438 0.786842
vt 0.023438 0.826316
vt 0.023438 0.989474
vt 0.015625 0.786842
vt 0.015625 0.826316
vt 0.015625 0.989474
vt 0.007812 0.786842
vt 0.007812 0.826316
vt 0.007812 0.989474
vt 0.000000 0.786842
vt 0.000000 0.826316
vt 0.000000 0.989474
vt 0.989636 0.260172
vt 0.989743 0.260451
vt 0.987402 0.285215
vt 0.975971 0.330854
vt 0.878806 0.452422
vt 0.878141 0.452537
vt 0.876696 0.452862
vt 0.875267 0.453257
vt 0.873861 0.453722
vt 0.872478 0.454255
vt 0.871123 0.454856
vt 0.869799 0.455522
vt 0.868510 0.456253
vt 0.867257 0.457045
vt 0.866046 0.457899
vt 0.864878 0.458811
vt 0.863755 0.459779
vt 0.862682 0.460801
vt 0.861660 0.461874
vt 0.860853 0.462810
vt 0.852613 0.466957
vt 0.808315 0.482807
vt 0.785215 0.487402
vt 0.714785 0.487402
vt 0.691685 0.482807
vt 0.647387 0.466957
vt 0.639147 0.462810
vt 0.638339 0.461874
vt 0.637318 0.460801
vt 0.636244 0.459779
vt 0.635122 0.458811
vt 0.633954 0.457899
vt 0.632742 0.457046
vt 0.631490 0.456253
vt 0.630201 0.455522
vt 0.628877 0.454856
vt 0.627523 0.454256
vt 0.626140 0.453722
vt 0.624732 0.453257
vt 0.623304 0.452862
vt 0.621858 0.452537
vt 0.621194 0.452422
vt 0.524029 0.330854
vt 0.512598 0.285215
vt 0.510257 0.260451
vt 0.510364 0.260172
vt 0.510829 0.258765
vt 0.511224 0.257336
vt 0.511549 0.255891
vt 0.511802 0.254430
vt 0.511984 0.252960
vt 0.512093 0.251482
vt 0.512129 0.250000
vt 0.512093 0.248518
vt 0.511983 0.247040
vt 0.511802 0.245570
vt 0.511549 0.244109
vt 0.511224 0.242664
vt 0.510829 0.241235
vt 0.510364 0.239828
vt 0.510257 0.239549
vt 0.512598 0.214785
vt 0.524029 0.169146
vt 0.564478 0.097746
vt 0.621194 0.047578
vt 0.621858 0.047463
vt 0.623304 0.047138
vt 0.624733 0.046743
vt 0.626140 0.046278
vt 0.627523 0.045745
vt 0.628877 0.045144
vt 0.630201 0.044478
vt 0.631490 0.043747
vt 0.632742 0.042954
vt 0.633954 0.042101
vt 0.635122 0.041189
vt 0.636244 0.040221
vt 0.637318 0.039199
vt 0.638339 0.038126
vt 0.639147 0.037190
vt 0.647387 0.033043
vt 0.658156 0.028269
vt 0.691685 0.017193
vt 0.703178 0.014612
vt 0.714785 0.012598
vt 0.785215 0.012598
vt 0.796822 0.014612
vt 0.808315 0.017193
vt 0.841844 0.028269
vt 0.852613 0.033043
vt 0.860853 0.037190
vt 0.861660 0.038126
vt 0.862682 0.039199
vt 0.863756 0.040221
vt 0.864878 0.041189
vt 0.866046 0.042101
vt 0.867258 0.042954
vt 0.868510 0.043747
vt 0.869799 0.044478
vt 0.871123 0.045144
vt 0.872478 0.045745
vt 0.873861 0.046278
vt 0.875268 0.046743
vt 0.876696 0.047138
vt 0.878141 0.047463
vt 0.878806 0.047578
vt 0.935522 0.097746
vt 0.975971 0.169146
vt 0.987402 0.214785
vt 0.989743 0.239549
vt 0.989636 0.239828
vt 0.989171 0.241235
vt 0.988776 0.242664
vt 0.988451 0.244109
vt 0.988198 0.245570
vt 0.988016 0.247041
vt 0.987908 0.248518
vt 0.987871 0.250000
vt 0.987908 0.251482
vt 0.988016 0.252959
vt 0.988198 0.254430
vt 0.988451 0.255890
vt 0.988776 0.257336
vt 0.989171 0.258765
vt 0.388771 0.062889
vt 0.397785 0.069923
vt 0.385867 0.084446
vt 0.377580 0.077978
vt 0.368985 0.071926
vt 0.360104 0.066302
vt 0.350958 0.061120
vt 0.341569 0.056394
vt 0.331959 0.052134
vt 0.322151 0.048351
vt 0.312170 0.045054
vt 0.302039 0.042250
vt 0.291782 0.039947
vt 0.281425 0.038150
vt 0.270992 0.036863
vt 0.260509 0.036090
vt 0.250000 0.035832
vt 0.239491 0.036090
vt 0.229008 0.036863
vt 0.218575 0.038150
vt 0.208218 0.039947
vt 0.197961 0.042250
vt 0.187830 0.045054
vt 0.177849 0.048351
vt 0.168041 0.052134
vt 0.158431 0.056394
vt 0.149042 0.061120
vt 0.139895 0.066302
vt 0.131014 0.071926
vt 0.122420 0.077978
vt 0.114133 0.084446
vt 0.106173 0.091312
vt 0.098560 0.098560
vt 0.091312 0.106173
vt 0.084446 0.114133
vt 0.069923 0.102215
vt 0.077392 0.093557
vt 0.085276 0.085276
vt 0.093557 0.077392
vt 0.102215 0.069923
vt 0.111229 0.062889
vt 0.120577 0.056305
vt 0.130237 0.050188
vt 0.140186 0.044552
vt 0.150399 0.039411
vt 0.160852 0.034778
vt 0.171520 0.030663
vt 0.182377 0.027076
vt 0.193396 0.024026
vt 0.204553 0.021521
vt 0.215818 0.019566
vt 0.227166 0.018167
vt 0.238569 0.017326
vt 0.250000 0.017045
vt 0.261431 0.017326
vt 0.272834 0.018167
vt 0.284182 0.019566
vt 0.295447 0.021521
vt 0.306603 0.024026
vt 0.317623 0.027076
vt 0.328480 0.030663
vt 0.339148 0.034778
vt 0.349601 0.039411
vt 0.359814 0.044552
vt 0.369763 0.050188
vt 0.379423 0.056305
vt 0.077978 0.122420
vt 0.071926 0.131014
vt 0.066302 0.139895
vt 0.061120 0.149042
vt 0.056394 0.158431
vt 0.052134 0.168041
vt 0.048351 0.177849
vt 0.045054 0.187830
vt 0.042250 0.197961
vt 0.039947 0.208218
vt 0.038150 0.218575
vt 0.036863 0.229008
vt 0.036090 0.239491
vt 0.035832 0.250000
vt 0.036090 0.260509
vt 0.036863 0.270992
vt 0.038150 0.281425
vt 0.039947 0.291782
vt 0.042250 0.302039
vt 0.045054 0.312170
vt 0.048351 0.322151
vt 0.052134 0.331958
vt 0.056394 0.341569
vt 0.061120 0.350958
vt 0.066302 0.360104
vt 0.071926 0.368985
vt 0.077978 0.377580
vt 0.084446 0.385867
vt 0.091312 0.393826
vt 0.098560 0.401440
vt 0.106173 0.408688
vt 0.114133 0.415554
vt 0.122420 0.422021
vt 0.131014 0.428074
vt 0.139895 0.433698
vt 0.149042 0.438879
vt 0.158431 0.443606
vt 0.168041 0.447866
vt 0.177849 0.451649
vt 0.187830 0.454946
vt 0.197961 0.457750
vt 0.208218 0.460053
vt 0.218575 0.461850
vt 0.229008 0.463137
vt 0.239491 0.463910
vt 0.250000 0.464168
vt 0.260509 0.463910
vt 0.270992 0.463137
vt 0.281425 0.461850
vt 0.291782 0.460053
vt 0.302039 0.457750
vt 0.312170 0.454946
vt 0.322151 0.451649
vt 0.331959 0.447866
vt 0.341569 0.443606
vt 0.350958 0.438880
vt 0.360105 0.433698
vt 0.368986 0.428074
vt 0.377580 0.422022
vt 0.385867 0.415554
vt 0.393827 0.408688
vt 0.401440 0.401440
vt 0.408688 0.393827
vt 0.415554 0.385867
vt 0.422022 0.377580
vt 0.428074 0.368986
vt 0.433698 0.360105
vt 0.438880 0.350958
vt 0.443606 0.341569
vt 0.447866 0.331959
vt 0.451649 0.322151
vt 0.454946 0.312170
vt 0.457750 0.302039
vt 0.460053 0.291782
vt 0.461850 0.281425
vt 0.463137 0.270992
vt 0.463910 0.260509
vt 0.464168 0.250000
vt 0.463910 0.239491
vt 0.463137 0.229008
vt 0.461850 0.218575
vt 0.460053 0.208218
vt 0.457750 0.197961
vt 0.454946 0.187830
vt 0.451649 0.177849
vt 0.447866 0.168041
vt 0.443606 0.158431
vt 0.438880 0.149042
vt 0.433698 0.139895
vt 0.428074 0.131014
vt 0.422022 0.122420
vt 0.415554 0.114133
vt 0.408688 0.106173
vt 0.401440 0.098560
vt 0.393827 0.091312
vt 0.406443 0.077392
vt 0.414724 0.085276
vt 0.422608 0.093557
vt 0.430077 0.102215
vt 0.437111 0.111229
vt 0.443695 0.120577
vt 0.449812 0.130237
vt 0.455448 0.140186
vt 0.460589 0.150399
vt 0.465222 0.160852
vt 0.469337 0.171520
vt 0.472924 0.182377
vt 0.475974 0.193396
vt 0.478479 0.204553
vt 0.480434 0.215818
vt 0.481833 0.227166
vt 0.482675 0.238570
vt 0.482955 0.250000
vt 0.482674 0.261431
vt 0.481833 0.272833
vt 0.480434 0.284182
vt 0.478479 0.295447
vt 0.475974 0.306603
vt 0.472924 0.317623
vt 0.469337 0.328480
vt 0.465222 0.339148
vt 0.460589 0.349601
vt 0.455448 0.359814
vt 0.449812 0.369763
vt 0.443695 0.379423
vt 0.437111 0.388771
vt 0.430076 0.397785
vt 0.422608 0.406443
vt 0.414724 0.414724
vt 0.406443 0.422608
vt 0.397785 0.430077
vt 0.388771 0.437111
vt 0.379423 0.443695
vt 0.369763 0.449812
vt 0.359814 0.455448
vt 0.349601 0.460589
vt 0.339148 0.465222
vt 0.328480 0.469338
vt 0.317623 0.472924
vt 0.306603 0.475974
vt 0.295447 0.478479
vt 0.284182 0.480434
vt 0.272834 0.481833
vt 0.261431 0.482675
vt 0.250000 0.482955
vt 0.238569 0.482674
vt 0.227166 0.481833
vt 0.215818 0.480434
vt 0.204553 0.478479
vt 0.193397 0.475974
vt 0.182377 0.472924
vt 0.171520 0.469337
vt 0.160852 0.465222
vt 0.150399 0.460589
vt 0.140186 0.455448
vt 0.130237 0.449812
vt 0.120577 0.443695
vt 0.111229 0.437111
vt 0.102215 0.430076
vt 0.093557 0.422608
vt 0.085276 0.414724
vt 0.077392 0.406443
vt 0.069923 0.397785
vt 0.062889 0.388771
vt 0.056305 0.379423
vt 0.050188 0.369763
vt 0.044552 0.359814
vt 0.039411 0.349601
vt 0.034778 0.339148
vt 0.030663 0.328480
vt 0.027076 0.317623
vt 0.024026 0.306603
vt 0.021521 0.295447
vt 0.019566 0.284182
vt 0.018167 0.272834
vt 0.017326 0.261430
vt 0.017045 0.250000
vt 0.017326 0.238569
vt 0.018167 0.227166
vt 0.019566 0.215818
vt 0.021521 0.204553
vt 0.024026 0.193397
vt 0.027076 0.182377
vt 0.030663 0.171520
vt 0.034778 0.160852
vt 0.039411 0.150399
vt 0.044552 0.140186
vt 0.050188 0.130237
vt 0.056305 0.120577
vt 0.062889 0.111229
vt 0.772834 0.018167
vt 0.761431 0.017326
vt 0.760509 0.036090
vt 0.770992 0.036863
vt 0.781425 0.038150
vt 0.791782 0.039947
vt 0.802039 0.042250
vt 0.812169 0.045054
vt 0.822151 0.048351
vt 0.831959 0.052134
vt 0.841569 0.056394
vt 0.850959 0.061120
vt 0.860104 0.066302
vt 0.868985 0.071926
vt 0.877580 0.077978
vt 0.885867 0.084446
vt 0.893826 0.091312
vt 0.901439 0.098560
vt 0.908688 0.106173
vt 0.915554 0.114133
vt 0.922022 0.122420
vt 0.928075 0.131014
vt 0.933698 0.139895
vt 0.938879 0.149042
vt 0.943606 0.158431
vt 0.947865 0.168041
vt 0.951649 0.177849
vt 0.954946 0.187830
vt 0.957750 0.197961
vt 0.960053 0.208218
vt 0.961850 0.218575
vt 0.963137 0.229008
vt 0.963910 0.239491
vt 0.964168 0.250000
vt 0.963910 0.260509
vt 0.963137 0.270992
vt 0.961850 0.281425
vt 0.960053 0.291782
vt 0.957750 0.302039
vt 0.954946 0.312170
vt 0.951648 0.322151
vt 0.947865 0.331958
vt 0.943606 0.341569
vt 0.938879 0.350958
vt 0.933698 0.360104
vt 0.928074 0.368985
vt 0.922021 0.377580
vt 0.915554 0.385867
vt 0.908688 0.393826
vt 0.901440 0.401440
vt 0.893826 0.408688
vt 0.885867 0.415554
vt 0.877580 0.422022
vt 0.868985 0.428074
vt 0.860104 0.433698
vt 0.850958 0.438879
vt 0.841569 0.443606
vt 0.831959 0.447866
vt 0.822151 0.451649
vt 0.812169 0.454946
vt 0.802038 0.457750
vt 0.791782 0.460053
vt 0.781425 0.461850
vt 0.770992 0.463137
vt 0.760509 0.463910
vt 0.750000 0.464168
vt 0.739491 0.463910
vt 0.738569 0.482674
vt 0.750000 0.482955
vt 0.761431 0.482674
vt 0.772834 0.481833
vt 0.784181 0.480433
vt 0.795447 0.478479
vt 0.806603 0.475974
vt 0.817623 0.472924
vt 0.828480 0.469337
vt 0.839148 0.465222
vt 0.849601 0.460589
vt 0.859815 0.455448
vt 0.869763 0.449812
vt 0.879423 0.443695
vt 0.888771 0.437111
vt 0.897785 0.430077
vt 0.906443 0.422608
vt 0.914724 0.414724
vt 0.922609 0.406443
vt 0.930076 0.397785
vt 0.937111 0.388771
vt 0.943695 0.379423
vt 0.949812 0.369763
vt 0.955448 0.359814
vt 0.960589 0.349601
vt 0.965222 0.339148
vt 0.969337 0.328480
vt 0.972924 0.317623
vt 0.975973 0.306603
vt 0.978478 0.295447
vt 0.980433 0.284182
vt 0.981833 0.272834
vt 0.982675 0.261431
vt 0.982955 0.250000
vt 0.982674 0.238569
vt 0.981833 0.227166
vt 0.980433 0.215818
vt 0.978478 0.204553
vt 0.975973 0.193397
vt 0.972924 0.182377
vt 0.969337 0.171520
vt 0.965222 0.160852
vt 0.960589 0.150399
vt 0.955448 0.140186
vt 0.949812 0.130237
vt 0.943695 0.120577
vt 0.937111 0.111229
vt 0.930077 0.102215
vt 0.922608 0.093557
vt 0.914724 0.085276
vt 0.906443 0.077392
vt 0.897785 0.069923
vt 0.888771 0.062889
vt 0.879422 0.056305
vt 0.869763 0.050188
vt 0.859814 0.044552
vt 0.849601 0.039411
vt 0.839148 0.034778
vt 0.828480 0.030663
vt 0.817623 0.027076
vt 0.806604 0.024026
vt 0.795447 0.021521
vt 0.784181 0.019566
vt 0.727166 0.481833
vt 0.729008 0.463137
vt 0.718575 0.461850
vt 0.708218 0.460053
vt 0.697961 0.457750
vt 0.687830 0.454946
vt 0.677849 0.451649
vt 0.668041 0.447866
vt 0.658431 0.443606
vt 0.649042 0.438880
vt 0.639895 0.433698
vt 0.631014 0.428074
vt 0.622420 0.422022
vt 0.614133 0.415554
vt 0.606173 0.408688
vt 0.598560 0.401440
vt 0.591312 0.393827
vt 0.584446 0.385867
vt 0.577978 0.377580
vt 0.571926 0.368986
vt 0.566302 0.360105
vt 0.561121 0.350958
vt 0.556394 0.341569
vt 0.552134 0.331959
vt 0.548351 0.322151
vt 0.545054 0.312170
vt 0.542250 0.302039
vt 0.539947 0.291782
vt 0.538150 0.281425
vt 0.536863 0.270992
vt 0.536090 0.260509
vt 0.535832 0.250000
vt 0.536089 0.239491
vt 0.536863 0.229008
vt 0.538150 0.218575
vt 0.539947 0.208218
vt 0.542250 0.197961
vt 0.545054 0.187830
vt 0.548351 0.177849
vt 0.552134 0.168041
vt 0.556394 0.158431
vt 0.561120 0.149042
vt 0.566302 0.139896
vt 0.571926 0.131014
vt 0.577978 0.122420
vt 0.584446 0.114133
vt 0.591312 0.106173
vt 0.598560 0.098560
vt 0.606173 0.091312
vt 0.614133 0.084446
vt 0.622420 0.077978
vt 0.631014 0.071926
vt 0.639895 0.066302
vt 0.649042 0.061120
vt 0.658431 0.056394
vt 0.668041 0.052134
vt 0.677849 0.048351
vt 0.687830 0.045054
vt 0.697961 0.042250
vt 0.708218 0.039947
vt 0.718575 0.038150
vt 0.729008 0.036863
vt 0.739491 0.036090
vt 0.750000 0.035832
vt 0.750000 0.017045
vt 0.738569 0.017326
vt 0.727167 0.018167
vt 0.715818 0.019566
vt 0.704553 0.021521
vt 0.693397 0.024026
vt 0.682377 0.027076
vt 0.671520 0.030663
vt 0.660852 0.034778
vt 0.650399 0.039411
vt 0.640186 0.044552
vt 0.630237 0.050188
vt 0.620577 0.056305
vt 0.611229 0.062889
vt 0.602215 0.069923
vt 0.593557 0.077392
vt 0.585276 0.085276
vt 0.577392 0.093557
vt 0.569924 0.102215
vt 0.562889 0.111229
vt 0.556305 0.120577
vt 0.550188 0.130237
vt 0.544552 0.140186
vt 0.539411 0.150399
vt 0.534778 0.160852
vt 0.530663 0.171520
vt 0.527076 0.182377
vt 0.524026 0.193396
vt 0.521521 0.204553
vt 0.519566 0.215818
vt 0.518167 0.227166
vt 0.517326 0.238569
vt 0.517045 0.250000
vt 0.517326 0.261431
vt 0.518167 0.272834
vt 0.519566 0.284182
vt 0.521521 0.295447
vt 0.524026 0.306603
vt 0.527076 0.317623
vt 0.530663 0.328480
vt 0.534777 0.339148
vt 0.539411 0.349601
vt 0.544552 0.359814
vt 0.550188 0.369763
vt 0.556305 0.379423
vt 0.562889 0.388771
vt 0.569923 0.397785
vt 0.577392 0.406443
vt 0.585276 0.414724
vt 0.593557 0.422608
vt 0.602215 0.430076
vt 0.611229 0.437111
vt 0.620577 0.443695
vt 0.630237 0.449812
vt 0.640186 0.455448
vt 0.650399 0.460589
vt 0.660852 0.465222
vt 0.671520 0.469337
vt 0.682377 0.472924
vt 0.693396 0.475974
vt 0.704553 0.478479
vt 0.715818 0.480434
vt 0.992188 0.552632
vt 0.992188 0.947368
vt 1.000000 0.947368
vt 1.000000 0.552632
vt 0.984375 0.552632
vt 0.984375 0.947368
vt 0.976562 0.552632
vt 0.976562 0.947368
vt 0.968750 0.552632
vt 0.968750 0.947368
vt 0.960937 0.552632
vt 0.960938 0.947368
vt 0.953125 0.552632
vt 0.953125 0.947368
vt 0.945312 0.552632
vt 0.945312 0.947368
vt 0.937500 0.552632
vt 0.937500 0.947368
vt 0.929687 0.552632
vt 0.929688 0.947368
vt 0.921875 0.552632
vt 0.921875 0.947368
vt 0.914062 0.552632
vt 0.914062 0.947368
vt 0.906250 0.552632
vt 0.906250 0.947368
vt 0.898438 0.552632
vt 0.898438 0.947368
vt 0.890625 0.552632
vt 0.890625 0.947368
vt 0.882812 0.552632
vt 0.882812 0.947368
vt 0.875000 0.552632
vt 0.875000 0.947368
vt 0.867188 0.947368
vt 0.867188 0.552632
vt 0.859375 0.947368
vt 0.859375 0.552632
vt 0.851562 0.947368
vt 0.851562 0.552632
vt 0.843750 0.947368
vt 0.843750 0.552632
vt 0.835938 0.947368
vt 0.835938 0.552632
vt 0.828125 0.947368
vt 0.828125 0.552632
vt 0.820312 0.947368
vt 0.820312 0.552632
vt 0.812500 0.947368
vt 0.812500 0.552632
vt 0.804688 0.947368
vt 0.804687 0.552632
vt 0.796875 0.947368
vt 0.796875 0.552632
vt 0.789062 0.947368
vt 0.789062 0.552632
vt 0.781250 0.947368
vt 0.781250 0.552632
vt 0.773438 0.947368
vt 0.773438 0.552632
vt 0.765625 0.947368
vt 0.765625 0.552632
vt 0.757812 0.947368
vt 0.757812 0.552632
vt 0.750000 0.947368
vt 0.750000 0.552632
vt 0.742188 0.947368
vt 0.742188 0.552632
vt 0.734375 0.947368
vt 0.734375 0.552632
vt 0.726562 0.947368
vt 0.726563 0.552632
vt 0.718750 0.947368
vt 0.718750 0.552632
vt 0.710938 0.947368
vt 0.710938 0.552632
vt 0.703125 0.947368
vt 0.703125 0.552632
vt 0.695312 0.947368
vt 0.695312 0.552632
vt 0.687500 0.947368
vt 0.687500 0.552632
vt 0.679688 0.947368
vt 0.679688 0.552632
vt 0.671875 0.947368
vt 0.671875 0.552632
vt 0.664062 0.947368
vt 0.664062 0.552632
vt 0.656250 0.947368
vt 0.656250 0.552632
vt 0.648438 0.947368
vt 0.648437 0.552632
vt 0.640625 0.947368
vt 0.640625 0.552632
vt 0.632812 0.947368
vt 0.632812 0.552632
vt 0.625000 0.947368
vt 0.625000 0.552632
vt 0.617188 0.947368
vt 0.617188 0.552632
vt 0.609375 0.947368
vt 0.609375 0.552632
vt 0.601562 0.947368
vt 0.601562 0.552632
vt 0.593750 0.947368
vt 0.593750 0.552632
vt 0.585938 0.947368
vt 0.585938 0.552632
vt 0.578125 0.947368
vt 0.578125 0.552632
vt 0.570312 0.947368
vt 0.570313 0.552632
vt 0.562500 0.947368
vt 0.562500 0.552632
vt 0.554688 0.947368
vt 0.554688 0.552632
vt 0.546875 0.947368
vt 0.546875 0.552632
vt 0.539062 0.947368
vt 0.539062 0.552632
vt 0.531250 0.947368
vt 0.531250 0.552632
vt 0.523438 0.947368
vt 0.523438 0.552632
vt 0.515625 0.947368
vt 0.515625 0.552632
vt 0.507812 0.947368
vt 0.507812 0.552632
vt 0.500000 0.947368
vt 0.500000 0.552632
vt 0.492188 0.947368
vt 0.492188 0.552632
vt 0.484375 0.947368
vt 0.484375 0.552632
vt 0.476562 0.947368
vt 0.476562 0.552632
vt 0.468750 0.947368
vt 0.468750 0.552632
vt 0.460938 0.947368
vt 0.460938 0.552632
vt 0.453125 0.947368
vt 0.453125 0.552632
vt 0.445312 0.947368
vt 0.445312 0.552632
vt 0.437500 0.947368
vt 0.437500 0.552632
vt 0.429688 0.947368
vt 0.429688 0.552632
vt 0.421875 0.947368
vt 0.421875 0.552632
vt 0.414062 0.947368
vt 0.414062 0.552632
vt 0.406250 0.947368
vt 0.406250 0.552632
vt 0.398438 0.947368
vt 0.398437 0.552632
vt 0.390625 0.947368
vt 0.390625 0.552632
vt 0.382812 0.947368
vt 0.382812 0.552632
vt 0.375000 0.947368
vt 0.375000 0.552632
vt 0.367188 0.552632
vt 0.367188 0.947368
vt 0.359375 0.552632
vt 0.359375 0.947368
vt 0.351562 0.552632
vt 0.351562 0.947368
vt 0.343750 0.552632
vt 0.343750 0.947368
vt 0.335938 0.552632
vt 0.335938 0.947368
vt 0.328125 0.552632
vt 0.328125 0.947368
vt 0.320312 0.552632
vt 0.320312 0.947368
vt 0.312500 0.552632
vt 0.312500 0.947368
vt 0.304688 0.552632
vt 0.304688 0.947368
vt 0.296875 0.552632
vt 0.296875 0.947368
vt 0.289062 0.552632
vt 0.289062 0.947368
vt 0.281250 0.552632
vt 0.281250 0.947368
vt 0.273438 0.552632
vt 0.273438 0.947368
vt 0.265625 0.552632
vt 0.265625 0.947368
vt 0.257812 0.552632
vt 0.257812 0.947368
vt 0.250000 0.552632
vt 0.250000 0.947368
vt 0.242187 0.552632
vt 0.242188 0.947368
vt 0.234375 0.552632
vt 0.234375 0.947368
vt 0.226563 0.552632
vt 0.226562 0.947368
vt 0.218750 0.552632
vt 0.218750 0.947368
vt 0.210938 0.552632
vt 0.210938 0.947368
vt 0.203125 0.552632
vt 0.203125 0.947368
vt 0.195312 0.552632
vt 0.195312 0.947368
vt 0.187500 0.552632
vt 0.187500 0.947368
vt 0.179688 0.552632
vt 0.179688 0.947368
vt 0.171875 0.552632
vt 0.171875 0.947368
vt 0.164062 0.552632
vt 0.164062 0.947368
vt 0.156250 0.552632
vt 0.156250 0.947368
vt 0.148438 0.552632
vt 0.148438 0.947368
vt 0.140625 0.552632
vt 0.140625 0.947368
vt 0.132812 0.552632
vt 0.132812 0.947368
vt 0.125000 0.552632
vt 0.125000 0.947368
vt 0.117188 0.552632
vt 0.117188 0.947368
vt 0.109375 0.552632
vt 0.109375 0.947368
vt 0.101562 0.552632
vt 0.101562 0.947368
vt 0.093750 0.552632
vt 0.093750 0.947368
vt 0.085938 0.552632
vt 0.085938 0.947368
vt 0.078125 0.552632
vt 0.078125 0.947368
vt 0.070313 0.552632
vt 0.070312 0.947368
vt 0.062500 0.552632
vt 0.062500 0.947368
vt 0.054688 0.552632
vt 0.054688 0.947368
vt 0.046875 0.552632
vt 0.046875 0.947368
vt 0.039062 0.552632
vt 0.039062 0.947368
vt 0.031250 0.552632
vt 0.031250 0.947368
vt 0.023438 0.552632
vt 0.023438 0.947368
vt 0.015625 0.552632
vt 0.015625 0.947368
vt 0.007812 0.552632
vt 0.007812 0.947368
vt 0.000000 0.552632
vt 0.000000 0.947368
vt 0.992188 0.521277
vt 1.000000 0.521277
vt 0.984375 0.521277
vt 0.976562 0.521277
vt 0.968750 0.521277
vt 0.960938 0.521277
vt 0.953125 0.521277
vt 0.945312 0.521277
vt 0.937500 0.521277
vt 0.929688 0.521277
vt 0.921875 0.521277
vt 0.914062 0.521277
vt 0.906250 0.521277
vt 0.898438 0.521277
vt 0.890625 0.521277
vt 0.890293 0.521277
vt 0.882812 0.521277
vt 0.875000 0.521277
vt 0.867187 0.521277
vt 0.859375 0.521277
vt 0.851562 0.521277
vt 0.843750 0.521277
vt 0.835938 0.521277
vt 0.828125 0.521277
vt 0.820312 0.521277
vt 0.812500 0.521277
vt 0.804688 0.521277
vt 0.796875 0.521277
vt 0.789062 0.521277
vt 0.781250 0.521277
vt 0.773438 0.521277
vt 0.765625 0.521277
vt 0.757812 0.521277
vt 0.750000 0.521277
vt 0.742188 0.521277
vt 0.734375 0.521277
vt 0.726562 0.521277
vt 0.718750 0.521277
vt 0.710938 0.521277
vt 0.703125 0.521277
vt 0.695312 0.521277
vt 0.687500 0.521277
vt 0.679688 0.521277
vt 0.671875 0.521277
vt 0.664062 0.521277
vt 0.656250 0.521277
vt 0.648438 0.521277
vt 0.640625 0.521277
vt 0.632812 0.521277
vt 0.626880 0.521277
vt 0.625000 0.521277
vt 0.617188 0.521277
vt 0.609375 0.521277
vt 0.601562 0.521277
vt 0.593750 0.521277
vt 0.585937 0.521277
vt 0.578125 0.521277
vt 0.570312 0.521277
vt 0.562500 0.521277
vt 0.554688 0.521277
vt 0.546875 0.521277
vt 0.539062 0.521277
vt 0.531250 0.521277
vt 0.523438 0.521277
vt 0.515625 0.521277
vt 0.507812 0.521277
vt 0.500000 0.521277
vt 0.492188 0.521277
vt 0.484375 0.521277
vt 0.476562 0.521277
vt 0.468750 0.521277
vt 0.460938 0.521277
vt 0.453125 0.521277
vt 0.445312 0.521277
vt 0.437500 0.521277
vt 0.429688 0.521277
vt 0.421875 0.521277
vt 0.414062 0.521277
vt 0.406250 0.521277
vt 0.398437 0.521277
vt 0.390625 0.521277
vt 0.382812 0.521277
vt 0.375000 0.521277
vt 0.367188 0.521277
vt 0.359375 0.521277
vt 0.351562 0.521277
vt 0.343750 0.521277
vt 0.335938 0.521277
vt 0.328125 0.521277
vt 0.320312 0.521277
vt 0.312500 0.521277
vt 0.306262 0.989362
vt 0.306262 1.000000
vt 0.304688 0.521277
vt 0.304688 0.989362
vt 0.296875 0.521277
vt 0.296875 0.989362
vt 0.289062 0.521277
vt 0.289062 0.989362
vt 0.281250 0.521277
vt 0.281250 0.989362
vt 0.273438 0.521277
vt 0.273438 0.989362
vt 0.265625 0.521277
vt 0.265625 0.989362
vt 0.257812 0.521277
vt 0.257812 0.989362
vt 0.250000 0.521277
vt 0.250000 0.989362
vt 0.242188 0.521277
vt 0.242188 0.989362
vt 0.234375 0.521277
vt 0.234375 0.989362
vt 0.226562 0.521277
vt 0.226562 0.989362
vt 0.218750 0.521277
vt 0.218750 0.989362
vt 0.210938 0.521277
vt 0.210938 0.989362
vt 0.203125 0.521277
vt 0.203125 0.989362
vt 0.195312 0.521277
vt 0.195312 0.989362
vt 0.193738 0.989362
vt 0.187500 0.521277
vt 0.193738 1.000000
vt 0.179688 0.521277
vt 0.171875 0.521277
vt 0.164062 0.521277
vt 0.156250 0.521277
vt 0.148438 0.521277
vt 0.140625 0.521277
vt 0.132812 0.521277
vt 0.125000 0.521277
vt 0.117187 0.521277
vt 0.109375 0.521277
vt 0.101562 0.521277
vt 0.093750 0.521277
vt 0.085938 0.521277
vt 0.078125 0.521277
vt 0.070312 0.521277
vt 0.062500 0.521277
vt 0.054688 0.521277
vt 0.046875 0.521277
vt 0.039062 0.521277
vt 0.031250 0.521277
vt 0.023438 0.521277
vt 0.015625 0.521277
vt 0.238224 0.489711
vt 0.261776 0.489711
vt 0.285215 0.487402
vt 0.392968 0.442770
vt 0.411174 0.427828
vt 0.427828 0.411174
vt 0.442770 0.392968
vt 0.487402 0.285215
vt 0.489711 0.261776
vt 0.489711 0.238224
vt 0.487402 0.214785
vt 0.466957 0.147387
vt 0.442770 0.107032
vt 0.427828 0.088826
vt 0.411174 0.072172
vt 0.402254 0.064477
vt 0.392968 0.057230
vt 0.383337 0.050447
vt 0.319668 0.020334
vt 0.285215 0.012598
vt 0.273524 0.011156
vt 0.261776 0.010289
vt 0.238224 0.010289
vt 0.226476 0.011156
vt 0.214785 0.012598
vt 0.180332 0.020334
vt 0.147387 0.033043
vt 0.116663 0.050447
vt 0.107032 0.057230
vt 0.097746 0.064477
vt 0.088826 0.072172
vt 0.072172 0.088826
vt 0.064477 0.097746
vt 0.057230 0.107032
vt 0.050447 0.116663
vt 0.033043 0.147387
vt 0.024884 0.166932
vt 0.026923 0.250000
vt 0.024884 0.333068
vt 0.050447 0.383337
vt 0.057230 0.392968
vt 0.064477 0.402254
vt 0.072172 0.411174
vt 0.088826 0.427828
vt 0.107032 0.442770
vt 0.147387 0.466957
vt 0.214785 0.487402
vt 0.007812 0.521277
vt 0.000000 0.521277
vt 0.472301 0.989362
vt 0.472301 1.000000
vt 0.468750 0.989362
vt 0.460938 0.989362
vt 0.453125 0.989362
vt 0.445312 0.989362
vt 0.437500 0.989362
vt 0.429688 0.989362
vt 0.421875 0.989362
vt 0.414062 0.989362
vt 0.406250 0.989362
vt 0.398438 0.989362
vt 0.390625 0.989362
vt 0.382812 0.989362
vt 0.375000 0.989362
vt 0.367188 0.989362
vt 0.360671 0.989362
vt 0.360671 1.000000
vt 0.078218 0.521277
vt 0.083895 0.087134
vt 0.065754 0.096265
vt 0.020334 0.180332
vt 0.012598 0.214785
vt 0.011156 0.226476
vt 0.010289 0.238224
vt 0.010289 0.261776
vt 0.011156 0.273524
vt 0.012598 0.285215
vt 0.020334 0.319668
vt 0.208454 0.013696
vt 0.165365 0.040982
vt 0.639329 0.989362
vt 0.639329 1.000000
vt 0.632812 0.989362
vt 0.625000 0.989362
vt 0.617188 0.989362
vt 0.609375 0.989362
vt 0.601562 0.989362
vt 0.593750 0.989362
vt 0.585938 0.989362
vt 0.578125 0.989362
vt 0.570312 0.989362
vt 0.562500 0.989362
vt 0.554688 0.989362
vt 0.546875 0.989362
vt 0.539062 0.989362
vt 0.531250 0.989362
vt 0.527699 0.989362
vt 0.527699 1.000000
vt 0.434246 0.096265
vt 0.416105 0.087134
vt 0.334635 0.040982
vt 0.291546 0.013696
vt 0.806262 0.989362
vt 0.806262 1.000000
vt 0.804688 0.989362
vt 0.796875 0.989362
vt 0.789062 0.989362
vt 0.781250 0.989362
vt 0.773438 0.989362
vt 0.765625 0.989362
vt 0.757812 0.989362
vt 0.750000 0.989362
vt 0.742188 0.989362
vt 0.734375 0.989362
vt 0.726562 0.989362
vt 0.718750 0.989362
vt 0.710938 0.989362
vt 0.703125 0.989362
vt 0.695312 0.989362
vt 0.693738 0.989362
vt 0.693738 1.000000
vt 0.475116 0.333068
vt 0.473077 0.250000
vt 0.475116 0.166932
vt 0.972301 0.989362
vt 0.972301 1.000000
vt 0.968750 0.989362
vt 0.960938 0.989362
vt 0.953125 0.989362
vt 0.945312 0.989362
vt 0.937500 0.989362
vt 0.929688 0.989362
vt 0.921875 0.989362
vt 0.914062 0.989362
vt 0.906250 0.989362
vt 0.898438 0.989362
vt 0.890625 0.989362
vt 0.882812 0.989362
vt 0.875000 0.989362
vt 0.867188 0.989362
vt 0.860671 0.989362
vt 0.860671 1.000000
vt 0.398438 0.521277
vt 0.416105 0.412866
vt 0.434246 0.403735
vt 0.291546 0.486304
vt 0.334635 0.459018
vt 0.528809 0.521277
vt 0.139329 0.989362
vt 0.139329 1.000000
vt 0.132812 0.989362
vt 0.125000 0.989362
vt 0.117188 0.989362
vt 0.109375 0.989362
vt 0.101562 0.989362
vt 0.093750 0.989362
vt 0.085938 0.989362
vt 0.078125 0.989362
vt 0.070312 0.989362
vt 0.062500 0.989362
vt 0.054688 0.989362
vt 0.046875 0.989362
vt 0.039062 0.989362
vt 0.031250 0.989362
vt 0.027699 0.989362
vt 0.027699 1.000000
vt 0.065754 0.403735
vt 0.083895 0.412866
vt 0.165365 0.459018
vt 0.208454 0.486304
vt 0.992188 0.504237
vt 0.992188 0.991525
vt 1.000000 0.991525
vt 1.000000 0.504237
vt 0.984375 0.504237
vt 0.984375 0.991525
vt 0.984507 0.991525
vt 0.976562 0.504237
vt 0.976562 0.991525
vt 0.968750 0.504237
vt 0.968750 0.991525
vt 0.960938 0.504237
vt 0.960938 0.991525
vt 0.953125 0.504237
vt 0.953125 0.991525
vt 0.945312 0.504237
vt 0.945312 0.991525
vt 0.937500 0.504237
vt 0.937500 0.991525
vt 0.929688 0.504237
vt 0.929688 0.991525
vt 0.921875 0.504237
vt 0.921875 0.991525
vt 0.914062 0.504237
vt 0.914062 0.991525
vt 0.906250 0.504237
vt 0.906250 0.991525
vt 0.898438 0.504237
vt 0.898438 0.991525
vt 0.890625 0.504237
vt 0.890625 0.991525
vt 0.882812 0.504237
vt 0.882812 0.991525
vt 0.875000 0.504237
vt 0.875000 0.991525
vt 0.867188 0.991525
vt 0.867187 0.504237
vt 0.859375 0.991525
vt 0.859375 0.504237
vt 0.851562 0.991525
vt 0.851562 0.504237
vt 0.843750 0.991525
vt 0.843750 0.504237
vt 0.835938 0.991525
vt 0.835937 0.504237
vt 0.828125 0.991525
vt 0.828125 0.504237
vt 0.820312 0.991525
vt 0.820312 0.504237
vt 0.812500 0.991525
vt 0.812500 0.504237
vt 0.804688 0.991525
vt 0.804688 0.504237
vt 0.796875 0.991525
vt 0.796875 0.504237
vt 0.789062 0.991525
vt 0.789062 0.504237
vt 0.781250 0.991525
vt 0.781250 0.504237
vt 0.773438 0.991525
vt 0.773438 0.504237
vt 0.765625 0.991525
vt 0.765625 0.504237
vt 0.757812 0.991525
vt 0.757812 0.504237
vt 0.750000 0.991525
vt 0.750000 0.504237
vt 0.742188 0.991525
vt 0.742188 0.504237
vt 0.734375 0.991525
vt 0.734375 0.504237
vt 0.726562 0.991525
vt 0.726562 0.504237
vt 0.718750 0.991525
vt 0.718750 0.504237
vt 0.710938 0.991525
vt 0.710938 0.504237
vt 0.703125 0.991525
vt 0.703125 0.504237
vt 0.695312 0.991525
vt 0.695312 0.504237
vt 0.687500 0.991525
vt 0.687500 0.504237
vt 0.679688 0.991525
vt 0.679688 0.504237
vt 0.671875 0.991525
vt 0.671875 0.504237
vt 0.664062 0.991525
vt 0.664062 0.504237
vt 0.656250 0.991525
vt 0.656250 0.504237
vt 0.648438 0.991525
vt 0.648438 0.504237
vt 0.640625 0.991525
vt 0.640625 0.504237
vt 0.632812 0.991525
vt 0.632812 0.504237
vt 0.625000 0.991525
vt 0.625000 0.504237
vt 0.617188 0.991525
vt 0.617188 0.504237
vt 0.609375 0.991525
vt 0.609375 0.504237
vt 0.601562 0.991525
vt 0.601562 0.504237
vt 0.593750 0.991525
vt 0.593750 0.504237
vt 0.585938 0.991525
vt 0.585937 0.504237
vt 0.578125 0.991525
vt 0.578125 0.504237
vt 0.570312 0.991525
vt 0.570312 0.504237
vt 0.562500 0.991525
vt 0.562500 0.504237
vt 0.554688 0.991525
vt 0.554688 0.504237
vt 0.546875 0.991525
vt 0.546875 0.504237
vt 0.539062 0.991525
vt 0.539062 0.504237
vt 0.531250 0.991525
vt 0.531250 0.504237
vt 0.523438 0.991525
vt 0.523438 0.504237
vt 0.515625 0.991525
vt 0.515625 0.504237
vt 0.507812 0.991525
vt 0.507812 0.504237
vt 0.500000 0.991525
vt 0.500000 0.504237
vt 0.492188 0.991525
vt 0.492188 0.504237
vt 0.484375 0.991525
vt 0.484375 0.504237
vt 0.476562 0.991525
vt 0.476562 0.504237
vt 0.468750 0.991525
vt 0.468750 0.504237
vt 0.460938 0.991525
vt 0.460938 0.504237
vt 0.453125 0.991525
vt 0.453125 0.504237
vt 0.445312 0.991525
vt 0.445312 0.504237
vt 0.437500 0.991525
vt 0.437500 0.504237
vt 0.429688 0.991525
vt 0.429688 0.504237
vt 0.421875 0.991525
vt 0.421875 0.504237
vt 0.414062 0.991525
vt 0.414062 0.504237
vt 0.406250 0.991525
vt 0.406250 0.504237
vt 0.398438 0.991525
vt 0.398437 0.504237
vt 0.390625 0.991525
vt 0.390625 0.504237
vt 0.382812 0.991525
vt 0.382812 0.504237
vt 0.375000 0.991525
vt 0.375000 0.504237
vt 0.367188 0.504237
vt 0.367188 0.991525
vt 0.359375 0.504237
vt 0.359375 0.991525
vt 0.351562 0.504237
vt 0.351562 0.991525
vt 0.343750 0.504237
vt 0.343750 0.991525
vt 0.335938 0.504237
vt 0.335938 0.991525
vt 0.328125 0.504237
vt 0.328125 0.991525
vt 0.320312 0.504237
vt 0.320312 0.991525
vt 0.312500 0.504237
vt 0.312500 0.991525
vt 0.304688 0.504237
vt 0.304688 0.991525
vt 0.296875 0.504237
vt 0.296875 0.991525
vt 0.289062 0.504237
vt 0.289062 0.991525
vt 0.281250 0.504237
vt 0.281250 0.991525
vt 0.273438 0.504237
vt 0.273438 0.991525
vt 0.265625 0.504237
vt 0.265625 0.991525
vt 0.257812 0.504237
vt 0.257812 0.991525
vt 0.250000 0.504237
vt 0.250000 0.991525
vt 0.242188 0.504237
vt 0.242188 0.991525
vt 0.234375 0.504237
vt 0.234375 0.991525
vt 0.226562 0.504237
vt 0.226562 0.991525
vt 0.218750 0.504237
vt 0.218750 0.991525
vt 0.210938 0.504237
vt 0.210938 0.991525
vt 0.203125 0.504237
vt 0.203125 0.991525
vt 0.195312 0.504237
vt 0.195312 0.991525
vt 0.187500 0.504237
vt 0.187500 0.991525
vt 0.179688 0.504237
vt 0.179688 0.991525
vt 0.171875 0.504237
vt 0.171875 0.991525
vt 0.164062 0.504237
vt 0.164062 0.991525
vt 0.156250 0.504237
vt 0.156250 0.991525
vt 0.148438 0.504237
vt 0.148438 0.991525
vt 0.140625 0.504237
vt 0.140625 0.991525
vt 0.132812 0.504237
vt 0.132812 0.991525
vt 0.125000 0.504237
vt 0.125000 0.991525
vt 0.117187 0.504237
vt 0.117188 0.991525
vt 0.109375 0.504237
vt 0.109375 0.991525
vt 0.101562 0.504237
vt 0.101562 0.991525
vt 0.093750 0.504237
vt 0.093750 0.991525
vt 0.085938 0.504237
vt 0.085938 0.991525
vt 0.078125 0.504237
vt 0.078125 0.991525
vt 0.070312 0.504237
vt 0.070312 0.991525
vt 0.062500 0.504237
vt 0.062500 0.991525
vt 0.054687 0.504237
vt 0.054688 0.991525
vt 0.046875 0.504237
vt 0.046875 0.991525
vt 0.039062 0.504237
vt 0.039062 0.991525
vt 0.031250 0.504237
vt 0.031250 0.991525
vt 0.023438 0.504237
vt 0.023438 0.991525
vt 0.015625 0.504237
vt 0.015625 0.991525
vt 0.007812 0.504237
vt 0.007812 0.991525
vt 0.000000 0.504237
vt 0.000000 0.991525
vt 0.726947 0.991525
vt 0.630438 0.991525
vt 0.515625 0.504237
vt 0.906098 0.991525
s 0
f 10/1/1 21/2/1 44/3/1 38/4/1
f 38/4/2 44/3/2 70/5/2 53/6/2
f 53/6/3 70/5/3 101/7/3 90/8/3
f 90/8/4 101/7/4 139/9/4 118/10/4
f 118/10/5 139/9/5 164/11/5 148/12/5
f 148/12/6 164/11/6 189/13/6 184/14/6
f 184/14/7 189/13/7 208/15/7 193/16/7
f 193/16/8 208/15/8 241/17/8 222/18/8
f 222/18/9 241/17/9 270/19/9 254/20/9
f 254/20/10 270/19/10 308/21/10 283/22/10
f 283/22/11 308/21/11 337/23/11 314/24/11
f 314/24/12 337/23/12 354/25/12 344/26/12
f 344/26/13 354/25/13 387/27/13 366/28/13
f 366/28/14 387/27/14 403/29/14 394/30/14
f 394/30/15 403/29/15 420/31/15 413/32/15
f 413/32/16 420/31/16 433/33/16 430/34/16
f 430/34/17 433/33/17 448/35/17 443/36/17
f 443/36/18 448/35/18 466/37/18 452/38/18
f 452/38/19 466/37/19 485/39/19 484/40/19
f 484/40/20 485/39/20 504/41/20 492/42/20
f 492/42/21 504/41/21 515/43/21 513/44/21
f 513/44/22 515/43/22 534/45/22 526/46/22
f 526/46/23 534/45/23 547/47/23 540/48/23
f 540/48/24 547/47/24 563/49/24 553/50/24
f 553/50/25 563/49/25 580/51/25 571/52/25
f 571/52/26 580/51/26 593/53/26 585/54/26
f 585/54/27 593/53/27 604/55/27 595/56/27
f 595/56/28 604/55/28 616/57/28 608/58/28
f 608/58/29 616/57/29 627/59/29 622/60/29
f 622/60/30 627/59/30 634/61/30 629/62/30
f 629/62/31 634/61/31 642/63/31 639/64/31
f 639/64/32 642/63/32 646/65/32 643/66/32
f 643/66/33 646/65/33 653/67/33 649/68/33
f 649/68/34 653/67/34 659/69/34 656/70/34
f 656/70/35 659/69/35 665/71/35 661/72/35
f 661/72/36 665/71/36 673/73/36 669/74/36
f 669/74/37 673/73/37 682/75/37 677/76/37
f 677/76/38 682/75/38 694/77/38 687/78/38
f 687/78/39 694/77/39 705/79/39 697/80/39
f 697/80/40 705/79/40 713/81/40 706/82/40
f 706/82/41 713/81/41 719/83/41 715/84/41
f 715/84/42 719/83/42 726/85/42 723/86/42
f 723/86/43 726/85/43 732/87/43 731/88/43
f 731/88/44 732/87/44 740/89/44 736/90/44
f 736/90/45 740/89/45 746/91/45 742/92/45
f 742/92/46 746/91/46 754/93/46 749/94/46
f 749/94/47 754/93/47 760/95/47 757/96/47
f 757/96/48 760/95/48 767/97/48 764/98/48
f 764/98/49 767/97/49 773/99/49 769/100/49
f 769/100/50 773/99/50 780/101/50 778/102/50
f 778/102/51 780/101/51 786/103/51 785/104/51
f 785/104/52 786/103/52 794/105/52 792/106/52
f 792/106/53 794/105/53 799/107/53 797/108/53
f 797/108/54 799/107/54 806/109/54 804/110/54
f 804/110/55 806/109/55 813/111/55 809/112/55
f 809/112/56 813/111/56 819/113/56 814/114/56
f 814/114/57 819/113/57 824/115/57 821/116/57
f 821/116/58 824/115/58 829/117/58 828/118/58
f 828/118/59 829/117/59 833/119/59 832/120/59
f 832/120/60 833/119/60 836/121/60 834/122/60
f 834/122/61 836/121/61 839/123/61 837/124/61
f 837/124/62 839/123/62 842/125/62 840/126/62
f 840/126/63 842/125/63 845/127/63 843/128/63
f 843/128/64 845/127/64 848/129/64 847/130/64
f 847/130/65 848/129/65 851/131/65 850/132/65
f 850/132/66 851/131/66 854/133/66 853/134/66
f 853/134/67 854/133/67 857/135/67 856/136/67
f 856/136/68 857/135/68 860/137/68 859/138/68
f 859/138/69 860/137/69 863/139/69 861/140/69
f 861/140/70 863/139/70 868/141/70 865/142/70
f 865/142/71 868/141/71 873/143/71 871/144/71
f 871/144/72 873/143/72 877/145/72 874/146/72
f 874/146/73 877/145/73 881/147/73 879/148/73
f 879/148/74 881/147/74 885/149/74 884/150/74
f 884/150/75 885/149/75 889/151/75 887/152/75
f 887/152/76 889/151/76 893/153/76 891/154/76
f 891/154/77 893/153/77 898/155/77 896/156/77
f 896/156/78 898/155/78 902/157/78 901/158/78
f 901/158/79 902/157/79 906/159/79 905/160/79
f 905/160/80 906/159/80 911/161/80 909/162/80
f 909/162/81 911/161/81 916/163/81 913/164/81
f 913/164/82 916/163/82 920/165/82 917/166/82
f 917/166/83 920/165/83 925/167/83 921/168/83
f 921/168/84 925/167/84 929/169/84 926/170/84
f 926/170/85 929/169/85 934/171/85 933/172/85
f 933/172/86 934/171/86 940/173/86 936/174/86
f 936/174/87 940/173/87 947/175/87 943/176/87
f 943/176/88 947/175/88 953/177/88 951/178/88
f 951/178/89 953/177/89 959/179/89 955/180/89
f 955/180/90 959/179/90 965/181/90 961/182/90
f 961/182/91 965/181/91 971/183/91 966/184/91
f 966/184/92 971/183/92 977/185/92 975/186/92
f 975/186/93 977/185/93 982/187/93 978/188/93
f 978/188/94 982/187/94 989/189/94 984/190/94
f 984/190/95 989/189/95 995/191/95 993/192/95
f 993/192/96 995/191/96 999/193/96 998/194/96
f 998/194/97 999/193/97 1005/195/97 1003/196/97
f 1003/196/98 1005/195/98 1011/197/98 1009/198/98
f 1009/198/99 1011/197/99 1018/199/99 1016/200/99
f 1016/200/100 1018/199/100 1024/201/100 1021/202/100
f 1021/202/101 1024/201/101 1030/203/101 1027/204/101
f 1027/204/102 1030/203/102 1035/205/102 1033/206/102
f 1033/206/103 1035/205/103 1042/207/103 1038/208/103
f 1038/208/104 1042/207/104 1048/209/104 1044/210/104
f 1044/210/105 1048/209/105 1054/211/105 1049/212/105
f 1049/212/106 1054/211/106 1060/213/106 1056/214/106
f 1056/214/107 1060/213/107 1066/215/107 1062/216/107
f 1062/216/108 1066/215/108 1071/217/108 1067/218/108
f 1067/218/109 1071/217/109 1078/219/109 1076/220/109
f 1076/220/110 1078/219/110 1083/221/110 1081/222/110
f 1081/222/111 1083/221/111 1090/223/111 1088/224/111
f 1088/224/112 1090/223/112 1096/225/112 1094/226/112
f 1094/226/113 1096/225/113 1102/227/113 1100/228/113
f 1100/228/114 1102/227/114 1108/229/114 1106/230/114
f 1106/230/115 1108/229/115 1113/231/115 1110/232/115
f 1110/232/116 1113/231/116 1119/233/116 1116/234/116
f 1116/234/117 1119/233/117 1124/235/117 1121/236/117
f 1121/236/118 1124/235/118 1129/237/118 1126/238/118
f 1126/238/119 1129/237/119 1135/239/119 1131/240/119
f 1131/240/120 1135/239/120 1142/241/120 1137/242/120
f 1137/242/121 1142/241/121 1147/243/121 1144/244/121
f 1144/244/122 1147/243/122 1153/245/122 1149/246/122
f 1149/246/123 1153/245/123 1160/247/123 1156/248/123
f 1156/248/124 1160/247/124 1165/249/124 1161/250/124
f 1161/250/125 1165/249/125 1172/251/125 1167/252/125
f 1167/252/126 1172/251/126 1177/253/126 1175/254/126
f 1096/255/127 1090/256/127 1083/257/127 1078/258/127 1071/259/127 1066/260/127 1060/261/127 1054/262/127 1048/263/127 1042/264/127 1035/265/127 1030/266/127 1024/267/127 1018/268/127 1011/269/127 1335/270/127 1330/271/127 1350/272/127 1339/273/127 1348/274/127 1342/275/127 1346/276/127 1344/277/127 1186/278/127 1190/279/127 1188/280/127 2861/281/127 2860/282/127 2863/283/127 2859/284/127 2862/285/127 2856/286/127 2857/287/127 2858/288/127 2855/289/127 2864/290/127 2851/291/127 2852/292/127 2853/293/127 2850/294/127 2854/295/127 2848/296/127 2849/297/127 2846/298/127 2847/299/127 2873/300/127 2875/301/127 2872/302/127 2871/303/127 2869/304/127 2867/305/127 2868/306/127 2870/307/127 2866/308/127 2865/309/127 2893/310/127 2894/311/127 2892/312/127 2891/313/127 2890/314/127 2889/315/127 2903/316/127 2901/317/127 2902/318/127 2929/319/127 2931/320/127 2926/321/127 2923/322/127 2919/323/127 2921/324/127 2917/325/127 2914/326/127 2912/327/127 2915/328/127 2910/329/127 2909/330/127 2911/331/127 2916/332/127 2913/333/127 2924/334/127 2918/335/127 2922/336/127 2920/337/127 2925/338/127 2927/339/127 2932/340/127 2930/341/127 2928/342/127 2941/343/127 2933/344/127 2935/345/127 2934/346/127 2940/347/127 2936/348/127 2939/349/127 2938/350/127 2937/351/127 2975/352/127 2942/353/127 2944/354/127 2943/355/127 2948/356/127 2945/357/127 2947/358/127 2946/359/127 2957/360/127 2949/361/127 2952/362/127 2951/363/127 2950/364/127 2956/365/127 2953/366/127 2955/367/127 2954/368/127 2974/369/127 2958/370/127 2960/371/127 2959/372/127 2965/373/127 2961/374/127 2964/375/127 2963/376/127 2962/377/127 2973/378/127 2966/379/127 2968/380/127 2967/381/127 2972/382/127 2969/383/127 2971/384/127 2970/385/127 2908/386/127 2905/387/127 2904/388/127 2907/389/127 2906/390/127 2896/391/127 2900/392/127 2899/393/127 2897/394/127 2898/395/127 2895/396/127 2884/397/127 1194/398/127 1192/399/127 1198/400/127 1196/401/127 1199/402/127 1204/403/127 1201/404/127 1208/405/127 1206/406/127 1217/407/127 1211/408/127 1210/409/127 1215/410/127 1213/411/127 1359/412/127 1379/413/127 1367/414/127 1363/415/127 1375/416/127 1369/417/127 1373/418/127 1372/419/127 70/420/127 44/421/127 21/422/127 1183/423/127 1177/424/127 1172/425/127 1165/426/127 1160/427/127 1153/428/127 1147/429/127 1142/430/127 1135/431/127 1129/432/127 1124/433/127 1119/434/127 1113/435/127 1108/436/127 1102/437/127
f 2874/438/127 2861/281/127 1188/280/127 1194/398/127 2884/397/127 2886/439/127 2885/440/127 2882/441/127 2883/442/127 2881/443/127 2888/444/127 2878/445/127 2879/446/127 2880/447/127 2876/448/127 2877/449/127 2887/450/127
f 466/451/127 448/452/127 433/453/127 420/454/127 403/455/127 387/456/127 354/457/127 337/458/127 308/459/127 270/460/127 241/461/127 208/462/127 189/463/127 164/464/127 139/465/127 101/466/127 70/420/127 1372/419/127 1388/467/127 1397/468/127 1407/469/127 1403/470/127 1402/471/127 1400/472/127 1440/473/127 1288/474/127 1292/475/127 1290/476/127 1302/477/127 1293/478/127 1300/479/127 1298/480/127 1295/481/127 1320/482/127 1304/483/127 1309/484/127 1307/485/127 2618/486/127 2598/487/127 2600/488/127 2596/489/127 2602/490/127 2592/491/127 2594/492/127 2590/493/127 2589/494/127 2591/495/127 2595/496/127 2593/497/127 2603/498/127 2597/499/127 2601/500/127 2599/501/127 2619/502/127 2605/503/127 2609/504/127 2607/505/127 2617/506/127 2611/507/127 2615/508/127 2613/509/127 2651/510/127 2621/511/127 2625/512/127 2623/513/127 2633/514/127 2627/515/127 2631/516/127 2629/517/127 2649/518/127 2635/519/127 2639/520/127 2637/521/127 2647/522/127 2641/523/127 2645/524/127 2643/525/127 2683/526/127 2654/527/127 2653/528/127
f 1384/529/127 3106/530/127 3107/531/127 3110/532/127 3108/533/127 3119/534/127 3113/535/127 3117/536/127 3115/537/127 3120/538/127 3123/539/127 3129/540/127 3127/541/127 3125/542/127 3124/543/127 1394/544/127
f 3106/530/127 1384/529/127 1386/545/127 1382/546/127 1365/547/127 1358/548/127 1362/549/127 1354/550/127 1356/551/127 1351/552/127 1378/553/127 1246/554/127 1248/555/127 1244/556/127 1249/557/127 1237/558/127 1240/559/127 1241/560/127 1235/561/127 1252/562/127 1228/563/127 1230/564/127 1232/565/127 1226/566/127 1234/567/127 1221/568/127 1224/569/127 1219/570/127 1337/571/127 1331/572/127 1327/573/127 1334/574/127 1324/575/127 1322/576/127 1325/577/127 1335/270/127 1011/269/127 1005/578/127 999/579/127 995/580/127 989/581/127 982/582/127 977/583/127 971/584/127 965/585/127 959/586/127 953/587/127 947/588/127 940/589/127 934/590/127 929/591/127 925/592/127 920/593/127 916/594/127 911/595/127 906/596/127 902/597/127 898/598/127 893/599/127 889/600/127 885/601/127 881/602/127 877/603/127 873/604/127 868/605/127 863/606/127 860/607/127 857/608/127 854/609/127 851/610/127 848/611/127 845/612/127 842/613/127 839/614/127 836/615/127 833/616/127 829/617/127 824/618/127 819/619/127 813/620/127 806/621/127 799/622/127 794/623/127 786/624/127 780/625/127 773/626/127 767/627/127 760/628/127 754/629/127 746/630/127 740/631/127 732/632/127 726/633/127 719/634/127 713/635/127 705/636/127 694/637/127 682/638/127 673/639/127 665/640/127 659/641/127 653/642/127 646/643/127 642/644/127 634/645/127 627/646/127 616/647/127 604/648/127 593/649/127 580/650/127 563/651/127 547/652/127 534/653/127 515/654/127 504/655/127 485/656/127 466/451/127 2653/528/127 2658/657/127 2656/658/127 2666/659/127 2660/660/127 2664/661/127 2662/662/127 2673/663/127 2668/664/127 2669/665/127 2671/666/127 2681/667/127 2675/668/127 2679/669/127 2677/670/127 2716/671/127 2685/672/127 2689/673/127 2687/674/127 2697/675/127 2691/676/127 2695/677/127 2693/678/127 2714/679/127 2699/680/127 2703/681/127 2701/682/127 2712/683/127 2705/684/127 2709/685/127 2707/686/127 2706/687/127 2708/688/127 2710/689/127 2704/690/127 2711/691/127 2700/692/127 2702/693/127 2698/694/127 2713/695/127 2692/696/127 2694/697/127 2690/698/127 2696/699/127 2686/700/127 2688/701/127 2684/702/127 2715/703/127 2676/704/127 2678/705/127 2674/706/127 2680/707/127 2670/708/127 2672/709/127 2667/710/127 2682/711/127 2661/712/127 2663/713/127 2659/714/127 2665/715/127 2655/716/127 2657/717/127 2652/718/127 2717/719/127 2642/720/127 2644/721/127 2640/722/127 2646/723/127 2636/724/127 2638/725/127 2634/726/127 2648/727/127 2628/728/127 2630/729/127 2626/730/127 2632/731/127 2622/732/127 2624/733/127 2620/734/127 2650/735/127 2612/736/127 2614/737/127 2610/738/127 2616/739/127 2606/740/127 2608/741/127 2604/742/127 2618/486/127 1307/485/127 1305/743/127 1317/744/127 1312/745/127 1315/746/127 1314/747/127 1415/748/127 1438/749/127 1424/750/127 1431/751/127 1428/752/127 1425/753/127 1430/754/127 1435/755/127 1422/756/127 1433/757/127 1417/758/127 1414/759/127 1420/760/127 1409/761/127 1411/762/127 1282/763/127 1277/764/127 1279/765/127 1283/766/127 1273/767/127 1275/768/127 1270/769/127 1272/770/127 1285/771/127 1263/772/127 1265/773/127 1259/774/127 1261/775/127 1267/776/127 1256/777/127 1257/778/127 1254/779/127 1405/780/127 1395/781/127 1392/782/127 1390/783/127 1394/544/127 3124/543/127 3140/784/127 3139/785/127 3144/786/127 3141/787/127 3143/788/127 3142/789/127 3152/790/127 3145/791/127 3147/792/127 3151/793/127 3149/794/127 3168/795/127 3154/796/127 3158/797/127 3156/798/127 3167/799/127 3160/800/127 3165/801/127 3163/802/127 3161/803/127 3162/804/127 3164/805/127 3159/806/127 3166/807/127 3155/808/127 3157/809/127 3153/810/127 3169/811/127 3148/812/127 3150/813/127 3146/814/127 3134/815/127 3135/816/127 3133/817/127 3137/818/127 3131/819/127 3132/820/127 3130/821/127 3136/822/127 3126/823/127 3128/824/127 3121/825/127 3122/826/127 3138/827/127 3114/828/127 3116/829/127 3112/830/127 3118/831/127 3109/832/127 3111/833/127 3104/834/127 3105/835/127 3195/836/127 3192/837/127 3193/838/127 3198/839/127 3188/840/127 3190/841/127 3186/842/127 3201/843/127 3181/844/127 3183/845/127 3178/846/127 3185/847/127 3175/848/127 3176/849/127 3177/850/127 3174/851/127 3172/852/127 3171/853/127 3173/854/127 3170/855/127 3219/856/127 3221/857/127 3217/858/127 3231/859/127 3212/860/127 3214/861/127 3209/862/127 3216/863/127 3205/864/127 3207/865/127 3203/866/127 3202/867/127 3204/868/127 3206/869/127 3208/870/127 3210/871/127 3215/872/127 3213/873/127 3211/874/127 3232/875/127 3218/876/127 3222/877/127 3220/878/127 3230/879/127 3223/880/127 3225/881/127 3224/882/127 3229/883/127 3226/884/127 3228/885/127 3227/886/127 3179/887/127 3184/888/127 3182/889/127 3180/890/127 3200/891/127 3187/892/127 3191/893/127 3189/894/127 3199/895/127 3194/896/127 3197/897/127 3196/898/127
f 1175/254/128 1177/253/128 1183/899/128 1181/900/128
f 1181/900/129 1183/899/129 21/901/129 10/902/129
f 1175/903/130 1181/904/130 10/905/130 38/906/130 53/907/130 90/908/130 118/909/130 148/910/130 184/911/130 193/912/130 222/913/130 254/914/130 283/915/130 314/916/130 344/917/130 1952/918/130 1948/919/130 1945/920/130 1896/921/130 1895/922/130 1897/923/130 1893/924/130 1894/925/130 1892/926/130 1867/927/130 1866/928/130 1868/929/130 1865/930/130 1864/931/130 1869/932/130 1862/933/130 1861/934/130 1863/935/130 1860/936/130 1859/937/130 1858/938/130 1856/939/130 1855/940/130 1857/941/130 1854/942/130 1853/943/130 1852/944/130 1851/945/130 1850/946/130 1849/947/130 1848/948/130 1847/949/130 1167/950/130
f 2232/951/130 2231/952/130 993/953/130 998/954/130 2241/955/130 2242/956/130 2228/957/130 2226/958/130 2227/959/130 2229/960/130
f 2243/961/130 2241/955/130 998/954/130 1003/962/130 1009/963/130 1016/964/130 1021/965/130 1027/966/130 1033/967/130 1038/968/130 1044/969/130 1049/970/130 1056/971/130 1062/972/130 2998/973/130 3004/974/130 2994/975/130 2996/976/130 2992/977/130 3006/978/130 2986/979/130 2988/980/130 2984/981/130 2990/982/130 2980/983/130 2982/984/130 2978/985/130 2976/986/130 2977/987/130 2979/988/130 2981/989/130 2983/990/130 2987/991/130 2985/992/130 2989/993/130 2991/994/130 2995/995/130 2993/996/130 3003/997/130 2997/998/130 3001/999/130 2999/1000/130 3005/1001/130 3007/1002/130 3011/1003/130 3009/1004/130 3019/1005/130 3013/1006/130 3017/1007/130 3015/1008/130 3036/1009/130 3021/1010/130 3025/1011/130 3023/1012/130 3034/1013/130 3027/1014/130 3032/1015/130 3030/1016/130 2199/1017/130 2211/1018/130 2210/1019/130 2212/1020/130 2208/1021/130 2209/1022/130 2223/1023/130 2222/1024/130 2224/1025/130 2220/1026/130 2221/1027/130 2237/1028/130 2238/1029/130 2236/1030/130 2239/1031/130 2233/1032/130 2234/1033/130 2235/1034/130 2267/1035/130 2268/1036/130 2266/1037/130 2269/1038/130 2264/1039/130 2265/1040/130 2263/1041/130 2270/1042/130 2260/1043/130 2261/1044/130 2259/1045/130 2262/1046/130 2257/1047/130 2258/1048/130 2256/1049/130 2271/1050/130 2252/1051/130 2253/1052/130 2254/1053/130 2251/1054/130 2255/1055/130 2249/1056/130 2250/1057/130 2248/1058/130 2247/1059/130 2244/1060/130 2245/1061/130 2246/1062/130
f 2312/1063/130 887/1064/130 891/1065/130 896/1066/130 901/1067/130 905/1068/130 909/1069/130 913/1070/130 917/1071/130 921/1072/130 926/1073/130 933/1074/130 936/1075/130 943/1076/130 951/1077/130 955/1078/130 961/1079/130 966/1080/130 975/1081/130 978/1082/130 984/1083/130 993/953/130 2231/952/130 2230/1084/130 2240/1085/130 2215/1086/130 2214/1087/130 2219/1088/130 2216/1089/130 2218/1090/130 2217/1091/130 2225/1092/130 2203/1093/130 2204/1094/130 2205/1095/130 2207/1096/130 2206/1097/130 2213/1098/130 2191/1099/130 2192/1100/130 2193/1101/130 2195/1102/130 2194/1103/130 2196/1104/130 2197/1105/130 2179/1106/130 2178/1107/130 2183/1108/130 2180/1109/130 2182/1110/130 2181/1111/130 2190/1112/130 2157/1113/130 2160/1114/130 2159/1115/130 2158/1116/130 2166/1117/130 2162/1118/130 2161/1119/130 2165/1120/130 2164/1121/130 2163/1122/130 2177/1123/130 2144/1124/130 2145/1125/130 2146/1126/130 2148/1127/130 2147/1128/130 2149/1129/130 2150/1130/130 2152/1131/130 2151/1132/130 2156/1133/130 2153/1134/130 2155/1135/130 2154/1136/130 2176/1137/130 2174/1138/130 2172/1139/130 2171/1140/130 2173/1141/130 2170/1142/130 2175/1143/130 2168/1144/130 2169/1145/130 2167/1146/130 2187/1147/130 2188/1148/130 2186/1149/130 2189/1150/130 2184/1151/130 2185/1152/130 2201/1153/130 2200/1154/130 2202/1155/130 2198/1156/130 2199/1017/130 3030/1016/130 3029/1157/130 3102/1158/130 3039/1159/130 3043/1160/130 3041/1161/130 3051/1162/130 3045/1163/130 3049/1164/130 3047/1165/130 3067/1166/130 3053/1167/130 3057/1168/130 3055/1169/130 3065/1170/130 3059/1171/130 3063/1172/130 3061/1173/130 3101/1174/130 3069/1175/130 3073/1176/130 3071/1177/130 3081/1178/130 3075/1179/130 3079/1180/130 3077/1181/130 3099/1182/130 3083/1183/130 3087/1184/130 3085/1185/130 3097/1186/130 3089/1187/130 3095/1188/130 3093/1189/130 3091/1190/130 3092/1191/130 3094/1192/130 3090/1193/130 3096/1194/130 3086/1195/130 3088/1196/130 3084/1197/130 3098/1198/130 3078/1199/130 3080/1200/130 3076/1201/130 3082/1202/130 3072/1203/130 3074/1204/130 3070/1205/130 3100/1206/130 3062/1207/130 3064/1208/130 3060/1209/130 3066/1210/130 3056/1211/130 3058/1212/130 3054/1213/130 3068/1214/130 3048/1215/130 3050/1216/130 3046/1217/130 3052/1218/130 3042/1219/130 3044/1220/130 3040/1221/130 3103/1222/130 3031/1223/130 3033/1224/130 3028/1225/130 3035/1226/130 3024/1227/130 3026/1228/130 3022/1229/130 3037/1230/130 3016/1231/130 3018/1232/130 3014/1233/130 3020/1234/130 3010/1235/130 3012/1236/130 3008/1237/130 3038/1238/130 3000/1239/130 3002/1240/130 2998/973/130 1062/972/130 1067/1241/130 1076/1242/130 1081/1243/130 1088/1244/130 1094/1245/130 1100/1246/130 1106/1247/130 1110/1248/130 1116/1249/130 1121/1250/130 2062/1251/130 2027/1252/130 2029/1253/130 2025/1254/130 2054/1255/130 2020/1256/130 2022/1257/130 2018/1258/130 2016/1259/130 2013/1260/130 2015/1261/130 2011/1262/130 2024/1263/130 2005/1264/130 2007/1265/130 2009/1266/130 2000/1267/130 2002/1268/130 1998/1269/130 1996/1270/130 1997/1271/130 1999/1272/130 2001/1273/130 2003/1274/130 2006/1275/130 2004/1276/130 2008/1277/130 2010/1278/130 2014/1279/130 2012/1280/130 2023/1281/130 2017/1282/130 2021/1283/130 2019/1284/130 2053/1285/130 2028/1286/130 2026/1287/130 2037/1288/130 2030/1289/130 2032/1290/130 2031/1291/130 2036/1292/130 2033/1293/130 2035/1294/130 2034/1295/130 2052/1296/130 2039/1297/130 2038/1298/130 2043/1299/130 2040/1300/130 2042/1301/130 2041/1302/130 2051/1303/130 2044/1304/130 2046/1305/130 2045/1306/130 2050/1307/130 2047/1308/130 2049/1309/130 2048/1310/130 2076/1311/130 2080/1312/130 2078/1313/130 2088/1314/130 2082/1315/130 2086/1316/130 2084/1317/130 2123/1318/130 2091/1319/130 2095/1320/130 2093/1321/130 2103/1322/130 2097/1323/130 2101/1324/130 2099/1325/130 2120/1326/130 2105/1327/130 2109/1328/130 2107/1329/130 2118/1330/130 2111/1331/130 2116/1332/130 2114/1333/130 2113/1334/130 1901/1335/130 1899/1336/130 1900/1337/130 1903/1338/130 1902/1339/130 1905/1340/130 1904/1341/130 1906/1342/130 1908/1343/130 1907/1344/130 1910/1345/130 1909/1346/130 1915/1347/130 1912/1348/130 1911/1349/130 1914/1350/130 1913/1351/130 1916/1352/130 1918/1353/130 1917/1354/130 1920/1355/130 1919/1356/130 1925/1357/130 1922/1358/130 1921/1359/130 1924/1360/130 1923/1361/130 1935/1362/130 1927/1363/130 1926/1364/130 1929/1365/130 1928/1366/130 1934/1367/130 1931/1368/130 1930/1369/130 1933/1370/130 1932/1371/130 1975/1372/130 1937/1373/130 1936/1374/130 1939/1375/130 1938/1376/130 1944/1377/130 1941/1378/130 1940/1379/130 1943/1380/130 1942/1381/130 1953/1382/130 1947/1383/130 1946/1384/130 1951/1385/130 1949/1386/130 1973/1387/130 1956/1388/130 1955/1389/130 1960/1390/130 1958/1391/130 1971/1392/130 1964/1393/130 1963/1394/130 1968/1395/130 1969/1396/130 1966/1397/130 1967/1398/130 1970/1399/130 1965/1400/130 1962/1401/130 1972/1402/130 1959/1403/130 1961/1404/130 1957/1405/130 1954/1406/130 1974/1407/130 1950/1408/130 1952/918/130 344/917/130 366/1409/130 394/1410/130 413/1411/130 430/1412/130 443/1413/130 452/1414/130 484/1415/130 492/1416/130 513/1417/130 2814/1418/130 2816/1419/130 2812/1420/130 2843/1421/130 2804/1422/130 2806/1423/130 2802/1424/130 2808/1425/130 2798/1426/130 2800/1427/130 2796/1428/130 2810/1429/130 2790/1430/130 2792/1431/130 2788/1432/130 2794/1433/130 2784/1434/130 2786/1435/130 2782/1436/130 2844/1437/130 2772/1438/130 2774/1439/130 2770/1440/130 2776/1441/130 2766/1442/130 2768/1443/130 2764/1444/130 2778/1445/130 2758/1446/130 2760/1447/130 2756/1448/130 2762/1449/130 2752/1450/130 2754/1451/130 2750/1452/130 2780/1453/130 2742/1454/130 2744/1455/130 2740/1456/130 2746/1457/130 2736/1458/130 2738/1459/130 2734/1460/130 2748/1461/130 2728/1462/130 2730/1463/130 2726/1464/130 2732/1465/130 2722/1466/130 2724/1467/130 2720/1468/130 2718/1469/130 2719/1470/130 2723/1471/130 2721/1472/130 2731/1473/130 2725/1474/130 2729/1475/130 2727/1476/130 2747/1477/130 2733/1478/130 2737/1479/130 2735/1480/130 2745/1481/130 2739/1482/130 2743/1483/130 2741/1484/130 2779/1485/130 2749/1486/130 2753/1487/130 2751/1488/130 2761/1489/130 2755/1490/130 2759/1491/130 2757/1492/130 2777/1493/130 2763/1494/130 2767/1495/130 2765/1496/130 2775/1497/130 2769/1498/130 2773/1499/130 2771/1500/130 2845/1501/130 2781/1502/130 2785/1503/130 1791/1504/130 1785/1505/130 1787/1506/130 1783/1507/130 1789/1508/130 1779/1509/130 1781/1510/130 1774/1511/130 1776/1512/130 1773/1513/130 1767/1514/130 1769/1515/130 1765/1516/130 1772/1517/130 1762/1518/130 1763/1519/130 1759/1520/130 1757/1521/130 1758/1522/130 1761/1523/130 1760/1524/130 1771/1525/130 1764/1526/130 1768/1527/130 1766/1528/130 1770/1529/130 1775/1530/130 1780/1531/130 1778/1532/130 1777/1533/130 1788/1534/130 1782/1535/130 1786/1536/130 1784/1537/130 1790/1538/130 1793/1539/130 1798/1540/130 1796/1541/130 1795/1542/130 1719/1543/130 1721/1544/130 1720/1545/130 1726/1546/130 1722/1547/130 1725/1548/130 1724/1549/130 1723/1550/130 1737/1551/130 1727/1552/130 1730/1553/130 1729/1554/130 1728/1555/130 1735/1556/130 1731/1557/130 1734/1558/130 1732/1559/130 1733/1560/130 1736/1561/130 1739/1562/130 1738/1563/130 1741/1564/130 1740/1565/130 1746/1566/130 1742/1567/130 1744/1568/130 1743/1569/130 1698/1570/130 677/1571/130 687/1572/130 697/1573/130 706/1574/130 715/1575/130 723/1576/130 731/1577/130 736/1578/130 742/1579/130 749/1580/130 757/1581/130 764/1582/130 769/1583/130 778/1584/130 785/1585/130 792/1586/130 797/1587/130 2526/1588/130 2535/1589/130 2529/1590/130 2533/1591/130 2531/1592/130 2567/1593/130 2539/1594/130 2542/1595/130 2541/1596/130 2544/1597/130 2548/1598/130 2546/1599/130 2550/1600/130 2552/1601/130 2555/1602/130 2564/1603/130 2557/1604/130 2561/1605/130 2559/1606/130 2558/1607/130 2560/1608/130 2562/1609/130 2563/1610/130 2554/1611/130 2556/1612/130 2553/1613/130 2565/1614/130 2547/1615/130 2549/1616/130 2545/1617/130 2551/1618/130 2543/1619/130 2540/1620/130 2566/1621/130 2532/1622/130 2534/1623/130 2530/1624/130 2536/1625/130 2528/1626/130 2525/1627/130 2538/1628/130 2520/1629/130 2522/1630/130 2518/1631/130 2524/1632/130 2514/1633/130 2516/1634/130 2568/1635/130 2506/1636/130 2507/1637/130 2505/1638/130 2508/1639/130 2503/1640/130 2504/1641/130 2509/1642/130 2500/1643/130 2501/1644/130 2499/1645/130 2502/1646/130 2497/1647/130 2498/1648/130 2510/1649/130 2490/1650/130 2492/1651/130 2494/1652/130 2496/1653/130 2486/1654/130 2488/1655/130 2485/1656/130 2511/1657/130 2476/1658/130 2478/1659/130 2474/1660/130 2480/1661/130 2472/1662/130 2469/1663/130 2483/1664/130 2466/1665/130 2468/1666/130 2464/1667/130 3355/1668/130 3335/1669/130 3337/1670/130 3333/1671/130 3339/1672/130 3329/1673/130 3331/1674/130 3327/1675/130 3357/1676/130 3319/1677/130 3321/1678/130 3317/1679/130 3323/1680/130 3313/1681/130 3315/1682/130 3311/1683/130 3325/1684/130 3305/1685/130 3307/1686/130 3303/1687/130 3309/1688/130 3299/1689/130 3301/1690/130 3297/1691/130 3359/1692/130 3288/1693/130 3290/1694/130 3285/1695/130 3292/1696/130 3281/1697/130 3283/1698/130 3279/1699/130 3294/1700/130 3273/1701/130 3275/1702/130 3271/1703/130 3277/1704/130 3267/1705/130 3269/1706/130 3265/1707/130 3295/1708/130 3257/1709/130 3259/1710/130 3255/1711/130 3261/1712/130 3251/1713/130 3253/1714/130 3249/1715/130 3263/1716/130 3243/1717/130 3245/1718/130 3241/1719/130 3247/1720/130 3237/1721/130 3239/1722/130 3235/1723/130 3233/1724/130 3234/1725/130 3238/1726/130 3236/1727/130 3246/1728/130 3240/1729/130 3244/1730/130 3242/1731/130 3262/1732/130 3248/1733/130 3252/1734/130 3250/1735/130 3260/1736/130 3254/1737/130 3258/1738/130 3256/1739/130 3293/1740/130 3264/1741/130 3268/1742/130 3266/1743/130 3276/1744/130 3270/1745/130 3274/1746/130 3272/1747/130 3291/1748/130 3278/1749/130 3282/1750/130 3280/1751/130 3289/1752/130 3284/1753/130 3287/1754/130 3286/1755/130 3360/1756/130 847/1757/130 850/1758/130 853/1759/130 856/1760/130 859/1761/130 861/1762/130 865/1763/130 871/1764/130 874/1765/130 879/1766/130 884/1767/130 2331/1768/130 2329/1769/130 2330/1770/130 2339/1771/130 2341/1772/130 2340/1773/130 2345/1774/130 2342/1775/130 2344/1776/130 2343/1777/130 2351/1778/130 2353/1779/130 2352/1780/130 2356/1781/130 2354/1782/130 2355/1783/130 2368/1784/130 2362/1785/130 2364/1786/130 2363/1787/130 2367/1788/130 2365/1789/130 2366/1790/130 2375/1791/130 2377/1792/130 2376/1793/130 2381/1794/130 2378/1795/130 2380/1796/130 2379/1797/130 2397/1798/130 2389/1799/130 2392/1800/130 2391/1801/130 2390/1802/130 2395/1803/130 2393/1804/130 2396/1805/130 2394/1806/130 2416/1807/130 2417/1808/130 2414/1809/130 2415/1810/130 2418/1811/130 2411/1812/130 2412/1813/130 2413/1814/130 2409/1815/130 2410/1816/130 2419/1817/130 2405/1818/130 2406/1819/130 2407/1820/130 2403/1821/130 2404/1822/130 2408/1823/130 2400/1824/130 2401/1825/130 2402/1826/130 2399/1827/130 2398/1828/130 2388/1829/130 2386/1830/130 2387/1831/130 2385/1832/130 2383/1833/130 2384/1834/130 2382/1835/130 2373/1836/130 2372/1837/130 2374/1838/130 2370/1839/130 2371/1840/130 2369/1841/130 2361/1842/130 2360/1843/130 2359/1844/130 2358/1845/130 2357/1846/130 2350/1847/130 2349/1848/130 2348/1849/130 2347/1850/130 2346/1851/130 2337/1852/130 2336/1853/130 2338/1854/130 2334/1855/130 2335/1856/130 2333/1857/130 2321/1858/130 2322/1859/130 2320/1860/130 2323/1861/130 2318/1862/130 2319/1863/130 2317/1864/130 2316/1865/130 2298/1866/130 2302/1867/130 2296/1868/130 2294/1869/130 2292/1870/130 2293/1871/130 2295/1872/130 2297/1873/130 2301/1874/130 2300/1875/130 2299/1876/130 2315/1877/130 2303/1878/130 2304/1879/130 2308/1880/130 2305/1881/130 2306/1882/130 2307/1883/130 2309/1884/130 2311/1885/130 2310/1886/130 2314/1887/130 2313/1888/130
f 2451/1889/130 804/1890/130 809/1891/130 814/1892/130 821/1893/130 828/1894/130 832/1895/130 834/1896/130 837/1897/130 840/1898/130 843/1899/130 847/1757/130 3360/1756/130 3296/1900/130 3300/1901/130 3298/1902/130 3308/1903/130 3302/1904/130 3306/1905/130 3304/1906/130 3324/1907/130 3310/1908/130 3314/1909/130 3312/1910/130 3322/1911/130 3316/1912/130 3320/1913/130 3318/1914/130 3358/1915/130 3326/1916/130 3330/1917/130 3328/1918/130 3338/1919/130 3332/1920/130 3336/1921/130 3334/1922/130 3356/1923/130 3340/1924/130 3344/1925/130 3342/1926/130 3354/1927/130 3346/1928/130 3352/1929/130 3350/1930/130 3348/1931/130 3349/1932/130 3351/1933/130 3347/1934/130 3353/1935/130 3343/1936/130 3345/1937/130 3341/1938/130 3355/1668/130 2464/1667/130 2462/1939/130 2461/1940/130 2458/1941/130 2456/1942/130 2457/1943/130 2459/1944/130 2460/1945/130 2463/1946/130 2467/1947/130 2465/1948/130 2482/1949/130 2471/1950/130 2470/1951/130 2479/1952/130 2473/1953/130 2477/1954/130 2475/1955/130 2481/1956/130 2484/1957/130 2487/1958/130 2495/1959/130 2489/1960/130 2493/1961/130 2491/1962/130 2440/1963/130 2441/1964/130 2446/1965/130 2442/1966/130 2445/1967/130 2444/1968/130 2443/1969/130 2454/1970/130 2447/1971/130 2449/1972/130 2448/1973/130 2455/1974/130 2450/1975/130 2453/1976/130 2452/1977/130
f 2824/1978/130 2814/1418/130 513/1417/130 526/1979/130 540/1980/130 553/1981/130 571/1982/130 585/1983/130 595/1984/130 608/1985/130 622/1986/130 1821/1987/130 1823/1988/130 1820/1989/130 1824/1990/130 1818/1991/130 1819/1992/130 1817/1993/130 1825/1994/130 1813/1995/130 1814/1996/130 1815/1997/130 1812/1998/130 1816/1999/130 1810/2000/130 1811/2001/130 1809/2002/130 1826/2003/130 1804/2004/130 1805/2005/130 1806/2006/130 1803/2007/130 1807/2008/130 1801/2009/130 1802/2010/130 1800/2011/130 1808/2012/130 1797/2013/130 1799/2014/130 1792/2015/130 1794/2016/130 1791/1504/130 2785/1503/130 2783/2017/130 2793/2018/130 2787/2019/130 2791/2020/130 2789/2021/130 2809/2022/130 2795/2023/130 2799/2024/130 2797/2025/130 2807/2026/130 2801/2027/130 2805/2028/130 2803/2029/130 2842/2030/130 2811/2031/130 2815/2032/130 2813/2033/130 2823/2034/130 2817/2035/130 2821/2036/130 2819/2037/130 2840/2038/130 2825/2039/130 2829/2040/130 2827/2041/130 2838/2042/130 2831/2043/130 2836/2044/130 2834/2045/130 2833/2046/130 2835/2047/130 2837/2048/130 2832/2049/130 2839/2050/130 2828/2051/130 2830/2052/130 2826/2053/130 2841/2054/130 2820/2055/130 2822/2056/130 2818/2057/130
f 2527/2058/130 2526/1588/130 797/1587/130 804/1890/130 2451/1889/130 2512/2059/130 2515/2060/130 2513/2061/130 2523/2062/130 2517/2063/130 2521/2064/130 2519/2065/130 2537/2066/130
f 2328/2067/130 2331/1768/130 884/1767/130 887/1064/130 2312/1063/130 2325/2068/130 2324/2069/130 2327/2070/130 2326/2071/130 2332/2072/130
f 2063/2073/130 2062/1251/130 1121/1250/130 1126/2074/130 1131/2075/130 1137/2076/130 1144/2077/130 1149/2078/130 1156/2079/130 1161/2080/130 1167/950/130 1847/949/130 1889/2081/130 1890/2082/130 1888/2083/130 1891/2084/130 1886/2085/130 1887/2086/130 1885/2087/130 1884/2088/130 1881/2089/130 1882/2090/130 1880/2091/130 1883/2092/130 1878/2093/130 1879/2094/130 1877/2095/130 1876/2096/130 1874/2097/130 1875/2098/130 1873/2099/130 1872/2100/130 1871/2101/130 1870/2102/130 1898/2103/130 1901/1335/130 2113/1334/130 2115/2104/130 2117/2105/130 2112/2106/130 2119/2107/130 2108/2108/130 2110/2109/130 2106/2110/130 2121/2111/130 2100/2112/130 2102/2113/130 2098/2114/130 2104/2115/130 2094/2116/130 2096/2117/130 2092/2118/130 2122/2119/130 2085/2120/130 2087/2121/130 2083/2122/130 2089/2123/130 2079/2124/130 2081/2125/130 2077/2126/130 2090/2127/130 2073/2128/130 2061/2129/130 2060/2130/130 2057/2131/130 2058/2132/130 2055/2133/130 2056/2134/130 2059/2135/130 2074/2136/130 2072/2137/130 2075/2138/130 2070/2139/130 2071/2140/130 2069/2141/130 2068/2142/130 2066/2143/130 2067/2144/130 2065/2145/130 2064/2146/130
f 1822/2147/130 1821/1987/130 622/1986/130 629/2148/130 639/2149/130 643/2150/130 649/2151/130 656/2152/130 661/2153/130 669/2154/130 677/1571/130 1698/1570/130 1697/2155/130 1701/2156/130 1700/2157/130 1699/2158/130 1706/2159/130 1703/2160/130 1702/2161/130 1705/2162/130 1704/2163/130 1718/2164/130 1707/2165/130 1709/2166/130 1716/2167/130 1711/2168/130 1714/2169/130 1712/2170/130 1713/2171/130 1715/2172/130 1708/2173/130 1710/2174/130 1717/2175/130 1753/2176/130 1754/2177/130 1751/2178/130 1752/2179/130 1755/2180/130 1749/2181/130 1750/2182/130 1747/2183/130 1748/2184/130 1756/2185/130 1745/2186/130
f 1441/2187/65 1/1/65 27/4/65 1443/2188/65
f 1444/2189/65 1373/2190/65 1369/2191/65 1442/2192/65
f 1443/2188/66 27/4/66 58/6/66 1445/2193/66
f 1446/2194/66 1372/2195/66 1373/2190/66 1444/2189/66
f 1445/2193/67 58/6/67 76/8/67 1447/2196/67
f 1448/2197/67 1388/2198/67 1372/2195/67 1446/2194/67
f 1447/2196/68 76/8/68 129/10/68 1449/2199/68
f 1450/2200/68 1397/2201/68 1388/2198/68 1448/2197/68
f 1449/2199/69 129/10/69 158/12/69 1451/2202/69
f 1452/2203/69 1407/2204/69 1397/2201/69 1450/2200/69
f 1451/2202/70 158/12/70 174/14/70 1453/2205/70
f 1454/2206/70 1403/2207/70 1407/2204/70 1452/2203/70
f 1453/2205/71 174/14/71 202/16/71 1455/2208/71
f 1456/2209/71 1402/2210/71 1403/2207/71 1454/2206/71
f 1455/2208/72 202/16/72 237/18/72 1457/2211/72
f 1458/2212/72 1400/2213/72 1402/2210/72 1456/2209/72
f 1457/2211/73 237/18/73 264/20/73 1459/2214/73
f 1460/2215/73 1440/2216/73 1400/2213/73 1458/2212/73
f 1977/2217/74 1978/2218/74 1461/2219/74 1459/2214/74 264/20/74 1976/2220/74
f 1462/2221/74 1288/2222/74 1440/2216/74 1460/2215/74
f 1979/2223/75 1463/2224/75 1461/2219/75 1978/2218/75
f 1464/2225/75 1292/2226/75 1288/2222/75 1462/2221/75
f 1980/2227/76 1981/2228/76 347/26/76 1465/2229/76 1463/2224/76 1979/2223/76
f 1466/2230/76 1290/2231/76 1292/2226/76 1464/2225/76
f 1465/2229/77 347/26/77 375/28/77 1467/2232/77
f 1468/2233/77 1302/2234/77 1290/2231/77 1466/2230/77
f 1467/2232/78 375/28/78 398/30/78 1469/2235/78
f 1470/2236/78 1293/2237/78 1302/2234/78 1468/2233/78
f 1469/2235/79 398/30/79 404/32/79 1471/2238/79
f 1472/2239/79 1300/2240/79 1293/2237/79 1470/2236/79
f 1471/2238/80 404/32/80 424/34/80 1473/2241/80
f 1474/2242/80 1298/2243/80 1300/2240/80 1472/2239/80
f 1476/2244/81 1295/2245/81 1298/2243/81 1474/2242/81
f 424/34/81 437/36/81 1475/2246/81 1473/2241/81
f 1320/2247/82 1295/2245/82 1476/2244/82 1477/2248/82
f 437/36/82 457/38/82 1478/2249/82 1475/2246/82
f 1304/2250/83 1320/2247/83 1477/2248/83 1480/2251/83
f 457/38/83 470/40/83 1479/2252/83 1478/2249/83
f 1309/2253/84 1304/2250/84 1480/2251/84 1482/2254/84
f 470/40/84 499/42/84 1481/2255/84 1479/2252/84
f 1307/2256/85 1309/2253/85 1482/2254/85 1484/2257/85
f 499/42/85 511/44/85 1483/2258/85 1481/2255/85
f 1486/2259/86 1305/2260/86 1307/2256/86 1484/2257/86
f 511/44/86 521/46/86 1485/2261/86 1483/2258/86
f 1488/2262/87 1317/2263/87 1305/2260/87 1486/2259/87
f 521/46/87 541/48/87 1487/2264/87 1485/2261/87
f 1490/2265/88 1312/2266/88 1317/2263/88 1488/2262/88
f 541/48/88 560/50/88 1489/2267/88 1487/2264/88
f 1315/2268/89 1312/2266/89 1490/2265/89 1492/2269/89
f 560/50/89 574/52/89 1491/2270/89 1489/2267/89
f 1314/2271/90 1315/2268/90 1492/2269/90 1494/2272/90
f 1491/2270/90 574/52/90 588/54/90 1493/2273/90
f 1415/2274/91 1314/2271/91 1494/2272/91 1496/2275/91
f 1493/2273/91 588/54/91 601/56/91 1495/2276/91
f 1438/2277/92 1415/2274/92 1496/2275/92 1498/2278/92
f 601/56/92 612/58/92 1497/2279/92 1495/2276/92
f 1500/2280/93 1424/2281/93 1438/2277/93 1498/2278/93
f 612/58/93 618/60/93 1499/2282/93 1497/2279/93
f 1502/2283/94 1431/2284/94 1424/2281/94 1500/2280/94
f 618/60/94 631/62/94 1501/2285/94 1499/2282/94
f 1504/2286/95 1428/2287/95 1431/2284/95 1502/2283/95
f 631/62/95 637/64/95 1503/2288/95 1501/2285/95
f 1506/2289/96 1425/2290/96 1428/2287/96 1504/2286/96
f 1828/2291/96 1827/2292/96 1505/2293/96 1503/2288/96 637/64/96 1829/2294/96
f 1508/2295/97 1430/2296/97 1425/2290/97 1506/2289/97
f 1830/2297/97 1831/2298/97 650/68/97 1507/2299/97 1505/2293/97 1827/2292/97
f 1435/2300/98 1430/2296/98 1508/2295/98 1510/2301/98
f 650/68/98 655/70/98 1509/2302/98 1507/2299/98
f 1422/2303/99 1435/2300/99 1510/2301/99 1512/2304/99
f 655/70/99 664/72/99 1511/2305/99 1509/2302/99
f 1433/2306/100 1422/2303/100 1512/2304/100 1514/2307/100
f 664/72/100 671/74/100 1513/2308/100 1511/2305/100
f 1417/2309/101 1433/2306/101 1514/2307/101 1516/2310/101
f 671/74/101 679/76/101 1515/2311/101 1513/2308/101
f 1518/2312/102 1414/2313/102 1417/2309/102 1516/2310/102
f 679/76/102 689/78/102 1517/2314/102 1515/2311/102
f 1520/2315/103 1420/2316/103 1414/2313/103 1518/2312/103
f 689/78/103 700/80/103 1519/2317/103 1517/2314/103
f 1522/2318/104 1409/2319/104 1420/2316/104 1520/2315/104
f 700/80/104 709/82/104 1521/2320/104 1519/2317/104
f 1411/2321/105 1409/2319/105 1522/2318/105 1524/2322/105
f 709/82/105 718/84/105 1523/2323/105 1521/2320/105
f 1282/2324/106 1411/2321/106 1524/2322/106 1526/2325/106
f 1523/2323/106 718/84/106 722/86/106 1525/2326/106
f 1277/2327/107 1282/2324/107 1526/2325/107 1528/2328/107
f 1525/2326/107 722/86/107 728/88/107 1527/2329/107
f 1279/2330/108 1277/2327/108 1528/2328/108 1530/2331/108
f 1527/2329/108 728/88/108 737/90/108 1529/2332/108
f 1532/2333/109 1283/2334/109 1279/2330/109 1530/2331/109
f 737/90/109 744/92/109 1531/2335/109 1529/2332/109
f 1534/2336/110 1273/2337/110 1283/2334/110 1532/2333/110
f 744/92/110 751/94/110 1533/2338/110 1531/2335/110
f 1536/2339/111 1275/2340/111 1273/2337/111 1534/2336/111
f 751/94/111 758/96/111 1535/2341/111 1533/2338/111
f 1538/2342/112 1270/2343/112 1275/2340/112 1536/2339/112
f 758/96/112 762/98/112 1537/2344/112 1535/2341/112
f 1272/2345/113 1270/2343/113 1538/2342/113 1540/2346/113
f 762/98/113 772/100/113 1539/2347/113 1537/2344/113
f 1285/2348/114 1272/2345/114 1540/2346/114 1542/2349/114
f 772/100/114 776/102/114 1541/2350/114 1539/2347/114
f 1263/2351/115 1285/2348/115 1542/2349/115 1544/2352/115
f 776/102/115 783/104/115 1543/2353/115 1541/2350/115
f 1265/2354/116 1263/2351/116 1544/2352/116 1546/2355/116
f 783/104/116 789/106/116 1545/2356/116 1543/2353/116
f 1259/2357/117 1265/2354/117 1546/2355/117 1548/2358/117
f 2570/2359/117 2569/2360/117 1547/2361/117 1545/2356/117 789/106/117 2571/2362/117
f 1550/2363/118 1261/2364/118 1259/2357/118 1548/2358/118
f 1549/2365/118 1547/2361/118 2569/2360/118 2572/2366/118
f 1552/2367/119 1267/2368/119 1261/2364/119 1550/2363/119
f 2574/2369/119 2573/2370/119 810/112/119 1551/2371/119 1549/2365/119 2572/2366/119
f 1554/2372/120 1256/2373/120 1267/2368/120 1552/2367/120
f 810/112/120 817/114/120 1553/2374/120 1551/2371/120
f 1257/2375/121 1256/2373/121 1554/2372/121 1556/2376/121
f 817/114/121 823/116/121 1555/2377/121 1553/2374/121
f 1254/2378/122 1257/2375/122 1556/2376/122 1558/2379/122
f 1555/2377/122 823/116/122 826/118/122 1557/2380/122
f 1405/2381/123 1254/2378/123 1558/2379/123 1560/2382/123
f 1557/2380/123 826/118/123 831/120/123 1559/2383/123
f 1562/2384/124 1395/2385/124 1405/2381/124 1560/2382/124
f 831/120/124 835/122/124 1561/2386/124 1559/2383/124
f 1564/2387/125 1392/2388/125 1395/2385/125 1562/2384/125
f 835/122/125 838/124/125 1563/2389/125 1561/2386/125
f 1566/2390/126 1390/2391/126 1392/2388/126 1564/2387/126
f 838/124/126 841/126/126 1565/2392/126 1563/2389/126
f 1394/2393/128 1390/2391/128 1566/2390/128 1568/2394/128
f 841/126/128 844/128/128 1567/2395/128 1565/2392/128
f 1384/2396/129 1394/2393/129 1568/2394/129 1570/2397/129
f 1567/2395/129 844/128/129 846/130/129 1569/2398/129
f 1386/2399/1 1384/2396/1 1570/2397/1 1572/2400/1
f 1569/2398/1 846/130/1 849/132/1 1571/2401/1
f 1574/2402/2 1382/2403/2 1386/2399/2 1572/2400/2
f 849/132/2 852/134/2 1573/2404/2 1571/2401/2
f 1365/2405/3 1382/2403/3 1574/2402/3 1576/2406/3
f 852/134/3 855/136/3 1575/2407/3 1573/2404/3
f 1358/2408/4 1365/2405/4 1576/2406/4 1578/2409/4
f 855/136/4 858/138/4 1577/2410/4 1575/2407/4
f 1362/2411/5 1358/2408/5 1578/2409/5 1580/2412/5
f 858/138/5 862/140/5 1579/2413/5 1577/2410/5
f 1582/2414/6 1354/2415/6 1362/2411/6 1580/2412/6
f 862/140/6 866/142/6 1581/2416/6 1579/2413/6
f 1584/2417/7 1356/2418/7 1354/2415/7 1582/2414/7
f 866/142/7 869/144/7 1583/2419/7 1581/2416/7
f 1586/2420/8 1351/2421/8 1356/2418/8 1584/2417/8
f 869/144/8 876/146/8 1585/2422/8 1583/2419/8
f 1588/2423/9 1378/2424/9 1351/2421/9 1586/2420/9
f 876/146/9 880/148/9 1587/2425/9 1585/2422/9
f 1590/2426/10 1246/2427/10 1378/2424/10 1588/2423/10
f 2421/2428/10 2420/2429/10 1589/2430/10 1587/2425/10 880/148/10 2422/2431/10
f 1592/2432/11 1248/2433/11 1246/2427/11 1590/2426/11
f 2423/2434/11 1591/2435/11 1589/2430/11 2420/2429/11
f 1594/2436/12 1244/2437/12 1248/2433/12 1592/2432/12
f 2425/2438/12 2424/2439/12 890/154/12 1593/2440/12 1591/2435/12 2423/2434/12
f 1596/2441/13 1249/2442/13 1244/2437/13 1594/2436/13
f 890/154/13 895/156/13 1595/2443/13 1593/2440/13
f 1237/2444/14 1249/2442/14 1596/2441/14 1598/2445/14
f 895/156/14 899/158/14 1597/2446/14 1595/2443/14
f 1240/2447/15 1237/2444/15 1598/2445/15 1600/2448/15
f 1597/2446/15 899/158/15 903/160/15 1599/2449/15
f 1241/2450/16 1240/2447/16 1600/2448/16 1602/2451/16
f 1599/2449/16 903/160/16 908/162/16 1601/2452/16
f 1601/2452/17 908/162/17 914/164/17 1603/2453/17
f 1604/2454/17 1235/2455/17 1241/2450/17 1602/2451/17
f 1603/2453/18 914/164/18 918/166/18 1605/2456/18
f 1606/2457/18 1252/2458/18 1235/2455/18 1604/2454/18
f 1605/2456/19 918/166/19 923/168/19 1607/2459/19
f 1608/2460/19 1228/2461/19 1252/2458/19 1606/2457/19
f 1607/2459/20 923/168/20 928/170/20 1609/2462/20
f 1610/2463/20 1230/2464/20 1228/2461/20 1608/2460/20
f 1609/2462/21 928/170/21 931/172/21 1611/2465/21
f 1612/2466/21 1232/2467/21 1230/2464/21 1610/2463/21
f 1611/2465/22 931/172/22 938/174/22 1613/2468/22
f 1614/2469/22 1226/2470/22 1232/2467/22 1612/2466/22
f 1613/2468/23 938/174/23 945/176/23 1615/2471/23
f 1616/2472/23 1234/2473/23 1226/2470/23 1614/2469/23
f 1615/2471/24 945/176/24 948/178/24 1617/2474/24
f 1618/2475/24 1221/2476/24 1234/2473/24 1616/2472/24
f 1617/2474/25 948/178/25 956/180/25 1619/2477/25
f 1620/2478/25 1224/2479/25 1221/2476/25 1618/2475/25
f 1619/2477/26 956/180/26 962/182/26 1621/2480/26
f 1622/2481/26 1219/2482/26 1224/2479/26 1620/2478/26
f 1621/2480/27 962/182/27 969/184/27 1623/2483/27
f 1624/2484/27 1337/2485/27 1219/2482/27 1622/2481/27
f 1623/2483/28 969/184/28 972/186/28 1625/2486/28
f 1626/2487/28 1331/2488/28 1337/2485/28 1624/2484/28
f 1625/2486/29 972/186/29 980/188/29 1627/2489/29
f 1628/2490/29 1327/2491/29 1331/2488/29 1626/2487/29
f 1627/2489/30 980/188/30 986/190/30 1629/2492/30
f 1630/2493/30 1334/2494/30 1327/2491/30 1628/2490/30
f 1629/2492/31 986/190/31 990/192/31 1631/2495/31
f 1632/2496/31 1324/2497/31 1334/2494/31 1630/2493/31
f 2273/2498/32 2274/2499/32 1633/2500/32 1631/2495/32 990/192/32 2272/2501/32
f 1634/2502/32 1322/2503/32 1324/2497/32 1632/2496/32
f 2275/2504/33 2276/2505/33 1002/196/33 1635/2506/33 1633/2500/33 2274/2499/33
f 1636/2507/33 1325/2508/33 1322/2503/33 1634/2502/33
f 1635/2506/34 1002/196/34 1007/198/34 1637/2509/34
f 1638/2510/34 1335/2511/34 1325/2508/34 1636/2507/34
f 1637/2509/35 1007/198/35 1014/200/35 1639/2512/35
f 1640/2513/35 1330/2514/35 1335/2511/35 1638/2510/35
f 1639/2512/36 1014/200/36 1020/202/36 1641/2515/36
f 1642/2516/36 1350/2517/36 1330/2514/36 1640/2513/36
f 1641/2515/37 1020/202/37 1026/204/37 1643/2518/37
f 1644/2519/37 1339/2520/37 1350/2517/37 1642/2516/37
f 1643/2518/38 1026/204/38 1032/206/38 1645/2521/38
f 1646/2522/38 1348/2523/38 1339/2520/38 1644/2519/38
f 1645/2521/39 1032/206/39 1039/208/39 1647/2524/39
f 1648/2525/39 1342/2526/39 1348/2523/39 1646/2522/39
f 1647/2524/40 1039/208/40 1045/210/40 1649/2527/40
f 1650/2528/40 1346/2529/40 1342/2526/40 1648/2525/40
f 1649/2527/41 1045/210/41 1051/212/41 1651/2530/41
f 1652/2531/41 1344/2532/41 1346/2529/41 1650/2528/41
f 1651/2530/42 1051/212/42 1058/214/42 1653/2533/42
f 1654/2534/42 1186/2535/42 1344/2532/42 1652/2531/42
f 1653/2533/43 1058/214/43 1063/216/43 1655/2536/43
f 1656/2537/43 1190/2538/43 1186/2535/43 1654/2534/43
f 1655/2536/44 1063/216/44 1069/218/44 1657/2539/44
f 1658/2540/44 1188/2541/44 1190/2538/44 1656/2537/44
f 1657/2539/45 1069/218/45 1074/220/45 1659/2542/45
f 1660/2543/45 1194/2544/45 1188/2541/45 1658/2540/45
f 1659/2542/46 1074/220/46 1079/222/46 1661/2545/46
f 1662/2546/46 1192/2547/46 1194/2544/46 1660/2543/46
f 1661/2545/47 1079/222/47 1086/224/47 1663/2548/47
f 1664/2549/47 1198/2550/47 1192/2547/47 1662/2546/47
f 1663/2548/48 1086/224/48 1091/226/48 1665/2551/48
f 1666/2552/48 1196/2553/48 1198/2550/48 1664/2549/48
f 1665/2551/49 1091/226/49 1098/228/49 1667/2554/49
f 1668/2555/49 1199/2556/49 1196/2553/49 1666/2552/49
f 1667/2554/50 1098/228/50 1104/230/50 1669/2557/50
f 1670/2558/50 1204/2559/50 1199/2556/50 1668/2555/50
f 1669/2557/51 1104/230/51 1111/232/51 1671/2560/51
f 1672/2561/51 1201/2562/51 1204/2559/51 1670/2558/51
f 1671/2560/52 1111/232/52 1118/234/52 1673/2563/52
f 1674/2564/52 1208/2565/52 1201/2562/52 1672/2561/52
f 2125/2566/53 2126/2567/53 1675/2568/53 1673/2563/53 1118/234/53 2124/2569/53
f 1676/2570/53 1206/2571/53 1208/2565/53 1674/2564/53
f 2127/2572/54 1677/2573/54 1675/2568/54 2126/2567/54
f 1678/2574/54 1217/2575/54 1206/2571/54 1676/2570/54
f 2128/2576/55 2129/2577/55 1134/240/55 1679/2578/55 1677/2573/55 2127/2572/55
f 1680/2579/55 1211/2580/55 1217/2575/55 1678/2574/55
f 1679/2578/56 1134/240/56 1140/242/56 1681/2581/56
f 1682/2582/56 1210/2583/56 1211/2580/56 1680/2579/56
f 1681/2581/57 1140/242/57 1146/244/57 1683/2584/57
f 1684/2585/57 1215/2586/57 1210/2583/57 1682/2582/57
f 1683/2584/58 1146/244/58 1152/246/58 1685/2587/58
f 1686/2588/58 1213/2589/58 1215/2586/58 1684/2585/58
f 1685/2587/59 1152/246/59 1158/248/59 1687/2590/59
f 1688/2591/59 1359/2592/59 1213/2589/59 1686/2588/59
f 1687/2590/60 1158/248/60 1164/250/60 1689/2593/60
f 1690/2594/60 1379/2595/60 1359/2592/60 1688/2591/60
f 1689/2593/61 1164/250/61 1170/252/61 1691/2596/61
f 1692/2597/61 1367/2598/61 1379/2595/61 1690/2594/61
f 1691/2596/62 1170/252/62 1174/254/62 1693/2599/62
f 1694/2600/62 1363/2601/62 1367/2598/62 1692/2597/62
f 1693/2599/63 1174/254/63 1180/900/63 1695/2602/63
f 1696/2603/63 1375/2604/63 1363/2601/63 1694/2600/63
f 1695/2602/64 1180/900/64 1/902/64 1441/2605/64
f 1442/2606/64 1369/2607/64 1375/2604/64 1696/2603/64
f 1835/2608/127 1829/2609/127 637/2149/127 631/2148/127 618/2610/127 612/1985/127 601/1984/127 588/1983/127 574/2611/127 560/1981/127 541/1980/127 521/1979/127 511/1417/127 499/1416/127 470/1415/127 457/1414/127 437/1413/127 424/1412/127 404/1411/127 398/1410/127 375/1409/127 347/917/127 1981/2612/127 1983/2613/127 1984/2614/127 1993/2615/127 1992/2616/127 1994/2617/127 1990/2618/127 1991/2619/127 1995/2620/127 1988/2621/127 1989/2622/127 1987/2623/127 1985/2624/127 1986/2625/127 1982/2626/127 1976/2627/127 264/2628/127 237/913/127 202/912/127 174/911/127 158/2629/127 129/909/127 76/2630/127 58/907/127 27/906/127 1/905/127 1180/904/127 1174/903/127 1170/2631/127 1164/2080/127 1158/2632/127 1152/2078/127 1146/2077/127 1140/2076/127 1134/2633/127 2129/2634/127 2139/2635/127 2138/2636/127 2143/2637/127 2142/2638/127 2141/2639/127 2140/2640/127 2136/2641/127 2137/2642/127 2135/2643/127 2134/2644/127 2133/2645/127 2132/2646/127 2131/2647/127 2130/2648/127 2124/2649/127 1118/1249/127 1111/1248/127 1104/1247/127 1098/1246/127 1091/1245/127 1086/1244/127 1079/1243/127 1074/1242/127 1069/1241/127 1063/972/127 1058/971/127 1051/970/127 1045/969/127 1039/2650/127 1032/967/127 1026/966/127 1020/965/127 1014/2651/127 1007/963/127 1002/962/127 2276/2652/127 2277/2653/127 2280/2654/127 2279/2655/127 2281/2656/127 2284/2657/127 2282/2658/127 2283/2659/127 2290/2660/127 2288/2661/127 2289/2662/127 2291/2663/127 2286/2664/127 2287/2665/127 2285/2666/127 2278/2667/127 2272/2668/127 990/953/127 986/1083/127 980/2669/127 972/1081/127 969/1080/127 962/1079/127 956/2670/127 948/1077/127 945/1076/127 938/1075/127 931/1074/127 928/1073/127 923/1072/127 918/2671/127 914/1070/127 908/1069/127 903/1068/127 899/1067/127 895/1066/127 890/1065/127 2424/2672/127 2427/2673/127 2426/2674/127 2429/2675/127 2428/2676/127 2432/2677/127 2431/2678/127 2430/2679/127 2439/2680/127 2436/2681/127 2437/2682/127 2438/2683/127 2434/2684/127 2433/2685/127 2435/2686/127 2422/2687/127 880/2688/127 876/2689/127 869/1764/127 866/1763/127 862/2690/127 858/2691/127 855/2692/127 852/1759/127 849/1758/127 846/1757/127 844/1899/127 841/1898/127 838/2693/127 835/2694/127 831/2695/127 826/1894/127 823/1893/127 817/2696/127 810/2697/127 2573/2698/127 2575/2699/127 2579/2700/127 2578/2701/127 2580/2702/127 2581/2703/127 2582/2704/127 2583/2705/127 2587/2706/127 2588/2707/127 2584/2708/127 2586/2709/127 2585/2710/127 2577/2711/127 2576/2712/127 2571/2713/127 789/1586/127 783/1585/127 776/1584/127 772/1583/127 762/1582/127 758/1581/127 751/2714/127 744/1579/127 737/1578/127 728/1577/127 722/1576/127 718/1575/127 709/1574/127 700/2715/127 689/1572/127 679/1571/127 671/2154/127 664/2716/127 655/2152/127 650/2151/127 1831/2717/127 1834/2718/127 1844/2719/127 1845/2720/127 1843/2721/127 1846/2722/127 1841/2723/127 1842/2724/127 1840/2725/127 1837/2726/127 1836/2727/127 1839/2728/127 1838/2729/127 1832/2730/127 1833/2731/127
f 1544/2732/127 1542/2733/127 1092/2734/127 1057/2735/127 1059/2736/127 1055/2737/127 1061/2738/127 1052/2739/127 1053/2740/127 1064/2741/127 1047/2742/127 1050/2743/127 1046/2744/127 1043/2745/127 1041/2746/127 1040/2747/127 1166/2748/127 1168/2749/127 1155/2750/127 1159/2751/127 1157/2752/127 1031/2753/127 1029/2754/127 1034/2755/127 1025/2756/127 1028/2757/127 1023/2758/127 1036/2759/127 1017/2760/127 1019/2761/127 1015/2762/127 1022/2763/127 1012/2764/127 1013/2765/127 1037/2766/127 1606/2767/127 1604/2768/127 1602/2769/127 1600/2770/127 1598/2771/127 1596/2772/127 1594/2773/127 1592/2774/127 1590/2775/127 1588/2776/127 1586/2777/127 1584/2778/127 1582/2779/127 1580/2780/127 1578/2781/127 1576/2782/127 1574/2783/127 1572/2784/127 1570/2785/127 1568/2786/127 1566/2787/127 1564/2788/127 1562/2789/127 1560/2790/127 1558/2791/127 1556/2792/127 1554/2793/127 1552/2794/127 1550/2795/127 1548/2796/127 1546/2797/127
f 1606/2767/127 1037/2766/127 1004/2798/127 1006/2799/127 1001/2800/127 1010/2801/127 997/2802/127 1000/2803/127 1008/2804/127 994/2805/127 996/2806/127 992/2807/127 991/2808/127 988/2809/127 987/2810/127 1145/2811/127 1148/2812/127 1154/2813/127 1151/2814/127 1150/2815/127 935/2816/127 932/2817/127 941/2818/127 939/2819/127 937/2820/127 942/2821/127 944/2822/127 949/2823/127 946/2824/127 952/2825/127 950/2826/127 954/2827/127 957/2828/127 958/2829/127 963/2830/127 960/2831/127 970/2832/127 964/2833/127 968/2834/127 967/2835/127 985/2836/127 974/2837/127 973/2838/127 983/2839/127 976/2840/127 981/2841/127 979/2842/127 1162/2843/127 1163/2844/127 1171/2845/127 1169/2846/127 1184/2847/127 1095/2848/127 1093/2849/127 1101/2850/127 1099/2851/127 1097/2852/127 1103/2853/127 1105/2854/127 1109/2855/127 1107/2856/127 1117/2857/127 1112/2858/127 1115/2859/127 1114/2860/127 1130/2861/127 1122/2862/127 1120/2863/127 1128/2864/127 1123/2865/127 1127/2866/127 1125/2867/127 1143/2868/127 1133/2869/127 1132/2870/127 1141/2871/127 1136/2872/127 1139/2873/127 1138/2874/127 1179/2875/127 1178/2876/127 1182/2877/127 1173/2878/127 1176/2879/127 1087/2880/127 1085/2881/127 1089/2882/127 1082/2883/127 1084/2884/127 1080/2885/127 1077/2886/127 1073/2887/127 1075/2888/127 1072/2889/127 1070/2890/127 1068/2891/127 1065/2892/127 1092/2734/127 1542/2733/127 1540/2893/127 1538/2894/127 1536/2895/127 1534/2896/127 1532/2897/127 1530/2898/127 1528/2899/127 1526/2900/127 1524/2901/127 1522/2902/127 1520/2903/127 1518/2904/127 1516/2905/127 1514/2906/127 1512/2907/127 1510/2908/127 1508/2909/127 1506/2910/127 1504/2911/127 1502/2912/127 1500/2913/127 1498/2914/127 1496/2915/127 1494/2916/127 1492/2917/127 1490/2918/127 1488/2919/127 1486/2920/127 1484/2921/127 1482/2922/127 1480/2923/127 1477/2924/127 1476/2925/127 1474/2926/127 1472/2927/127 1470/2928/127 1468/2929/127 1466/2930/127 1464/2931/127 1462/2932/127 1460/2933/127 1458/2934/127 1456/2935/127 1454/2936/127 1452/2937/127 1450/2938/127 1448/2939/127 1446/2940/127 1444/2941/127 1442/2942/127 1696/2943/127 1694/2944/127 1692/2945/127 1690/2946/127 1688/2947/127 1686/2948/127 1684/2949/127 1682/2950/127 1680/2951/127 1678/2952/127 1676/2953/127 1674/2954/127 1672/2955/127 1670/2956/127 1668/2957/127 1666/2958/127 1664/2959/127 1662/2960/127 1660/2961/127 1658/2962/127 1656/2963/127 1654/2964/127 1652/2965/127 1650/2966/127 1648/2967/127 1646/2968/127 1644/2969/127 1642/2970/127 1640/2971/127 1638/2972/127 1636/2973/127 1634/2974/127 1632/2975/127 1630/2976/127 1628/2977/127 1626/2978/127 1624/2979/127 1622/2980/127 1620/2981/127 1618/2982/127 1616/2983/127 1614/2984/127 1612/2985/127 1610/2986/127 1608/2987/127
f 1565/2988/130 1567/2989/130 1436/2990/130 1408/2991/130 1419/2992/130 1242/2993/130 1239/2994/130 1250/2995/130 1245/2996/130 1243/2997/130 1247/2998/130 1251/2999/130 1255/3000/130 1253/3001/130 1264/3002/130 1258/3003/130 1262/3004/130 1260/3005/130 1268/3006/130 1269/3007/130 1266/3008/130 1278/3009/130 1271/3010/130 1276/3011/130 1274/3012/130 1291/3013/130 1281/3014/130 1280/3015/130 1289/3016/130 1284/3017/130 1287/3018/130 1286/3019/130 1416/3020/130 1413/3021/130 1418/3022/130 1410/3023/130 1412/3024/130 1233/3025/130 1231/3026/130 1236/3027/130 1227/3028/130 1229/3029/130 1225/3030/130 1223/3031/130 1220/3032/130 1222/3033/130 1218/3034/130 1214/3035/130 1216/3036/130 1212/3037/130 1238/3038/130 1203/3039/130 1205/3040/130 1202/3041/130 1207/3042/130 1197/3043/130 1200/3044/130 1209/3045/130 1193/3046/130 1195/3047/130 1191/3048/130 1189/3049/130 1187/3050/130 1185/3051/130 1406/3052/130 1404/3053/130 1401/3054/130 1695/3055/130 1441/3056/130 1443/3057/130 1445/3058/130 1447/3059/130 1449/3060/130 1451/3061/130 1453/3062/130 1455/3063/130 1457/3064/130 1459/3065/130 1461/3066/130 1463/3067/130 1465/3068/130 1467/3069/130 1469/3070/130 1471/3071/130 1473/3072/130 1475/3073/130 1478/3074/130 1479/3075/130 1481/3076/130 1483/3077/130 1485/3078/130 1487/3079/130 1489/3080/130 1491/3081/130 1493/3082/130 1495/3083/130 1497/3084/130 1499/3085/130 1501/3086/130 1503/3087/130 1505/3088/130 1507/3089/130 1509/3090/130 1511/3091/130 1513/3092/130 1515/3093/130 1517/3094/130 1519/3095/130 1521/3096/130 1523/3097/130 1525/3098/130 1527/3099/130 1529/3100/130 1531/3101/130 1533/3102/130 1535/3103/130 1537/3104/130 1539/3105/130 1541/3106/130 1543/3107/130 1545/3108/130 1547/3109/130 1549/3110/130 1551/3111/130 1553/3112/130 1555/3113/130 1557/3114/130 1559/3115/130 1561/3116/130 1563/3117/130
f 1693/3118/130 1695/3055/130 1401/3054/130 1432/3119/130 1434/3120/130 1393/3121/130 1391/3122/130 1396/3123/130 1387/3124/130 1389/3125/130 1385/3126/130 1398/3127/130 1380/3128/130 1381/3129/130 1377/3130/130 1383/3131/130 1374/3132/130 1376/3133/130 1399/3134/130 1366/3135/130 1368/3136/130 1364/3137/130 1370/3138/130 1360/3139/130 1361/3140/130 1371/3141/130 1355/3142/130 1357/3143/130 1353/3144/130 1352/3145/130 1349/3146/130 1347/3147/130 1426/3148/130 1421/3149/130 1423/3150/130 1429/3151/130 1427/3152/130 1296/3153/130 1294/3154/130 1303/3155/130 1299/3156/130 1297/3157/130 1301/3158/130 1306/3159/130 1310/3160/130 1308/3161/130 1311/3162/130 1313/3163/130 1316/3164/130 1318/3165/130 1319/3166/130 1323/3167/130 1321/3168/130 1332/3169/130 1326/3170/130 1329/3171/130 1328/3172/130 1345/3173/130 1336/3174/130 1333/3175/130 1343/3176/130 1338/3177/130 1341/3178/130 1340/3179/130 1437/3180/130 1439/3181/130 1436/2990/130 1567/2989/130 1569/3182/130 1571/3183/130 1573/3184/130 1575/3185/130 1577/3186/130 1579/3187/130 1581/3188/130 1583/3189/130 1585/3190/130 1587/3191/130 1589/3192/130 1591/3193/130 1593/3194/130 1595/3195/130 1597/3196/130 1599/3197/130 1601/3198/130 1603/3199/130 1605/3200/130 1607/3201/130 1609/3202/130 1611/3203/130 1613/3204/130 1615/3205/130 1617/3206/130 1619/3207/130 1621/3208/130 1623/3209/130 1625/3210/130 1627/3211/130 1629/3212/130 1631/3213/130 1633/3214/130 1635/3215/130 1637/3216/130 1639/3217/130 1641/3218/130 1643/3219/130 1645/3220/130 1647/3221/130 1649/3222/130 1651/3223/130 1653/3224/130 1655/3225/130 1657/3226/130 1659/3227/130 1661/3228/130 1663/3229/130 1665/3230/130 1667/3231/130 1669/3232/130 1671/3233/130 1673/3234/130 1675/3235/130 1677/3236/130 1679/3237/130 1681/3238/130 1683/3239/130 1685/3240/130 1687/3241/130 1689/3242/130 1691/3243/130
f 1406/3244/65 1163/3245/65 1162/3246/65 1404/3247/65
f 1185/3248/66 1171/3249/66 1163/3245/66 1406/3244/66
f 1187/3250/67 1169/3251/67 1171/3249/67 1185/3248/67
f 1189/3252/68 1184/3253/68 1169/3251/68 1187/3250/68
f 1191/3254/69 1095/3255/69 1184/3253/69 1189/3252/69
f 1195/3256/70 1093/3257/70 1095/3255/70 1191/3254/70
f 1193/3258/71 1101/3259/71 1093/3257/71 1195/3256/71
f 1209/3260/72 1099/3261/72 1101/3259/72 1193/3258/72
f 1200/3262/73 1097/3263/73 1099/3261/73 1209/3260/73
f 1197/3264/74 1103/3265/74 1097/3263/74 1200/3262/74
f 1207/3266/75 1105/3267/75 1103/3265/75 1197/3264/75
f 1202/3268/76 1109/3269/76 1105/3267/76 1207/3266/76
f 1205/3270/77 1107/3271/77 1109/3269/77 1202/3268/77
f 1203/3272/78 1117/3273/78 1107/3271/78 1205/3270/78
f 1238/3274/79 1112/3275/79 1117/3273/79 1203/3272/79
f 1212/3276/80 1115/3277/80 1112/3275/80 1238/3274/80
f 1114/3278/81 1115/3277/81 1212/3276/81 1216/3279/81
f 1130/3280/82 1114/3278/82 1216/3279/82 1214/3281/82
f 1122/3282/83 1130/3280/83 1214/3281/83 1218/3283/83
f 1120/3284/84 1122/3282/84 1218/3283/84 1222/3285/84
f 1128/3286/85 1120/3284/85 1222/3285/85 1220/3287/85
f 1123/3288/86 1128/3286/86 1220/3287/86 1223/3289/86
f 1127/3290/87 1123/3288/87 1223/3289/87 1225/3291/87
f 1125/3292/88 1127/3290/88 1225/3291/88 1229/3293/88
f 1143/3294/89 1125/3292/89 1229/3293/89 1227/3295/89
f 1133/3296/90 1143/3294/90 1227/3295/90 1236/3297/90
f 1132/3298/91 1133/3296/91 1236/3297/91 1231/3299/91
f 1141/3300/92 1132/3298/92 1231/3299/92 1233/3301/92
f 1136/3302/93 1141/3300/93 1233/3301/93 1412/3303/93
f 1139/3304/94 1136/3302/94 1412/3303/94 1410/3305/94
f 1138/3306/95 1139/3304/95 1410/3305/95 1418/3307/95
f 1179/3308/96 1138/3306/96 1418/3307/96 1413/3309/96
f 1178/3310/97 1179/3308/97 1413/3309/97 1416/3311/97
f 1182/3312/98 1178/3310/98 1416/3311/98 1286/3313/98
f 1173/3314/99 1182/3312/99 1286/3313/99 1287/3315/99
f 1176/3316/100 1173/3314/100 1287/3315/100 1284/3317/100
f 1087/3318/101 1176/3316/101 1284/3317/101 1289/3319/101
f 1085/3320/102 1087/3318/102 1289/3319/102 1280/3321/102
f 1089/3322/103 1085/3320/103 1280/3321/103 1281/3323/103
f 1082/3324/104 1089/3322/104 1281/3323/104 1291/3325/104
f 1084/3326/105 1082/3324/105 1291/3325/105 1274/3327/105
f 1080/3328/106 1084/3326/106 1274/3327/106 1276/3329/106
f 1077/3330/107 1080/3328/107 1276/3329/107 1271/3331/107
f 1073/3332/108 1077/3330/108 1271/3331/108 1278/3333/108
f 1075/3334/109 1073/3332/109 1278/3333/109 1266/3335/109
f 1072/3336/110 1075/3334/110 1266/3335/110 1269/3337/110
f 1070/3338/111 1072/3336/111 1269/3337/111 1268/3339/111
f 1068/3340/112 1070/3338/112 1268/3339/112 1260/3341/112
f 1065/3342/113 1068/3340/113 1260/3341/113 1262/3343/113
f 1092/3344/114 1065/3342/114 1262/3343/114 1258/3345/114
f 1057/3346/115 1092/3344/115 1258/3345/115 1264/3347/115
f 1059/3348/116 1057/3346/116 1264/3347/116 1253/3349/116
f 1055/3350/117 1059/3348/117 1253/3349/117 1255/3351/117
f 1061/3352/118 1055/3350/118 1255/3351/118 1251/3353/118
f 1052/3354/119 1061/3352/119 1251/3353/119 1247/3355/119
f 1053/3356/120 1052/3354/120 1247/3355/120 1243/3357/120
f 1064/3358/121 1053/3356/121 1243/3357/121 1245/3359/121
f 1047/3360/122 1064/3358/122 1245/3359/122 1250/3361/122
f 1050/3362/123 1047/3360/123 1250/3361/123 1239/3363/123
f 1046/3364/124 1050/3362/124 1239/3363/124 1242/3365/124
f 1043/3366/125 1046/3364/125 1242/3365/125 1419/3367/125
f 1041/3368/126 1043/3366/126 1419/3367/126 1408/3369/126
f 1040/3370/128 1041/3368/128 1408/3369/128 1436/3371/128
f 1166/3372/129 1040/3370/129 1436/3371/129 1439/3373/129
f 1168/3374/1 1166/3372/1 1439/3373/1 1437/3375/1
f 1155/3376/2 1168/3374/2 1437/3375/2 1340/3377/2
f 1159/3378/3 1155/3376/3 1340/3377/3 1341/3379/3
f 1157/3380/4 1159/3378/4 1341/3379/4 1338/3381/4
f 1031/3382/5 1157/3380/5 1338/3381/5 1343/3383/5
f 1029/3384/6 1031/3382/6 1343/3383/6 1333/3385/6
f 1034/3386/7 1029/3384/7 1333/3385/7 1336/3387/7
f 1025/3388/8 1034/3386/8 1336/3387/8 1345/3389/8
f 1028/3390/9 1025/3388/9 1345/3389/9 1328/3391/9
f 1023/3392/10 1028/3390/10 1328/3391/10 1329/3393/10
f 1036/3394/11 1023/3392/11 1329/3393/11 1326/3395/11
f 1017/3396/12 1036/3394/12 1326/3395/12 1332/3397/12
f 1019/3398/13 1017/3396/13 1332/3397/13 1321/3399/13
f 1015/3400/14 1019/3398/14 1321/3399/14 1323/3401/14
f 1022/3402/15 1015/3400/15 1323/3401/15 1319/3403/15
f 1012/3404/16 1022/3402/16 1319/3403/16 1318/3405/16
f 1316/3406/17 1013/3407/17 1012/3404/17 1318/3405/17
f 1313/3408/18 1037/3409/18 1013/3407/18 1316/3406/18
f 1311/3410/19 1004/3411/19 1037/3409/19 1313/3408/19
f 1308/3412/20 1006/3413/20 1004/3411/20 1311/3410/20
f 1310/3414/21 1001/3415/21 1006/3413/21 1308/3412/21
f 1306/3416/22 1010/3417/22 1001/3415/22 1310/3414/22
f 1301/3418/23 997/3419/23 1010/3417/23 1306/3416/23
f 1297/3420/24 1000/3421/24 997/3419/24 1301/3418/24
f 1299/3422/25 1008/3423/25 1000/3421/25 1297/3420/25
f 1303/3424/26 994/3425/26 1008/3423/26 1299/3422/26
f 1294/3426/27 996/3427/27 994/3425/27 1303/3424/27
f 1296/3428/28 992/3429/28 996/3427/28 1294/3426/28
f 1427/3430/29 991/3431/29 992/3429/29 1296/3428/29
f 1429/3432/30 988/3433/30 991/3431/30 1427/3430/30
f 1423/3434/31 987/3435/31 988/3433/31 1429/3432/31
f 1421/3436/32 1145/3437/32 987/3435/32 1423/3434/32
f 1426/3438/33 1148/3439/33 1145/3437/33 1421/3436/33
f 1347/3440/34 1154/3441/34 1148/3439/34 1426/3438/34
f 1349/3442/35 1151/3443/35 1154/3441/35 1347/3440/35
f 1352/3444/36 1150/3445/36 1151/3443/36 1349/3442/36
f 1353/3446/37 935/3447/37 1150/3445/37 1352/3444/37
f 1357/3448/38 932/3449/38 935/3447/38 1353/3446/38
f 1355/3450/39 941/3451/39 932/3449/39 1357/3448/39
f 1371/3452/40 939/3453/40 941/3451/40 1355/3450/40
f 1361/3454/41 937/3455/41 939/3453/41 1371/3452/41
f 1360/3456/42 942/3457/42 937/3455/42 1361/3454/42
f 1370/3458/43 944/3459/43 942/3457/43 1360/3456/43
f 1364/3460/44 949/3461/44 944/3459/44 1370/3458/44
f 1368/3462/45 946/3463/45 949/3461/45 1364/3460/45
f 1366/3464/46 952/3465/46 946/3463/46 1368/3462/46
f 1399/3466/47 950/3467/47 952/3465/47 1366/3464/47
f 1376/3468/48 954/3469/48 950/3467/48 1399/3466/48
f 1374/3470/49 957/3471/49 954/3469/49 1376/3468/49
f 1383/3472/50 958/3473/50 957/3471/50 1374/3470/50
f 1377/3474/51 963/3475/51 958/3473/51 1383/3472/51
f 1381/3476/52 960/3477/52 963/3475/52 1377/3474/52
f 1380/3478/53 970/3479/53 960/3477/53 1381/3476/53
f 1398/3480/54 964/3481/54 970/3479/54 1380/3478/54
f 1385/3482/55 968/3483/55 964/3481/55 1398/3480/55
f 1389/3484/56 967/3485/56 968/3483/56 1385/3482/56
f 1387/3486/57 985/3487/57 967/3485/57 1389/3484/57
f 1396/3488/58 974/3489/58 985/3487/58 1387/3486/58
f 1391/3490/59 973/3491/59 974/3489/59 1396/3488/59
f 1393/3492/60 983/3493/60 973/3491/60 1391/3490/60
f 1434/3494/61 976/3495/61 983/3493/61 1393/3492/61
f 1432/3496/62 981/3497/62 976/3495/62 1434/3494/62
f 1401/3498/63 979/3499/63 981/3497/63 1432/3496/63
f 1404/3500/64 1162/3501/64 979/3499/64 1401/3498/64
f 1811/3502/65 34/3/65 14/2/65 1809/3503/65
f 1810/3504/66 47/5/66 34/3/66 1811/3502/66
f 1816/3505/67 61/7/67 47/5/67 1810/3504/67
f 1812/3506/68 86/9/68 61/7/68 1816/3505/68
f 1815/3507/69 114/11/69 86/9/69 1812/3506/69
f 1814/3508/70 133/13/70 114/11/70 1815/3507/70
f 1813/3509/71 155/15/71 133/13/71 1814/3508/71
f 1825/3510/72 167/17/72 155/15/72 1813/3509/72
f 1817/3511/73 178/19/73 167/17/73 1825/3510/73
f 1819/3512/74 198/21/74 178/19/74 1817/3511/74
f 1818/3513/75 211/23/75 198/21/75 1819/3512/75
f 1824/3514/76 223/25/76 211/23/76 1818/3513/76
f 1820/3515/77 250/27/77 223/25/77 1824/3514/77
f 1823/3516/78 279/29/78 250/27/78 1820/3515/78
f 1821/3517/79 1822/3518/79 302/31/79 279/29/79 1823/3516/79
f 1745/3519/131 319/33/131 302/31/131 1822/3518/131
f 1756/3520/81 331/35/81 319/33/81 1745/3519/81
f 1748/3521/82 351/37/82 331/35/82 1756/3520/82
f 1747/3522/83 365/39/83 351/37/83 1748/3521/83
f 1750/3523/84 383/41/84 365/39/84 1747/3522/84
f 1749/3524/132 397/43/132 383/41/132 1750/3523/132
f 1755/3525/86 409/45/86 397/43/86 1749/3524/86
f 1752/3526/87 416/47/87 409/45/87 1755/3525/87
f 1751/3527/133 428/49/133 416/47/133 1752/3526/133
f 1754/3528/89 439/51/89 428/49/89 1751/3527/89
f 1753/3529/90 451/53/90 439/51/90 1754/3528/90
f 458/55/91 451/53/91 1753/3529/91 1717/3530/91
f 1710/3531/92 474/57/92 458/55/92 1717/3530/92
f 1708/3532/93 488/59/93 474/57/93 1710/3531/93
f 1715/3533/94 495/61/94 488/59/94 1708/3532/94
f 1713/3534/95 505/63/95 495/61/95 1715/3533/95
f 1712/3535/96 518/65/96 505/63/96 1713/3534/96
f 1714/3536/97 529/67/97 518/65/97 1712/3535/97
f 1711/3537/98 535/69/98 529/67/98 1714/3536/98
f 1716/3538/99 548/71/99 535/69/99 1711/3537/99
f 1709/3539/100 557/73/100 548/71/100 1716/3538/100
f 1707/3540/101 566/75/101 557/73/101 1709/3539/101
f 1718/3541/102 575/77/102 566/75/102 1707/3540/102
f 1704/3542/103 589/79/103 575/77/103 1718/3541/103
f 1705/3543/104 599/81/104 589/79/104 1704/3542/104
f 1702/3544/134 607/83/134 599/81/134 1705/3543/134
f 1703/3545/106 613/85/106 607/83/106 1702/3544/106
f 1706/3546/107 619/87/107 613/85/107 1703/3545/107
f 1699/3547/135 624/89/135 619/87/135 1706/3546/135
f 1700/3548/109 632/91/109 624/89/109 1699/3547/109
f 1701/3549/110 635/93/110 632/91/110 1700/3548/110
f 1697/3550/111 640/95/111 635/93/111 1701/3549/111
f 1698/3551/112 1743/3552/112 645/97/112 640/95/112 1697/3550/112
f 1744/3553/136 648/99/136 645/97/136 1743/3552/136
f 1742/3554/114 652/101/114 648/99/114 1744/3553/114
f 1746/3555/115 658/103/115 652/101/115 1742/3554/115
f 1740/3556/116 662/105/116 658/103/116 1746/3555/116
f 1741/3557/117 667/107/117 662/105/117 1740/3556/117
f 1738/3558/118 670/109/118 667/107/118 1741/3557/118
f 1739/3559/119 675/111/119 670/109/119 1738/3558/119
f 1736/3560/120 683/113/120 675/111/120 1739/3559/120
f 1733/3561/121 691/115/121 683/113/121 1736/3560/121
f 1732/3562/122 695/117/122 691/115/122 1733/3561/122
f 1734/3563/123 702/119/123 695/117/123 1732/3562/123
f 1731/3564/124 712/121/124 702/119/124 1734/3563/124
f 1735/3565/125 716/123/125 712/121/125 1731/3564/125
f 1728/3566/126 721/125/126 716/123/126 1735/3565/126
f 1729/3567/128 725/127/128 721/125/128 1728/3566/128
f 1730/3568/129 730/129/129 725/127/129 1729/3567/129
f 1727/3569/1 734/131/1 730/129/1 1730/3568/1
f 1737/3570/2 739/133/2 734/131/2 1727/3569/2
f 1723/3571/3 743/135/3 739/133/3 1737/3570/3
f 1724/3572/4 747/137/4 743/135/4 1723/3571/4
f 1725/3573/5 752/139/5 747/137/5 1724/3572/5
f 1722/3574/6 755/141/6 752/139/6 1725/3573/6
f 1726/3575/7 761/143/7 755/141/7 1722/3574/7
f 1720/3576/8 765/145/8 761/143/8 1726/3575/8
f 1721/3577/9 770/147/9 765/145/9 1720/3576/9
f 1719/3578/10 775/149/10 770/147/10 1721/3577/10
f 779/151/11 775/149/11 1719/3578/11 1795/3579/11
f 1796/3580/12 782/153/12 779/151/12 1795/3579/12
f 1798/3581/13 788/155/13 782/153/13 1796/3580/13
f 1793/3582/14 791/157/14 788/155/14 1798/3581/14
f 1790/3583/15 796/159/15 791/157/15 1793/3582/15
f 1784/3584/16 800/161/16 796/159/16 1790/3583/16
f 1786/3585/17 802/163/17 800/161/17 1784/3584/17
f 1782/3586/18 807/165/18 802/163/18 1786/3585/18
f 1788/3587/19 811/167/19 807/165/19 1782/3586/19
f 1777/3588/20 816/169/20 811/167/20 1788/3587/20
f 1778/3589/21 822/171/21 816/169/21 1777/3588/21
f 1780/3590/22 825/173/22 822/171/22 1778/3589/22
f 1775/3591/23 827/175/23 825/173/23 1780/3590/23
f 1770/3592/24 830/177/24 827/175/24 1775/3591/24
f 1831/3593/25 1830/3594/25 830/177/25 1770/3592/25 1766/3595/25 1834/3596/25
f 1834/3596/26 1766/3595/26 1768/3597/26 1844/3598/26
f 1844/3598/27 1768/3597/27 1764/3599/27 1845/3600/27
f 1845/3600/28 1764/3599/28 1771/3601/28 1843/3602/28
f 1843/3602/29 1771/3601/29 1760/3603/29 1846/3604/29
f 1846/3604/30 1760/3603/30 1761/3605/30 1841/3606/30
f 1841/3606/31 1761/3605/31 1758/3607/31 1842/3608/31
f 1842/3608/32 1758/3607/32 1757/3609/32 1840/3610/32
f 1840/3610/33 1757/3609/33 1759/3611/33 1837/3612/33
f 1837/3612/34 1759/3611/34 1763/3613/34 1836/3614/34
f 1836/3614/35 1763/3613/35 1762/3615/35 1839/3616/35
f 1839/3616/36 1762/3615/36 1772/3617/36 1838/3618/36
f 1838/3618/37 1772/3617/37 1765/3619/37 1832/3620/37
f 1832/3620/38 1765/3619/38 1769/3621/38 1833/3622/38
f 1833/3622/39 1769/3621/39 1767/3623/39 1835/3624/39
f 1829/3625/40 1835/3624/40 1767/3623/40 1773/3626/40 864/209/40 1828/3627/40
f 1776/3628/41 867/211/41 864/209/41 1773/3626/41
f 1774/3629/42 870/213/42 867/211/42 1776/3628/42
f 1781/3630/43 872/215/43 870/213/43 1774/3629/43
f 1779/3631/44 875/217/44 872/215/44 1781/3630/44
f 1789/3632/45 878/219/45 875/217/45 1779/3631/45
f 1783/3633/46 882/221/46 878/219/46 1789/3632/46
f 1787/3634/47 883/223/47 882/221/47 1783/3633/47
f 1785/3635/48 886/225/48 883/223/48 1787/3634/48
f 1791/3636/49 888/227/49 886/225/49 1785/3635/49
f 1794/3637/50 892/229/50 888/227/50 1791/3636/50
f 1792/3638/51 894/231/51 892/229/51 1794/3637/51
f 1799/3639/52 897/233/52 894/231/52 1792/3638/52
f 1797/3640/53 900/235/53 897/233/53 1799/3639/53
f 1808/3641/54 904/237/54 900/235/54 1797/3640/54
f 1800/3642/55 907/239/55 904/237/55 1808/3641/55
f 1802/3643/56 910/241/56 907/239/56 1800/3642/56
f 1801/3644/57 912/243/57 910/241/57 1802/3643/57
f 1807/3645/58 915/245/58 912/243/58 1801/3644/58
f 1803/3646/59 919/247/59 915/245/59 1807/3645/59
f 1806/3647/60 922/249/60 919/247/60 1803/3646/60
f 1805/3648/61 924/251/61 922/249/61 1806/3647/61
f 1804/3649/62 927/253/62 924/251/62 1805/3648/62
f 930/3650/130 14/422/130 34/3651/130 47/420/130 61/3652/130 86/465/130 114/464/130 133/463/130 155/462/130 167/461/130 178/460/130 198/459/130 211/458/130 223/457/130 250/3653/130 279/455/130 302/3654/130 319/453/130 331/3655/130 351/451/130 365/3656/130 383/655/130 397/654/130 409/653/130 416/652/130 428/651/130 439/650/130 451/649/130 458/648/130 474/647/130 488/3657/130 495/645/130 505/3658/130 518/643/130 529/3659/130 535/641/130 548/3660/130 557/639/130 566/638/130 575/637/130 589/636/130 599/635/130 607/3661/130 613/633/130 619/632/130 624/631/130 632/3662/130 635/629/130 640/3663/130 645/627/130 648/3664/130 652/3665/130 658/3666/130 662/3667/130 667/622/130 670/621/130 675/620/130 683/619/130 691/618/130 695/3668/130 702/616/130 712/615/130 716/3669/130 721/3670/130 725/3671/130 730/611/130 734/3672/130 739/3673/130 743/3674/130 747/607/130 752/606/130 755/3675/130 761/604/130 765/603/130 770/3676/130 775/601/130 779/600/130 782/3677/130 788/3678/130 791/3679/130 796/3680/130 800/595/130 802/3681/130 807/3682/130 811/3683/130 816/3684/130 822/590/130 825/589/130 827/3685/130 830/587/130 1830/3686/130 1827/3687/130 1828/3688/130 864/263/130 867/262/130 870/261/130 872/260/130 875/3689/130 878/3690/130 882/3691/130 883/3692/130 886/255/130 888/3693/130 892/436/130 894/3694/130 897/434/130 900/433/130 904/432/130 907/3695/130 910/430/130 912/429/130 915/428/130 919/427/130 922/426/130 924/3696/130 927/424/130
f 1826/3697/63 930/899/63 927/253/63 1804/3649/63
f 1809/3698/64 14/901/64 930/899/64 1826/3697/64
f 1859/3502/65 22/3/65 4/2/65 1858/3503/65
f 1860/3504/66 30/5/66 22/3/66 1859/3502/66
f 1863/3505/67 40/7/67 30/5/67 1860/3504/67
f 1861/3506/68 50/9/68 40/7/68 1863/3505/68
f 1862/3507/69 64/11/69 50/9/69 1861/3506/69
f 1869/3508/70 81/13/70 64/11/70 1862/3507/70
f 1864/3509/71 97/15/71 81/13/71 1869/3508/71
f 1865/3510/72 106/17/72 97/15/72 1864/3509/72
f 1868/3511/73 121/19/73 106/17/73 1865/3510/73
f 1866/3512/74 142/21/74 121/19/74 1868/3511/74
f 1867/3513/75 151/23/75 142/21/75 1866/3512/75
f 1892/3514/76 163/25/76 151/23/76 1867/3513/76
f 1894/3515/77 170/27/77 163/25/77 1892/3514/77
f 1893/3516/78 179/29/78 170/27/78 1894/3515/78
f 1897/3518/79 191/31/79 179/29/79 1893/3516/79
f 1895/3519/80 205/33/80 191/31/80 1897/3518/80
f 1896/3520/81 216/35/81 205/33/81 1895/3519/81
f 231/37/82 216/35/82 1896/3520/82 1945/3521/82
f 1948/3522/83 245/39/83 231/37/83 1945/3521/83
f 1952/3523/84 259/41/84 245/39/84 1948/3522/84
f 1950/3524/85 273/43/85 259/41/85 1952/3523/85
f 1974/3525/86 290/45/86 273/43/86 1950/3524/86
f 1954/3526/87 293/47/87 290/45/87 1974/3525/87
f 1957/3527/88 311/49/88 293/47/88 1954/3526/88
f 1961/3528/89 325/51/89 311/49/89 1957/3527/89
f 1959/3529/90 339/53/90 325/51/90 1961/3528/90
f 1972/3530/91 345/55/91 339/53/91 1959/3529/91
f 1962/3531/92 359/57/92 345/55/92 1972/3530/92
f 1965/3532/93 371/59/93 359/57/93 1962/3531/93
f 1970/3533/94 380/61/94 371/59/94 1965/3532/94
f 1967/3534/95 389/63/95 380/61/95 1970/3533/95
f 1966/3535/96 401/65/96 389/63/96 1967/3534/96
f 1969/3536/97 407/67/97 401/65/97 1966/3535/97
f 1968/3537/98 411/69/98 407/67/98 1969/3536/98
f 1963/3538/99 417/71/99 411/69/99 1968/3537/99
f 1964/3539/100 425/73/100 417/71/100 1963/3538/100
f 1971/3540/101 434/75/101 425/73/101 1964/3539/101
f 1958/3541/102 440/77/102 434/75/102 1971/3540/102
f 1960/3542/103 446/79/103 440/77/103 1958/3541/103
f 1955/3543/104 455/81/104 446/79/104 1960/3542/104
f 1956/3544/105 462/83/105 455/81/105 1955/3543/105
f 1973/3545/106 472/85/106 462/83/106 1956/3544/106
f 1949/3546/107 479/87/107 472/85/107 1973/3545/107
f 1951/3547/108 490/89/108 479/87/108 1949/3546/108
f 1946/3548/109 498/91/109 490/89/109 1951/3547/109
f 1947/3549/110 502/93/110 498/91/110 1946/3548/110
f 1953/3550/111 508/95/111 502/93/111 1947/3549/111
f 1942/3552/112 517/97/112 508/95/112 1953/3550/112
f 1943/3553/113 523/99/113 517/97/113 1942/3552/113
f 1940/3554/114 531/101/114 523/99/114 1943/3553/114
f 1941/3555/115 536/103/115 531/101/115 1940/3554/115
f 1944/3556/116 544/105/116 536/103/116 1941/3555/116
f 1938/3557/117 551/107/117 544/105/117 1944/3556/117
f 1939/3558/118 555/109/118 551/107/118 1938/3557/118
f 1936/3559/119 562/111/119 555/109/119 1939/3558/119
f 1937/3560/120 568/113/120 562/111/120 1936/3559/120
f 1975/3561/121 577/115/121 568/113/121 1937/3560/121
f 1932/3562/122 581/117/122 577/115/122 1975/3561/122
f 1933/3563/123 591/119/123 581/117/123 1932/3562/123
f 1930/3564/124 598/121/124 591/119/124 1933/3563/124
f 1931/3565/125 602/123/125 598/121/125 1930/3564/125
f 1934/3566/126 606/125/126 602/123/126 1931/3565/126
f 1928/3567/128 610/127/128 606/125/128 1934/3566/128
f 1929/3568/129 615/129/129 610/127/129 1928/3567/129
f 1926/3569/1 620/131/1 615/129/1 1929/3568/1
f 1927/3570/2 625/133/2 620/131/2 1926/3569/2
f 1935/3571/3 628/135/3 625/133/3 1927/3570/3
f 1981/3699/4 1980/3700/4 628/135/4 1935/3571/4 1923/3572/4 1983/3701/4
f 1923/3572/5 1924/3573/5 1984/3702/5 1983/3701/5
f 1924/3573/6 1921/3574/6 1993/3703/6 1984/3702/6
f 1921/3574/7 1922/3575/7 1992/3704/7 1993/3703/7
f 1922/3575/8 1925/3576/8 1994/3705/8 1992/3704/8
f 1925/3576/9 1919/3577/9 1990/3706/9 1994/3705/9
f 1919/3577/10 1920/3578/10 1991/3707/10 1990/3706/10
f 1920/3578/11 1917/3579/11 1995/3708/11 1991/3707/11
f 1917/3579/12 1918/3580/12 1988/3709/12 1995/3708/12
f 1918/3580/13 1916/3581/13 1989/3710/13 1988/3709/13
f 1916/3581/14 1913/3582/14 1987/3711/14 1989/3710/14
f 1913/3582/15 1914/3583/15 1985/3712/15 1987/3711/15
f 1914/3583/16 1911/3584/16 1986/3713/16 1985/3712/16
f 1986/3713/17 1911/3584/17 1912/3585/17 1982/3714/17
f 1976/3715/18 1982/3714/18 1912/3585/18 1915/3586/18 676/165/18 1977/3716/18
f 1909/3587/19 680/167/19 676/165/19 1915/3586/19
f 1910/3588/20 685/169/20 680/167/20 1909/3587/20
f 1907/3589/21 688/171/21 685/169/21 1910/3588/21
f 1908/3590/22 692/173/22 688/171/22 1907/3589/22
f 1906/3591/23 699/175/23 692/173/23 1908/3590/23
f 1904/3592/24 703/177/24 699/175/24 1906/3591/24
f 1905/3595/25 708/179/25 703/177/25 1904/3592/25
f 1902/3597/26 710/181/26 708/179/26 1905/3595/26
f 1903/3599/27 714/183/27 710/181/27 1902/3597/27
f 1900/3601/28 717/185/28 714/183/28 1903/3599/28
f 1899/3603/29 720/187/29 717/185/29 1900/3601/29
f 1901/3605/30 724/189/30 720/187/30 1899/3603/30
f 1898/3607/31 727/191/31 724/189/31 1901/3605/31
f 1870/3609/32 729/193/32 727/191/32 1898/3607/32
f 1871/3611/33 733/195/33 729/193/33 1870/3609/33
f 1872/3613/34 735/197/34 733/195/34 1871/3611/34
f 1873/3615/35 738/199/35 735/197/35 1872/3613/35
f 1875/3617/36 741/201/36 738/199/36 1873/3615/36
f 1874/3619/37 745/203/37 741/201/37 1875/3617/37
f 1876/3621/38 748/205/38 745/203/38 1874/3619/38
f 1877/3623/39 750/207/39 748/205/39 1876/3621/39
f 1879/3626/40 753/209/40 750/207/40 1877/3623/40
f 1878/3628/41 756/211/41 753/209/41 1879/3626/41
f 1883/3629/42 759/213/42 756/211/42 1878/3628/42
f 1880/3630/43 763/215/43 759/213/43 1883/3629/43
f 1882/3631/44 766/217/44 763/215/44 1880/3630/44
f 1881/3632/45 768/219/45 766/217/45 1882/3631/45
f 1884/3633/46 771/221/46 768/219/46 1881/3632/46
f 1885/3634/47 774/223/47 771/221/47 1884/3633/47
f 1887/3635/48 777/225/48 774/223/48 1885/3634/48
f 1886/3636/49 781/227/49 777/225/49 1887/3635/49
f 1891/3637/50 784/229/50 781/227/50 1886/3636/50
f 1888/3638/51 787/231/51 784/229/51 1891/3637/51
f 1890/3639/52 790/233/52 787/231/52 1888/3638/52
f 1889/3640/53 793/235/53 790/233/53 1890/3639/53
f 1847/3717/54 1848/3641/54 795/237/54 793/235/54 1889/3640/54
f 1849/3642/55 798/239/55 795/237/55 1848/3641/55
f 1850/3643/56 801/241/56 798/239/56 1849/3642/56
f 1851/3644/57 803/243/57 801/241/57 1850/3643/57
f 1852/3645/58 805/245/58 803/243/58 1851/3644/58
f 1853/3646/59 808/247/59 805/245/59 1852/3645/59
f 1854/3647/60 812/249/60 808/247/60 1853/3646/60
f 1857/3648/61 815/251/61 812/249/61 1854/3647/61
f 1855/3649/62 818/253/62 815/251/62 1857/3648/62
f 1978/3718/130 1977/3719/130 676/3682/130 680/3683/130 685/3684/130 688/590/130 692/589/130 699/3685/130 703/587/130 708/586/130 710/3720/130 714/584/130 717/583/130 720/3721/130 724/3722/130 727/3723/130 729/579/130 733/3724/130 735/3725/130 738/3726/130 741/267/130 745/266/130 748/3727/130 750/264/130 753/263/130 756/262/130 759/261/130 763/260/130 766/3689/130 768/3690/130 771/3691/130 774/3692/130 777/255/130 781/3693/130 784/436/130 787/3694/130 790/434/130 793/433/130 795/432/130 798/3695/130 801/430/130 803/429/130 805/428/130 808/427/130 812/426/130 815/3696/130 818/424/130 820/3650/130 4/422/130 22/3651/130 30/420/130 40/3652/130 50/465/130 64/464/130 81/463/130 97/462/130 106/461/130 121/460/130 142/459/130 151/458/130 163/457/130 170/3653/130 179/455/130 191/3654/130 205/453/130 216/3655/130 231/451/130 245/3656/130 259/655/130 273/654/130 290/653/130 293/652/130 311/651/130 325/650/130 339/649/130 345/648/130 359/647/130 371/3657/130 380/645/130 389/3658/130 401/643/130 407/3659/130 411/641/130 417/3660/130 425/639/130 434/638/130 440/637/130 446/636/130 455/635/130 462/3661/130 472/633/130 479/632/130 490/631/130 498/3662/130 502/629/130 508/3663/130 517/627/130 523/3664/130 531/3665/130 536/3666/130 544/3667/130 551/622/130 555/621/130 562/620/130 568/619/130 577/618/130 581/3668/130 591/616/130 598/615/130 602/3669/130 606/3670/130 610/3671/130 615/611/130 620/3672/130 625/3673/130 628/3674/130 1980/3728/130 1979/3729/130
f 1856/3697/63 820/899/63 818/253/63 1855/3649/63
f 1858/3698/64 4/901/64 820/899/64 1856/3697/64
f 2056/3502/65 19/3/65 7/2/65 2059/3503/65
f 2055/3504/66 25/5/66 19/3/66 2056/3502/66
f 2058/3505/67 31/7/67 25/5/67 2055/3504/67
f 2057/3506/68 37/9/68 31/7/68 2058/3505/68
f 2060/3507/69 43/11/69 37/9/69 2057/3506/69
f 2061/3508/70 52/13/70 43/11/70 2060/3507/70
f 2073/3509/71 57/15/71 52/13/71 2061/3508/71
f 2090/3510/72 67/17/72 57/15/72 2073/3509/72
f 2077/3511/73 75/19/73 67/17/73 2090/3510/73
f 2081/3512/74 88/21/74 75/19/74 2077/3511/74
f 2079/3513/75 95/23/75 88/21/75 2081/3512/75
f 2089/3514/76 107/25/76 95/23/76 2079/3513/76
f 2083/3515/77 115/27/77 107/25/77 2089/3514/77
f 2087/3516/78 124/29/78 115/27/78 2083/3515/78
f 2085/3518/79 135/31/79 124/29/79 2087/3516/79
f 2122/3519/80 146/33/80 135/31/80 2085/3518/80
f 2092/3520/81 153/35/81 146/33/81 2122/3519/81
f 2096/3521/82 160/37/82 153/35/82 2092/3520/82
f 2094/3522/83 169/39/83 160/37/83 2096/3521/83
f 2104/3523/84 177/41/84 169/39/84 2094/3522/84
f 2098/3524/85 183/43/85 177/41/85 2104/3523/85
f 2102/3525/86 187/45/86 183/43/86 2098/3524/86
f 2100/3526/87 196/47/87 187/45/87 2102/3525/87
f 2121/3527/88 201/49/88 196/47/88 2100/3526/88
f 2106/3528/89 210/51/89 201/49/89 2121/3527/89
f 2110/3529/90 214/53/90 210/51/90 2106/3528/90
f 2108/3530/91 226/55/91 214/53/91 2110/3529/91
f 2119/3531/92 232/57/92 226/55/92 2108/3530/92
f 2112/3532/93 244/59/93 232/57/93 2119/3531/93
f 2117/3533/94 257/61/94 244/59/94 2112/3532/94
f 2115/3534/95 265/63/95 257/61/95 2117/3533/95
f 2113/3535/96 277/65/96 265/63/96 2115/3534/96
f 2114/3536/97 286/67/97 277/65/97 2113/3535/97
f 2116/3537/98 298/69/98 286/67/98 2114/3536/98
f 2111/3538/99 304/71/99 298/69/99 2116/3537/99
f 2118/3539/100 317/73/100 304/71/100 2111/3538/100
f 2107/3540/101 328/75/101 317/73/101 2118/3539/101
f 2109/3541/102 334/77/102 328/75/102 2107/3540/102
f 2105/3542/103 341/79/103 334/77/103 2109/3541/103
f 2120/3543/104 350/81/104 341/79/104 2105/3542/104
f 2099/3544/105 356/83/105 350/81/105 2120/3543/105
f 2101/3545/106 361/85/106 356/83/106 2099/3544/106
f 2097/3546/107 373/87/107 361/85/107 2101/3545/107
f 2103/3547/108 377/89/108 373/87/108 2097/3546/108
f 2093/3548/109 385/91/109 377/89/109 2103/3547/109
f 2095/3549/110 391/93/110 385/91/110 2093/3548/110
f 2129/3730/111 2128/3731/111 391/93/111 2095/3549/111 2091/3550/111 2139/3732/111
f 2091/3550/112 2123/3552/112 2138/3733/112 2139/3732/112
f 2123/3552/113 2084/3553/113 2143/3734/113 2138/3733/113
f 2084/3553/114 2086/3554/114 2142/3735/114 2143/3734/114
f 2086/3554/115 2082/3555/115 2141/3736/115 2142/3735/115
f 2082/3555/116 2088/3556/116 2140/3737/116 2141/3736/116
f 2088/3556/117 2078/3557/117 2136/3738/117 2140/3737/117
f 2078/3557/118 2080/3558/118 2137/3739/118 2136/3738/118
f 2080/3558/119 2076/3559/119 2135/3740/119 2137/3739/119
f 2076/3559/120 2048/3560/120 2134/3741/120 2135/3740/120
f 2048/3560/121 2049/3561/121 2133/3742/121 2134/3741/121
f 2049/3561/122 2047/3562/122 2132/3743/122 2133/3742/122
f 2047/3562/123 2050/3563/123 2131/3744/123 2132/3743/123
f 2050/3563/124 2045/3564/124 2130/3745/124 2131/3744/124
f 2124/3746/125 2130/3745/125 2045/3564/125 2046/3565/125 461/123/125 2125/3747/125
f 2044/3566/126 467/125/126 461/123/126 2046/3565/126
f 2051/3567/128 476/127/128 467/125/128 2044/3566/128
f 2041/3568/129 482/129/129 476/127/129 2051/3567/129
f 2042/3569/1 487/131/1 482/129/1 2041/3568/1
f 2040/3570/2 493/133/2 487/131/2 2042/3569/2
f 2043/3571/3 496/135/3 493/133/3 2040/3570/3
f 2038/3572/4 501/137/4 496/135/4 2043/3571/4
f 2039/3573/5 506/139/5 501/137/5 2038/3572/5
f 2052/3574/6 509/141/6 506/139/6 2039/3573/6
f 2034/3575/7 514/143/7 509/141/7 2052/3574/7
f 2035/3576/8 520/145/8 514/143/8 2034/3575/8
f 2033/3577/9 524/147/9 520/145/9 2035/3576/9
f 2036/3578/10 528/149/10 524/147/10 2033/3577/10
f 2031/3579/11 532/151/11 528/149/11 2036/3578/11
f 2032/3580/12 538/153/12 532/151/12 2031/3579/12
f 2030/3581/13 542/155/13 538/153/13 2032/3580/13
f 2037/3582/14 545/157/14 542/155/14 2030/3581/14
f 2026/3583/15 550/159/15 545/157/15 2037/3582/15
f 2028/3584/16 556/161/16 550/159/16 2026/3583/16
f 2053/3585/17 559/163/17 556/161/17 2028/3584/17
f 2019/3586/18 565/165/18 559/163/18 2053/3585/18
f 2021/3587/19 570/167/19 565/165/19 2019/3586/19
f 2017/3588/20 572/169/20 570/167/20 2021/3587/20
f 2023/3589/21 578/171/21 572/169/21 2017/3588/21
f 2012/3590/22 583/173/22 578/171/22 2023/3589/22
f 2014/3591/23 586/175/23 583/173/23 2012/3590/23
f 2010/3592/24 592/177/24 586/175/24 2014/3591/24
f 2008/3595/25 597/179/25 592/177/25 2010/3592/25
f 2004/3597/26 600/181/26 597/179/26 2008/3595/26
f 2006/3599/27 603/183/27 600/181/27 2004/3597/27
f 2003/3601/28 605/185/28 603/183/28 2006/3599/28
f 2001/3603/29 609/187/29 605/185/29 2003/3601/29
f 1999/3605/30 611/189/30 609/187/30 2001/3603/30
f 1997/3607/31 614/191/31 611/189/31 1999/3605/31
f 1996/3609/32 617/193/32 614/191/32 1997/3607/32
f 1998/3611/33 621/195/33 617/193/33 1996/3609/33
f 2002/3613/34 623/197/34 621/195/34 1998/3611/34
f 2000/3615/35 626/199/35 623/197/35 2002/3613/35
f 2009/3617/36 630/201/36 626/199/36 2000/3615/36
f 2007/3619/37 633/203/37 630/201/37 2009/3617/37
f 2005/3621/38 636/205/38 633/203/38 2007/3619/38
f 2024/3623/39 638/207/39 636/205/39 2005/3621/39
f 2011/3626/40 641/209/40 638/207/40 2024/3623/40
f 2015/3628/41 644/211/41 641/209/41 2011/3626/41
f 2013/3629/42 647/213/42 644/211/42 2015/3628/42
f 2016/3630/43 651/215/43 647/213/43 2013/3629/43
f 2018/3631/44 654/217/44 651/215/44 2016/3630/44
f 2022/3632/45 657/219/45 654/217/45 2018/3631/45
f 2020/3633/46 660/221/46 657/219/46 2022/3632/46
f 2054/3634/47 663/223/47 660/221/47 2020/3633/47
f 2025/3635/48 666/225/48 663/223/48 2054/3634/48
f 2029/3636/49 668/227/49 666/225/49 2025/3635/49
f 2027/3637/50 672/229/50 668/227/50 2029/3636/50
f 2062/3638/51 674/231/51 672/229/51 2027/3637/51
f 2063/3639/52 678/233/52 674/231/52 2062/3638/52
f 2064/3640/53 681/235/53 678/233/53 2063/3639/53
f 2065/3641/54 684/237/54 681/235/54 2064/3640/54
f 2067/3642/55 686/239/55 684/237/55 2065/3641/55
f 2066/3643/56 690/241/56 686/239/56 2067/3642/56
f 2068/3644/57 693/243/57 690/241/57 2066/3643/57
f 2069/3645/58 696/245/58 693/243/58 2068/3644/58
f 2071/3646/59 698/247/59 696/245/59 2069/3645/59
f 2070/3647/60 701/249/60 698/247/60 2071/3646/60
f 2075/3648/61 704/251/61 701/249/61 2070/3647/61
f 2072/3649/62 707/253/62 704/251/62 2075/3648/62
f 707/424/130 711/3650/130 7/422/130 19/3651/130 25/420/130 31/3652/130 37/465/130 43/464/130 52/463/130 57/462/130 67/461/130 75/460/130 88/459/130 95/458/130 107/457/130 115/3653/130 124/455/130 135/3654/130 146/453/130 153/3655/130 160/451/130 169/3656/130 177/655/130 183/654/130 187/653/130 196/652/130 201/651/130 210/650/130 214/649/130 226/648/130 232/647/130 244/3657/130 257/645/130 265/3658/130 277/643/130 286/3659/130 298/641/130 304/3660/130 317/639/130 328/638/130 334/637/130 341/636/130 350/635/130 356/3661/130 361/633/130 373/632/130 377/631/130 385/3662/130 391/629/130 2128/3748/130 2127/3749/130 2126/3750/130 2125/3751/130 461/3669/130 467/3670/130 476/3671/130 482/611/130 487/3672/130 493/3673/130 496/3674/130 501/607/130 506/606/130 509/3675/130 514/604/130 520/603/130 524/3676/130 528/601/130 532/600/130 538/3677/130 542/3678/130 545/3679/130 550/3680/130 556/595/130 559/3681/130 565/3682/130 570/3683/130 572/3684/130 578/590/130 583/589/130 586/3685/130 592/587/130 597/586/130 600/3720/130 603/584/130 605/583/130 609/3721/130 611/3722/130 614/3723/130 617/579/130 621/3724/130 623/3725/130 626/3726/130 630/267/130 633/266/130 636/3727/130 638/264/130 641/263/130 644/262/130 647/261/130 651/260/130 654/3689/130 657/3690/130 660/3691/130 663/3692/130 666/255/130 668/3693/130 672/436/130 674/3694/130 678/434/130 681/433/130 684/432/130 686/3695/130 690/430/130 693/429/130 696/428/130 698/427/130 701/426/130 704/3696/130
f 2074/3697/63 711/899/63 707/253/63 2072/3649/63
f 2059/3698/64 7/901/64 711/899/64 2074/3697/64
f 2239/3502/65 12/3/65 5/2/65 2233/3503/65
f 2236/3504/66 16/5/66 12/3/66 2239/3502/66
f 2238/3505/67 23/7/67 16/5/67 2236/3504/67
f 2237/3506/68 28/9/68 23/7/68 2238/3505/68
f 2221/3507/69 32/11/69 28/9/69 2237/3506/69
f 2220/3508/70 36/13/70 32/11/70 2221/3507/70
f 2224/3509/71 42/15/71 36/13/71 2220/3508/71
f 2222/3510/72 46/17/72 42/15/72 2224/3509/72
f 2223/3511/73 49/19/73 46/17/73 2222/3510/73
f 2209/3512/74 55/21/74 49/19/74 2223/3511/74
f 2208/3513/75 59/23/75 55/21/75 2209/3512/75
f 2212/3514/76 66/25/76 59/23/76 2208/3513/76
f 2210/3515/77 71/27/77 66/25/77 2212/3514/77
f 2211/3516/78 79/29/78 71/27/78 2210/3515/78
f 2199/3518/79 83/31/79 79/29/79 2211/3516/79
f 2198/3519/80 93/33/80 83/31/80 2199/3518/80
f 2202/3520/81 99/35/81 93/33/81 2198/3519/81
f 2200/3521/82 103/37/82 99/35/82 2202/3520/82
f 2201/3522/83 110/39/83 103/37/83 2200/3521/83
f 119/41/84 110/39/84 2201/3522/84 2185/3523/84
f 2184/3524/85 126/43/85 119/41/85 2185/3523/85
f 2189/3525/86 132/45/86 126/43/86 2184/3524/86
f 2186/3526/87 137/47/87 132/45/87 2189/3525/87
f 2188/3527/88 144/49/88 137/47/88 2186/3526/88
f 2276/3752/89 2275/3753/89 144/49/89 2188/3527/89 2187/3528/89 2277/3754/89
f 2187/3528/90 2167/3529/90 2280/3755/90 2277/3754/90
f 2167/3529/91 2169/3530/91 2279/3756/91 2280/3755/91
f 2169/3530/92 2168/3531/92 2281/3757/92 2279/3756/92
f 2168/3531/93 2175/3532/93 2284/3758/93 2281/3757/93
f 2175/3532/94 2170/3533/94 2282/3759/94 2284/3758/94
f 2170/3533/95 2173/3534/95 2283/3760/95 2282/3759/95
f 2173/3534/96 2171/3535/96 2290/3761/96 2283/3760/96
f 2171/3535/97 2172/3536/97 2288/3762/97 2290/3761/97
f 2172/3536/98 2174/3537/98 2289/3763/98 2288/3762/98
f 2174/3537/99 2176/3538/99 2291/3764/99 2289/3763/99
f 2176/3538/100 2154/3539/100 2286/3765/100 2291/3764/100
f 2154/3539/101 2155/3540/101 2287/3766/101 2286/3765/101
f 2155/3540/102 2153/3541/102 2285/3767/102 2287/3766/102
f 2153/3541/103 2156/3542/103 2278/3768/103 2285/3767/103
f 2272/3769/104 2278/3768/104 2156/3542/104 2151/3543/104 218/81/104 2273/3770/104
f 2152/3544/105 227/83/105 218/81/105 2151/3543/105
f 2150/3545/106 235/85/106 227/83/106 2152/3544/106
f 2149/3546/107 238/87/107 235/85/107 2150/3545/107
f 2147/3547/108 247/89/108 238/87/108 2149/3546/108
f 2148/3548/109 253/91/109 247/89/109 2147/3547/109
f 2146/3549/110 260/93/110 253/91/110 2148/3548/110
f 2145/3550/111 268/95/111 260/93/111 2146/3549/111
f 2144/3552/112 274/97/112 268/95/112 2145/3550/112
f 282/99/113 274/97/113 2144/3552/113 2177/3553/113
f 2163/3554/114 288/101/114 282/99/114 2177/3553/114
f 2164/3555/115 295/103/115 288/101/115 2163/3554/115
f 2165/3556/116 299/105/116 295/103/116 2164/3555/116
f 2161/3557/117 307/107/117 299/105/117 2165/3556/117
f 2162/3558/118 313/109/118 307/107/118 2161/3557/118
f 2166/3559/119 322/111/119 313/109/119 2162/3558/119
f 2158/3560/120 327/113/120 322/111/120 2166/3559/120
f 2159/3561/121 335/115/121 327/113/121 2158/3560/121
f 2160/3562/122 338/117/122 335/115/122 2159/3561/122
f 2157/3563/123 342/119/123 338/117/123 2160/3562/123
f 348/121/124 342/119/124 2157/3563/124 2190/3564/124
f 2181/3565/125 353/123/125 348/121/125 2190/3564/125
f 2182/3566/126 358/125/126 353/123/126 2181/3565/126
f 2180/3567/128 362/127/128 358/125/128 2182/3566/128
f 2183/3568/129 370/129/129 362/127/129 2180/3567/129
f 2178/3569/1 374/131/1 370/129/1 2183/3568/1
f 2179/3570/2 378/133/2 374/131/2 2178/3569/2
f 381/135/3 378/133/3 2179/3570/3 2197/3571/3
f 2196/3572/4 386/137/4 381/135/4 2197/3571/4
f 2194/3573/5 392/139/5 386/137/5 2196/3572/5
f 2195/3574/6 395/141/6 392/139/6 2194/3573/6
f 2193/3575/7 399/143/7 395/141/7 2195/3574/7
f 2192/3576/8 406/145/8 399/143/8 2193/3575/8
f 2191/3577/9 410/147/9 406/145/9 2192/3576/9
f 415/149/10 410/147/10 2191/3577/10 2213/3578/10
f 2206/3579/11 419/151/11 415/149/11 2213/3578/11
f 2207/3580/12 422/153/12 419/151/12 2206/3579/12
f 2205/3581/13 427/155/13 422/153/13 2207/3580/13
f 2204/3582/14 431/157/14 427/155/14 2205/3581/14
f 2203/3583/15 436/159/15 431/157/15 2204/3582/15
f 441/161/137 436/159/137 2203/3583/137 2225/3584/137
f 2217/3585/17 444/163/17 441/161/17 2225/3584/17
f 2218/3586/18 449/165/18 444/163/18 2217/3585/18
f 2216/3587/19 454/167/19 449/165/19 2218/3586/19
f 2219/3588/20 460/169/20 454/167/20 2216/3587/20
f 2214/3589/138 464/171/138 460/169/138 2219/3588/138
f 2215/3590/22 469/173/22 464/171/22 2214/3589/22
f 2240/3591/23 473/175/23 469/173/23 2215/3590/23
f 2230/3592/139 478/177/139 473/175/139 2240/3591/139
f 2231/3595/25 480/179/25 478/177/25 2230/3592/25
f 2232/3597/26 486/181/26 480/179/26 2231/3595/26
f 2229/3599/27 489/183/27 486/181/27 2232/3597/27
f 2227/3601/28 491/185/28 489/183/28 2229/3599/28
f 2226/3603/29 494/187/29 491/185/29 2227/3601/29
f 2228/3605/30 497/189/30 494/187/30 2226/3603/30
f 2242/3607/31 500/191/31 497/189/31 2228/3605/31
f 2241/3609/32 503/193/32 500/191/32 2242/3607/32
f 2243/3611/33 507/195/33 503/193/33 2241/3609/33
f 2246/3613/34 510/197/34 507/195/34 2243/3611/34
f 2245/3615/35 512/199/35 510/197/35 2246/3613/35
f 2244/3617/36 516/201/36 512/199/36 2245/3615/36
f 2247/3619/37 519/203/37 516/201/37 2244/3617/37
f 2248/3621/38 522/205/38 519/203/38 2247/3619/38
f 2250/3623/39 525/207/39 522/205/39 2248/3621/39
f 2249/3626/40 527/209/40 525/207/40 2250/3623/40
f 2255/3628/140 530/211/140 527/209/140 2249/3626/140
f 2251/3629/42 533/213/42 530/211/42 2255/3628/42
f 2254/3630/43 537/215/43 533/213/43 2251/3629/43
f 2253/3631/141 539/217/141 537/215/141 2254/3630/141
f 2252/3632/45 543/219/45 539/217/45 2253/3631/45
f 2271/3633/46 546/221/46 543/219/46 2252/3632/46
f 2256/3634/47 549/223/47 546/221/47 2271/3633/47
f 2258/3635/48 552/225/48 549/223/48 2256/3634/48
f 2257/3636/142 554/227/142 552/225/142 2258/3635/142
f 2262/3637/50 558/229/50 554/227/50 2257/3636/50
f 2259/3638/51 561/231/51 558/229/51 2262/3637/51
f 2261/3639/52 564/233/52 561/231/52 2259/3638/52
f 2260/3640/53 567/235/53 564/233/53 2261/3639/53
f 2270/3641/54 569/237/54 567/235/54 2260/3640/54
f 2263/3642/55 573/239/55 569/237/55 2270/3641/55
f 2265/3643/56 576/241/56 573/239/56 2263/3642/56
f 2264/3644/57 579/243/57 576/241/57 2265/3643/57
f 2269/3645/58 582/245/58 579/243/58 2264/3644/58
f 2266/3646/59 584/247/59 582/245/59 2269/3645/59
f 2268/3647/60 587/249/60 584/247/60 2266/3646/60
f 2267/3648/61 590/251/61 587/249/61 2268/3647/61
f 2235/3649/62 594/253/62 590/251/62 2267/3648/62
f 594/424/130 596/3650/130 5/422/130 12/3651/130 16/420/130 23/3652/130 28/465/130 32/464/130 36/463/130 42/462/130 46/461/130 49/460/130 55/459/130 59/458/130 66/457/130 71/3653/130 79/455/130 83/3654/130 93/453/130 99/3655/130 103/451/130 110/3656/130 119/655/130 126/654/130 132/653/130 137/652/130 144/651/130 2275/3771/130 2274/3772/130 2273/3773/130 218/635/130 227/3661/130 235/633/130 238/632/130 247/631/130 253/3662/130 260/629/130 268/3663/130 274/627/130 282/3664/130 288/3665/130 295/3666/130 299/3667/130 307/622/130 313/621/130 322/620/130 327/619/130 335/618/130 338/3668/130 342/616/130 348/615/130 353/3669/130 358/3670/130 362/3671/130 370/611/130 374/3672/130 378/3673/130 381/3674/130 386/607/130 392/606/130 395/3675/130 399/604/130 406/603/130 410/3676/130 415/601/130 419/600/130 422/3677/130 427/3678/130 431/3679/130 436/3680/130 441/595/130 444/3681/130 449/3682/130 454/3683/130 460/3684/130 464/590/130 469/589/130 473/3685/130 478/587/130 480/586/130 486/3720/130 489/584/130 491/583/130 494/3721/130 497/3722/130 500/3723/130 503/579/130 507/3724/130 510/3725/130 512/3726/130 516/267/130 519/266/130 522/3727/130 525/264/130 527/263/130 530/262/130 533/261/130 537/260/130 539/3689/130 543/3690/130 546/3691/130 549/3692/130 552/255/130 554/3693/130 558/436/130 561/3694/130 564/434/130 567/433/130 569/432/130 573/3695/130 576/430/130 579/429/130 582/428/130 584/427/130 587/426/130 590/3696/130
f 2234/3697/63 596/899/63 594/253/63 2235/3649/63
f 2233/3698/64 5/901/64 596/899/64 2234/3697/64
f 2372/3502/65 8/3/65 2/2/65 2374/3503/65
f 2373/3504/66 13/5/66 8/3/66 2372/3502/66
f 2382/3505/67 17/7/67 13/5/67 2373/3504/67
f 2424/3774/68 2425/3775/68 17/7/68 2382/3505/68 2384/3506/68 2427/3776/68
f 2427/3776/69 2384/3506/69 2383/3507/69 2426/3777/69
f 2426/3777/70 2383/3507/70 2385/3508/70 2429/3778/70
f 2429/3778/71 2385/3508/71 2387/3509/71 2428/3779/71
f 2428/3779/72 2387/3509/72 2386/3510/72 2432/3780/72
f 2432/3780/73 2386/3510/73 2388/3511/73 2431/3781/73
f 2431/3781/74 2388/3511/74 2398/3512/74 2430/3782/74
f 2430/3782/75 2398/3512/75 2399/3513/75 2439/3783/75
f 2439/3783/76 2399/3513/76 2402/3514/76 2436/3784/76
f 2436/3784/77 2402/3514/77 2401/3515/77 2437/3785/77
f 2437/3785/78 2401/3515/78 2400/3516/78 2438/3786/78
f 2438/3786/79 2400/3516/79 2408/3518/79 2434/3787/79
f 2434/3787/80 2408/3518/80 2404/3519/80 2433/3788/80
f 2404/3519/81 2403/3520/81 2435/3789/81 2433/3788/81
f 2422/3790/82 2435/3789/82 2403/3520/82 2407/3521/82 63/37/82 2421/3791/82
f 2406/3522/83 69/39/83 63/37/83 2407/3521/83
f 2405/3523/84 73/41/84 69/39/84 2406/3522/84
f 2419/3524/85 77/43/85 73/41/85 2405/3523/85
f 2410/3525/86 82/45/86 77/43/86 2419/3524/86
f 2409/3526/87 85/47/87 82/45/87 2410/3525/87
f 2413/3527/88 91/49/88 85/47/88 2409/3526/88
f 2412/3528/89 94/51/89 91/49/89 2413/3527/89
f 2411/3529/90 100/53/90 94/51/90 2412/3528/90
f 2418/3530/91 105/55/91 100/53/91 2411/3529/91
f 2415/3531/92 109/57/92 105/55/92 2418/3530/92
f 2414/3532/93 112/59/93 109/57/93 2415/3531/93
f 2417/3533/94 116/61/94 112/59/94 2414/3532/94
f 2416/3534/95 123/63/95 116/61/95 2417/3533/95
f 127/65/96 123/63/96 2416/3534/96 2394/3535/96
f 2396/3536/97 130/67/97 127/65/97 2394/3535/97
f 2393/3537/98 136/69/98 130/67/98 2396/3536/98
f 2395/3538/99 141/71/99 136/69/99 2393/3537/99
f 2390/3539/100 145/73/100 141/71/100 2395/3538/100
f 2391/3540/101 150/75/101 145/73/101 2390/3539/101
f 2392/3541/102 154/77/102 150/75/102 2391/3540/102
f 2389/3542/103 157/79/103 154/77/103 2392/3541/103
f 2397/3543/104 161/81/104 157/79/104 2389/3542/104
f 166/83/105 161/81/105 2397/3543/105 2379/3544/105
f 2380/3545/106 172/85/106 166/83/106 2379/3544/106
f 2378/3546/107 175/87/107 172/85/107 2380/3545/107
f 2381/3547/108 181/89/108 175/87/108 2378/3546/108
f 2376/3548/109 185/91/109 181/89/109 2381/3547/109
f 2377/3549/110 190/93/110 185/91/110 2376/3548/110
f 2375/3550/111 195/95/111 190/93/111 2377/3549/111
f 199/97/112 195/95/112 2375/3550/112 2366/3552/112
f 2365/3553/113 203/99/113 199/97/113 2366/3552/113
f 2367/3554/114 206/101/114 203/99/114 2365/3553/114
f 2363/3555/115 212/103/115 206/101/115 2367/3554/115
f 2364/3556/116 217/105/116 212/103/116 2363/3555/116
f 2362/3557/117 220/107/117 217/105/117 2364/3556/117
f 2368/3558/118 225/109/118 220/107/118 2362/3557/118
f 229/111/119 225/109/119 2368/3558/119 2355/3559/119
f 2354/3560/120 233/113/120 229/111/120 2355/3559/120
f 2356/3561/121 240/115/121 233/113/121 2354/3560/121
f 2352/3562/122 242/117/122 240/115/122 2356/3561/122
f 2353/3563/123 248/119/123 242/117/123 2352/3562/123
f 2351/3564/124 251/121/124 248/119/124 2353/3563/124
f 256/123/125 251/121/125 2351/3564/125 2343/3565/125
f 2344/3566/126 262/125/126 256/123/126 2343/3565/126
f 2342/3567/128 267/127/128 262/125/128 2344/3566/128
f 2345/3568/129 271/129/129 267/127/129 2342/3567/129
f 2340/3569/1 275/131/1 271/129/1 2345/3568/1
f 2341/3570/2 280/133/2 275/131/2 2340/3569/2
f 2339/3571/3 285/135/3 280/133/3 2341/3570/3
f 289/137/4 285/135/4 2339/3571/4 2330/3572/4
f 2329/3573/5 292/139/5 289/137/5 2330/3572/5
f 2331/3574/6 297/141/6 292/139/6 2329/3573/6
f 2328/3575/7 301/143/7 297/141/7 2331/3574/7
f 2332/3576/8 305/145/8 301/143/8 2328/3575/8
f 2326/3577/9 310/147/9 305/145/9 2332/3576/9
f 2327/3578/10 316/149/10 310/147/10 2326/3577/10
f 2324/3579/11 321/151/11 316/149/11 2327/3578/11
f 2325/3580/12 323/153/12 321/151/12 2324/3579/12
f 330/155/13 323/153/13 2325/3580/13 2312/3792/13
f 2313/3582/14 333/157/14 330/155/14 2312/3792/14
f 2314/3583/15 336/159/15 333/157/15 2313/3582/15
f 2310/3584/16 340/161/16 336/159/16 2314/3583/16
f 2311/3585/17 343/163/17 340/161/17 2310/3584/17
f 2309/3586/18 346/165/18 343/163/18 2311/3585/18
f 2307/3587/19 349/167/19 346/165/19 2309/3586/19
f 2306/3588/20 352/169/20 349/167/20 2307/3587/20
f 2305/3589/21 355/171/21 352/169/21 2306/3588/21
f 2308/3590/22 357/173/22 355/171/22 2305/3589/22
f 2304/3591/23 360/175/23 357/173/23 2308/3590/23
f 2303/3592/24 364/177/24 360/175/24 2304/3591/24
f 2315/3595/25 368/179/25 364/177/25 2303/3592/25
f 2299/3597/26 372/181/26 368/179/26 2315/3595/26
f 2300/3599/27 376/183/27 372/181/27 2299/3597/27
f 2301/3601/28 379/185/28 376/183/28 2300/3599/28
f 2297/3603/29 382/187/29 379/185/29 2301/3601/29
f 2295/3605/30 384/189/30 382/187/30 2297/3603/30
f 2293/3607/31 388/191/31 384/189/31 2295/3605/31
f 2292/3609/32 390/193/32 388/191/32 2293/3607/32
f 2294/3611/33 393/195/33 390/193/33 2292/3609/33
f 2296/3613/34 396/197/34 393/195/34 2294/3611/34
f 2302/3615/35 400/199/35 396/197/35 2296/3613/35
f 2298/3617/36 402/201/36 400/199/36 2302/3615/36
f 2316/3619/37 405/203/37 402/201/37 2298/3617/37
f 2317/3621/38 408/205/38 405/203/38 2316/3619/38
f 2319/3623/39 412/207/39 408/205/39 2317/3621/39
f 2318/3626/40 414/209/40 412/207/40 2319/3623/40
f 2323/3628/41 418/211/41 414/209/41 2318/3626/41
f 2320/3629/42 421/213/42 418/211/42 2323/3628/42
f 2322/3630/43 423/215/43 421/213/43 2320/3629/43
f 2321/3631/44 426/217/44 423/215/44 2322/3630/44
f 2333/3632/45 429/219/45 426/217/45 2321/3631/45
f 2335/3633/46 432/221/46 429/219/46 2333/3632/46
f 2334/3634/47 435/223/47 432/221/47 2335/3633/47
f 2338/3635/48 438/225/48 435/223/48 2334/3634/48
f 2336/3636/49 442/227/49 438/225/49 2338/3635/49
f 2337/3637/50 445/229/50 442/227/50 2336/3636/50
f 2346/3638/51 447/231/51 445/229/51 2337/3637/51
f 2347/3639/52 450/233/52 447/231/52 2346/3638/52
f 2348/3640/53 453/235/53 450/233/53 2347/3639/53
f 2349/3641/54 456/237/54 453/235/54 2348/3640/54
f 2350/3642/55 459/239/55 456/237/55 2349/3641/55
f 2357/3643/56 463/241/56 459/239/56 2350/3642/56
f 2358/3644/57 465/243/57 463/241/57 2357/3643/57
f 2359/3645/58 468/245/58 465/243/58 2358/3644/58
f 2360/3646/59 471/247/59 468/245/59 2359/3645/59
f 2361/3647/60 475/249/60 471/247/60 2360/3646/60
f 2369/3648/61 477/251/61 475/249/61 2361/3647/61
f 2371/3649/62 481/253/62 477/251/62 2369/3648/62
f 2420/3793/130 2421/3794/130 63/451/130 69/3656/130 73/655/130 77/654/130 82/653/130 85/652/130 91/651/130 94/650/130 100/649/130 105/648/130 109/647/130 112/3657/130 116/645/130 123/3658/130 127/643/130 130/3659/130 136/641/130 141/3660/130 145/639/130 150/638/130 154/637/130 157/636/130 161/635/130 166/3661/130 172/633/130 175/632/130 181/631/130 185/3662/130 190/629/130 195/3663/130 199/627/130 203/3664/130 206/3665/130 212/3666/130 217/3667/130 220/622/130 225/621/130 229/620/130 233/619/130 240/618/130 242/3668/130 248/616/130 251/615/130 256/3669/130 262/3670/130 267/3671/130 271/611/130 275/3672/130 280/3673/130 285/3674/130 289/607/130 292/606/130 297/3675/130 301/604/130 305/603/130 310/3676/130 316/601/130 321/600/130 323/3677/130 330/3678/130 333/3679/130 336/3680/130 340/595/130 343/3681/130 346/3682/130 349/3683/130 352/3684/130 355/590/130 357/589/130 360/3685/130 364/587/130 368/586/130 372/3720/130 376/584/130 379/583/130 382/3721/130 384/3722/130 388/3723/130 390/579/130 393/3724/130 396/3725/130 400/3726/130 402/267/130 405/266/130 408/3727/130 412/264/130 414/263/130 418/262/130 421/261/130 423/260/130 426/3689/130 429/3690/130 432/3691/130 435/3692/130 438/255/130 442/3693/130 445/436/130 447/3694/130 450/434/130 453/433/130 456/432/130 459/3695/130 463/430/130 465/429/130 468/428/130 471/427/130 475/426/130 477/3696/130 481/424/130 483/3650/130 2/422/130 8/3651/130 13/420/130 17/3652/130 2425/3795/130 2423/3796/130
f 2370/3697/63 483/899/63 481/253/63 2371/3649/63
f 2374/3698/64 2/901/64 483/899/64 2370/3697/64
f 2505/3502/65 6/3/65 3/2/65 2508/3503/65
f 2507/3504/66 9/5/66 6/3/66 2505/3502/66
f 2506/3505/67 11/7/67 9/5/67 2507/3504/67
f 2568/3506/68 15/9/68 11/7/68 2506/3505/68
f 2516/3507/69 18/11/69 15/9/69 2568/3506/69
f 2514/3508/70 20/13/70 18/11/70 2516/3507/70
f 2524/3509/71 24/15/71 20/13/71 2514/3508/71
f 2518/3510/72 26/17/72 24/15/72 2524/3509/72
f 2522/3511/73 29/19/73 26/17/73 2518/3510/73
f 2520/3512/74 33/21/74 29/19/74 2522/3511/74
f 2538/3513/75 35/23/75 33/21/75 2520/3512/75
f 2525/3514/76 39/25/76 35/23/76 2538/3513/76
f 2528/3515/77 41/27/77 39/25/77 2525/3514/77
f 2536/3516/78 45/29/78 41/27/78 2528/3515/78
f 2530/3518/79 48/31/79 45/29/79 2536/3516/79
f 2534/3519/80 51/33/80 48/31/80 2530/3518/80
f 2532/3520/81 54/35/81 51/33/81 2534/3519/81
f 2566/3521/82 56/37/82 54/35/82 2532/3520/82
f 2540/3522/83 60/39/83 56/37/83 2566/3521/83
f 2543/3523/84 62/41/84 60/39/84 2540/3522/84
f 2551/3524/85 65/43/85 62/41/85 2543/3523/85
f 2545/3525/86 68/45/86 65/43/86 2551/3524/86
f 2549/3526/87 72/47/87 68/45/87 2545/3525/87
f 2547/3527/88 74/49/88 72/47/88 2549/3526/88
f 2565/3528/89 78/51/89 74/49/89 2547/3527/89
f 2553/3529/90 80/53/90 78/51/90 2565/3528/90
f 2556/3530/91 84/55/91 80/53/91 2553/3529/91
f 2554/3531/92 87/57/92 84/55/92 2556/3530/92
f 2563/3532/93 89/59/93 87/57/93 2554/3531/93
f 2562/3533/94 92/61/94 89/59/94 2563/3532/94
f 2560/3534/95 96/63/95 92/61/95 2562/3533/95
f 2558/3535/96 98/65/96 96/63/96 2560/3534/96
f 2559/3536/97 102/67/97 98/65/97 2558/3535/97
f 2561/3537/98 104/69/98 102/67/98 2559/3536/98
f 2557/3538/99 108/71/99 104/69/99 2561/3537/99
f 2564/3539/100 111/73/100 108/71/100 2557/3538/100
f 2555/3540/101 113/75/101 111/73/101 2564/3539/101
f 2552/3541/102 117/77/102 113/75/102 2555/3540/102
f 2550/3542/103 120/79/103 117/77/103 2552/3541/103
f 2546/3543/104 122/81/104 120/79/104 2550/3542/104
f 2548/3544/105 125/83/105 122/81/105 2546/3543/105
f 2544/3545/106 128/85/106 125/83/106 2548/3544/106
f 2541/3546/107 131/87/107 128/85/107 2544/3545/107
f 2542/3547/108 134/89/108 131/87/108 2541/3546/108
f 2539/3548/109 138/91/109 134/89/109 2542/3547/109
f 2567/3549/110 140/93/110 138/91/110 2539/3548/110
f 2531/3550/111 143/95/111 140/93/111 2567/3549/111
f 2533/3552/112 147/97/112 143/95/112 2531/3550/112
f 2529/3553/113 149/99/113 147/97/113 2533/3552/113
f 2535/3554/114 152/101/114 149/99/114 2529/3553/114
f 2526/3555/115 156/103/115 152/101/115 2535/3554/115
f 2527/3556/116 159/105/116 156/103/116 2526/3555/116
f 2537/3557/117 162/107/117 159/105/117 2527/3556/117
f 2519/3558/118 165/109/118 162/107/118 2537/3557/118
f 2521/3559/119 168/111/119 165/109/119 2519/3558/119
f 2517/3560/120 171/113/120 168/111/120 2521/3559/120
f 2523/3561/121 173/115/121 171/113/121 2517/3560/121
f 2513/3562/122 176/117/122 173/115/122 2523/3561/122
f 2515/3563/123 180/119/123 176/117/123 2513/3562/123
f 2512/3564/124 182/121/124 180/119/124 2515/3563/124
f 2451/3797/125 2452/3565/125 186/123/125 182/121/125 2512/3564/125
f 2453/3566/126 188/125/126 186/123/126 2452/3565/126
f 2450/3567/128 192/127/128 188/125/128 2453/3566/128
f 2455/3568/129 194/129/129 192/127/129 2450/3567/129
f 2448/3569/1 197/131/1 194/129/1 2455/3568/1
f 2449/3570/2 200/133/2 197/131/2 2448/3569/2
f 2447/3571/3 204/135/3 200/133/3 2449/3570/3
f 2454/3572/4 207/137/4 204/135/4 2447/3571/4
f 2443/3573/5 209/139/5 207/137/5 2454/3572/5
f 2444/3574/6 213/141/6 209/139/6 2443/3573/6
f 2445/3575/7 215/143/7 213/141/7 2444/3574/7
f 2442/3576/8 219/145/8 215/143/8 2445/3575/8
f 2446/3577/9 221/147/9 219/145/9 2442/3576/9
f 2441/3578/10 224/149/10 221/147/10 2446/3577/10
f 2440/3579/11 228/151/11 224/149/11 2441/3578/11
f 230/153/12 228/151/12 2440/3579/12 2491/3580/12
f 2493/3581/13 234/155/13 230/153/13 2491/3580/13
f 2489/3582/14 236/157/14 234/155/14 2493/3581/14
f 2495/3583/15 239/159/15 236/157/15 2489/3582/15
f 2487/3584/16 243/161/16 239/159/16 2495/3583/16
f 2484/3585/17 246/163/17 243/161/17 2487/3584/17
f 2481/3586/18 249/165/18 246/163/18 2484/3585/18
f 2475/3587/19 252/167/19 249/165/19 2481/3586/19
f 2477/3588/20 255/169/20 252/167/20 2475/3587/20
f 2473/3589/21 258/171/21 255/169/21 2477/3588/21
f 2479/3590/22 261/173/22 258/171/22 2473/3589/22
f 2470/3591/23 263/175/23 261/173/23 2479/3590/23
f 2471/3592/24 266/177/24 263/175/24 2470/3591/24
f 2482/3595/25 269/179/25 266/177/25 2471/3592/25
f 2465/3597/26 272/181/26 269/179/26 2482/3595/26
f 2467/3599/27 276/183/27 272/181/27 2465/3597/27
f 2463/3601/28 278/185/28 276/183/28 2467/3599/28
f 2460/3603/29 281/187/29 278/185/29 2463/3601/29
f 2459/3605/30 284/189/30 281/187/30 2460/3603/30
f 2457/3607/31 287/191/31 284/189/31 2459/3605/31
f 2456/3609/32 291/193/32 287/191/32 2457/3607/32
f 2458/3611/33 294/195/33 291/193/33 2456/3609/33
f 2461/3613/34 296/197/34 294/195/34 2458/3611/34
f 2462/3615/35 300/199/35 296/197/35 2461/3613/35
f 2464/3617/36 303/201/36 300/199/36 2462/3615/36
f 2468/3619/37 306/203/37 303/201/37 2464/3617/37
f 2466/3621/38 309/205/38 306/203/38 2468/3619/38
f 2483/3623/39 312/207/39 309/205/39 2466/3621/39
f 2469/3626/40 315/209/40 312/207/40 2483/3623/40
f 2472/3628/41 318/211/41 315/209/41 2469/3626/41
f 2480/3629/42 320/213/42 318/211/42 2472/3628/42
f 2474/3630/43 324/215/43 320/213/43 2480/3629/43
f 2478/3631/44 326/217/44 324/215/44 2474/3630/44
f 2476/3632/45 329/219/45 326/217/45 2478/3631/45
f 2511/3633/46 332/221/46 329/219/46 2476/3632/46
f 2573/3798/47 2574/3799/47 332/221/47 2511/3633/47 2485/3634/47 2575/3800/47
f 2575/3800/48 2485/3634/48 2488/3635/48 2579/3801/48
f 2579/3801/49 2488/3635/49 2486/3636/49 2578/3802/49
f 2578/3802/50 2486/3636/50 2496/3637/50 2580/3803/50
f 2580/3803/51 2496/3637/51 2494/3638/51 2581/3804/51
f 2581/3804/52 2494/3638/52 2492/3639/52 2582/3805/52
f 2582/3805/53 2492/3639/53 2490/3640/53 2583/3806/53
f 2583/3806/54 2490/3640/54 2510/3641/54 2587/3807/54
f 2587/3807/55 2510/3641/55 2498/3642/55 2588/3808/55
f 2588/3808/56 2498/3642/56 2497/3643/56 2584/3809/56
f 2584/3809/57 2497/3643/57 2502/3644/57 2586/3810/57
f 2586/3810/58 2502/3644/58 2499/3645/58 2585/3811/58
f 2585/3811/59 2499/3645/59 2501/3646/59 2577/3812/59
f 2577/3812/60 2501/3646/60 2500/3647/60 2576/3813/60
f 2571/3814/61 2576/3813/61 2500/3647/61 2509/3648/61 363/251/61 2570/3815/61
f 2504/3649/62 367/253/62 363/251/62 2509/3648/62
f 367/424/130 369/3650/130 3/422/130 6/3651/130 9/420/130 11/3652/130 15/465/130 18/464/130 20/463/130 24/462/130 26/461/130 29/460/130 33/459/130 35/458/130 39/457/130 41/3653/130 45/455/130 48/3654/130 51/453/130 54/3655/130 56/451/130 60/3656/130 62/655/130 65/654/130 68/653/130 72/652/130 74/651/130 78/650/130 80/649/130 84/648/130 87/647/130 89/3657/130 92/645/130 96/3658/130 98/643/130 102/3659/130 104/641/130 108/3660/130 111/639/130 113/638/130 117/637/130 120/636/130 122/635/130 125/3661/130 128/633/130 131/632/130 134/631/130 138/3662/130 140/629/130 143/3663/130 147/627/130 149/3664/130 152/3665/130 156/3666/130 159/3667/130 162/622/130 165/621/130 168/620/130 171/619/130 173/618/130 176/3668/130 180/616/130 182/615/130 186/3669/130 188/3670/130 192/3671/130 194/611/130 197/3672/130 200/3673/130 204/3674/130 207/607/130 209/606/130 213/3675/130 215/604/130 219/603/130 221/3676/130 224/601/130 228/600/130 230/3677/130 234/3678/130 236/3679/130 239/3680/130 243/595/130 246/3681/130 249/3682/130 252/3683/130 255/3684/130 258/590/130 261/589/130 263/3685/130 266/587/130 269/586/130 272/3720/130 276/584/130 278/583/130 281/3721/130 284/3722/130 287/3723/130 291/579/130 294/3724/130 296/3725/130 300/3726/130 303/267/130 306/266/130 309/3727/130 312/264/130 315/263/130 318/262/130 320/261/130 324/260/130 326/3689/130 329/3690/130 332/3691/130 2574/3816/130 2572/3817/130 2569/3818/130 2570/3819/130 363/3696/130
f 2503/3697/63 369/899/63 367/253/63 2504/3649/63
f 2508/3698/64 3/901/64 369/899/64 2503/3697/64
f 2782/3820/65 2654/3821/65 2683/3822/65 2844/3823/65
f 2782/3820/66 2786/3824/66 2658/3825/66 2653/3826/66 2654/3821/66
f 2784/3827/67 2656/3828/67 2658/3825/67 2786/3824/67
f 2794/3829/68 2666/3830/68 2656/3828/68 2784/3827/68
f 2788/3831/69 2660/3832/69 2666/3830/69 2794/3829/69
f 2792/3833/70 2664/3834/70 2660/3832/70 2788/3831/70
f 2790/3835/71 2662/3836/71 2664/3834/71 2792/3833/71
f 2810/3837/72 2673/3838/72 2662/3836/72 2790/3835/72
f 2796/3839/73 2668/3840/73 2673/3838/73 2810/3837/73
f 2800/3841/74 2669/3842/74 2668/3840/74 2796/3839/74
f 2798/3843/75 2671/3844/75 2669/3842/75 2800/3841/75
f 2808/3845/76 2681/3846/76 2671/3844/76 2798/3843/76
f 2802/3847/77 2675/3848/77 2681/3846/77 2808/3845/77
f 2806/3849/78 2679/3850/78 2675/3848/78 2802/3847/78
f 2804/3851/79 2677/3852/79 2679/3850/79 2806/3849/79
f 2843/3853/143 2716/3854/143 2677/3852/143 2804/3851/143
f 2685/3855/144 2716/3854/144 2843/3853/144 2812/3856/144
f 2689/3857/82 2685/3855/82 2812/3856/82 2816/3858/82
f 2687/3859/145 2689/3857/145 2816/3858/145 2814/3860/145
f 2697/3861/84 2687/3859/84 2814/3860/84 2824/3862/84
f 2691/3863/132 2697/3861/132 2824/3862/132 2818/3864/132
f 2695/3865/86 2691/3863/86 2818/3864/86 2822/3866/86
f 2693/3867/146 2695/3865/146 2822/3866/146 2820/3868/146
f 2714/3869/133 2693/3867/133 2820/3868/133 2841/3870/133
f 2699/3871/89 2714/3869/89 2841/3870/89 2826/3872/89
f 2703/3873/90 2699/3871/90 2826/3872/90 2830/3874/90
f 2701/3875/91 2703/3873/91 2830/3874/91 2828/3876/91
f 2712/3877/92 2701/3875/92 2828/3876/92 2839/3878/92
f 2705/3879/93 2712/3877/93 2839/3878/93 2832/3880/93
f 2709/3881/94 2705/3879/94 2832/3880/94 2837/3882/94
f 2707/3883/95 2709/3881/95 2837/3882/95 2835/3884/95
f 2706/3885/96 2707/3883/96 2835/3884/96 2833/3886/96
f 2708/3887/97 2706/3885/97 2833/3886/97 2834/3888/97
f 2710/3889/98 2708/3887/98 2834/3888/98 2836/3890/98
f 2704/3891/99 2710/3889/99 2836/3890/99 2831/3892/99
f 2711/3893/100 2704/3891/100 2831/3892/100 2838/3894/100
f 2700/3895/101 2711/3893/101 2838/3894/101 2827/3896/101
f 2702/3897/102 2700/3895/102 2827/3896/102 2829/3898/102
f 2698/3899/103 2702/3897/103 2829/3898/103 2825/3900/103
f 2713/3901/104 2698/3899/104 2825/3900/104 2840/3902/104
f 2692/3903/134 2713/3901/134 2840/3902/134 2819/3904/134
f 2694/3905/147 2692/3903/147 2819/3904/147 2821/3906/147
f 2690/3907/107 2694/3905/107 2821/3906/107 2817/3908/107
f 2696/3909/135 2690/3907/135 2817/3908/135 2823/3910/135
f 2686/3911/109 2696/3909/109 2823/3910/109 2813/3912/109
f 2688/3913/148 2686/3911/148 2813/3912/148 2815/3914/148
f 2684/3915/111 2688/3913/111 2815/3914/111 2811/3916/111
f 2715/3917/149 2684/3915/149 2811/3916/149 2842/3918/149
f 2676/3919/150 2715/3917/150 2842/3918/150 2803/3920/150
f 2678/3921/114 2676/3919/114 2803/3920/114 2805/3922/114
f 2674/3923/115 2678/3921/115 2805/3922/115 2801/3924/115
f 2680/3925/116 2674/3923/116 2801/3924/116 2807/3926/116
f 2670/3927/117 2680/3925/117 2807/3926/117 2797/3928/117
f 2672/3929/118 2670/3927/118 2797/3928/118 2799/3930/118
f 2667/3931/119 2672/3929/119 2799/3930/119 2795/3932/119
f 2682/3933/120 2667/3931/120 2795/3932/120 2809/3934/120
f 2661/3935/121 2682/3933/121 2809/3934/121 2789/3936/121
f 2663/3937/122 2661/3935/122 2789/3936/122 2791/3938/122
f 2659/3939/123 2663/3937/123 2791/3938/123 2787/3940/123
f 2665/3941/124 2659/3939/124 2787/3940/124 2793/3942/124
f 2655/3943/125 2665/3941/125 2793/3942/125 2783/3944/125
f 2657/3945/126 2655/3943/126 2783/3944/126 2785/3946/126
f 2652/3947/128 2657/3945/128 2785/3946/128 2781/3948/128
f 2717/3949/129 2652/3947/129 2781/3948/129 2845/3950/129
f 2642/3951/1 2717/3949/1 2845/3950/1 2771/3952/1
f 2644/3953/2 2642/3951/2 2771/3952/2 2773/3954/2
f 2640/3955/3 2644/3953/3 2773/3954/3 2769/3956/3
f 2646/3957/4 2640/3955/4 2769/3956/4 2775/3958/4
f 2636/3959/5 2646/3957/5 2775/3958/5 2765/3960/5
f 2638/3961/6 2636/3959/6 2765/3960/6 2767/3962/6
f 2634/3963/7 2638/3961/7 2767/3962/7 2763/3964/7
f 2648/3965/8 2634/3963/8 2763/3964/8 2777/3966/8
f 2628/3967/9 2648/3965/9 2777/3966/9 2757/3968/9
f 2630/3969/10 2628/3967/10 2757/3968/10 2759/3970/10
f 2626/3971/11 2630/3969/11 2759/3970/11 2755/3972/11
f 2632/3973/12 2626/3971/12 2755/3972/12 2761/3974/12
f 2622/3975/13 2632/3973/13 2761/3974/13 2751/3976/13
f 2624/3977/151 2622/3975/151 2751/3976/151 2753/3978/151
f 2620/3979/15 2624/3977/15 2753/3978/15 2749/3980/15
f 2650/3981/152 2620/3979/152 2749/3980/152 2779/3982/152
f 2741/3983/153 2612/3984/153 2650/3981/153 2779/3982/153
f 2743/3985/18 2614/3986/18 2612/3984/18 2741/3983/18
f 2739/3987/154 2610/3988/154 2614/3986/154 2743/3985/154
f 2745/3989/20 2616/3990/20 2610/3988/20 2739/3987/20
f 2735/3991/21 2606/3992/21 2616/3990/21 2745/3989/21
f 2737/3993/22 2608/3994/22 2606/3992/22 2735/3991/22
f 2733/3995/23 2604/3996/23 2608/3994/23 2737/3993/23
f 2747/3997/139 2618/3998/139 2604/3996/139 2733/3995/139
f 2727/3999/25 2598/4000/25 2618/3998/25 2747/3997/25
f 2729/4001/26 2600/4002/26 2598/4000/26 2727/3999/26
f 2725/4003/27 2596/4004/27 2600/4002/27 2729/4001/27
f 2731/4005/28 2602/4006/28 2596/4004/28 2725/4003/28
f 2721/4007/29 2592/4008/29 2602/4006/29 2731/4005/29
f 2723/4009/30 2594/4010/30 2592/4008/30 2721/4007/30
f 2719/4011/31 2590/4012/31 2594/4010/31 2723/4009/31
f 2718/4013/155 2589/4014/155 2590/4012/155 2719/4011/155
f 2720/4015/156 2591/4016/156 2589/4014/156 2718/4013/156
f 2724/4017/34 2595/4018/34 2591/4016/34 2720/4015/34
f 2722/4019/35 2593/4020/35 2595/4018/35 2724/4017/35
f 2732/4021/36 2603/4022/36 2593/4020/36 2722/4019/36
f 2726/4023/37 2597/4024/37 2603/4022/37 2732/4021/37
f 2730/4025/38 2601/4026/38 2597/4024/38 2726/4023/38
f 2728/4027/39 2599/4028/39 2601/4026/39 2730/4025/39
f 2748/4029/40 2619/4030/40 2599/4028/40 2728/4027/40
f 2734/4031/140 2605/4032/140 2619/4030/140 2748/4029/140
f 2738/4033/42 2609/4034/42 2605/4032/42 2734/4031/42
f 2736/4035/43 2607/4036/43 2609/4034/43 2738/4033/43
f 2746/4037/44 2617/4038/44 2607/4036/44 2736/4035/44
f 2740/4039/45 2611/4040/45 2617/4038/45 2746/4037/45
f 2744/4041/157 2615/4042/157 2611/4040/157 2740/4039/157
f 2742/4043/47 2613/4044/47 2615/4042/47 2744/4041/47
f 2780/4045/158 2651/4046/158 2613/4044/158 2742/4043/158
f 2750/4047/159 2621/4048/159 2651/4046/159 2780/4045/159
f 2754/4049/50 2625/4050/50 2621/4048/50 2750/4047/50
f 2752/4051/160 2623/4052/160 2625/4050/160 2754/4049/160
f 2762/4053/52 2633/4054/52 2623/4052/52 2752/4051/52
f 2756/4055/53 2627/4056/53 2633/4054/53 2762/4053/53
f 2760/4057/54 2631/4058/54 2627/4056/54 2756/4055/54
f 2758/4059/55 2629/4060/55 2631/4058/55 2760/4057/55
f 2778/4061/56 2649/4062/56 2629/4060/56 2758/4059/56
f 2764/4063/57 2635/4064/57 2649/4062/57 2778/4061/57
f 2768/4065/58 2639/4066/58 2635/4064/58 2764/4063/58
f 2766/4067/59 2637/4068/59 2639/4066/59 2768/4065/59
f 2776/4069/60 2647/4070/60 2637/4068/60 2766/4067/60
f 2770/4071/61 2641/4072/61 2647/4070/61 2776/4069/61
f 2774/4073/62 2645/4074/62 2641/4072/62 2770/4071/62
f 2772/4075/63 2643/4076/63 2645/4074/63 2774/4073/63
f 2844/4077/64 2683/4078/64 2643/4076/64 2772/4075/64
f 3040/3820/65 2951/3821/65 2952/3822/65 3103/3823/65
f 3044/3824/66 2950/3825/66 2951/3821/66 3040/3820/66
f 3042/3827/67 2956/3828/67 2950/3825/67 3044/3824/67
f 3052/3829/68 2953/3830/68 2956/3828/68 3042/3827/68
f 3046/3831/69 2955/3832/69 2953/3830/69 3052/3829/69
f 3050/3833/70 2954/3834/70 2955/3832/70 3046/3831/70
f 3048/3835/71 2974/3836/71 2954/3834/71 3050/3833/71
f 3068/3837/72 2958/3838/72 2974/3836/72 3048/3835/72
f 3054/3839/73 2960/3840/73 2958/3838/73 3068/3837/73
f 3058/3841/74 2959/3842/74 2960/3840/74 3054/3839/74
f 3056/3843/75 2965/3844/75 2959/3842/75 3058/3841/75
f 3066/3845/76 2961/3846/76 2965/3844/76 3056/3843/76
f 3060/3847/77 2964/3848/77 2961/3846/77 3066/3845/77
f 3064/3849/161 2963/3850/161 2964/3848/161 3060/3847/161
f 3062/3851/79 2962/3852/79 2963/3850/79 3064/3849/79
f 3100/3853/143 2973/3854/143 2962/3852/143 3062/3851/143
f 2966/3855/144 2973/3854/144 3100/3853/144 3070/3856/144
f 2968/3857/82 2966/3855/82 3070/3856/82 3074/3858/82
f 2967/3859/145 2968/3857/145 3074/3858/145 3072/3860/145
f 2972/3861/84 2967/3859/84 3072/3860/84 3082/3862/84
f 2969/3863/85 2972/3861/85 3082/3862/85 3076/3864/85
f 2971/3865/86 2969/3863/86 3076/3864/86 3080/3866/86
f 2970/3867/87 2971/3865/87 3080/3866/87 3078/3868/87
f 2908/3869/133 2970/3867/133 3078/3868/133 3098/3870/133
f 2905/3871/89 2908/3869/89 3098/3870/89 3084/3872/89
f 2904/3873/90 2905/3871/90 3084/3872/90 3088/3874/90
f 2907/3875/91 2904/3873/91 3088/3874/91 3086/3876/91
f 2906/3877/92 2907/3875/92 3086/3876/92 3096/3878/92
f 2896/3879/93 2906/3877/93 3096/3878/93 3090/3880/93
f 2900/3881/94 2896/3879/94 3090/3880/94 3094/3882/94
f 2899/3883/95 2900/3881/95 3094/3882/95 3092/3884/95
f 2897/3885/162 2899/3883/162 3092/3884/162 3091/3886/162
f 2898/3887/163 2897/3885/163 3091/3886/163 3093/3888/163
f 2895/3889/98 2898/3887/98 3093/3888/98 3095/3890/98
f 3089/3892/99 2886/3891/99 2884/4079/99 2895/3889/99 3095/3890/99
f 2885/3893/100 2886/3891/100 3089/3892/100 3097/3894/100
f 2882/3895/101 2885/3893/101 3097/3894/101 3085/3896/101
f 2883/3897/102 2882/3895/102 3085/3896/102 3087/3898/102
f 2881/3899/103 2883/3897/103 3087/3898/103 3083/3900/103
f 2888/3901/104 2881/3899/104 3083/3900/104 3099/3902/104
f 2878/3903/134 2888/3901/134 3099/3902/134 3077/3904/134
f 2879/3905/106 2878/3903/106 3077/3904/106 3079/3906/106
f 2880/3907/107 2879/3905/107 3079/3906/107 3075/3908/107
f 2876/3909/108 2880/3907/108 3075/3908/108 3081/3910/108
f 2877/3911/109 2876/3909/109 3081/3910/109 3071/3912/109
f 2887/3913/148 2877/3911/148 3071/3912/148 3073/3914/148
f 2874/3915/111 2887/3913/111 3073/3914/111 3069/3916/111
f 3101/3918/149 2860/3917/149 2861/4080/149 2874/3915/149 3069/3916/149
f 2863/3919/150 2860/3917/150 3101/3918/150 3061/3920/150
f 2859/3921/114 2863/3919/114 3061/3920/114 3063/3922/114
f 2862/3923/164 2859/3921/164 3063/3922/164 3059/3924/164
f 2856/3925/116 2862/3923/116 3059/3924/116 3065/3926/116
f 2857/3927/117 2856/3925/117 3065/3926/117 3055/3928/117
f 2858/3929/118 2857/3927/118 3055/3928/118 3057/3930/118
f 2855/3931/119 2858/3929/119 3057/3930/119 3053/3932/119
f 2864/3933/120 2855/3931/120 3053/3932/120 3067/3934/120
f 2851/3935/121 2864/3933/121 3067/3934/121 3047/3936/121
f 2852/3937/122 2851/3935/122 3047/3936/122 3049/3938/122
f 2853/3939/123 2852/3937/123 3049/3938/123 3045/3940/123
f 2850/3941/124 2853/3939/124 3045/3940/124 3051/3942/124
f 2854/3943/125 2850/3941/125 3051/3942/125 3041/3944/125
f 2848/3945/126 2854/3943/126 3041/3944/126 3043/4081/126
f 2849/3947/128 2848/3945/128 3043/4081/128 3039/3948/128
f 2846/3949/129 2849/3947/129 3039/3948/129 3102/3950/129
f 2847/3951/1 2846/3949/1 3102/3950/1 3029/3952/1
f 2873/3953/2 2847/3951/2 3029/3952/2 3030/3954/2
f 2875/3955/3 2873/3953/3 3030/3954/3 3032/3956/3
f 2872/3957/4 2875/3955/4 3032/3956/4 3027/3958/4
f 2871/3959/5 2872/3957/5 3027/3958/5 3034/3960/5
f 2869/3961/6 2871/3959/6 3034/3960/6 3023/3962/6
f 2867/3963/7 2869/3961/7 3023/3962/7 3025/3964/7
f 2868/3965/8 2867/3963/8 3025/3964/8 3021/3966/8
f 2870/3967/9 2868/3965/9 3021/3966/9 3036/3968/9
f 2866/3969/10 2870/3967/10 3036/3968/10 3015/3970/10
f 2865/3971/11 2866/3969/11 3015/3970/11 3017/3972/11
f 2893/3973/12 2865/3971/12 3017/3972/12 3013/3974/12
f 2894/3975/13 2893/3973/13 3013/3974/13 3019/3976/13
f 2892/3977/14 2894/3975/14 3019/3976/14 3009/3978/14
f 2891/3979/15 2892/3977/15 3009/3978/15 3011/3980/15
f 2890/3981/152 2891/3979/152 3011/3980/152 3007/3982/152
f 3005/3983/153 2889/3984/153 2890/3981/153 3007/3982/153
f 2999/3985/18 2903/3986/18 2889/3984/18 3005/3983/18
f 3001/3987/154 2901/3988/154 2903/3986/154 2999/3985/154
f 2997/3989/20 2902/3990/20 2901/3988/20 3001/3987/20
f 3003/3991/138 2929/3992/138 2902/3990/138 2997/3989/138
f 2993/3993/22 2931/3994/22 2929/3992/22 3003/3991/22
f 2995/3995/165 2926/3996/165 2931/3994/165 2993/3993/165
f 2991/3997/139 2923/3998/139 2926/3996/139 2995/3995/139
f 2989/3999/25 2919/4000/25 2923/3998/25 2991/3997/25
f 2985/4001/26 2921/4002/26 2919/4000/26 2989/3999/26
f 2987/4003/27 2917/4004/27 2921/4002/27 2985/4001/27
f 2983/4005/28 2914/4006/28 2917/4004/28 2987/4003/28
f 2981/4007/29 2912/4008/29 2914/4006/29 2983/4005/29
f 2979/4009/30 2915/4010/30 2912/4008/30 2981/4007/30
f 2977/4011/31 2910/4012/31 2915/4010/31 2979/4009/31
f 2976/4013/32 2909/4014/32 2910/4012/32 2977/4011/32
f 2978/4015/33 2911/4016/33 2909/4014/33 2976/4013/33
f 2982/4017/34 2916/4018/34 2911/4016/34 2978/4015/34
f 2980/4019/35 2913/4020/35 2916/4018/35 2982/4017/35
f 2990/4021/36 2924/4022/36 2913/4020/36 2980/4019/36
f 2984/4023/37 2918/4024/37 2924/4022/37 2990/4021/37
f 2988/4025/38 2922/4026/38 2918/4024/38 2984/4023/38
f 2986/4027/39 2920/4028/39 2922/4026/39 2988/4025/39
f 3006/4029/40 2925/4030/40 2920/4028/40 2986/4027/40
f 2992/4031/140 2927/4032/140 2925/4030/140 3006/4029/140
f 2996/4033/166 2932/4034/166 2927/4032/166 2992/4031/166
f 2994/4035/43 2930/4036/43 2932/4034/43 2996/4033/43
f 3004/4037/141 2928/4038/141 2930/4036/141 2994/4035/141
f 2998/4039/45 2941/4040/45 2928/4038/45 3004/4037/45
f 3002/4041/157 2933/4042/157 2941/4040/157 2998/4039/157
f 3000/4043/47 2935/4044/47 2933/4042/47 3002/4041/47
f 3038/4045/158 2934/4046/158 2935/4044/158 3000/4043/158
f 3008/4047/159 2940/4048/159 2934/4046/159 3038/4045/159
f 3012/4049/50 2936/4050/50 2940/4048/50 3008/4047/50
f 3010/4051/51 2939/4052/51 2936/4050/51 3012/4049/51
f 3020/4053/52 2938/4054/52 2939/4052/52 3010/4051/52
f 3014/4055/53 2937/4056/53 2938/4054/53 3020/4053/53
f 3018/4057/54 2975/4058/54 2937/4056/54 3014/4055/54
f 3016/4059/55 2942/4060/55 2975/4058/55 3018/4057/55
f 3037/4061/56 2944/4062/56 2942/4060/56 3016/4059/56
f 3022/4063/57 2943/4064/57 2944/4062/57 3037/4061/57
f 3026/4065/58 2948/4066/58 2943/4064/58 3022/4063/58
f 3024/4067/59 2945/4068/59 2948/4066/59 3026/4065/59
f 3035/4069/60 2947/4070/60 2945/4068/60 3024/4067/60
f 3028/4071/61 2946/4072/61 2947/4070/61 3035/4069/61
f 3033/4073/62 2957/4074/62 2946/4072/62 3028/4071/62
f 3031/4075/63 2949/4076/63 2957/4074/63 3033/4073/63
f 3103/4077/64 2952/4078/64 2949/4076/64 3031/4075/64
f 3297/3820/65 3107/3821/65 3106/3822/65 3359/3823/65
f 3301/3824/66 3110/3825/66 3107/3821/66 3297/3820/66
f 3299/3827/67 3108/3828/67 3110/3825/67 3301/3824/67
f 3309/3829/68 3119/3830/68 3108/3828/68 3299/3827/68
f 3303/3831/69 3113/3832/69 3119/3830/69 3309/3829/69
f 3307/3833/70 3117/3834/70 3113/3832/70 3303/3831/70
f 3305/3835/71 3115/3836/71 3117/3834/71 3307/3833/71
f 3325/3837/72 3120/3838/72 3115/3836/72 3305/3835/72
f 3311/3839/73 3123/3840/73 3120/3838/73 3325/3837/73
f 3315/3841/74 3129/3842/74 3123/3840/74 3311/3839/74
f 3313/3843/75 3127/3844/75 3129/3842/75 3315/3841/75
f 3323/3845/76 3125/3846/76 3127/3844/76 3313/3843/76
f 3317/3847/77 3140/3848/77 3124/4082/77 3125/3846/77 3323/3845/77
f 3321/3849/161 3139/3850/161 3140/3848/161 3317/3847/161
f 3319/3851/79 3144/3852/79 3139/3850/79 3321/3849/79
f 3357/3853/80 3141/3854/80 3144/3852/80 3319/3851/80
f 3143/3855/81 3141/3854/81 3357/3853/81 3327/3856/81
f 3142/3857/82 3143/3855/82 3327/3856/82 3331/3858/82
f 3152/3859/145 3142/3857/145 3331/3858/145 3329/3860/145
f 3145/3861/84 3152/3859/84 3329/3860/84 3339/3862/84
f 3147/3863/85 3145/3861/85 3339/3862/85 3333/3864/85
f 3151/3865/86 3147/3863/86 3333/3864/86 3337/3866/86
f 3149/3867/87 3151/3865/87 3337/3866/87 3335/3868/87
f 3168/3869/88 3149/3867/88 3335/3868/88 3355/3870/88
f 3154/3871/89 3168/3869/89 3355/3870/89 3341/3872/89
f 3158/3873/90 3154/3871/90 3341/3872/90 3345/3874/90
f 3156/3875/91 3158/3873/91 3345/3874/91 3343/3876/91
f 3167/3877/92 3156/3875/92 3343/3876/92 3353/3878/92
f 3160/3879/93 3167/3877/93 3353/3878/93 3347/3880/93
f 3165/3881/94 3160/3879/94 3347/3880/94 3351/3882/94
f 3163/3883/95 3165/3881/95 3351/3882/95 3349/3884/95
f 3161/3885/96 3163/3883/96 3349/3884/96 3348/3886/96
f 3162/3887/97 3161/3885/97 3348/3886/97 3350/3888/97
f 3164/3889/98 3162/3887/98 3350/3888/98 3352/3890/98
f 3159/3891/99 3164/3889/99 3352/3890/99 3346/3892/99
f 3166/3893/100 3159/3891/100 3346/3892/100 3354/3894/100
f 3155/3895/101 3166/3893/101 3354/3894/101 3342/3896/101
f 3157/3897/102 3155/3895/102 3342/3896/102 3344/3898/102
f 3153/3899/103 3157/3897/103 3344/3898/103 3340/3900/103
f 3169/3901/104 3153/3899/104 3340/3900/104 3356/3902/104
f 3148/3903/105 3169/3901/105 3356/3902/105 3334/3904/105
f 3150/3905/106 3148/3903/106 3334/3904/106 3336/3906/106
f 3146/3907/107 3150/3905/107 3336/3906/107 3332/3908/107
f 3134/3909/108 3146/3907/108 3332/3908/108 3338/3910/108
f 3135/3911/109 3134/3909/109 3338/3910/109 3328/3912/109
f 3133/3913/148 3135/3911/148 3328/3912/148 3330/3914/148
f 3137/3915/111 3133/3913/111 3330/3914/111 3326/3916/111
f 3131/3917/112 3137/3915/112 3326/3916/112 3358/3918/112
f 3132/3919/113 3131/3917/113 3358/3918/113 3318/3920/113
f 3130/3921/114 3132/3919/114 3318/3920/114 3320/3922/114
f 3136/3923/164 3130/3921/164 3320/3922/164 3316/3924/164
f 3126/3925/116 3136/3923/116 3316/3924/116 3322/3926/116
f 3128/3927/117 3126/3925/117 3322/3926/117 3312/3928/117
f 3121/3929/118 3128/3927/118 3312/3928/118 3314/3930/118
f 3122/3931/119 3121/3929/119 3314/3930/119 3310/3932/119
f 3138/3933/120 3122/3931/120 3310/3932/120 3324/3934/120
f 3114/3935/121 3138/3933/121 3324/3934/121 3304/3936/121
f 3116/3937/122 3114/3935/122 3304/3936/122 3306/3938/122
f 3112/3939/123 3116/3937/123 3306/3938/123 3302/3940/123
f 3118/3941/124 3112/3939/124 3302/3940/124 3308/3942/124
f 3109/3943/125 3118/3941/125 3308/3942/125 3298/3944/125
f 3111/3945/126 3109/3943/126 3298/3944/126 3300/4081/126
f 3104/3947/128 3111/3945/128 3300/4081/128 3296/3948/128
f 3105/3949/129 3104/3947/129 3296/3948/129 3360/3950/129
f 3195/3951/1 3105/3949/1 3360/3950/1 3286/3952/1
f 3192/3953/2 3195/3951/2 3286/3952/2 3287/3954/2
f 3193/3955/3 3192/3953/3 3287/3954/3 3284/3956/3
f 3198/3957/4 3193/3955/4 3284/3956/4 3289/3958/4
f 3188/3959/5 3198/3957/5 3289/3958/5 3280/3960/5
f 3190/3961/6 3188/3959/6 3280/3960/6 3282/3962/6
f 3186/3963/7 3190/3961/7 3282/3962/7 3278/3964/7
f 3201/3965/8 3186/3963/8 3278/3964/8 3291/3966/8
f 3181/3967/9 3201/3965/9 3291/3966/9 3272/3968/9
f 3183/3969/10 3181/3967/10 3272/3968/10 3274/3970/10
f 3178/3971/11 3183/3969/11 3274/3970/11 3270/3972/11
f 3185/3973/12 3178/3971/12 3270/3972/12 3276/3974/12
f 3175/3975/13 3185/3973/13 3276/3974/13 3266/3976/13
f 3176/3977/151 3175/3975/151 3266/3976/151 3268/3978/151
f 3177/3979/15 3176/3977/15 3268/3978/15 3264/3980/15
f 3174/3981/16 3177/3979/16 3264/3980/16 3293/3982/16
f 3256/3983/17 3172/3984/17 3174/3981/17 3293/3982/17
f 3258/3985/18 3171/3986/18 3172/3984/18 3256/3983/18
f 3254/3987/154 3173/3988/154 3171/3986/154 3258/3985/154
f 3260/3989/20 3170/3990/20 3173/3988/20 3254/3987/20
f 3250/3991/21 3219/3992/21 3170/3990/21 3260/3989/21
f 3252/3993/22 3221/3994/22 3219/3992/22 3250/3991/22
f 3248/3995/23 3217/3996/23 3221/3994/23 3252/3993/23
f 3262/3997/24 3231/3998/24 3217/3996/24 3248/3995/24
f 3242/3999/25 3212/4000/25 3231/3998/25 3262/3997/25
f 3244/4001/26 3214/4002/26 3212/4000/26 3242/3999/26
f 3240/4003/27 3209/4004/27 3214/4002/27 3244/4001/27
f 3246/4005/28 3216/4006/28 3209/4004/28 3240/4003/28
f 3236/4007/29 3205/4008/29 3216/4006/29 3246/4005/29
f 3238/4009/30 3207/4010/30 3205/4008/30 3236/4007/30
f 3234/4011/31 3203/4012/31 3207/4010/31 3238/4009/31
f 3233/4013/32 3202/4014/32 3203/4012/32 3234/4011/32
f 3235/4015/33 3204/4016/33 3202/4014/33 3233/4013/33
f 3239/4017/34 3206/4018/34 3204/4016/34 3235/4015/34
f 3237/4019/35 3208/4020/35 3206/4018/35 3239/4017/35
f 3247/4021/36 3210/4022/36 3208/4020/36 3237/4019/36
f 3241/4023/37 3215/4024/37 3210/4022/37 3247/4021/37
f 3245/4025/38 3213/4026/38 3215/4024/38 3241/4023/38
f 3243/4027/39 3211/4028/39 3213/4026/39 3245/4025/39
f 3263/4029/40 3232/4030/40 3211/4028/40 3243/4027/40
f 3249/4031/41 3218/4032/41 3232/4030/41 3263/4029/41
f 3253/4033/42 3222/4034/42 3218/4032/42 3249/4031/42
f 3251/4035/43 3220/4036/43 3222/4034/43 3253/4033/43
f 3261/4037/44 3230/4038/44 3220/4036/44 3251/4035/44
f 3255/4039/45 3223/4040/45 3230/4038/45 3261/4037/45
f 3259/4041/157 3225/4042/157 3223/4040/157 3255/4039/157
f 3257/4043/47 3224/4044/47 3225/4042/47 3259/4041/47
f 3295/4045/48 3229/4046/48 3224/4044/48 3257/4043/48
f 3265/4047/49 3226/4048/49 3229/4046/49 3295/4045/49
f 3269/4049/50 3228/4050/50 3226/4048/50 3265/4047/50
f 3267/4051/160 3227/4052/160 3228/4050/160 3269/4049/160
f 3277/4053/52 3179/4054/52 3227/4052/52 3267/4051/52
f 3271/4055/53 3184/4056/53 3179/4054/53 3277/4053/53
f 3275/4057/54 3182/4058/54 3184/4056/54 3271/4055/54
f 3273/4059/55 3180/4060/55 3182/4058/55 3275/4057/55
f 3294/4061/56 3200/4062/56 3180/4060/56 3273/4059/56
f 3279/4063/57 3187/4064/57 3200/4062/57 3294/4061/57
f 3283/4065/58 3191/4066/58 3187/4064/58 3279/4063/58
f 3281/4067/59 3189/4068/59 3191/4066/59 3283/4065/59
f 3292/4069/60 3199/4070/60 3189/4068/60 3281/4067/60
f 3285/4071/61 3194/4072/61 3199/4070/61 3292/4069/61
f 3290/4073/62 3197/4074/62 3194/4072/62 3285/4071/62
f 3288/4075/63 3196/4076/63 3197/4074/63 3290/4073/63
f 3359/4077/64 3106/4078/64 3196/4076/64 3288/4075/64
