# Blender 5.1.2
# www.blender.org
o 02_upper_cover_assembly
v 0.000000 32.000000 11.500000
v 0.000000 32.000000 11.500000
v 0.000000 32.000000 11.500000
v 0.000000 32.000000 12.149999
v 0.000000 32.000000 12.149999
v 0.000000 32.000000 12.149999
v 1.047011 31.982866 12.149999
v 1.047011 31.982866 12.149999
v 1.047011 31.982866 12.149999
v 1.047011 31.982866 11.500000
v 1.047011 31.982866 11.500000
v 1.047011 31.982866 11.500000
v 1.047011 31.982866 18.799999
v 1.047011 31.982866 18.799999
v 1.047011 31.982866 18.799999
v 1.047011 31.982866 12.499999
v 1.047011 31.982866 12.499999
v 1.047011 31.982866 12.499999
v 0.000000 32.000000 12.499999
v 0.000000 32.000000 12.499999
v 0.000000 32.000000 12.499999
v 0.000000 32.000000 18.799999
v 0.000000 32.000000 18.799999
v 0.000000 32.000000 18.799999
v 2.092900 31.931486 12.149999
v 2.092900 31.931486 12.149999
v 2.092900 31.931486 12.149999
v 2.092900 31.931486 11.500000
v 2.092900 31.931486 11.500000
v 2.092900 31.931486 11.500000
v 2.092900 31.931486 18.799999
v 2.092900 31.931486 18.799999
v 2.092900 31.931486 18.799999
v 2.092900 31.931486 12.499999
v 2.092900 31.931486 12.499999
v 2.092900 31.931486 12.499999
v 3.136549 31.845911 12.149999
v 3.136549 31.845911 12.149999
v 3.136549 31.845911 12.149999
v 3.136549 31.845911 11.500000
v 3.136549 31.845911 11.500000
v 3.136549 31.845911 11.500000
v 3.136549 31.845911 18.799999
v 3.136549 31.845911 18.799999
v 3.136549 31.845911 18.799999
v 3.136549 31.845911 12.499999
v 3.136549 31.845911 12.499999
v 3.136549 31.845911 12.499999
v 4.176838 31.726236 12.149999
v 4.176838 31.726236 12.149999
v 4.176838 31.726236 12.149999
v 4.176838 31.726236 11.500000
v 4.176838 31.726236 11.500000
v 4.176838 31.726236 11.500000
v 4.176838 31.726236 18.799999
v 4.176838 31.726236 18.799999
v 4.176838 31.726236 18.799999
v 4.176838 31.726236 12.499999
v 4.176838 31.726236 12.499999
v 4.176838 31.726236 12.499999
v 5.212655 31.572586 12.149999
v 5.212655 31.572586 12.149999
v 5.212655 31.572586 12.149999
v 5.212655 31.572586 11.500000
v 5.212655 31.572586 11.500000
v 5.212655 31.572586 11.500000
v 5.212655 31.572586 18.799999
v 5.212655 31.572586 18.799999
v 5.212655 31.572586 18.799999
v 5.212655 31.572586 12.499999
v 5.212655 31.572586 12.499999
v 5.212655 31.572586 12.499999
v 6.242890 31.385128 12.149999
v 6.242890 31.385128 12.149999
v 6.242890 31.385128 12.149999
v 6.242890 31.385128 11.500000
v 6.242890 31.385128 11.500000
v 6.242890 31.385128 11.500000
v 6.242890 31.385128 18.799999
v 6.242890 31.385128 18.799999
v 6.242890 31.385128 18.799999
v 6.242890 31.385128 12.499999
v 6.242890 31.385128 12.499999
v 6.242890 31.385128 12.499999
v 7.266440 31.164062 12.149999
v 7.266440 31.164062 12.149999
v 7.266440 31.164062 12.149999
v 7.266440 31.164062 11.500000
v 7.266440 31.164062 11.500000
v 7.266440 31.164062 11.500000
v 7.266440 31.164062 18.799999
v 7.266440 31.164062 18.799999
v 7.266440 31.164062 18.799999
v 7.266440 31.164062 12.499999
v 7.266440 31.164062 12.499999
v 7.266440 31.164062 12.499999
v 8.282209 30.909626 12.149999
v 8.282209 30.909626 12.149999
v 8.282209 30.909626 12.149999
v 8.282209 30.909626 11.500000
v 8.282209 30.909626 11.500000
v 8.282209 30.909626 11.500000
v 8.282209 30.909626 18.799999
v 8.282209 30.909626 18.799999
v 8.282209 30.909626 18.799999
v 8.282209 30.909626 12.499999
v 8.282209 30.909626 12.499999
v 8.282209 30.909626 12.499999
v 9.289110 30.622091 12.149999
v 9.289110 30.622091 12.149999
v 9.289110 30.622091 12.149999
v 9.289110 30.622091 11.500000
v 9.289110 30.622091 11.500000
v 9.289110 30.622091 11.500000
v 9.289110 30.622091 18.799999
v 9.289110 30.622091 18.799999
v 9.289110 30.622091 18.799999
v 9.289110 30.622091 12.499999
v 9.289110 30.622091 12.499999
v 9.289110 30.622091 12.499999
v 10.286063 30.301764 12.149999
v 10.286063 30.301764 12.149999
v 10.286063 30.301764 12.149999
v 10.286063 30.301764 11.500000
v 10.286063 30.301764 11.500000
v 10.286063 30.301764 11.500000
v 10.286063 30.301764 18.799999
v 10.286063 30.301764 18.799999
v 10.286063 30.301764 18.799999
v 10.286063 30.301764 12.499999
v 10.286063 30.301764 12.499999
v 10.286063 30.301764 12.499999
v 11.272002 29.948990 12.149999
v 11.272002 29.948990 12.149999
v 11.272002 29.948990 12.149999
v 11.272002 29.948990 11.500000
v 11.272002 29.948990 11.500000
v 11.272002 29.948990 11.500000
v 11.272002 29.948990 18.799999
v 11.272002 29.948990 18.799999
v 11.272002 29.948990 18.799999
v 11.272002 29.948990 12.499999
v 11.272002 29.948990 12.499999
v 11.272002 29.948990 12.499999
v 12.245871 29.564144 12.149999
v 12.245871 29.564144 12.149999
v 12.245871 29.564144 12.149999
v 12.245871 29.564144 11.500000
v 12.245871 29.564144 11.500000
v 12.245871 29.564144 11.500000
v 12.245871 29.564144 18.799999
v 12.245871 29.564144 18.799999
v 12.245871 29.564144 18.799999
v 12.245871 29.564144 12.499999
v 12.245871 29.564144 12.499999
v 12.245871 29.564144 12.499999
v 13.206626 29.147642 12.149999
v 13.206626 29.147642 12.149999
v 13.206626 29.147642 12.149999
v 13.206626 29.147642 11.500000
v 13.206626 29.147642 11.500000
v 13.206626 29.147642 11.500000
v 13.206626 29.147642 18.799999
v 13.206626 29.147642 18.799999
v 13.206626 29.147642 18.799999
v 13.206626 29.147642 18.799999
v 13.206626 29.147642 12.499999
v 13.206626 29.147642 12.499999
v 13.206626 29.147642 12.499999
v 14.153238 28.699928 12.149999
v 14.153238 28.699928 12.149999
v 14.153238 28.699928 12.149999
v 14.153238 28.699928 11.500000
v 14.153238 28.699928 11.500000
v 14.153238 28.699928 11.500000
v 14.153238 28.699928 18.799999
v 14.153238 28.699928 18.799999
v 14.153238 28.699928 18.799999
v 14.153238 28.699928 12.499999
v 14.153238 28.699928 12.499999
v 14.153238 28.699928 12.499999
v 15.084696 28.221479 12.149999
v 15.084696 28.221479 12.149999
v 15.084696 28.221479 12.149999
v 15.084696 28.221479 11.500000
v 15.084696 28.221479 11.500000
v 15.084696 28.221479 11.500000
v 15.084696 28.221479 18.799999
v 15.084696 28.221479 18.799999
v 15.084696 28.221479 18.799999
v 15.084696 28.221479 18.799999
v 15.084696 28.221479 18.799999
v 15.084696 28.221479 12.499999
v 15.084696 28.221479 12.499999
v 15.084696 28.221479 12.499999
v 16.000000 27.712812 12.149999
v 16.000000 27.712812 12.149999
v 16.000000 27.712812 12.149999
v 16.000000 27.712812 11.500000
v 16.000000 27.712812 11.500000
v 16.000000 27.712812 11.500000
v 16.000000 27.712812 18.799999
v 16.000000 27.712812 18.799999
v 16.000000 27.712812 18.799999
v 16.000000 27.712812 12.499999
v 16.000000 27.712812 12.499999
v 16.000000 27.712812 12.499999
v 16.898170 27.174469 12.149999
v 16.898170 27.174469 12.149999
v 16.898170 27.174469 12.149999
v 16.898170 27.174469 11.500000
v 16.898170 27.174469 11.500000
v 16.898170 27.174469 11.500000
v 16.898170 27.174469 18.799999
v 16.898170 27.174469 18.799999
v 16.898170 27.174469 18.799999
v 16.898170 27.174469 18.799999
v 16.898170 27.174469 12.499999
v 16.898170 27.174469 12.499999
v 16.898170 27.174469 12.499999
v 17.778248 26.607027 12.149999
v 17.778248 26.607027 12.149999
v 17.778248 26.607027 12.149999
v 17.778248 26.607027 11.500000
v 17.778248 26.607027 11.500000
v 17.778248 26.607027 11.500000
v 17.778248 26.607027 18.799999
v 17.778248 26.607027 18.799999
v 17.778248 26.607027 18.799999
v 17.778248 26.607027 12.499999
v 17.778248 26.607027 12.499999
v 17.778248 26.607027 12.499999
v 18.639288 26.011093 12.149999
v 18.639288 26.011093 12.149999
v 18.639288 26.011093 12.149999
v 18.639288 26.011093 11.500000
v 18.639288 26.011093 11.500000
v 18.639288 26.011093 11.500000
v 18.639288 26.011093 18.799999
v 18.639288 26.011093 18.799999
v 18.639288 26.011093 18.799999
v 18.639288 26.011093 18.799999
v 18.639288 26.011093 18.799999
v 18.639288 26.011093 12.499999
v 18.639288 26.011093 12.499999
v 18.639288 26.011093 12.499999
v 19.480366 25.387306 12.149999
v 19.480366 25.387306 12.149999
v 19.480366 25.387306 12.149999
v 19.480366 25.387306 11.500000
v 19.480366 25.387306 11.500000
v 19.480366 25.387306 11.500000
v 19.480366 25.387306 18.799999
v 19.480366 25.387306 18.799999
v 19.480366 25.387306 18.799999
v 19.480366 25.387306 12.499999
v 19.480366 25.387306 12.499999
v 19.480366 25.387306 12.499999
v 20.300587 24.736334 12.149999
v 20.300587 24.736334 12.149999
v 20.300587 24.736334 12.149999
v 20.300587 24.736334 11.500000
v 20.300587 24.736334 11.500000
v 20.300587 24.736334 11.500000
v 20.300587 24.736334 18.799999
v 20.300587 24.736334 18.799999
v 20.300587 24.736334 18.799999
v 20.300587 24.736334 18.799999
v 20.300587 24.736334 12.499999
v 20.300587 24.736334 12.499999
v 20.300587 24.736334 12.499999
v 21.099068 24.058872 12.149999
v 21.099068 24.058872 12.149999
v 21.099068 24.058872 12.149999
v 21.099068 24.058872 12.149999
v 21.099068 24.058872 11.500000
v 21.099068 24.058872 11.500000
v 21.099068 24.058872 11.500000
v 21.099068 24.058872 18.799999
v 21.099068 24.058872 18.799999
v 21.099068 24.058872 18.799999
v 21.099068 24.058872 12.499999
v 21.099068 24.058872 12.499999
v 21.099068 24.058872 12.499999
v 21.099068 24.058872 12.499999
v 21.874954 23.355650 12.149999
v 21.874954 23.355650 12.149999
v 21.874954 23.355650 12.149999
v 21.874954 23.355650 11.500000
v 21.874954 23.355650 11.500000
v 21.874954 23.355650 11.500000
v 21.874954 23.355650 11.500000
v 21.874954 23.355650 11.500000
v 21.874954 23.355650 18.799999
v 21.874954 23.355650 18.799999
v 21.874954 23.355650 18.799999
v 21.874954 23.355650 18.799999
v 21.874954 23.355650 18.799999
v 21.874954 23.355650 12.499999
v 21.874954 23.355650 12.499999
v 21.874954 23.355650 12.499999
v 22.627417 22.627417 12.149999
v 22.627417 22.627417 12.149999
v 22.627417 22.627417 12.149999
v 22.627417 22.627417 11.500000
v 22.627417 22.627417 11.500000
v 22.627417 22.627417 11.500000
v 22.627417 22.627417 18.799999
v 22.627417 22.627417 18.799999
v 22.627417 22.627417 18.799999
v 22.627417 22.627417 12.499999
v 22.627417 22.627417 12.499999
v 22.627417 22.627417 12.499999
v 23.355650 21.874954 12.149999
v 23.355650 21.874954 12.149999
v 23.355650 21.874954 12.149999
v 23.355650 21.874954 12.149999
v 23.355650 21.874954 11.500000
v 23.355650 21.874954 11.500000
v 23.355650 21.874954 11.500000
v 23.355650 21.874954 11.500000
v 23.355650 21.874954 12.499999
v 23.355650 21.874954 12.499999
v 23.355650 21.874954 12.499999
v 23.355650 21.874954 18.799999
v 23.355650 21.874954 18.799999
v 23.355650 21.874954 18.799999
v 23.355650 21.874954 18.799999
v 24.058872 21.099068 12.149999
v 24.058872 21.099068 12.149999
v 24.058872 21.099068 12.149999
v 24.058872 21.099068 11.500000
v 24.058872 21.099068 11.500000
v 24.058872 21.099068 11.500000
v 24.058872 21.099068 11.500000
v 24.058872 21.099068 12.499999
v 24.058872 21.099068 12.499999
v 24.058872 21.099068 12.499999
v 24.058872 21.099068 18.799999
v 24.058872 21.099068 18.799999
v 24.058872 21.099068 18.799999
v 24.736334 20.300587 12.149999
v 24.736334 20.300587 12.149999
v 24.736334 20.300587 12.149999
v 24.736334 20.300587 11.500000
v 24.736334 20.300587 11.500000
v 24.736334 20.300587 11.500000
v 24.736334 20.300587 11.500000
v 24.736334 20.300587 12.499999
v 24.736334 20.300587 12.499999
v 24.736334 20.300587 12.499999
v 24.736334 20.300587 18.799999
v 24.736334 20.300587 18.799999
v 24.736334 20.300587 18.799999
v 25.387306 19.480366 12.149999
v 25.387306 19.480366 12.149999
v 25.387306 19.480366 12.149999
v 25.387306 19.480366 11.500000
v 25.387306 19.480366 11.500000
v 25.387306 19.480366 11.500000
v 25.387306 19.480366 12.499999
v 25.387306 19.480366 12.499999
v 25.387306 19.480366 12.499999
v 25.387306 19.480366 18.799999
v 25.387306 19.480366 18.799999
v 25.387306 19.480366 18.799999
v 26.011093 18.639288 12.149999
v 26.011093 18.639288 12.149999
v 26.011093 18.639288 12.149999
v 26.011093 18.639288 11.500000
v 26.011093 18.639288 11.500000
v 26.011093 18.639288 11.500000
v 26.011093 18.639288 11.500000
v 26.011093 18.639288 12.499999
v 26.011093 18.639288 12.499999
v 26.011093 18.639288 12.499999
v 26.011093 18.639288 18.799999
v 26.011093 18.639288 18.799999
v 26.011093 18.639288 18.799999
v 26.011093 18.639288 18.799999
v 26.607027 17.778248 12.149999
v 26.607027 17.778248 12.149999
v 26.607027 17.778248 12.149999
v 26.607027 17.778248 11.500000
v 26.607027 17.778248 11.500000
v 26.607027 17.778248 11.500000
v 26.607027 17.778248 12.499999
v 26.607027 17.778248 12.499999
v 26.607027 17.778248 12.499999
v 26.607027 17.778248 18.799999
v 26.607027 17.778248 18.799999
v 26.607027 17.778248 18.799999
v 26.607027 17.778248 18.799999
v 27.174469 16.898170 12.149999
v 27.174469 16.898170 12.149999
v 27.174469 16.898170 12.149999
v 27.174469 16.898170 11.500000
v 27.174469 16.898170 11.500000
v 27.174469 16.898170 11.500000
v 27.174469 16.898170 11.500000
v 27.174469 16.898170 11.500000
v 27.174469 16.898170 12.499999
v 27.174469 16.898170 12.499999
v 27.174469 16.898170 12.499999
v 27.174469 16.898170 12.499999
v 27.174469 16.898170 18.799999
v 27.174469 16.898170 18.799999
v 27.174469 16.898170 18.799999
v 27.174469 16.898170 18.799999
v 27.712812 16.000000 12.149999
v 27.712812 16.000000 12.149999
v 27.712812 16.000000 12.149999
v 27.712812 16.000000 11.500000
v 27.712812 16.000000 11.500000
v 27.712812 16.000000 11.500000
v 27.712812 16.000000 11.500000
v 27.712812 16.000000 12.499999
v 27.712812 16.000000 12.499999
v 27.712812 16.000000 12.499999
v 27.712812 16.000000 18.799999
v 27.712812 16.000000 18.799999
v 27.712812 16.000000 18.799999
v 28.221479 15.084696 12.149999
v 28.221479 15.084696 12.149999
v 28.221479 15.084696 12.149999
v 28.221479 15.084696 11.500000
v 28.221479 15.084696 11.500000
v 28.221479 15.084696 11.500000
v 28.221479 15.084696 12.499999
v 28.221479 15.084696 12.499999
v 28.221479 15.084696 12.499999
v 28.221479 15.084696 18.799999
v 28.221479 15.084696 18.799999
v 28.221479 15.084696 18.799999
v 28.699928 14.153238 12.149999
v 28.699928 14.153238 12.149999
v 28.699928 14.153238 12.149999
v 28.699928 14.153238 11.500000
v 28.699928 14.153238 11.500000
v 28.699928 14.153238 11.500000
v 28.699928 14.153238 11.500000
v 28.699928 14.153238 12.499999
v 28.699928 14.153238 12.499999
v 28.699928 14.153238 12.499999
v 28.699928 14.153238 18.799999
v 28.699928 14.153238 18.799999
v 28.699928 14.153238 18.799999
v 29.147642 13.206626 12.149999
v 29.147642 13.206626 12.149999
v 29.147642 13.206626 12.149999
v 29.147642 13.206626 11.500000
v 29.147642 13.206626 11.500000
v 29.147642 13.206626 11.500000
v 29.147642 13.206626 12.499999
v 29.147642 13.206626 12.499999
v 29.147642 13.206626 12.499999
v 29.147642 13.206626 18.799999
v 29.147642 13.206626 18.799999
v 29.147642 13.206626 18.799999
v 29.147642 13.206626 18.799999
v 29.564144 12.245871 12.149999
v 29.564144 12.245871 12.149999
v 29.564144 12.245871 12.149999
v 29.564144 12.245871 11.500000
v 29.564144 12.245871 11.500000
v 29.564144 12.245871 11.500000
v 29.564144 12.245871 12.499999
v 29.564144 12.245871 12.499999
v 29.564144 12.245871 12.499999
v 29.564144 12.245871 12.499999
v 29.564144 12.245871 18.799999
v 29.564144 12.245871 18.799999
v 29.564144 12.245871 18.799999
v 29.948990 11.272002 12.149999
v 29.948990 11.272002 12.149999
v 29.948990 11.272002 12.149999
v 29.948990 11.272002 11.500000
v 29.948990 11.272002 11.500000
v 29.948990 11.272002 11.500000
v 29.948990 11.272002 12.499999
v 29.948990 11.272002 12.499999
v 29.948990 11.272002 12.499999
v 29.948990 11.272002 18.799999
v 29.948990 11.272002 18.799999
v 29.948990 11.272002 18.799999
v 29.948990 11.272002 18.799999
v 30.301764 10.286063 12.149999
v 30.301764 10.286063 12.149999
v 30.301764 10.286063 12.149999
v 30.301764 10.286063 11.500000
v 30.301764 10.286063 11.500000
v 30.301764 10.286063 11.500000
v 30.301764 10.286063 12.499999
v 30.301764 10.286063 12.499999
v 30.301764 10.286063 12.499999
v 30.301764 10.286063 18.799999
v 30.301764 10.286063 18.799999
v 30.301764 10.286063 18.799999
v 30.622091 9.289110 12.149999
v 30.622091 9.289110 12.149999
v 30.622091 9.289110 12.149999
v 30.622091 9.289110 11.500000
v 30.622091 9.289110 11.500000
v 30.622091 9.289110 11.500000
v 30.622091 9.289110 12.499999
v 30.622091 9.289110 12.499999
v 30.622091 9.289110 12.499999
v 30.622091 9.289110 18.799999
v 30.622091 9.289110 18.799999
v 30.622091 9.289110 18.799999
v 30.622091 9.289110 18.799999
v 30.909626 8.282209 12.149999
v 30.909626 8.282209 12.149999
v 30.909626 8.282209 12.149999
v 30.909626 8.282209 11.500000
v 30.909626 8.282209 11.500000
v 30.909626 8.282209 11.500000
v 30.909626 8.282209 11.500000
v 30.909626 8.282209 12.499999
v 30.909626 8.282209 12.499999
v 30.909626 8.282209 12.499999
v 30.909626 8.282209 18.799999
v 30.909626 8.282209 18.799999
v 30.909626 8.282209 18.799999
v 31.164062 7.266440 12.149999
v 31.164062 7.266440 12.149999
v 31.164062 7.266440 12.149999
v 31.164062 7.266440 11.500000
v 31.164062 7.266440 11.500000
v 31.164062 7.266440 11.500000
v 31.164062 7.266440 12.499999
v 31.164062 7.266440 12.499999
v 31.164062 7.266440 12.499999
v 31.164062 7.266440 18.799999
v 31.164062 7.266440 18.799999
v 31.164062 7.266440 18.799999
v 31.164062 7.266440 18.799999
v 31.385128 6.242890 12.149999
v 31.385128 6.242890 12.149999
v 31.385128 6.242890 12.149999
v 31.385128 6.242890 11.500000
v 31.385128 6.242890 11.500000
v 31.385128 6.242890 11.500000
v 31.385128 6.242890 11.500000
v 31.385128 6.242890 12.499999
v 31.385128 6.242890 12.499999
v 31.385128 6.242890 12.499999
v 31.385128 6.242890 18.799999
v 31.385128 6.242890 18.799999
v 31.385128 6.242890 18.799999
v 31.572586 5.212655 12.149999
v 31.572586 5.212655 12.149999
v 31.572586 5.212655 12.149999
v 31.572586 5.212655 11.500000
v 31.572586 5.212655 11.500000
v 31.572586 5.212655 11.500000
v 31.572586 5.212655 12.499999
v 31.572586 5.212655 12.499999
v 31.572586 5.212655 12.499999
v 31.572586 5.212655 18.799999
v 31.572586 5.212655 18.799999
v 31.572586 5.212655 18.799999
v 31.572586 5.212655 18.799999
v 31.572586 5.212655 18.799999
v 31.726236 4.176838 12.149999
v 31.726236 4.176838 12.149999
v 31.726236 4.176838 12.149999
v 31.726236 4.176838 11.500000
v 31.726236 4.176838 11.500000
v 31.726236 4.176838 11.500000
v 31.726236 4.176838 12.499999
v 31.726236 4.176838 12.499999
v 31.726236 4.176838 12.499999
v 31.726236 4.176838 18.799999
v 31.726236 4.176838 18.799999
v 31.726236 4.176838 18.799999
v 31.845911 3.136549 12.149999
v 31.845911 3.136549 12.149999
v 31.845911 3.136549 12.149999
v 31.845911 3.136549 11.500000
v 31.845911 3.136549 11.500000
v 31.845911 3.136549 11.500000
v 31.845911 3.136549 12.499999
v 31.845911 3.136549 12.499999
v 31.845911 3.136549 12.499999
v 31.845911 3.136549 18.799999
v 31.845911 3.136549 18.799999
v 31.845911 3.136549 18.799999
v 31.845911 3.136549 18.799999
v 31.845911 3.136549 18.799999
v 31.931486 2.092900 12.149999
v 31.931486 2.092900 12.149999
v 31.931486 2.092900 12.149999
v 31.931486 2.092900 11.500000
v 31.931486 2.092900 11.500000
v 31.931486 2.092900 11.500000
v 31.931486 2.092900 12.499999
v 31.931486 2.092900 12.499999
v 31.931486 2.092900 12.499999
v 31.931486 2.092900 18.799999
v 31.931486 2.092900 18.799999
v 31.931486 2.092900 18.799999
v 31.982866 1.047011 12.149999
v 31.982866 1.047011 12.149999
v 31.982866 1.047011 12.149999
v 31.982866 1.047011 11.500000
v 31.982866 1.047011 11.500000
v 31.982866 1.047011 11.500000
v 31.982866 1.047011 12.499999
v 31.982866 1.047011 12.499999
v 31.982866 1.047011 12.499999
v 31.982866 1.047011 18.799999
v 31.982866 1.047011 18.799999
v 31.982866 1.047011 18.799999
v 31.982866 1.047011 18.799999
v 32.000000 0.000000 12.149999
v 32.000000 0.000000 12.149999
v 32.000000 0.000000 12.149999
v 32.000000 0.000000 11.500000
v 32.000000 0.000000 11.500000
v 32.000000 0.000000 11.500000
v 32.000000 0.000000 12.499999
v 32.000000 0.000000 12.499999
v 32.000000 0.000000 12.499999
v 32.000000 0.000000 18.799999
v 32.000000 0.000000 18.799999
v 32.000000 0.000000 18.799999
v 31.982866 -1.047011 12.149999
v 31.982866 -1.047011 12.149999
v 31.982866 -1.047011 12.149999
v 31.982866 -1.047011 11.500000
v 31.982866 -1.047011 11.500000
v 31.982866 -1.047011 11.500000
v 31.982866 -1.047011 12.499999
v 31.982866 -1.047011 12.499999
v 31.982866 -1.047011 12.499999
v 31.982866 -1.047011 18.799999
v 31.982866 -1.047011 18.799999
v 31.982866 -1.047011 18.799999
v 31.982866 -1.047011 18.799999
v 31.931486 -2.092900 12.149999
v 31.931486 -2.092900 12.149999
v 31.931486 -2.092900 12.149999
v 31.931486 -2.092900 11.500000
v 31.931486 -2.092900 11.500000
v 31.931486 -2.092900 11.500000
v 31.931486 -2.092900 12.499999
v 31.931486 -2.092900 12.499999
v 31.931486 -2.092900 12.499999
v 31.931486 -2.092900 18.799999
v 31.931486 -2.092900 18.799999
v 31.931486 -2.092900 18.799999
v 31.845911 -3.136549 12.149999
v 31.845911 -3.136549 12.149999
v 31.845911 -3.136549 12.149999
v 31.845911 -3.136549 11.500000
v 31.845911 -3.136549 11.500000
v 31.845911 -3.136549 11.500000
v 31.845911 -3.136549 12.499999
v 31.845911 -3.136549 12.499999
v 31.845911 -3.136549 12.499999
v 31.845911 -3.136549 18.799999
v 31.845911 -3.136549 18.799999
v 31.845911 -3.136549 18.799999
v 31.845911 -3.136549 18.799999
v 31.845911 -3.136549 18.799999
v 31.726236 -4.176838 12.149999
v 31.726236 -4.176838 12.149999
v 31.726236 -4.176838 12.149999
v 31.726236 -4.176838 11.500000
v 31.726236 -4.176838 11.500000
v 31.726236 -4.176838 11.500000
v 31.726236 -4.176838 12.499999
v 31.726236 -4.176838 12.499999
v 31.726236 -4.176838 12.499999
v 31.726236 -4.176838 18.799999
v 31.726236 -4.176838 18.799999
v 31.726236 -4.176838 18.799999
v 31.572586 -5.212655 12.149999
v 31.572586 -5.212655 12.149999
v 31.572586 -5.212655 12.149999
v 31.572586 -5.212655 11.500000
v 31.572586 -5.212655 11.500000
v 31.572586 -5.212655 11.500000
v 31.572586 -5.212655 12.499999
v 31.572586 -5.212655 12.499999
v 31.572586 -5.212655 12.499999
v 31.572586 -5.212655 18.799999
v 31.572586 -5.212655 18.799999
v 31.572586 -5.212655 18.799999
v 31.572586 -5.212655 18.799999
v 31.385128 -6.242890 12.149999
v 31.385128 -6.242890 12.149999
v 31.385128 -6.242890 12.149999
v 31.385128 -6.242890 11.500000
v 31.385128 -6.242890 11.500000
v 31.385128 -6.242890 11.500000
v 31.385128 -6.242890 11.500000
v 31.385128 -6.242890 12.499999
v 31.385128 -6.242890 12.499999
v 31.385128 -6.242890 12.499999
v 31.385128 -6.242890 18.799999
v 31.385128 -6.242890 18.799999
v 31.385128 -6.242890 18.799999
v 31.164062 -7.266440 12.149999
v 31.164062 -7.266440 12.149999
v 31.164062 -7.266440 12.149999
v 31.164062 -7.266440 11.500000
v 31.164062 -7.266440 11.500000
v 31.164062 -7.266440 11.500000
v 31.164062 -7.266440 12.499999
v 31.164062 -7.266440 12.499999
v 31.164062 -7.266440 12.499999
v 31.164062 -7.266440 18.799999
v 31.164062 -7.266440 18.799999
v 31.164062 -7.266440 18.799999
v 31.164062 -7.266440 18.799999
v 30.909626 -8.282209 12.149999
v 30.909626 -8.282209 12.149999
v 30.909626 -8.282209 12.149999
v 30.909626 -8.282209 11.500000
v 30.909626 -8.282209 11.500000
v 30.909626 -8.282209 11.500000
v 30.909626 -8.282209 11.500000
v 30.909626 -8.282209 12.499999
v 30.909626 -8.282209 12.499999
v 30.909626 -8.282209 12.499999
v 30.909626 -8.282209 18.799999
v 30.909626 -8.282209 18.799999
v 30.909626 -8.282209 18.799999
v 30.622091 -9.289110 12.149999
v 30.622091 -9.289110 12.149999
v 30.622091 -9.289110 12.149999
v 30.622091 -9.289110 11.500000
v 30.622091 -9.289110 11.500000
v 30.622091 -9.289110 11.500000
v 30.622091 -9.289110 12.499999
v 30.622091 -9.289110 12.499999
v 30.622091 -9.289110 12.499999
v 30.622091 -9.289110 18.799999
v 30.622091 -9.289110 18.799999
v 30.622091 -9.289110 18.799999
v 30.622091 -9.289110 18.799999
v 30.301764 -10.286063 12.149999
v 30.301764 -10.286063 12.149999
v 30.301764 -10.286063 12.149999
v 30.301764 -10.286063 11.500000
v 30.301764 -10.286063 11.500000
v 30.301764 -10.286063 11.500000
v 30.301764 -10.286063 12.499999
v 30.301764 -10.286063 12.499999
v 30.301764 -10.286063 12.499999
v 30.301764 -10.286063 18.799999
v 30.301764 -10.286063 18.799999
v 30.301764 -10.286063 18.799999
v 29.948990 -11.272002 12.149999
v 29.948990 -11.272002 12.149999
v 29.948990 -11.272002 12.149999
v 29.948990 -11.272002 11.500000
v 29.948990 -11.272002 11.500000
v 29.948990 -11.272002 11.500000
v 29.948990 -11.272002 12.499999
v 29.948990 -11.272002 12.499999
v 29.948990 -11.272002 12.499999
v 29.948990 -11.272002 18.799999
v 29.948990 -11.272002 18.799999
v 29.948990 -11.272002 18.799999
v 29.948990 -11.272002 18.799999
v 29.948990 -11.272002 18.799999
v 29.564144 -12.245871 12.149999
v 29.564144 -12.245871 12.149999
v 29.564144 -12.245871 12.149999
v 29.564144 -12.245871 11.500000
v 29.564144 -12.245871 11.500000
v 29.564144 -12.245871 11.500000
v 29.564144 -12.245871 12.499999
v 29.564144 -12.245871 12.499999
v 29.564144 -12.245871 12.499999
v 29.564144 -12.245871 18.799999
v 29.564144 -12.245871 18.799999
v 29.564144 -12.245871 18.799999
v 29.564144 -12.245871 18.799999
v 29.147642 -13.206626 12.149999
v 29.147642 -13.206626 12.149999
v 29.147642 -13.206626 12.149999
v 29.147642 -13.206626 11.500000
v 29.147642 -13.206626 11.500000
v 29.147642 -13.206626 11.500000
v 29.147642 -13.206626 12.499999
v 29.147642 -13.206626 12.499999
v 29.147642 -13.206626 12.499999
v 29.147642 -13.206626 12.499999
v 29.147642 -13.206626 18.799999
v 29.147642 -13.206626 18.799999
v 29.147642 -13.206626 18.799999
v 28.699928 -14.153238 12.149999
v 28.699928 -14.153238 12.149999
v 28.699928 -14.153238 12.149999
v 28.699928 -14.153238 11.500000
v 28.699928 -14.153238 11.500000
v 28.699928 -14.153238 11.500000
v 28.699928 -14.153238 11.500000
v 28.699928 -14.153238 12.499999
v 28.699928 -14.153238 12.499999
v 28.699928 -14.153238 12.499999
v 28.699928 -14.153238 18.799999
v 28.699928 -14.153238 18.799999
v 28.699928 -14.153238 18.799999
v 28.221479 -15.084696 12.149999
v 28.221479 -15.084696 12.149999
v 28.221479 -15.084696 12.149999
v 28.221479 -15.084696 11.500000
v 28.221479 -15.084696 11.500000
v 28.221479 -15.084696 11.500000
v 28.221479 -15.084696 12.499999
v 28.221479 -15.084696 12.499999
v 28.221479 -15.084696 12.499999
v 28.221479 -15.084696 18.799999
v 28.221479 -15.084696 18.799999
v 28.221479 -15.084696 18.799999
v 27.712812 -16.000000 12.149999
v 27.712812 -16.000000 12.149999
v 27.712812 -16.000000 12.149999
v 27.712812 -16.000000 11.500000
v 27.712812 -16.000000 11.500000
v 27.712812 -16.000000 11.500000
v 27.712812 -16.000000 11.500000
v 27.712812 -16.000000 12.499999
v 27.712812 -16.000000 12.499999
v 27.712812 -16.000000 12.499999
v 27.712812 -16.000000 18.799999
v 27.712812 -16.000000 18.799999
v 27.712812 -16.000000 18.799999
v 27.174469 -16.898170 12.149999
v 27.174469 -16.898170 12.149999
v 27.174469 -16.898170 12.149999
v 27.174469 -16.898170 11.500000
v 27.174469 -16.898170 11.500000
v 27.174469 -16.898170 11.500000
v 27.174469 -16.898170 12.499999
v 27.174469 -16.898170 12.499999
v 27.174469 -16.898170 12.499999
v 27.174469 -16.898170 18.799999
v 27.174469 -16.898170 18.799999
v 27.174469 -16.898170 18.799999
v 27.174469 -16.898170 18.799999
v 27.174469 -16.898170 18.799999
v 26.607027 -17.778248 12.149999
v 26.607027 -17.778248 12.149999
v 26.607027 -17.778248 12.149999
v 26.607027 -17.778248 11.500000
v 26.607027 -17.778248 11.500000
v 26.607027 -17.778248 11.500000
v 26.607027 -17.778248 12.499999
v 26.607027 -17.778248 12.499999
v 26.607027 -17.778248 12.499999
v 26.607027 -17.778248 12.499999
v 26.607027 -17.778248 18.799999
v 26.607027 -17.778248 18.799999
v 26.607027 -17.778248 18.799999
v 26.011093 -18.639288 12.149999
v 26.011093 -18.639288 12.149999
v 26.011093 -18.639288 12.149999
v 26.011093 -18.639288 11.500000
v 26.011093 -18.639288 11.500000
v 26.011093 -18.639288 11.500000
v 26.011093 -18.639288 12.499999
v 26.011093 -18.639288 12.499999
v 26.011093 -18.639288 12.499999
v 26.011093 -18.639288 18.799999
v 26.011093 -18.639288 18.799999
v 26.011093 -18.639288 18.799999
v 26.011093 -18.639288 18.799999
v 25.387306 -19.480366 12.149999
v 25.387306 -19.480366 12.149999
v 25.387306 -19.480366 12.149999
v 25.387306 -19.480366 11.500000
v 25.387306 -19.480366 11.500000
v 25.387306 -19.480366 11.500000
v 25.387306 -19.480366 12.499999
v 25.387306 -19.480366 12.499999
v 25.387306 -19.480366 12.499999
v 25.387306 -19.480366 18.799999
v 25.387306 -19.480366 18.799999
v 25.387306 -19.480366 18.799999
v 24.736334 -20.300587 12.149999
v 24.736334 -20.300587 12.149999
v 24.736334 -20.300587 12.149999
v 24.736334 -20.300587 11.500000
v 24.736334 -20.300587 11.500000
v 24.736334 -20.300587 11.500000
v 24.736334 -20.300587 12.499999
v 24.736334 -20.300587 12.499999
v 24.736334 -20.300587 12.499999
v 24.736334 -20.300587 18.799999
v 24.736334 -20.300587 18.799999
v 24.736334 -20.300587 18.799999
v 24.058872 -21.099068 12.149999
v 24.058872 -21.099068 12.149999
v 24.058872 -21.099068 12.149999
v 24.058872 -21.099068 12.149999
v 24.058872 -21.099068 11.500000
v 24.058872 -21.099068 11.500000
v 24.058872 -21.099068 11.500000
v 24.058872 -21.099068 11.500000
v 24.058872 -21.099068 12.499999
v 24.058872 -21.099068 12.499999
v 24.058872 -21.099068 12.499999
v 24.058872 -21.099068 18.799999
v 24.058872 -21.099068 18.799999
v 24.058872 -21.099068 18.799999
v 23.355650 -21.874954 12.149999
v 23.355650 -21.874954 12.149999
v 23.355650 -21.874954 12.149999
v 23.355650 -21.874954 11.500000
v 23.355650 -21.874954 11.500000
v 23.355650 -21.874954 11.500000
v 23.355650 -21.874954 11.500000
v 23.355650 -21.874954 12.499999
v 23.355650 -21.874954 12.499999
v 23.355650 -21.874954 12.499999
v 23.355650 -21.874954 18.799999
v 23.355650 -21.874954 18.799999
v 23.355650 -21.874954 18.799999
v 23.355650 -21.874954 18.799999
v 22.627417 -22.627417 12.149999
v 22.627417 -22.627417 12.149999
v 22.627417 -22.627417 12.149999
v 22.627417 -22.627417 11.500000
v 22.627417 -22.627417 11.500000
v 22.627417 -22.627417 11.500000
v 22.627417 -22.627417 11.500000
v 22.627417 -22.627417 12.499999
v 22.627417 -22.627417 12.499999
v 22.627417 -22.627417 12.499999
v 22.627417 -22.627417 18.799999
v 22.627417 -22.627417 18.799999
v 22.627417 -22.627417 18.799999
v 21.874954 -23.355650 12.149999
v 21.874954 -23.355650 12.149999
v 21.874954 -23.355650 12.149999
v 21.874954 -23.355650 11.500000
v 21.874954 -23.355650 11.500000
v 21.874954 -23.355650 11.500000
v 21.874954 -23.355650 12.499999
v 21.874954 -23.355650 12.499999
v 21.874954 -23.355650 12.499999
v 21.874954 -23.355650 18.799999
v 21.874954 -23.355650 18.799999
v 21.874954 -23.355650 18.799999
v 21.874954 -23.355650 18.799999
v 21.874954 -23.355650 18.799999
v 21.099068 -24.058872 12.149999
v 21.099068 -24.058872 12.149999
v 21.099068 -24.058872 12.149999
v 21.099068 -24.058872 11.500000
v 21.099068 -24.058872 11.500000
v 21.099068 -24.058872 11.500000
v 21.099068 -24.058872 11.500000
v 21.099068 -24.058872 12.499999
v 21.099068 -24.058872 12.499999
v 21.099068 -24.058872 12.499999
v 21.099068 -24.058872 12.499999
v 21.099068 -24.058872 18.799999
v 21.099068 -24.058872 18.799999
v 21.099068 -24.058872 18.799999
v 20.300587 -24.736334 12.149999
v 20.300587 -24.736334 12.149999
v 20.300587 -24.736334 12.149999
v 20.300587 -24.736334 11.500000
v 20.300587 -24.736334 11.500000
v 20.300587 -24.736334 11.500000
v 20.300587 -24.736334 12.499999
v 20.300587 -24.736334 12.499999
v 20.300587 -24.736334 12.499999
v 20.300587 -24.736334 18.799999
v 20.300587 -24.736334 18.799999
v 20.300587 -24.736334 18.799999
v 20.300587 -24.736334 18.799999
v 19.480366 -25.387306 12.149999
v 19.480366 -25.387306 12.149999
v 19.480366 -25.387306 12.149999
v 19.480366 -25.387306 11.500000
v 19.480366 -25.387306 11.500000
v 19.480366 -25.387306 11.500000
v 19.480366 -25.387306 12.499999
v 19.480366 -25.387306 12.499999
v 19.480366 -25.387306 12.499999
v 19.480366 -25.387306 18.799999
v 19.480366 -25.387306 18.799999
v 19.480366 -25.387306 18.799999
v 18.639288 -26.011093 12.149999
v 18.639288 -26.011093 12.149999
v 18.639288 -26.011093 12.149999
v 18.639288 -26.011093 11.500000
v 18.639288 -26.011093 11.500000
v 18.639288 -26.011093 11.500000
v 18.639288 -26.011093 12.499999
v 18.639288 -26.011093 12.499999
v 18.639288 -26.011093 12.499999
v 18.639288 -26.011093 18.799999
v 18.639288 -26.011093 18.799999
v 18.639288 -26.011093 18.799999
v 18.639288 -26.011093 18.799999
v 18.639288 -26.011093 18.799999
v 17.778248 -26.607027 12.149999
v 17.778248 -26.607027 12.149999
v 17.778248 -26.607027 12.149999
v 17.778248 -26.607027 11.500000
v 17.778248 -26.607027 11.500000
v 17.778248 -26.607027 11.500000
v 17.778248 -26.607027 12.499999
v 17.778248 -26.607027 12.499999
v 17.778248 -26.607027 12.499999
v 17.778248 -26.607027 18.799999
v 17.778248 -26.607027 18.799999
v 17.778248 -26.607027 18.799999
v 16.898170 -27.174469 12.149999
v 16.898170 -27.174469 12.149999
v 16.898170 -27.174469 12.149999
v 16.898170 -27.174469 11.500000
v 16.898170 -27.174469 11.500000
v 16.898170 -27.174469 11.500000
v 16.898170 -27.174469 12.499999
v 16.898170 -27.174469 12.499999
v 16.898170 -27.174469 12.499999
v 16.898170 -27.174469 18.799999
v 16.898170 -27.174469 18.799999
v 16.898170 -27.174469 18.799999
v 16.898170 -27.174469 18.799999
v 16.000000 -27.712812 12.149999
v 16.000000 -27.712812 12.149999
v 16.000000 -27.712812 12.149999
v 16.000000 -27.712812 11.500000
v 16.000000 -27.712812 11.500000
v 16.000000 -27.712812 11.500000
v 16.000000 -27.712812 12.499999
v 16.000000 -27.712812 12.499999
v 16.000000 -27.712812 12.499999
v 16.000000 -27.712812 18.799999
v 16.000000 -27.712812 18.799999
v 16.000000 -27.712812 18.799999
v 15.084696 -28.221479 12.149999
v 15.084696 -28.221479 12.149999
v 15.084696 -28.221479 12.149999
v 15.084696 -28.221479 11.500000
v 15.084696 -28.221479 11.500000
v 15.084696 -28.221479 11.500000
v 15.084696 -28.221479 12.499999
v 15.084696 -28.221479 12.499999
v 15.084696 -28.221479 12.499999
v 15.084696 -28.221479 18.799999
v 15.084696 -28.221479 18.799999
v 15.084696 -28.221479 18.799999
v 15.084696 -28.221479 18.799999
v 15.084696 -28.221479 18.799999
v 14.153238 -28.699928 12.149999
v 14.153238 -28.699928 12.149999
v 14.153238 -28.699928 12.149999
v 14.153238 -28.699928 11.500000
v 14.153238 -28.699928 11.500000
v 14.153238 -28.699928 11.500000
v 14.153238 -28.699928 12.499999
v 14.153238 -28.699928 12.499999
v 14.153238 -28.699928 12.499999
v 14.153238 -28.699928 18.799999
v 14.153238 -28.699928 18.799999
v 14.153238 -28.699928 18.799999
v 13.206626 -29.147642 12.149999
v 13.206626 -29.147642 12.149999
v 13.206626 -29.147642 12.149999
v 13.206626 -29.147642 11.500000
v 13.206626 -29.147642 11.500000
v 13.206626 -29.147642 11.500000
v 13.206626 -29.147642 12.499999
v 13.206626 -29.147642 12.499999
v 13.206626 -29.147642 12.499999
v 13.206626 -29.147642 18.799999
v 13.206626 -29.147642 18.799999
v 13.206626 -29.147642 18.799999
v 13.206626 -29.147642 18.799999
v 12.245871 -29.564144 12.149999
v 12.245871 -29.564144 12.149999
v 12.245871 -29.564144 12.149999
v 12.245871 -29.564144 11.500000
v 12.245871 -29.564144 11.500000
v 12.245871 -29.564144 11.500000
v 12.245871 -29.564144 12.499999
v 12.245871 -29.564144 12.499999
v 12.245871 -29.564144 12.499999
v 12.245871 -29.564144 18.799999
v 12.245871 -29.564144 18.799999
v 12.245871 -29.564144 18.799999
v 11.272002 -29.948990 12.149999
v 11.272002 -29.948990 12.149999
v 11.272002 -29.948990 12.149999
v 11.272002 -29.948990 11.500000
v 11.272002 -29.948990 11.500000
v 11.272002 -29.948990 11.500000
v 11.272002 -29.948990 12.499999
v 11.272002 -29.948990 12.499999
v 11.272002 -29.948990 12.499999
v 11.272002 -29.948990 18.799999
v 11.272002 -29.948990 18.799999
v 11.272002 -29.948990 18.799999
v 10.286063 -30.301764 12.149999
v 10.286063 -30.301764 12.149999
v 10.286063 -30.301764 12.149999
v 10.286063 -30.301764 11.500000
v 10.286063 -30.301764 11.500000
v 10.286063 -30.301764 11.500000
v 10.286063 -30.301764 12.499999
v 10.286063 -30.301764 12.499999
v 10.286063 -30.301764 12.499999
v 10.286063 -30.301764 18.799999
v 10.286063 -30.301764 18.799999
v 10.286063 -30.301764 18.799999
v 9.289110 -30.622091 12.149999
v 9.289110 -30.622091 12.149999
v 9.289110 -30.622091 12.149999
v 9.289110 -30.622091 11.500000
v 9.289110 -30.622091 11.500000
v 9.289110 -30.622091 11.500000
v 9.289110 -30.622091 12.499999
v 9.289110 -30.622091 12.499999
v 9.289110 -30.622091 12.499999
v 9.289110 -30.622091 18.799999
v 9.289110 -30.622091 18.799999
v 9.289110 -30.622091 18.799999
v 8.282209 -30.909626 12.149999
v 8.282209 -30.909626 12.149999
v 8.282209 -30.909626 12.149999
v 8.282209 -30.909626 11.500000
v 8.282209 -30.909626 11.500000
v 8.282209 -30.909626 11.500000
v 8.282209 -30.909626 12.499999
v 8.282209 -30.909626 12.499999
v 8.282209 -30.909626 12.499999
v 8.282209 -30.909626 18.799999
v 8.282209 -30.909626 18.799999
v 8.282209 -30.909626 18.799999
v 7.700000 -31.055462 18.799999
v 7.700000 -31.055462 18.799999
v 7.700000 -31.055462 18.799999
v 7.700000 -31.055462 14.049999
v 7.700000 -31.055462 14.049999
v 7.700000 -31.055462 14.049999
v 7.266440 -31.164062 14.049999
v 7.266440 -31.164062 14.049999
v 7.266440 -31.164062 14.049999
v 7.266440 -31.164062 12.499999
v 7.266440 -31.164062 12.499999
v 7.266440 -31.164062 12.499999
v 7.266440 -31.164062 12.149999
v 7.266440 -31.164062 12.149999
v 7.266440 -31.164062 12.149999
v 7.266440 -31.164062 11.500000
v 7.266440 -31.164062 11.500000
v 7.266440 -31.164062 11.500000
v 6.242890 -31.385128 12.149999
v 6.242890 -31.385128 12.149999
v 6.242890 -31.385128 12.149999
v 6.242890 -31.385128 11.500000
v 6.242890 -31.385128 11.500000
v 6.242890 -31.385128 11.500000
v 6.242890 -31.385128 12.499999
v 6.242890 -31.385128 12.499999
v 6.242890 -31.385128 12.499999
v 6.242890 -31.385128 14.049999
v 6.242890 -31.385128 14.049999
v 6.242890 -31.385128 14.049999
v 5.212655 -31.572586 12.149999
v 5.212655 -31.572586 12.149999
v 5.212655 -31.572586 12.149999
v 5.212655 -31.572586 11.500000
v 5.212655 -31.572586 11.500000
v 5.212655 -31.572586 11.500000
v 5.212655 -31.572586 12.499999
v 5.212655 -31.572586 12.499999
v 5.212655 -31.572586 12.499999
v 5.212655 -31.572586 14.049999
v 5.212655 -31.572586 14.049999
v 5.212655 -31.572586 14.049999
v 4.176838 -31.726236 12.149999
v 4.176838 -31.726236 12.149999
v 4.176838 -31.726236 12.149999
v 4.176838 -31.726236 11.500000
v 4.176838 -31.726236 11.500000
v 4.176838 -31.726236 11.500000
v 4.176838 -31.726236 12.499999
v 4.176838 -31.726236 12.499999
v 4.176838 -31.726236 12.499999
v 4.176838 -31.726236 14.049999
v 4.176838 -31.726236 14.049999
v 4.176838 -31.726236 14.049999
v 3.136549 -31.845911 12.149999
v 3.136549 -31.845911 12.149999
v 3.136549 -31.845911 12.149999
v 3.136549 -31.845911 11.500000
v 3.136549 -31.845911 11.500000
v 3.136549 -31.845911 11.500000
v 3.136549 -31.845911 12.499999
v 3.136549 -31.845911 12.499999
v 3.136549 -31.845911 12.499999
v 3.136549 -31.845911 14.049999
v 3.136549 -31.845911 14.049999
v 3.136549 -31.845911 14.049999
v 2.092900 -31.931486 12.149999
v 2.092900 -31.931486 12.149999
v 2.092900 -31.931486 12.149999
v 2.092900 -31.931486 11.500000
v 2.092900 -31.931486 11.500000
v 2.092900 -31.931486 11.500000
v 2.092900 -31.931486 12.499999
v 2.092900 -31.931486 12.499999
v 2.092900 -31.931486 12.499999
v 2.092900 -31.931486 14.049999
v 2.092900 -31.931486 14.049999
v 2.092900 -31.931486 14.049999
v 1.047011 -31.982866 12.149999
v 1.047011 -31.982866 12.149999
v 1.047011 -31.982866 12.149999
v 1.047011 -31.982866 11.500000
v 1.047011 -31.982866 11.500000
v 1.047011 -31.982866 11.500000
v 1.047011 -31.982866 12.499999
v 1.047011 -31.982866 12.499999
v 1.047011 -31.982866 12.499999
v 1.047011 -31.982866 14.049999
v 1.047011 -31.982866 14.049999
v 1.047011 -31.982866 14.049999
v 0.000000 -32.000000 12.149999
v 0.000000 -32.000000 12.149999
v 0.000000 -32.000000 12.149999
v 0.000000 -32.000000 11.500000
v 0.000000 -32.000000 11.500000
v 0.000000 -32.000000 11.500000
v 0.000000 -32.000000 12.499999
v 0.000000 -32.000000 12.499999
v 0.000000 -32.000000 12.499999
v 0.000000 -32.000000 14.049999
v 0.000000 -32.000000 14.049999
v 0.000000 -32.000000 14.049999
v -1.047011 -31.982866 12.149999
v -1.047011 -31.982866 12.149999
v -1.047011 -31.982866 12.149999
v -1.047011 -31.982866 11.500000
v -1.047011 -31.982866 11.500000
v -1.047011 -31.982866 11.500000
v -1.047011 -31.982866 12.499999
v -1.047011 -31.982866 12.499999
v -1.047011 -31.982866 12.499999
v -1.047011 -31.982866 14.049999
v -1.047011 -31.982866 14.049999
v -1.047011 -31.982866 14.049999
v -1.047011 -31.982866 14.049999
v -1.047011 -31.982866 14.049999
v -2.092900 -31.931486 12.149999
v -2.092900 -31.931486 12.149999
v -2.092900 -31.931486 12.149999
v -2.092900 -31.931486 11.500000
v -2.092900 -31.931486 11.500000
v -2.092900 -31.931486 11.500000
v -2.092900 -31.931486 12.499999
v -2.092900 -31.931486 12.499999
v -2.092900 -31.931486 12.499999
v -2.092900 -31.931486 14.049999
v -2.092900 -31.931486 14.049999
v -2.092900 -31.931486 14.049999
v -3.136549 -31.845911 12.149999
v -3.136549 -31.845911 12.149999
v -3.136549 -31.845911 12.149999
v -3.136549 -31.845911 11.500000
v -3.136549 -31.845911 11.500000
v -3.136549 -31.845911 11.500000
v -3.136549 -31.845911 12.499999
v -3.136549 -31.845911 12.499999
v -3.136549 -31.845911 12.499999
v -3.136549 -31.845911 14.049999
v -3.136549 -31.845911 14.049999
v -3.136549 -31.845911 14.049999
v -4.176838 -31.726236 12.149999
v -4.176838 -31.726236 12.149999
v -4.176838 -31.726236 12.149999
v -4.176838 -31.726236 11.500000
v -4.176838 -31.726236 11.500000
v -4.176838 -31.726236 11.500000
v -4.176838 -31.726236 12.499999
v -4.176838 -31.726236 12.499999
v -4.176838 -31.726236 12.499999
v -4.176838 -31.726236 14.049999
v -4.176838 -31.726236 14.049999
v -4.176838 -31.726236 14.049999
v -5.212655 -31.572586 12.149999
v -5.212655 -31.572586 12.149999
v -5.212655 -31.572586 12.149999
v -5.212655 -31.572586 11.500000
v -5.212655 -31.572586 11.500000
v -5.212655 -31.572586 11.500000
v -5.212655 -31.572586 12.499999
v -5.212655 -31.572586 12.499999
v -5.212655 -31.572586 12.499999
v -5.212655 -31.572586 14.049999
v -5.212655 -31.572586 14.049999
v -5.212655 -31.572586 14.049999
v -6.242890 -31.385128 12.149999
v -6.242890 -31.385128 12.149999
v -6.242890 -31.385128 12.149999
v -6.242890 -31.385128 11.500000
v -6.242890 -31.385128 11.500000
v -6.242890 -31.385128 11.500000
v -6.242890 -31.385128 12.499999
v -6.242890 -31.385128 12.499999
v -6.242890 -31.385128 12.499999
v -6.242890 -31.385128 14.049999
v -6.242890 -31.385128 14.049999
v -6.242890 -31.385128 14.049999
v -7.266440 -31.164062 12.149999
v -7.266440 -31.164062 12.149999
v -7.266440 -31.164062 12.149999
v -7.266440 -31.164062 11.500000
v -7.266440 -31.164062 11.500000
v -7.266440 -31.164062 11.500000
v -7.266440 -31.164062 12.499999
v -7.266440 -31.164062 12.499999
v -7.266440 -31.164062 12.499999
v -7.266440 -31.164062 14.049999
v -7.266440 -31.164062 14.049999
v -7.266440 -31.164062 14.049999
v -8.282209 -30.909626 12.149999
v -8.282209 -30.909626 12.149999
v -8.282209 -30.909626 12.149999
v -8.282209 -30.909626 11.500000
v -8.282209 -30.909626 11.500000
v -8.282209 -30.909626 11.500000
v -8.282209 -30.909626 12.499999
v -8.282209 -30.909626 12.499999
v -8.282209 -30.909626 12.499999
v -7.700000 -31.055462 14.049999
v -7.700000 -31.055462 14.049999
v -7.700000 -31.055462 14.049999
v -7.700000 -31.055462 18.799999
v -7.700000 -31.055462 18.799999
v -7.700000 -31.055462 18.799999
v -8.282209 -30.909626 18.799999
v -8.282209 -30.909626 18.799999
v -8.282209 -30.909626 18.799999
v -9.289110 -30.622091 12.149999
v -9.289110 -30.622091 12.149999
v -9.289110 -30.622091 12.149999
v -9.289110 -30.622091 11.500000
v -9.289110 -30.622091 11.500000
v -9.289110 -30.622091 11.500000
v -9.289110 -30.622091 12.499999
v -9.289110 -30.622091 12.499999
v -9.289110 -30.622091 12.499999
v -9.289110 -30.622091 18.799999
v -9.289110 -30.622091 18.799999
v -9.289110 -30.622091 18.799999
v -10.286063 -30.301764 12.149999
v -10.286063 -30.301764 12.149999
v -10.286063 -30.301764 12.149999
v -10.286063 -30.301764 11.500000
v -10.286063 -30.301764 11.500000
v -10.286063 -30.301764 11.500000
v -10.286063 -30.301764 12.499999
v -10.286063 -30.301764 12.499999
v -10.286063 -30.301764 12.499999
v -10.286063 -30.301764 18.799999
v -10.286063 -30.301764 18.799999
v -10.286063 -30.301764 18.799999
v -11.272002 -29.948990 12.149999
v -11.272002 -29.948990 12.149999
v -11.272002 -29.948990 12.149999
v -11.272002 -29.948990 11.500000
v -11.272002 -29.948990 11.500000
v -11.272002 -29.948990 11.500000
v -11.272002 -29.948990 12.499999
v -11.272002 -29.948990 12.499999
v -11.272002 -29.948990 12.499999
v -11.272002 -29.948990 18.799999
v -11.272002 -29.948990 18.799999
v -11.272002 -29.948990 18.799999
v -12.245871 -29.564144 12.149999
v -12.245871 -29.564144 12.149999
v -12.245871 -29.564144 12.149999
v -12.245871 -29.564144 11.500000
v -12.245871 -29.564144 11.500000
v -12.245871 -29.564144 11.500000
v -12.245871 -29.564144 12.499999
v -12.245871 -29.564144 12.499999
v -12.245871 -29.564144 12.499999
v -12.245871 -29.564144 18.799999
v -12.245871 -29.564144 18.799999
v -12.245871 -29.564144 18.799999
v -13.206626 -29.147642 12.149999
v -13.206626 -29.147642 12.149999
v -13.206626 -29.147642 12.149999
v -13.206626 -29.147642 11.500000
v -13.206626 -29.147642 11.500000
v -13.206626 -29.147642 11.500000
v -13.206626 -29.147642 12.499999
v -13.206626 -29.147642 12.499999
v -13.206626 -29.147642 12.499999
v -13.206626 -29.147642 18.799999
v -13.206626 -29.147642 18.799999
v -13.206626 -29.147642 18.799999
v -13.206626 -29.147642 18.799999
v -14.153238 -28.699928 12.149999
v -14.153238 -28.699928 12.149999
v -14.153238 -28.699928 12.149999
v -14.153238 -28.699928 11.500000
v -14.153238 -28.699928 11.500000
v -14.153238 -28.699928 11.500000
v -14.153238 -28.699928 12.499999
v -14.153238 -28.699928 12.499999
v -14.153238 -28.699928 12.499999
v -14.153238 -28.699928 18.799999
v -14.153238 -28.699928 18.799999
v -14.153238 -28.699928 18.799999
v -15.084696 -28.221479 12.149999
v -15.084696 -28.221479 12.149999
v -15.084696 -28.221479 12.149999
v -15.084696 -28.221479 11.500000
v -15.084696 -28.221479 11.500000
v -15.084696 -28.221479 11.500000
v -15.084696 -28.221479 12.499999
v -15.084696 -28.221479 12.499999
v -15.084696 -28.221479 12.499999
v -15.084696 -28.221479 18.799999
v -15.084696 -28.221479 18.799999
v -15.084696 -28.221479 18.799999
v -15.084696 -28.221479 18.799999
v -15.084696 -28.221479 18.799999
v -16.000000 -27.712812 12.149999
v -16.000000 -27.712812 12.149999
v -16.000000 -27.712812 12.149999
v -16.000000 -27.712812 11.500000
v -16.000000 -27.712812 11.500000
v -16.000000 -27.712812 11.500000
v -16.000000 -27.712812 12.499999
v -16.000000 -27.712812 12.499999
v -16.000000 -27.712812 12.499999
v -16.000000 -27.712812 18.799999
v -16.000000 -27.712812 18.799999
v -16.000000 -27.712812 18.799999
v -16.898170 -27.174469 12.149999
v -16.898170 -27.174469 12.149999
v -16.898170 -27.174469 12.149999
v -16.898170 -27.174469 11.500000
v -16.898170 -27.174469 11.500000
v -16.898170 -27.174469 11.500000
v -16.898170 -27.174469 12.499999
v -16.898170 -27.174469 12.499999
v -16.898170 -27.174469 12.499999
v -16.898170 -27.174469 18.799999
v -16.898170 -27.174469 18.799999
v -16.898170 -27.174469 18.799999
v -16.898170 -27.174469 18.799999
v -17.778248 -26.607027 12.149999
v -17.778248 -26.607027 12.149999
v -17.778248 -26.607027 12.149999
v -17.778248 -26.607027 11.500000
v -17.778248 -26.607027 11.500000
v -17.778248 -26.607027 11.500000
v -17.778248 -26.607027 12.499999
v -17.778248 -26.607027 12.499999
v -17.778248 -26.607027 12.499999
v -17.778248 -26.607027 18.799999
v -17.778248 -26.607027 18.799999
v -17.778248 -26.607027 18.799999
v -18.639288 -26.011093 12.149999
v -18.639288 -26.011093 12.149999
v -18.639288 -26.011093 12.149999
v -18.639288 -26.011093 11.500000
v -18.639288 -26.011093 11.500000
v -18.639288 -26.011093 11.500000
v -18.639288 -26.011093 12.499999
v -18.639288 -26.011093 12.499999
v -18.639288 -26.011093 12.499999
v -18.639288 -26.011093 18.799999
v -18.639288 -26.011093 18.799999
v -18.639288 -26.011093 18.799999
v -18.639288 -26.011093 18.799999
v -18.639288 -26.011093 18.799999
v -19.480366 -25.387306 12.149999
v -19.480366 -25.387306 12.149999
v -19.480366 -25.387306 12.149999
v -19.480366 -25.387306 11.500000
v -19.480366 -25.387306 11.500000
v -19.480366 -25.387306 11.500000
v -19.480366 -25.387306 12.499999
v -19.480366 -25.387306 12.499999
v -19.480366 -25.387306 12.499999
v -19.480366 -25.387306 18.799999
v -19.480366 -25.387306 18.799999
v -19.480366 -25.387306 18.799999
v -20.300587 -24.736334 12.149999
v -20.300587 -24.736334 12.149999
v -20.300587 -24.736334 12.149999
v -20.300587 -24.736334 11.500000
v -20.300587 -24.736334 11.500000
v -20.300587 -24.736334 11.500000
v -20.300587 -24.736334 12.499999
v -20.300587 -24.736334 12.499999
v -20.300587 -24.736334 12.499999
v -20.300587 -24.736334 18.799999
v -20.300587 -24.736334 18.799999
v -20.300587 -24.736334 18.799999
v -20.300587 -24.736334 18.799999
v -21.099068 -24.058872 12.149999
v -21.099068 -24.058872 12.149999
v -21.099068 -24.058872 12.149999
v -21.099068 -24.058872 12.149999
v -21.099068 -24.058872 11.500000
v -21.099068 -24.058872 11.500000
v -21.099068 -24.058872 11.500000
v -21.099068 -24.058872 11.500000
v -21.099068 -24.058872 12.499999
v -21.099068 -24.058872 12.499999
v -21.099068 -24.058872 12.499999
v -21.099068 -24.058872 18.799999
v -21.099068 -24.058872 18.799999
v -21.099068 -24.058872 18.799999
v -21.099068 -24.058872 18.799999
v -21.874954 -23.355650 12.149999
v -21.874954 -23.355650 12.149999
v -21.874954 -23.355650 12.149999
v -21.874954 -23.355650 11.500000
v -21.874954 -23.355650 11.500000
v -21.874954 -23.355650 11.500000
v -21.874954 -23.355650 11.500000
v -21.874954 -23.355650 12.499999
v -21.874954 -23.355650 12.499999
v -21.874954 -23.355650 12.499999
v -21.874954 -23.355650 12.499999
v -21.874954 -23.355650 18.799999
v -21.874954 -23.355650 18.799999
v -21.874954 -23.355650 18.799999
v -21.874954 -23.355650 18.799999
v -22.627417 -22.627417 12.149999
v -22.627417 -22.627417 12.149999
v -22.627417 -22.627417 12.149999
v -22.627417 -22.627417 11.500000
v -22.627417 -22.627417 11.500000
v -22.627417 -22.627417 11.500000
v -22.627417 -22.627417 11.500000
v -22.627417 -22.627417 12.499999
v -22.627417 -22.627417 12.499999
v -22.627417 -22.627417 12.499999
v -22.627417 -22.627417 18.799999
v -22.627417 -22.627417 18.799999
v -22.627417 -22.627417 18.799999
v -23.355650 -21.874954 12.149999
v -23.355650 -21.874954 12.149999
v -23.355650 -21.874954 12.149999
v -23.355650 -21.874954 12.149999
v -23.355650 -21.874954 11.500000
v -23.355650 -21.874954 11.500000
v -23.355650 -21.874954 11.500000
v -23.355650 -21.874954 18.799999
v -23.355650 -21.874954 18.799999
v -23.355650 -21.874954 18.799999
v -23.355650 -21.874954 18.799999
v -23.355650 -21.874954 12.499999
v -23.355650 -21.874954 12.499999
v -23.355650 -21.874954 12.499999
v -24.058872 -21.099068 12.149999
v -24.058872 -21.099068 12.149999
v -24.058872 -21.099068 12.149999
v -24.058872 -21.099068 11.500000
v -24.058872 -21.099068 11.500000
v -24.058872 -21.099068 11.500000
v -24.058872 -21.099068 11.500000
v -24.058872 -21.099068 11.500000
v -24.058872 -21.099068 18.799999
v -24.058872 -21.099068 18.799999
v -24.058872 -21.099068 18.799999
v -24.058872 -21.099068 12.499999
v -24.058872 -21.099068 12.499999
v -24.058872 -21.099068 12.499999
v -24.736334 -20.300587 12.149999
v -24.736334 -20.300587 12.149999
v -24.736334 -20.300587 12.149999
v -24.736334 -20.300587 11.500000
v -24.736334 -20.300587 11.500000
v -24.736334 -20.300587 11.500000
v -24.736334 -20.300587 18.799999
v -24.736334 -20.300587 18.799999
v -24.736334 -20.300587 18.799999
v -24.736334 -20.300587 12.499999
v -24.736334 -20.300587 12.499999
v -24.736334 -20.300587 12.499999
v -25.387306 -19.480366 12.149999
v -25.387306 -19.480366 12.149999
v -25.387306 -19.480366 12.149999
v -25.387306 -19.480366 11.500000
v -25.387306 -19.480366 11.500000
v -25.387306 -19.480366 11.500000
v -25.387306 -19.480366 18.799999
v -25.387306 -19.480366 18.799999
v -25.387306 -19.480366 18.799999
v -25.387306 -19.480366 12.499999
v -25.387306 -19.480366 12.499999
v -25.387306 -19.480366 12.499999
v -26.011093 -18.639288 12.149999
v -26.011093 -18.639288 12.149999
v -26.011093 -18.639288 12.149999
v -26.011093 -18.639288 11.500000
v -26.011093 -18.639288 11.500000
v -26.011093 -18.639288 11.500000
v -26.011093 -18.639288 18.799999
v -26.011093 -18.639288 18.799999
v -26.011093 -18.639288 18.799999
v -26.011093 -18.639288 18.799999
v -26.011093 -18.639288 12.499999
v -26.011093 -18.639288 12.499999
v -26.011093 -18.639288 12.499999
v -26.607027 -17.778248 12.149999
v -26.607027 -17.778248 12.149999
v -26.607027 -17.778248 12.149999
v -26.607027 -17.778248 11.500000
v -26.607027 -17.778248 11.500000
v -26.607027 -17.778248 11.500000
v -26.607027 -17.778248 18.799999
v -26.607027 -17.778248 18.799999
v -26.607027 -17.778248 18.799999
v -26.607027 -17.778248 12.499999
v -26.607027 -17.778248 12.499999
v -26.607027 -17.778248 12.499999
v -26.607027 -17.778248 12.499999
v -27.174469 -16.898170 12.149999
v -27.174469 -16.898170 12.149999
v -27.174469 -16.898170 12.149999
v -27.174469 -16.898170 11.500000
v -27.174469 -16.898170 11.500000
v -27.174469 -16.898170 11.500000
v -27.174469 -16.898170 18.799999
v -27.174469 -16.898170 18.799999
v -27.174469 -16.898170 18.799999
v -27.174469 -16.898170 18.799999
v -27.174469 -16.898170 18.799999
v -27.174469 -16.898170 12.499999
v -27.174469 -16.898170 12.499999
v -27.174469 -16.898170 12.499999
v -27.712812 -16.000000 12.149999
v -27.712812 -16.000000 12.149999
v -27.712812 -16.000000 12.149999
v -27.712812 -16.000000 11.500000
v -27.712812 -16.000000 11.500000
v -27.712812 -16.000000 11.500000
v -27.712812 -16.000000 11.500000
v -27.712812 -16.000000 18.799999
v -27.712812 -16.000000 18.799999
v -27.712812 -16.000000 18.799999
v -27.712812 -16.000000 12.499999
v -27.712812 -16.000000 12.499999
v -27.712812 -16.000000 12.499999
v -28.221479 -15.084696 12.149999
v -28.221479 -15.084696 12.149999
v -28.221479 -15.084696 12.149999
v -28.221479 -15.084696 11.500000
v -28.221479 -15.084696 11.500000
v -28.221479 -15.084696 11.500000
v -28.221479 -15.084696 18.799999
v -28.221479 -15.084696 18.799999
v -28.221479 -15.084696 18.799999
v -28.221479 -15.084696 12.499999
v -28.221479 -15.084696 12.499999
v -28.221479 -15.084696 12.499999
v -28.699928 -14.153238 12.149999
v -28.699928 -14.153238 12.149999
v -28.699928 -14.153238 12.149999
v -28.699928 -14.153238 11.500000
v -28.699928 -14.153238 11.500000
v -28.699928 -14.153238 11.500000
v -28.699928 -14.153238 11.500000
v -28.699928 -14.153238 18.799999
v -28.699928 -14.153238 18.799999
v -28.699928 -14.153238 18.799999
v -28.699928 -14.153238 12.499999
v -28.699928 -14.153238 12.499999
v -28.699928 -14.153238 12.499999
v -29.147642 -13.206626 12.149999
v -29.147642 -13.206626 12.149999
v -29.147642 -13.206626 12.149999
v -29.147642 -13.206626 11.500000
v -29.147642 -13.206626 11.500000
v -29.147642 -13.206626 11.500000
v -29.147642 -13.206626 18.799999
v -29.147642 -13.206626 18.799999
v -29.147642 -13.206626 18.799999
v -29.147642 -13.206626 12.499999
v -29.147642 -13.206626 12.499999
v -29.147642 -13.206626 12.499999
v -29.147642 -13.206626 12.499999
v -29.564144 -12.245871 12.149999
v -29.564144 -12.245871 12.149999
v -29.564144 -12.245871 12.149999
v -29.564144 -12.245871 11.500000
v -29.564144 -12.245871 11.500000
v -29.564144 -12.245871 11.500000
v -29.564144 -12.245871 18.799999
v -29.564144 -12.245871 18.799999
v -29.564144 -12.245871 18.799999
v -29.564144 -12.245871 18.799999
v -29.564144 -12.245871 12.499999
v -29.564144 -12.245871 12.499999
v -29.564144 -12.245871 12.499999
v -29.948990 -11.272002 12.149999
v -29.948990 -11.272002 12.149999
v -29.948990 -11.272002 12.149999
v -29.948990 -11.272002 11.500000
v -29.948990 -11.272002 11.500000
v -29.948990 -11.272002 11.500000
v -29.948990 -11.272002 18.799999
v -29.948990 -11.272002 18.799999
v -29.948990 -11.272002 18.799999
v -29.948990 -11.272002 18.799999
v -29.948990 -11.272002 12.499999
v -29.948990 -11.272002 12.499999
v -29.948990 -11.272002 12.499999
v -30.301764 -10.286063 12.149999
v -30.301764 -10.286063 12.149999
v -30.301764 -10.286063 12.149999
v -30.301764 -10.286063 11.500000
v -30.301764 -10.286063 11.500000
v -30.301764 -10.286063 11.500000
v -30.301764 -10.286063 18.799999
v -30.301764 -10.286063 18.799999
v -30.301764 -10.286063 18.799999
v -30.301764 -10.286063 12.499999
v -30.301764 -10.286063 12.499999
v -30.301764 -10.286063 12.499999
v -30.622091 -9.289110 12.149999
v -30.622091 -9.289110 12.149999
v -30.622091 -9.289110 12.149999
v -30.622091 -9.289110 11.500000
v -30.622091 -9.289110 11.500000
v -30.622091 -9.289110 11.500000
v -30.622091 -9.289110 18.799999
v -30.622091 -9.289110 18.799999
v -30.622091 -9.289110 18.799999
v -30.622091 -9.289110 18.799999
v -30.622091 -9.289110 12.499999
v -30.622091 -9.289110 12.499999
v -30.622091 -9.289110 12.499999
v -30.909626 -8.282209 12.149999
v -30.909626 -8.282209 12.149999
v -30.909626 -8.282209 12.149999
v -30.909626 -8.282209 11.500000
v -30.909626 -8.282209 11.500000
v -30.909626 -8.282209 11.500000
v -30.909626 -8.282209 11.500000
v -30.909626 -8.282209 18.799999
v -30.909626 -8.282209 18.799999
v -30.909626 -8.282209 18.799999
v -30.909626 -8.282209 12.499999
v -30.909626 -8.282209 12.499999
v -30.909626 -8.282209 12.499999
v -31.164062 -7.266440 12.149999
v -31.164062 -7.266440 12.149999
v -31.164062 -7.266440 12.149999
v -31.164062 -7.266440 11.500000
v -31.164062 -7.266440 11.500000
v -31.164062 -7.266440 11.500000
v -31.164062 -7.266440 18.799999
v -31.164062 -7.266440 18.799999
v -31.164062 -7.266440 18.799999
v -31.164062 -7.266440 18.799999
v -31.164062 -7.266440 12.499999
v -31.164062 -7.266440 12.499999
v -31.164062 -7.266440 12.499999
v -31.385128 -6.242890 12.149999
v -31.385128 -6.242890 12.149999
v -31.385128 -6.242890 12.149999
v -31.385128 -6.242890 11.500000
v -31.385128 -6.242890 11.500000
v -31.385128 -6.242890 11.500000
v -31.385128 -6.242890 11.500000
v -31.385128 -6.242890 18.799999
v -31.385128 -6.242890 18.799999
v -31.385128 -6.242890 18.799999
v -31.385128 -6.242890 12.499999
v -31.385128 -6.242890 12.499999
v -31.385128 -6.242890 12.499999
v -31.572586 -5.212655 12.149999
v -31.572586 -5.212655 12.149999
v -31.572586 -5.212655 12.149999
v -31.572586 -5.212655 11.500000
v -31.572586 -5.212655 11.500000
v -31.572586 -5.212655 11.500000
v -31.572586 -5.212655 18.799999
v -31.572586 -5.212655 18.799999
v -31.572586 -5.212655 18.799999
v -31.572586 -5.212655 18.799999
v -31.572586 -5.212655 18.799999
v -31.572586 -5.212655 12.499999
v -31.572586 -5.212655 12.499999
v -31.572586 -5.212655 12.499999
v -31.726236 -4.176838 12.149999
v -31.726236 -4.176838 12.149999
v -31.726236 -4.176838 12.149999
v -31.726236 -4.176838 11.500000
v -31.726236 -4.176838 11.500000
v -31.726236 -4.176838 11.500000
v -31.726236 -4.176838 18.799999
v -31.726236 -4.176838 18.799999
v -31.726236 -4.176838 18.799999
v -31.726236 -4.176838 12.499999
v -31.726236 -4.176838 12.499999
v -31.726236 -4.176838 12.499999
v -31.845911 -3.136549 12.149999
v -31.845911 -3.136549 12.149999
v -31.845911 -3.136549 12.149999
v -31.845911 -3.136549 11.500000
v -31.845911 -3.136549 11.500000
v -31.845911 -3.136549 11.500000
v -31.845911 -3.136549 18.799999
v -31.845911 -3.136549 18.799999
v -31.845911 -3.136549 18.799999
v -31.845911 -3.136549 18.799999
v -31.845911 -3.136549 18.799999
v -31.845911 -3.136549 12.499999
v -31.845911 -3.136549 12.499999
v -31.845911 -3.136549 12.499999
v -31.931486 -2.092900 12.149999
v -31.931486 -2.092900 12.149999
v -31.931486 -2.092900 12.149999
v -31.931486 -2.092900 11.500000
v -31.931486 -2.092900 11.500000
v -31.931486 -2.092900 11.500000
v -31.931486 -2.092900 18.799999
v -31.931486 -2.092900 18.799999
v -31.931486 -2.092900 18.799999
v -31.931486 -2.092900 12.499999
v -31.931486 -2.092900 12.499999
v -31.931486 -2.092900 12.499999
v -31.982866 -1.047011 12.149999
v -31.982866 -1.047011 12.149999
v -31.982866 -1.047011 12.149999
v -31.982866 -1.047011 12.149999
v -31.982866 -1.047011 11.500000
v -31.982866 -1.047011 11.500000
v -31.982866 -1.047011 11.500000
v -31.982866 -1.047011 18.799999
v -31.982866 -1.047011 18.799999
v -31.982866 -1.047011 18.799999
v -31.982866 -1.047011 18.799999
v -31.982866 -1.047011 12.499999
v -31.982866 -1.047011 12.499999
v -31.982866 -1.047011 12.499999
v -32.000000 0.000000 12.149999
v -32.000000 0.000000 12.149999
v -32.000000 0.000000 12.149999
v -32.000000 0.000000 12.149999
v -32.000000 0.000000 11.500000
v -32.000000 0.000000 11.500000
v -32.000000 0.000000 11.500000
v -32.000000 0.000000 18.799999
v -32.000000 0.000000 18.799999
v -32.000000 0.000000 18.799999
v -32.000000 0.000000 12.499999
v -32.000000 0.000000 12.499999
v -32.000000 0.000000 12.499999
v -31.982866 1.047011 12.149999
v -31.982866 1.047011 12.149999
v -31.982866 1.047011 12.149999
v -31.982866 1.047011 11.500000
v -31.982866 1.047011 11.500000
v -31.982866 1.047011 11.500000
v -31.982866 1.047011 18.799999
v -31.982866 1.047011 18.799999
v -31.982866 1.047011 18.799999
v -31.982866 1.047011 18.799999
v -31.982866 1.047011 12.499999
v -31.982866 1.047011 12.499999
v -31.982866 1.047011 12.499999
v -31.931486 2.092900 12.149999
v -31.931486 2.092900 12.149999
v -31.931486 2.092900 12.149999
v -31.931486 2.092900 11.500000
v -31.931486 2.092900 11.500000
v -31.931486 2.092900 11.500000
v -31.931486 2.092900 18.799999
v -31.931486 2.092900 18.799999
v -31.931486 2.092900 18.799999
v -31.931486 2.092900 12.499999
v -31.931486 2.092900 12.499999
v -31.931486 2.092900 12.499999
v -31.845911 3.136549 12.149999
v -31.845911 3.136549 12.149999
v -31.845911 3.136549 12.149999
v -31.845911 3.136549 11.500000
v -31.845911 3.136549 11.500000
v -31.845911 3.136549 11.500000
v -31.845911 3.136549 18.799999
v -31.845911 3.136549 18.799999
v -31.845911 3.136549 18.799999
v -31.845911 3.136549 18.799999
v -31.845911 3.136549 18.799999
v -31.845911 3.136549 12.499999
v -31.845911 3.136549 12.499999
v -31.845911 3.136549 12.499999
v -31.726236 4.176838 12.149999
v -31.726236 4.176838 12.149999
v -31.726236 4.176838 12.149999
v -31.726236 4.176838 11.500000
v -31.726236 4.176838 11.500000
v -31.726236 4.176838 11.500000
v -31.726236 4.176838 18.799999
v -31.726236 4.176838 18.799999
v -31.726236 4.176838 18.799999
v -31.726236 4.176838 12.499999
v -31.726236 4.176838 12.499999
v -31.726236 4.176838 12.499999
v -31.572586 5.212655 12.149999
v -31.572586 5.212655 12.149999
v -31.572586 5.212655 12.149999
v -31.572586 5.212655 11.500000
v -31.572586 5.212655 11.500000
v -31.572586 5.212655 11.500000
v -31.572586 5.212655 18.799999
v -31.572586 5.212655 18.799999
v -31.572586 5.212655 18.799999
v -31.572586 5.212655 18.799999
v -31.572586 5.212655 12.499999
v -31.572586 5.212655 12.499999
v -31.572586 5.212655 12.499999
v -31.385128 6.242890 12.149999
v -31.385128 6.242890 12.149999
v -31.385128 6.242890 12.149999
v -31.385128 6.242890 11.500000
v -31.385128 6.242890 11.500000
v -31.385128 6.242890 11.500000
v -31.385128 6.242890 11.500000
v -31.385128 6.242890 18.799999
v -31.385128 6.242890 18.799999
v -31.385128 6.242890 18.799999
v -31.385128 6.242890 12.499999
v -31.385128 6.242890 12.499999
v -31.385128 6.242890 12.499999
v -31.164062 7.266440 12.149999
v -31.164062 7.266440 12.149999
v -31.164062 7.266440 12.149999
v -31.164062 7.266440 11.500000
v -31.164062 7.266440 11.500000
v -31.164062 7.266440 11.500000
v -31.164062 7.266440 18.799999
v -31.164062 7.266440 18.799999
v -31.164062 7.266440 18.799999
v -31.164062 7.266440 18.799999
v -31.164062 7.266440 18.799999
v -31.164062 7.266440 12.499999
v -31.164062 7.266440 12.499999
v -31.164062 7.266440 12.499999
v -30.909626 8.282209 12.149999
v -30.909626 8.282209 12.149999
v -30.909626 8.282209 12.149999
v -30.909626 8.282209 11.500000
v -30.909626 8.282209 11.500000
v -30.909626 8.282209 11.500000
v -30.909626 8.282209 11.500000
v -30.909626 8.282209 18.799999
v -30.909626 8.282209 18.799999
v -30.909626 8.282209 18.799999
v -30.909626 8.282209 12.499999
v -30.909626 8.282209 12.499999
v -30.909626 8.282209 12.499999
v -30.622091 9.289110 12.149999
v -30.622091 9.289110 12.149999
v -30.622091 9.289110 12.149999
v -30.622091 9.289110 11.500000
v -30.622091 9.289110 11.500000
v -30.622091 9.289110 11.500000
v -30.622091 9.289110 18.799999
v -30.622091 9.289110 18.799999
v -30.622091 9.289110 18.799999
v -30.622091 9.289110 18.799999
v -30.622091 9.289110 12.499999
v -30.622091 9.289110 12.499999
v -30.622091 9.289110 12.499999
v -30.301764 10.286063 12.149999
v -30.301764 10.286063 12.149999
v -30.301764 10.286063 12.149999
v -30.301764 10.286063 11.500000
v -30.301764 10.286063 11.500000
v -30.301764 10.286063 11.500000
v -30.301764 10.286063 18.799999
v -30.301764 10.286063 18.799999
v -30.301764 10.286063 18.799999
v -30.301764 10.286063 12.499999
v -30.301764 10.286063 12.499999
v -30.301764 10.286063 12.499999
v -29.948990 11.272002 12.149999
v -29.948990 11.272002 12.149999
v -29.948990 11.272002 12.149999
v -29.948990 11.272002 11.500000
v -29.948990 11.272002 11.500000
v -29.948990 11.272002 11.500000
v -29.948990 11.272002 18.799999
v -29.948990 11.272002 18.799999
v -29.948990 11.272002 18.799999
v -29.948990 11.272002 18.799999
v -29.948990 11.272002 12.499999
v -29.948990 11.272002 12.499999
v -29.948990 11.272002 12.499999
v -29.564144 12.245871 12.149999
v -29.564144 12.245871 12.149999
v -29.564144 12.245871 12.149999
v -29.564144 12.245871 11.500000
v -29.564144 12.245871 11.500000
v -29.564144 12.245871 11.500000
v -29.564144 12.245871 18.799999
v -29.564144 12.245871 18.799999
v -29.564144 12.245871 18.799999
v -29.564144 12.245871 12.499999
v -29.564144 12.245871 12.499999
v -29.564144 12.245871 12.499999
v -29.564144 12.245871 12.499999
v -29.147642 13.206626 12.149999
v -29.147642 13.206626 12.149999
v -29.147642 13.206626 12.149999
v -29.147642 13.206626 11.500000
v -29.147642 13.206626 11.500000
v -29.147642 13.206626 11.500000
v -29.147642 13.206626 18.799999
v -29.147642 13.206626 18.799999
v -29.147642 13.206626 18.799999
v -29.147642 13.206626 18.799999
v -29.147642 13.206626 12.499999
v -29.147642 13.206626 12.499999
v -29.147642 13.206626 12.499999
v -28.699928 14.153238 12.149999
v -28.699928 14.153238 12.149999
v -28.699928 14.153238 12.149999
v -28.699928 14.153238 11.500000
v -28.699928 14.153238 11.500000
v -28.699928 14.153238 11.500000
v -28.699928 14.153238 11.500000
v -28.699928 14.153238 18.799999
v -28.699928 14.153238 18.799999
v -28.699928 14.153238 18.799999
v -28.699928 14.153238 12.499999
v -28.699928 14.153238 12.499999
v -28.699928 14.153238 12.499999
v -28.221479 15.084696 12.149999
v -28.221479 15.084696 12.149999
v -28.221479 15.084696 12.149999
v -28.221479 15.084696 11.500000
v -28.221479 15.084696 11.500000
v -28.221479 15.084696 11.500000
v -28.221479 15.084696 18.799999
v -28.221479 15.084696 18.799999
v -28.221479 15.084696 18.799999
v -28.221479 15.084696 12.499999
v -28.221479 15.084696 12.499999
v -28.221479 15.084696 12.499999
v -27.712812 16.000000 12.149999
v -27.712812 16.000000 12.149999
v -27.712812 16.000000 12.149999
v -27.712812 16.000000 11.500000
v -27.712812 16.000000 11.500000
v -27.712812 16.000000 11.500000
v -27.712812 16.000000 11.500000
v -27.712812 16.000000 18.799999
v -27.712812 16.000000 18.799999
v -27.712812 16.000000 18.799999
v -27.712812 16.000000 12.499999
v -27.712812 16.000000 12.499999
v -27.712812 16.000000 12.499999
v -27.174469 16.898170 12.149999
v -27.174469 16.898170 12.149999
v -27.174469 16.898170 12.149999
v -27.174469 16.898170 11.500000
v -27.174469 16.898170 11.500000
v -27.174469 16.898170 11.500000
v -27.174469 16.898170 11.500000
v -27.174469 16.898170 18.799999
v -27.174469 16.898170 18.799999
v -27.174469 16.898170 18.799999
v -27.174469 16.898170 18.799999
v -27.174469 16.898170 12.499999
v -27.174469 16.898170 12.499999
v -27.174469 16.898170 12.499999
v -27.174469 16.898170 12.499999
v -26.607027 17.778248 12.149999
v -26.607027 17.778248 12.149999
v -26.607027 17.778248 12.149999
v -26.607027 17.778248 11.500000
v -26.607027 17.778248 11.500000
v -26.607027 17.778248 11.500000
v -26.607027 17.778248 18.799999
v -26.607027 17.778248 18.799999
v -26.607027 17.778248 18.799999
v -26.607027 17.778248 18.799999
v -26.607027 17.778248 12.499999
v -26.607027 17.778248 12.499999
v -26.607027 17.778248 12.499999
v -26.011093 18.639288 12.149999
v -26.011093 18.639288 12.149999
v -26.011093 18.639288 12.149999
v -26.011093 18.639288 11.500000
v -26.011093 18.639288 11.500000
v -26.011093 18.639288 11.500000
v -26.011093 18.639288 11.500000
v -26.011093 18.639288 18.799999
v -26.011093 18.639288 18.799999
v -26.011093 18.639288 18.799999
v -26.011093 18.639288 18.799999
v -26.011093 18.639288 12.499999
v -26.011093 18.639288 12.499999
v -26.011093 18.639288 12.499999
v -25.387306 19.480366 12.149999
v -25.387306 19.480366 12.149999
v -25.387306 19.480366 12.149999
v -25.387306 19.480366 11.500000
v -25.387306 19.480366 11.500000
v -25.387306 19.480366 11.500000
v -25.387306 19.480366 18.799999
v -25.387306 19.480366 18.799999
v -25.387306 19.480366 18.799999
v -25.387306 19.480366 12.499999
v -25.387306 19.480366 12.499999
v -25.387306 19.480366 12.499999
v -24.736334 20.300587 12.149999
v -24.736334 20.300587 12.149999
v -24.736334 20.300587 12.149999
v -24.736334 20.300587 11.500000
v -24.736334 20.300587 11.500000
v -24.736334 20.300587 11.500000
v -24.736334 20.300587 11.500000
v -24.736334 20.300587 18.799999
v -24.736334 20.300587 18.799999
v -24.736334 20.300587 18.799999
v -24.736334 20.300587 12.499999
v -24.736334 20.300587 12.499999
v -24.736334 20.300587 12.499999
v -24.058872 21.099068 12.149999
v -24.058872 21.099068 12.149999
v -24.058872 21.099068 12.149999
v -24.058872 21.099068 12.149999
v -24.058872 21.099068 11.500000
v -24.058872 21.099068 11.500000
v -24.058872 21.099068 11.500000
v -24.058872 21.099068 18.799999
v -24.058872 21.099068 18.799999
v -24.058872 21.099068 18.799999
v -24.058872 21.099068 12.499999
v -24.058872 21.099068 12.499999
v -24.058872 21.099068 12.499999
v -23.355650 21.874954 12.149999
v -23.355650 21.874954 12.149999
v -23.355650 21.874954 12.149999
v -23.355650 21.874954 11.500000
v -23.355650 21.874954 11.500000
v -23.355650 21.874954 11.500000
v -23.355650 21.874954 11.500000
v -23.355650 21.874954 11.500000
v -23.355650 21.874954 18.799999
v -23.355650 21.874954 18.799999
v -23.355650 21.874954 18.799999
v -23.355650 21.874954 18.799999
v -23.355650 21.874954 12.499999
v -23.355650 21.874954 12.499999
v -23.355650 21.874954 12.499999
v -22.627417 22.627417 12.149999
v -22.627417 22.627417 12.149999
v -22.627417 22.627417 12.149999
v -22.627417 22.627417 11.500000
v -22.627417 22.627417 11.500000
v -22.627417 22.627417 11.500000
v -22.627417 22.627417 18.799999
v -22.627417 22.627417 18.799999
v -22.627417 22.627417 18.799999
v -22.627417 22.627417 12.499999
v -22.627417 22.627417 12.499999
v -22.627417 22.627417 12.499999
v -21.874954 23.355650 12.149999
v -21.874954 23.355650 12.149999
v -21.874954 23.355650 12.149999
v -21.874954 23.355650 11.500000
v -21.874954 23.355650 11.500000
v -21.874954 23.355650 11.500000
v -21.874954 23.355650 11.500000
v -21.874954 23.355650 18.799999
v -21.874954 23.355650 18.799999
v -21.874954 23.355650 18.799999
v -21.874954 23.355650 18.799999
v -21.874954 23.355650 12.499999
v -21.874954 23.355650 12.499999
v -21.874954 23.355650 12.499999
v -21.874954 23.355650 12.499999
v -21.099068 24.058872 12.149999
v -21.099068 24.058872 12.149999
v -21.099068 24.058872 12.149999
v -21.099068 24.058872 11.500000
v -21.099068 24.058872 11.500000
v -21.099068 24.058872 11.500000
v -21.099068 24.058872 18.799999
v -21.099068 24.058872 18.799999
v -21.099068 24.058872 18.799999
v -21.099068 24.058872 18.799999
v -21.099068 24.058872 12.499999
v -21.099068 24.058872 12.499999
v -21.099068 24.058872 12.499999
v -20.300587 24.736334 12.149999
v -20.300587 24.736334 12.149999
v -20.300587 24.736334 12.149999
v -20.300587 24.736334 11.500000
v -20.300587 24.736334 11.500000
v -20.300587 24.736334 11.500000
v -20.300587 24.736334 18.799999
v -20.300587 24.736334 18.799999
v -20.300587 24.736334 18.799999
v -20.300587 24.736334 18.799999
v -20.300587 24.736334 12.499999
v -20.300587 24.736334 12.499999
v -20.300587 24.736334 12.499999
v -19.480366 25.387306 12.149999
v -19.480366 25.387306 12.149999
v -19.480366 25.387306 12.149999
v -19.480366 25.387306 11.500000
v -19.480366 25.387306 11.500000
v -19.480366 25.387306 11.500000
v -19.480366 25.387306 18.799999
v -19.480366 25.387306 18.799999
v -19.480366 25.387306 18.799999
v -19.480366 25.387306 12.499999
v -19.480366 25.387306 12.499999
v -19.480366 25.387306 12.499999
v -18.639288 26.011093 12.149999
v -18.639288 26.011093 12.149999
v -18.639288 26.011093 12.149999
v -18.639288 26.011093 11.500000
v -18.639288 26.011093 11.500000
v -18.639288 26.011093 11.500000
v -18.639288 26.011093 18.799999
v -18.639288 26.011093 18.799999
v -18.639288 26.011093 18.799999
v -18.639288 26.011093 18.799999
v -18.639288 26.011093 18.799999
v -18.639288 26.011093 12.499999
v -18.639288 26.011093 12.499999
v -18.639288 26.011093 12.499999
v -17.778248 26.607027 12.149999
v -17.778248 26.607027 12.149999
v -17.778248 26.607027 12.149999
v -17.778248 26.607027 11.500000
v -17.778248 26.607027 11.500000
v -17.778248 26.607027 11.500000
v -17.778248 26.607027 18.799999
v -17.778248 26.607027 18.799999
v -17.778248 26.607027 18.799999
v -17.778248 26.607027 12.499999
v -17.778248 26.607027 12.499999
v -17.778248 26.607027 12.499999
v -16.898170 27.174469 12.149999
v -16.898170 27.174469 12.149999
v -16.898170 27.174469 12.149999
v -16.898170 27.174469 11.500000
v -16.898170 27.174469 11.500000
v -16.898170 27.174469 11.500000
v -16.898170 27.174469 18.799999
v -16.898170 27.174469 18.799999
v -16.898170 27.174469 18.799999
v -16.898170 27.174469 18.799999
v -16.898170 27.174469 12.499999
v -16.898170 27.174469 12.499999
v -16.898170 27.174469 12.499999
v -16.000000 27.712812 12.149999
v -16.000000 27.712812 12.149999
v -16.000000 27.712812 12.149999
v -16.000000 27.712812 11.500000
v -16.000000 27.712812 11.500000
v -16.000000 27.712812 11.500000
v -16.000000 27.712812 18.799999
v -16.000000 27.712812 18.799999
v -16.000000 27.712812 18.799999
v -16.000000 27.712812 12.499999
v -16.000000 27.712812 12.499999
v -16.000000 27.712812 12.499999
v -15.084696 28.221479 12.149999
v -15.084696 28.221479 12.149999
v -15.084696 28.221479 12.149999
v -15.084696 28.221479 11.500000
v -15.084696 28.221479 11.500000
v -15.084696 28.221479 11.500000
v -15.084696 28.221479 18.799999
v -15.084696 28.221479 18.799999
v -15.084696 28.221479 18.799999
v -15.084696 28.221479 18.799999
v -15.084696 28.221479 18.799999
v -15.084696 28.221479 12.499999
v -15.084696 28.221479 12.499999
v -15.084696 28.221479 12.499999
v -14.153238 28.699928 12.149999
v -14.153238 28.699928 12.149999
v -14.153238 28.699928 12.149999
v -14.153238 28.699928 11.500000
v -14.153238 28.699928 11.500000
v -14.153238 28.699928 11.500000
v -14.153238 28.699928 18.799999
v -14.153238 28.699928 18.799999
v -14.153238 28.699928 18.799999
v -14.153238 28.699928 12.499999
v -14.153238 28.699928 12.499999
v -14.153238 28.699928 12.499999
v -13.206626 29.147642 12.149999
v -13.206626 29.147642 12.149999
v -13.206626 29.147642 12.149999
v -13.206626 29.147642 11.500000
v -13.206626 29.147642 11.500000
v -13.206626 29.147642 11.500000
v -13.206626 29.147642 18.799999
v -13.206626 29.147642 18.799999
v -13.206626 29.147642 18.799999
v -13.206626 29.147642 18.799999
v -13.206626 29.147642 12.499999
v -13.206626 29.147642 12.499999
v -13.206626 29.147642 12.499999
v -12.245871 29.564144 12.149999
v -12.245871 29.564144 12.149999
v -12.245871 29.564144 12.149999
v -12.245871 29.564144 11.500000
v -12.245871 29.564144 11.500000
v -12.245871 29.564144 11.500000
v -12.245871 29.564144 18.799999
v -12.245871 29.564144 18.799999
v -12.245871 29.564144 18.799999
v -12.245871 29.564144 12.499999
v -12.245871 29.564144 12.499999
v -12.245871 29.564144 12.499999
v -11.272002 29.948990 12.149999
v -11.272002 29.948990 12.149999
v -11.272002 29.948990 12.149999
v -11.272002 29.948990 11.500000
v -11.272002 29.948990 11.500000
v -11.272002 29.948990 11.500000
v -11.272002 29.948990 18.799999
v -11.272002 29.948990 18.799999
v -11.272002 29.948990 18.799999
v -11.272002 29.948990 12.499999
v -11.272002 29.948990 12.499999
v -11.272002 29.948990 12.499999
v -10.286063 30.301764 12.149999
v -10.286063 30.301764 12.149999
v -10.286063 30.301764 12.149999
v -10.286063 30.301764 11.500000
v -10.286063 30.301764 11.500000
v -10.286063 30.301764 11.500000
v -10.286063 30.301764 18.799999
v -10.286063 30.301764 18.799999
v -10.286063 30.301764 18.799999
v -10.286063 30.301764 12.499999
v -10.286063 30.301764 12.499999
v -10.286063 30.301764 12.499999
v -9.289110 30.622091 12.149999
v -9.289110 30.622091 12.149999
v -9.289110 30.622091 12.149999
v -9.289110 30.622091 11.500000
v -9.289110 30.622091 11.500000
v -9.289110 30.622091 11.500000
v -9.289110 30.622091 18.799999
v -9.289110 30.622091 18.799999
v -9.289110 30.622091 18.799999
v -9.289110 30.622091 12.499999
v -9.289110 30.622091 12.499999
v -9.289110 30.622091 12.499999
v -8.282209 30.909626 12.149999
v -8.282209 30.909626 12.149999
v -8.282209 30.909626 12.149999
v -8.282209 30.909626 11.500000
v -8.282209 30.909626 11.500000
v -8.282209 30.909626 11.500000
v -8.282209 30.909626 18.799999
v -8.282209 30.909626 18.799999
v -8.282209 30.909626 18.799999
v -8.282209 30.909626 12.499999
v -8.282209 30.909626 12.499999
v -8.282209 30.909626 12.499999
v -7.266440 31.164062 12.149999
v -7.266440 31.164062 12.149999
v -7.266440 31.164062 12.149999
v -7.266440 31.164062 11.500000
v -7.266440 31.164062 11.500000
v -7.266440 31.164062 11.500000
v -7.266440 31.164062 18.799999
v -7.266440 31.164062 18.799999
v -7.266440 31.164062 18.799999
v -7.266440 31.164062 12.499999
v -7.266440 31.164062 12.499999
v -7.266440 31.164062 12.499999
v -6.242890 31.385128 12.149999
v -6.242890 31.385128 12.149999
v -6.242890 31.385128 12.149999
v -6.242890 31.385128 11.500000
v -6.242890 31.385128 11.500000
v -6.242890 31.385128 11.500000
v -6.242890 31.385128 18.799999
v -6.242890 31.385128 18.799999
v -6.242890 31.385128 18.799999
v -6.242890 31.385128 12.499999
v -6.242890 31.385128 12.499999
v -6.242890 31.385128 12.499999
v -5.212655 31.572586 12.149999
v -5.212655 31.572586 12.149999
v -5.212655 31.572586 12.149999
v -5.212655 31.572586 11.500000
v -5.212655 31.572586 11.500000
v -5.212655 31.572586 11.500000
v -5.212655 31.572586 18.799999
v -5.212655 31.572586 18.799999
v -5.212655 31.572586 18.799999
v -5.212655 31.572586 18.799999
v -5.212655 31.572586 18.799999
v -5.212655 31.572586 12.499999
v -5.212655 31.572586 12.499999
v -5.212655 31.572586 12.499999
v -4.176838 31.726236 12.149999
v -4.176838 31.726236 12.149999
v -4.176838 31.726236 12.149999
v -4.176838 31.726236 11.500000
v -4.176838 31.726236 11.500000
v -4.176838 31.726236 11.500000
v -4.176838 31.726236 18.799999
v -4.176838 31.726236 18.799999
v -4.176838 31.726236 18.799999
v -4.176838 31.726236 12.499999
v -4.176838 31.726236 12.499999
v -4.176838 31.726236 12.499999
v -3.136549 31.845911 12.149999
v -3.136549 31.845911 12.149999
v -3.136549 31.845911 12.149999
v -3.136549 31.845911 11.500000
v -3.136549 31.845911 11.500000
v -3.136549 31.845911 11.500000
v -3.136549 31.845911 18.799999
v -3.136549 31.845911 18.799999
v -3.136549 31.845911 18.799999
v -3.136549 31.845911 12.499999
v -3.136549 31.845911 12.499999
v -3.136549 31.845911 12.499999
v -2.092900 31.931486 12.149999
v -2.092900 31.931486 12.149999
v -2.092900 31.931486 12.149999
v -2.092900 31.931486 11.500000
v -2.092900 31.931486 11.500000
v -2.092900 31.931486 11.500000
v -2.092900 31.931486 18.799999
v -2.092900 31.931486 18.799999
v -2.092900 31.931486 18.799999
v -2.092900 31.931486 12.499999
v -2.092900 31.931486 12.499999
v -2.092900 31.931486 12.499999
v 25.876806 15.591493 11.500000
v 25.876806 15.591493 11.500000
v 25.876806 15.591493 11.500000
v 25.876806 15.591493 11.500000
v 25.875120 15.593020 11.500000
v 25.875120 15.593020 11.500000
v 25.875120 15.593020 11.500000
v 25.875120 15.593020 11.500000
v 26.233488 15.118376 11.500000
v 26.233488 15.118376 11.500000
v 26.147917 15.261144 11.500000
v 26.147917 15.261144 11.500000
v 26.147917 15.261144 11.500000
v 26.020477 15.432978 11.500000
v 26.020477 15.432978 11.500000
v 26.020477 15.432978 11.500000
v 26.020477 15.432978 11.500000
v -26.147917 15.261144 11.500000
v -26.147917 15.261144 11.500000
v -26.147917 15.261144 11.500000
v -26.233488 15.118376 11.500000
v -26.233488 15.118376 11.500000
v -25.875120 15.593020 11.500000
v -25.875120 15.593020 11.500000
v -25.875120 15.593020 11.500000
v -25.876806 15.591493 11.500000
v -25.876806 15.591493 11.500000
v -25.876806 15.591493 11.500000
v -25.876806 15.591493 11.500000
v -26.020477 15.432978 11.500000
v -26.020477 15.432978 11.500000
v -26.020477 15.432978 11.500000
v -26.020477 15.432978 11.500000
v -25.718292 15.735163 11.500000
v -25.718292 15.735163 11.500000
v -25.718292 15.735163 11.500000
v -1.047011 31.982866 11.500000
v -1.047011 31.982866 11.500000
v -1.047011 31.982866 11.500000
v 25.718292 15.735163 11.500000
v 25.718292 15.735163 11.500000
v 25.718292 15.735163 11.500000
v 25.718292 15.735163 11.500000
v 25.546457 15.862604 11.500000
v 25.546457 15.862604 11.500000
v 25.546457 15.862604 11.500000
v -25.546457 15.862604 11.500000
v -25.546457 15.862604 11.500000
v -25.546457 15.862604 11.500000
v 25.362959 15.972589 11.500000
v 25.362959 15.972589 11.500000
v 25.362959 15.972589 11.500000
v -25.362959 15.972589 11.500000
v -25.362959 15.972589 11.500000
v -25.362959 15.972589 11.500000
v 25.169563 16.064058 11.500000
v 25.169563 16.064058 11.500000
v 25.169563 16.064058 11.500000
v -25.169563 16.064058 11.500000
v -25.169563 16.064058 11.500000
v -25.169563 16.064058 11.500000
v -24.968134 16.136131 11.500000
v -24.968134 16.136131 11.500000
v -24.968134 16.136131 11.500000
v 24.968134 16.136131 11.500000
v 24.968134 16.136131 11.500000
v 24.968134 16.136131 11.500000
v 24.760611 16.188112 11.500000
v 24.760611 16.188112 11.500000
v 24.760611 16.188112 11.500000
v -24.760611 16.188112 11.500000
v -24.760611 16.188112 11.500000
v -24.760611 16.188112 11.500000
v 24.548990 16.219503 11.500000
v 24.548990 16.219503 11.500000
v 24.548990 16.219503 11.500000
v 24.335314 16.230000 11.500000
v 24.335314 16.230000 11.500000
v 24.335314 16.230000 11.500000
v -24.548990 16.219503 11.500000
v -24.548990 16.219503 11.500000
v -24.548990 16.219503 11.500000
v -24.335314 16.230000 11.500000
v -24.335314 16.230000 11.500000
v -24.335314 16.230000 11.500000
v 24.121637 16.219503 11.500000
v 24.121637 16.219503 11.500000
v 24.121637 16.219503 11.500000
v 23.910017 16.188112 11.500000
v 23.910017 16.188112 11.500000
v 23.910017 16.188112 11.500000
v -24.121637 16.219503 11.500000
v -24.121637 16.219503 11.500000
v -24.121637 16.219503 11.500000
v -23.910017 16.188112 11.500000
v -23.910017 16.188112 11.500000
v -23.910017 16.188112 11.500000
v 23.702494 16.136131 11.500000
v 23.702494 16.136131 11.500000
v 23.702494 16.136131 11.500000
v 23.501064 16.064058 11.500000
v 23.501064 16.064058 11.500000
v 23.501064 16.064058 11.500000
v -23.702494 16.136131 11.500000
v -23.702494 16.136131 11.500000
v -23.702494 16.136131 11.500000
v -23.501064 16.064058 11.500000
v -23.501064 16.064058 11.500000
v -23.501064 16.064058 11.500000
v 23.307669 15.972589 11.500000
v 23.307669 15.972589 11.500000
v 23.307669 15.972589 11.500000
v 23.124170 15.862604 11.500000
v 23.124170 15.862604 11.500000
v 23.124170 15.862604 11.500000
v -23.307669 15.972589 11.500000
v -23.307669 15.972589 11.500000
v -23.307669 15.972589 11.500000
v -23.124170 15.862604 11.500000
v -23.124170 15.862604 11.500000
v -23.124170 15.862604 11.500000
v 22.952335 15.735163 11.500000
v 22.952335 15.735163 11.500000
v 22.952335 15.735163 11.500000
v 22.793821 15.591493 11.500000
v 22.793821 15.591493 11.500000
v 22.793821 15.591493 11.500000
v 22.793821 15.591493 11.500000
v -22.952335 15.735163 11.500000
v -22.952335 15.735163 11.500000
v -22.952335 15.735163 11.500000
v -22.952335 15.735163 11.500000
v -22.793821 15.591493 11.500000
v -22.793821 15.591493 11.500000
v -22.793821 15.591493 11.500000
v -22.793821 15.591493 11.500000
v 22.650150 15.432978 11.500000
v 22.650150 15.432978 11.500000
v 22.650150 15.432978 11.500000
v 22.650150 15.432978 11.500000
v 22.522711 15.261144 11.500000
v 22.522711 15.261144 11.500000
v 22.522711 15.261144 11.500000
v -22.650150 15.432978 11.500000
v -22.650150 15.432978 11.500000
v -22.650150 15.432978 11.500000
v -22.522711 15.261144 11.500000
v -22.522711 15.261144 11.500000
v -22.522711 15.261144 11.500000
v 22.412725 15.077645 11.500000
v 22.412725 15.077645 11.500000
v 22.412725 15.077645 11.500000
v 22.321257 14.884251 11.500000
v 22.321257 14.884251 11.500000
v 22.321257 14.884251 11.500000
v -22.412725 15.077645 11.500000
v -22.412725 15.077645 11.500000
v -22.412725 15.077645 11.500000
v -22.321257 14.884251 11.500000
v -22.321257 14.884251 11.500000
v -22.321257 14.884251 11.500000
v 22.249184 14.682821 11.500000
v 22.249184 14.682821 11.500000
v 22.249184 14.682821 11.500000
v 22.197203 14.475297 11.500000
v 22.197203 14.475297 11.500000
v 22.197203 14.475297 11.500000
v -22.249184 14.682821 11.500000
v -22.249184 14.682821 11.500000
v -22.249184 14.682821 11.500000
v -22.197203 14.475297 11.500000
v -22.197203 14.475297 11.500000
v -22.197203 14.475297 11.500000
v 22.165812 14.263678 11.500000
v 22.165812 14.263678 11.500000
v 22.165812 14.263678 11.500000
v 22.155313 14.050000 11.500000
v 22.155313 14.050000 11.500000
v 22.155313 14.050000 11.500000
v -22.165812 14.263678 11.500000
v -22.165812 14.263678 11.500000
v -22.165812 14.263678 11.500000
v -22.155313 14.050000 11.500000
v -22.155313 14.050000 11.500000
v -22.155313 14.050000 11.500000
v 22.165812 13.836323 11.500000
v 22.165812 13.836323 11.500000
v 22.165812 13.836323 11.500000
v 22.197203 13.624703 11.500000
v 22.197203 13.624703 11.500000
v 22.197203 13.624703 11.500000
v -22.165812 13.836323 11.500000
v -22.165812 13.836323 11.500000
v -22.165812 13.836323 11.500000
v -22.197203 13.624703 11.500000
v -22.197203 13.624703 11.500000
v -22.197203 13.624703 11.500000
v 22.249184 13.417179 11.500000
v 22.249184 13.417179 11.500000
v 22.249184 13.417179 11.500000
v 22.321257 13.215750 11.500000
v 22.321257 13.215750 11.500000
v 22.321257 13.215750 11.500000
v -22.249184 13.417179 11.500000
v -22.249184 13.417179 11.500000
v -22.249184 13.417179 11.500000
v -22.321257 13.215750 11.500000
v -22.321257 13.215750 11.500000
v -22.321257 13.215750 11.500000
v 22.412725 13.022355 11.500000
v 22.412725 13.022355 11.500000
v 22.412725 13.022355 11.500000
v 22.522711 12.838857 11.500000
v 22.522711 12.838857 11.500000
v 22.522711 12.838857 11.500000
v -22.412725 13.022355 11.500000
v -22.412725 13.022355 11.500000
v -22.412725 13.022355 11.500000
v -22.522711 12.838857 11.500000
v -22.522711 12.838857 11.500000
v -22.522711 12.838857 11.500000
v -22.650150 12.667023 11.500000
v -22.650150 12.667023 11.500000
v -22.650150 12.667023 11.500000
v -22.650150 12.667023 11.500000
v 22.650150 12.667023 11.500000
v 22.650150 12.667023 11.500000
v 22.650150 12.667023 11.500000
v -22.793821 12.508508 11.500000
v -22.793821 12.508508 11.500000
v -22.793821 12.508508 11.500000
v -22.793821 12.508508 11.500000
v 22.793821 12.508508 11.500000
v 22.793821 12.508508 11.500000
v 22.793821 12.508508 11.500000
v 22.793821 12.508508 11.500000
v -22.952335 12.364838 11.500000
v -22.952335 12.364838 11.500000
v -22.952335 12.364838 11.500000
v 22.952335 12.364838 11.500000
v 22.952335 12.364838 11.500000
v 22.952335 12.364838 11.500000
v 22.952335 12.364838 11.500000
v -23.124170 12.237396 11.500000
v -23.124170 12.237396 11.500000
v -23.124170 12.237396 11.500000
v 23.124170 12.237396 11.500000
v 23.124170 12.237396 11.500000
v 23.124170 12.237396 11.500000
v -23.307669 12.127412 11.500000
v -23.307669 12.127412 11.500000
v -23.307669 12.127412 11.500000
v 23.307669 12.127412 11.500000
v 23.307669 12.127412 11.500000
v 23.307669 12.127412 11.500000
v 23.307669 12.127412 11.500000
v -23.501064 12.035943 11.500000
v -23.501064 12.035943 11.500000
v -23.501064 12.035943 11.500000
v -23.501064 12.035943 11.500000
v 23.501064 12.035943 11.500000
v 23.501064 12.035943 11.500000
v 23.501064 12.035943 11.500000
v -23.702494 11.963870 11.500000
v -23.702494 11.963870 11.500000
v -23.702494 11.963870 11.500000
v 23.702494 11.963870 11.500000
v 23.702494 11.963870 11.500000
v 23.702494 11.963870 11.500000
v -23.910017 11.911888 11.500000
v -23.910017 11.911888 11.500000
v -23.910017 11.911888 11.500000
v 23.910017 11.911888 11.500000
v 23.910017 11.911888 11.500000
v 23.910017 11.911888 11.500000
v -24.121637 11.880497 11.500000
v -24.121637 11.880497 11.500000
v -24.121637 11.880497 11.500000
v 24.121637 11.880497 11.500000
v 24.121637 11.880497 11.500000
v 24.121637 11.880497 11.500000
v -24.335314 11.870000 11.500000
v -24.335314 11.870000 11.500000
v -24.335314 11.870000 11.500000
v 24.335314 11.870000 11.500000
v 24.335314 11.870000 11.500000
v 24.335314 11.870000 11.500000
v 26.257902 15.077645 11.500000
v 26.257902 15.077645 11.500000
v 26.257902 15.077645 11.500000
v 26.257902 15.077645 11.500000
v 0.516989 -2.599081 11.500000
v 0.516989 -2.599081 11.500000
v 0.516989 -2.599081 11.500000
v 0.685870 -2.559704 11.500000
v 0.685870 -2.559704 11.500000
v 0.685870 -2.559704 11.500000
v 0.851815 -2.509365 11.500000
v 0.851815 -2.509365 11.500000
v 0.851815 -2.509365 11.500000
v 26.349371 14.884251 11.500000
v 26.349371 14.884251 11.500000
v 26.349371 14.884251 11.500000
v 1.014111 -2.448281 11.500000
v 1.014111 -2.448281 11.500000
v 1.014111 -2.448281 11.500000
v 1.014111 -2.448281 11.500000
v 1.172065 -2.376713 11.500000
v 1.172065 -2.376713 11.500000
v 1.172065 -2.376713 11.500000
v 26.421444 14.682821 11.500000
v 26.421444 14.682821 11.500000
v 26.421444 14.682821 11.500000
v 1.325000 -2.294967 11.500000
v 1.325000 -2.294967 11.500000
v 1.325000 -2.294967 11.500000
v 26.473425 14.475297 11.500000
v 26.473425 14.475297 11.500000
v 26.473425 14.475297 11.500000
v 26.504816 14.263678 11.500000
v 26.504816 14.263678 11.500000
v 26.504816 14.263678 11.500000
v 1.472261 -2.203394 11.500000
v 1.472261 -2.203394 11.500000
v 1.472261 -2.203394 11.500000
v 26.515314 14.050000 11.500000
v 26.515314 14.050000 11.500000
v 26.515314 14.050000 11.500000
v 26.504816 13.836323 11.500000
v 26.504816 13.836323 11.500000
v 26.504816 13.836323 11.500000
v 1.613218 -2.102386 11.500000
v 1.613218 -2.102386 11.500000
v 1.613218 -2.102386 11.500000
v 1.747267 -1.992375 11.500000
v 1.747267 -1.992375 11.500000
v 1.747267 -1.992375 11.500000
v 26.473425 13.624703 11.500000
v 26.473425 13.624703 11.500000
v 26.473425 13.624703 11.500000
v 26.421444 13.417179 11.500000
v 26.421444 13.417179 11.500000
v 26.421444 13.417179 11.500000
v 1.873833 -1.873833 11.500000
v 1.873833 -1.873833 11.500000
v 1.873833 -1.873833 11.500000
v 1.992375 -1.747267 11.500000
v 1.992375 -1.747267 11.500000
v 1.992375 -1.747267 11.500000
v 26.349371 13.215750 11.500000
v 26.349371 13.215750 11.500000
v 26.349371 13.215750 11.500000
v 26.257902 13.022355 11.500000
v 26.257902 13.022355 11.500000
v 26.257902 13.022355 11.500000
v 26.257902 13.022355 11.500000
v 2.102386 -1.613218 11.500000
v 2.102386 -1.613218 11.500000
v 2.102386 -1.613218 11.500000
v 2.203394 -1.472261 11.500000
v 2.203394 -1.472261 11.500000
v 2.203394 -1.472261 11.500000
v 26.147917 12.838857 11.500000
v 26.147917 12.838857 11.500000
v 26.147917 12.838857 11.500000
v 26.020477 12.667023 11.500000
v 26.020477 12.667023 11.500000
v 26.020477 12.667023 11.500000
v 26.020477 12.667023 11.500000
v 2.294967 -1.325000 11.500000
v 2.294967 -1.325000 11.500000
v 2.294967 -1.325000 11.500000
v 2.376713 -1.172065 11.500000
v 2.376713 -1.172065 11.500000
v 2.376713 -1.172065 11.500000
v 25.876806 12.508508 11.500000
v 25.876806 12.508508 11.500000
v 25.876806 12.508508 11.500000
v 25.718292 12.364838 11.500000
v 25.718292 12.364838 11.500000
v 25.718292 12.364838 11.500000
v 2.448281 -1.014111 11.500000
v 2.448281 -1.014111 11.500000
v 2.448281 -1.014111 11.500000
v 2.509365 -0.851815 11.500000
v 2.509365 -0.851815 11.500000
v 2.509365 -0.851815 11.500000
v 2.509365 -0.851815 11.500000
v 25.546457 12.237396 11.500000
v 25.546457 12.237396 11.500000
v 25.546457 12.237396 11.500000
v 25.362959 12.127412 11.500000
v 25.362959 12.127412 11.500000
v 25.362959 12.127412 11.500000
v 25.362959 12.127412 11.500000
v 2.559704 -0.685870 11.500000
v 2.559704 -0.685870 11.500000
v 2.559704 -0.685870 11.500000
v 2.599081 -0.516989 11.500000
v 2.599081 -0.516989 11.500000
v 2.599081 -0.516989 11.500000
v 25.169563 12.035943 11.500000
v 25.169563 12.035943 11.500000
v 25.169563 12.035943 11.500000
v 24.968134 11.963870 11.500000
v 24.968134 11.963870 11.500000
v 24.968134 11.963870 11.500000
v 2.627329 -0.345894 11.500000
v 2.627329 -0.345894 11.500000
v 2.627329 -0.345894 11.500000
v 2.644326 -0.173318 11.500000
v 2.644326 -0.173318 11.500000
v 2.644326 -0.173318 11.500000
v 24.760611 11.911888 11.500000
v 24.760611 11.911888 11.500000
v 24.760611 11.911888 11.500000
v 24.548990 11.880497 11.500000
v 24.548990 11.880497 11.500000
v 24.548990 11.880497 11.500000
v 2.650000 0.000000 11.500000
v 2.650000 0.000000 11.500000
v 2.650000 0.000000 11.500000
v 2.644326 0.173318 11.500000
v 2.644326 0.173318 11.500000
v 2.644326 0.173318 11.500000
v 2.627329 0.345894 11.500000
v 2.627329 0.345894 11.500000
v 2.627329 0.345894 11.500000
v 2.599081 0.516989 11.500000
v 2.599081 0.516989 11.500000
v 2.599081 0.516989 11.500000
v -24.548990 11.880497 11.500000
v -24.548990 11.880497 11.500000
v -24.548990 11.880497 11.500000
v -24.548990 11.880497 11.500000
v 2.559704 0.685870 11.500000
v 2.559704 0.685870 11.500000
v 2.559704 0.685870 11.500000
v 2.509365 0.851815 11.500000
v 2.509365 0.851815 11.500000
v 2.509365 0.851815 11.500000
v 2.448281 1.014111 11.500000
v 2.448281 1.014111 11.500000
v 2.448281 1.014111 11.500000
v 2.448281 1.014111 11.500000
v 2.376713 1.172065 11.500000
v 2.376713 1.172065 11.500000
v 2.376713 1.172065 11.500000
v 2.294967 1.325000 11.500000
v 2.294967 1.325000 11.500000
v 2.294967 1.325000 11.500000
v 2.203394 1.472261 11.500000
v 2.203394 1.472261 11.500000
v 2.203394 1.472261 11.500000
v 2.102386 1.613218 11.500000
v 2.102386 1.613218 11.500000
v 2.102386 1.613218 11.500000
v 1.992375 1.747267 11.500000
v 1.992375 1.747267 11.500000
v 1.992375 1.747267 11.500000
v 1.873833 1.873833 11.500000
v 1.873833 1.873833 11.500000
v 1.873833 1.873833 11.500000
v 1.747267 1.992375 11.500000
v 1.747267 1.992375 11.500000
v 1.747267 1.992375 11.500000
v 1.613218 2.102386 11.500000
v 1.613218 2.102386 11.500000
v 1.613218 2.102386 11.500000
v 1.472261 2.203394 11.500000
v 1.472261 2.203394 11.500000
v 1.472261 2.203394 11.500000
v 1.325000 2.294967 11.500000
v 1.325000 2.294967 11.500000
v 1.325000 2.294967 11.500000
v 1.172065 2.376713 11.500000
v 1.172065 2.376713 11.500000
v 1.172065 2.376713 11.500000
v 1.014111 2.448281 11.500000
v 1.014111 2.448281 11.500000
v 1.014111 2.448281 11.500000
v 0.851815 2.509365 11.500000
v 0.851815 2.509365 11.500000
v 0.851815 2.509365 11.500000
v 0.851815 2.509365 11.500000
v 0.851815 2.509365 11.500000
v 0.685870 2.559704 11.500000
v 0.685870 2.559704 11.500000
v 0.685870 2.559704 11.500000
v 0.685870 2.559704 11.500000
v -24.760611 11.911888 11.500000
v -24.760611 11.911888 11.500000
v -24.760611 11.911888 11.500000
v 0.516989 2.599081 11.500000
v 0.516989 2.599081 11.500000
v 0.516989 2.599081 11.500000
v -24.968134 11.963870 11.500000
v -24.968134 11.963870 11.500000
v -24.968134 11.963870 11.500000
v 0.345894 2.627329 11.500000
v 0.345894 2.627329 11.500000
v 0.345894 2.627329 11.500000
v -25.169563 12.035943 11.500000
v -25.169563 12.035943 11.500000
v -25.169563 12.035943 11.500000
v 0.173318 2.644326 11.500000
v 0.173318 2.644326 11.500000
v 0.173318 2.644326 11.500000
v 0.000000 2.650000 11.500000
v 0.000000 2.650000 11.500000
v 0.000000 2.650000 11.500000
v -0.173318 2.644326 11.500000
v -0.173318 2.644326 11.500000
v -0.173318 2.644326 11.500000
v -0.345894 2.627329 11.500000
v -0.345894 2.627329 11.500000
v -0.345894 2.627329 11.500000
v -0.516989 2.599081 11.500000
v -0.516989 2.599081 11.500000
v -0.516989 2.599081 11.500000
v -0.685870 2.559704 11.500000
v -0.685870 2.559704 11.500000
v -0.685870 2.559704 11.500000
v -0.851815 2.509365 11.500000
v -0.851815 2.509365 11.500000
v -0.851815 2.509365 11.500000
v -1.014111 2.448281 11.500000
v -1.014111 2.448281 11.500000
v -1.014111 2.448281 11.500000
v -1.014111 2.448281 11.500000
v -1.172065 2.376713 11.500000
v -1.172065 2.376713 11.500000
v -1.172065 2.376713 11.500000
v -1.325000 2.294967 11.500000
v -1.325000 2.294967 11.500000
v -1.325000 2.294967 11.500000
v -1.472261 2.203394 11.500000
v -1.472261 2.203394 11.500000
v -1.472261 2.203394 11.500000
v -1.613218 2.102386 11.500000
v -1.613218 2.102386 11.500000
v -1.613218 2.102386 11.500000
v -1.747267 1.992375 11.500000
v -1.747267 1.992375 11.500000
v -1.747267 1.992375 11.500000
v -1.873833 1.873833 11.500000
v -1.873833 1.873833 11.500000
v -1.873833 1.873833 11.500000
v -1.992375 1.747267 11.500000
v -1.992375 1.747267 11.500000
v -1.992375 1.747267 11.500000
v -2.102386 1.613218 11.500000
v -2.102386 1.613218 11.500000
v -2.102386 1.613218 11.500000
v -2.203394 1.472261 11.500000
v -2.203394 1.472261 11.500000
v -2.203394 1.472261 11.500000
v -2.294967 1.325000 11.500000
v -2.294967 1.325000 11.500000
v -2.294967 1.325000 11.500000
v -2.376713 1.172065 11.500000
v -2.376713 1.172065 11.500000
v -2.376713 1.172065 11.500000
v -25.362959 12.127412 11.500000
v -25.362959 12.127412 11.500000
v -25.362959 12.127412 11.500000
v -25.362959 12.127412 11.500000
v -2.448281 1.014111 11.500000
v -2.448281 1.014111 11.500000
v -2.448281 1.014111 11.500000
v -2.509365 0.851815 11.500000
v -2.509365 0.851815 11.500000
v -2.509365 0.851815 11.500000
v -2.509365 0.851815 11.500000
v -26.257902 15.077645 11.500000
v -26.257902 15.077645 11.500000
v -26.257902 15.077645 11.500000
v -26.349371 14.884251 11.500000
v -26.349371 14.884251 11.500000
v -26.349371 14.884251 11.500000
v -26.349371 14.884251 11.500000
v -25.546457 12.237396 11.500000
v -25.546457 12.237396 11.500000
v -25.546457 12.237396 11.500000
v -26.421444 14.682821 11.500000
v -26.421444 14.682821 11.500000
v -26.421444 14.682821 11.500000
v -25.718292 12.364838 11.500000
v -25.718292 12.364838 11.500000
v -25.718292 12.364838 11.500000
v -25.876806 12.508508 11.500000
v -25.876806 12.508508 11.500000
v -25.876806 12.508508 11.500000
v -25.876806 12.508508 11.500000
v -26.473425 14.475297 11.500000
v -26.473425 14.475297 11.500000
v -26.473425 14.475297 11.500000
v -26.504816 14.263678 11.500000
v -26.504816 14.263678 11.500000
v -26.504816 14.263678 11.500000
v -26.020477 12.667023 11.500000
v -26.020477 12.667023 11.500000
v -26.020477 12.667023 11.500000
v -26.147917 12.838857 11.500000
v -26.147917 12.838857 11.500000
v -26.147917 12.838857 11.500000
v -26.515314 14.050000 11.500000
v -26.515314 14.050000 11.500000
v -26.515314 14.050000 11.500000
v -26.504816 13.836323 11.500000
v -26.504816 13.836323 11.500000
v -26.504816 13.836323 11.500000
v -26.257902 13.022355 11.500000
v -26.257902 13.022355 11.500000
v -26.257902 13.022355 11.500000
v -26.257902 13.022355 11.500000
v -26.349371 13.215750 11.500000
v -26.349371 13.215750 11.500000
v -26.349371 13.215750 11.500000
v -26.473425 13.624703 11.500000
v -26.473425 13.624703 11.500000
v -26.473425 13.624703 11.500000
v -26.421444 13.417179 11.500000
v -26.421444 13.417179 11.500000
v -26.421444 13.417179 11.500000
v 1.925969 -29.120497 11.500000
v 1.925969 -29.120497 11.500000
v 1.925969 -29.120497 11.500000
v 2.014057 -28.934250 11.500000
v 2.014057 -28.934250 11.500000
v 2.014057 -28.934250 11.500000
v 2.086130 -28.732821 11.500000
v 2.086130 -28.732821 11.500000
v 2.086130 -28.732821 11.500000
v 0.345894 -2.627329 11.500000
v 0.345894 -2.627329 11.500000
v 0.345894 -2.627329 11.500000
v 0.173318 -2.644326 11.500000
v 0.173318 -2.644326 11.500000
v 0.173318 -2.644326 11.500000
v 2.138112 -28.525297 11.500000
v 2.138112 -28.525297 11.500000
v 2.138112 -28.525297 11.500000
v 2.169503 -28.313677 11.500000
v 2.169503 -28.313677 11.500000
v 2.169503 -28.313677 11.500000
v 0.000000 -2.650000 11.500000
v 0.000000 -2.650000 11.500000
v 0.000000 -2.650000 11.500000
v -0.173318 -2.644326 11.500000
v -0.173318 -2.644326 11.500000
v -0.173318 -2.644326 11.500000
v 2.180000 -28.100000 11.500000
v 2.180000 -28.100000 11.500000
v 2.180000 -28.100000 11.500000
v 2.169503 -27.886324 11.500000
v 2.169503 -27.886324 11.500000
v 2.169503 -27.886324 11.500000
v -0.345894 -2.627329 11.500000
v -0.345894 -2.627329 11.500000
v -0.345894 -2.627329 11.500000
v -0.516989 -2.599081 11.500000
v -0.516989 -2.599081 11.500000
v -0.516989 -2.599081 11.500000
v 2.138112 -27.674704 11.500000
v 2.138112 -27.674704 11.500000
v 2.138112 -27.674704 11.500000
v 2.086130 -27.467180 11.500000
v 2.086130 -27.467180 11.500000
v 2.086130 -27.467180 11.500000
v -0.685870 -2.559704 11.500000
v -0.685870 -2.559704 11.500000
v -0.685870 -2.559704 11.500000
v -0.851815 -2.509365 11.500000
v -0.851815 -2.509365 11.500000
v -0.851815 -2.509365 11.500000
v -0.851815 -2.509365 11.500000
v 2.014057 -27.265751 11.500000
v 2.014057 -27.265751 11.500000
v 2.014057 -27.265751 11.500000
v 1.922588 -27.072355 11.500000
v 1.922588 -27.072355 11.500000
v 1.922588 -27.072355 11.500000
v -1.014111 -2.448281 11.500000
v -1.014111 -2.448281 11.500000
v -1.014111 -2.448281 11.500000
v -1.172065 -2.376713 11.500000
v -1.172065 -2.376713 11.500000
v -1.172065 -2.376713 11.500000
v 1.812604 -26.888857 11.500000
v 1.812604 -26.888857 11.500000
v 1.812604 -26.888857 11.500000
v 1.685163 -26.717022 11.500000
v 1.685163 -26.717022 11.500000
v 1.685163 -26.717022 11.500000
v -1.325000 -2.294967 11.500000
v -1.325000 -2.294967 11.500000
v -1.325000 -2.294967 11.500000
v -1.472261 -2.203394 11.500000
v -1.472261 -2.203394 11.500000
v -1.472261 -2.203394 11.500000
v 1.541493 -26.558508 11.500000
v 1.541493 -26.558508 11.500000
v 1.541493 -26.558508 11.500000
v -1.613218 -2.102386 11.500000
v -1.613218 -2.102386 11.500000
v -1.613218 -2.102386 11.500000
v 1.382977 -26.414837 11.500000
v 1.382977 -26.414837 11.500000
v 1.382977 -26.414837 11.500000
v -1.747267 -1.992375 11.500000
v -1.747267 -1.992375 11.500000
v -1.747267 -1.992375 11.500000
v 1.211143 -26.287397 11.500000
v 1.211143 -26.287397 11.500000
v 1.211143 -26.287397 11.500000
v -1.873833 -1.873833 11.500000
v -1.873833 -1.873833 11.500000
v -1.873833 -1.873833 11.500000
v 1.027645 -26.177412 11.500000
v 1.027645 -26.177412 11.500000
v 1.027645 -26.177412 11.500000
v -1.992375 -1.747267 11.500000
v -1.992375 -1.747267 11.500000
v -1.992375 -1.747267 11.500000
v 0.834250 -26.085943 11.500000
v 0.834250 -26.085943 11.500000
v 0.834250 -26.085943 11.500000
v -2.102386 -1.613218 11.500000
v -2.102386 -1.613218 11.500000
v -2.102386 -1.613218 11.500000
v 0.632821 -26.013870 11.500000
v 0.632821 -26.013870 11.500000
v 0.632821 -26.013870 11.500000
v -2.203394 -1.472261 11.500000
v -2.203394 -1.472261 11.500000
v -2.203394 -1.472261 11.500000
v 0.425297 -25.961889 11.500000
v 0.425297 -25.961889 11.500000
v 0.425297 -25.961889 11.500000
v -2.294967 -1.325000 11.500000
v -2.294967 -1.325000 11.500000
v -2.294967 -1.325000 11.500000
v 0.213677 -25.930498 11.500000
v 0.213677 -25.930498 11.500000
v 0.213677 -25.930498 11.500000
v -2.376713 -1.172065 11.500000
v -2.376713 -1.172065 11.500000
v -2.376713 -1.172065 11.500000
v 0.000000 -25.920000 11.500000
v 0.000000 -25.920000 11.500000
v 0.000000 -25.920000 11.500000
v -2.448281 -1.014111 11.500000
v -2.448281 -1.014111 11.500000
v -2.448281 -1.014111 11.500000
v -2.448281 -1.014111 11.500000
v -0.213677 -25.930498 11.500000
v -0.213677 -25.930498 11.500000
v -0.213677 -25.930498 11.500000
v -2.509365 -0.851815 11.500000
v -2.509365 -0.851815 11.500000
v -2.509365 -0.851815 11.500000
v -2.509365 -0.851815 11.500000
v -0.425297 -25.961889 11.500000
v -0.425297 -25.961889 11.500000
v -0.425297 -25.961889 11.500000
v -0.425297 -25.961889 11.500000
v -2.559704 -0.685870 11.500000
v -2.559704 -0.685870 11.500000
v -2.559704 -0.685870 11.500000
v -2.559704 -0.685870 11.500000
v -0.632821 -26.013870 11.500000
v -0.632821 -26.013870 11.500000
v -0.632821 -26.013870 11.500000
v -2.599081 -0.516989 11.500000
v -2.599081 -0.516989 11.500000
v -2.599081 -0.516989 11.500000
v -0.834250 -26.085943 11.500000
v -0.834250 -26.085943 11.500000
v -0.834250 -26.085943 11.500000
v -2.627329 -0.345894 11.500000
v -2.627329 -0.345894 11.500000
v -2.627329 -0.345894 11.500000
v -2.627329 -0.345894 11.500000
v -1.027645 -26.177412 11.500000
v -1.027645 -26.177412 11.500000
v -1.027645 -26.177412 11.500000
v -1.027645 -26.177412 11.500000
v -2.644326 -0.173318 11.500000
v -2.644326 -0.173318 11.500000
v -2.644326 -0.173318 11.500000
v -2.644326 -0.173318 11.500000
v -1.211143 -26.287397 11.500000
v -1.211143 -26.287397 11.500000
v -1.211143 -26.287397 11.500000
v -1.382977 -26.414837 11.500000
v -1.382977 -26.414837 11.500000
v -1.382977 -26.414837 11.500000
v -1.541493 -26.558508 11.500000
v -1.541493 -26.558508 11.500000
v -1.541493 -26.558508 11.500000
v -1.685163 -26.717022 11.500000
v -1.685163 -26.717022 11.500000
v -1.685163 -26.717022 11.500000
v -1.812604 -26.888857 11.500000
v -1.812604 -26.888857 11.500000
v -1.812604 -26.888857 11.500000
v -2.650000 0.000000 11.500000
v -2.650000 0.000000 11.500000
v -2.650000 0.000000 11.500000
v -1.922588 -27.072355 11.500000
v -1.922588 -27.072355 11.500000
v -1.922588 -27.072355 11.500000
v -2.014057 -27.265751 11.500000
v -2.014057 -27.265751 11.500000
v -2.014057 -27.265751 11.500000
v -2.086130 -27.467180 11.500000
v -2.086130 -27.467180 11.500000
v -2.086130 -27.467180 11.500000
v -2.138112 -27.674704 11.500000
v -2.138112 -27.674704 11.500000
v -2.138112 -27.674704 11.500000
v -2.169503 -27.886324 11.500000
v -2.169503 -27.886324 11.500000
v -2.169503 -27.886324 11.500000
v -2.180000 -28.100000 11.500000
v -2.180000 -28.100000 11.500000
v -2.180000 -28.100000 11.500000
v -2.559704 0.685870 11.500000
v -2.559704 0.685870 11.500000
v -2.559704 0.685870 11.500000
v -1.922588 -29.127645 11.500000
v -1.922588 -29.127645 11.500000
v -1.922588 -29.127645 11.500000
v -1.884692 -29.190870 11.500000
v -1.884692 -29.190870 11.500000
v -2.014057 -28.934250 11.500000
v -2.014057 -28.934250 11.500000
v -2.014057 -28.934250 11.500000
v -2.599081 0.516989 11.500000
v -2.599081 0.516989 11.500000
v -2.599081 0.516989 11.500000
v -2.627329 0.345894 11.500000
v -2.627329 0.345894 11.500000
v -2.627329 0.345894 11.500000
v -2.086130 -28.732821 11.500000
v -2.086130 -28.732821 11.500000
v -2.086130 -28.732821 11.500000
v -2.138112 -28.525297 11.500000
v -2.138112 -28.525297 11.500000
v -2.138112 -28.525297 11.500000
v -2.644326 0.173318 11.500000
v -2.644326 0.173318 11.500000
v -2.644326 0.173318 11.500000
v -2.169503 -28.313677 11.500000
v -2.169503 -28.313677 11.500000
v -2.169503 -28.313677 11.500000
v -1.812604 -29.311144 11.500000
v -1.812604 -29.311144 11.500000
v -1.812604 -29.311144 11.500000
v -1.685163 -29.482979 11.500000
v -1.685163 -29.482979 11.500000
v -1.685163 -29.482979 11.500000
v 1.922588 -29.127645 11.500000
v 1.922588 -29.127645 11.500000
v 1.922588 -29.127645 11.500000
v -1.541493 -29.641493 11.500000
v -1.541493 -29.641493 11.500000
v -1.541493 -29.641493 11.500000
v -1.382977 -29.785164 11.500000
v -1.382977 -29.785164 11.500000
v -1.382977 -29.785164 11.500000
v 1.812604 -29.311144 11.500000
v 1.812604 -29.311144 11.500000
v 1.812604 -29.311144 11.500000
v 1.685163 -29.482979 11.500000
v 1.685163 -29.482979 11.500000
v 1.685163 -29.482979 11.500000
v -1.211143 -29.912603 11.500000
v -1.211143 -29.912603 11.500000
v -1.211143 -29.912603 11.500000
v -1.027645 -30.022589 11.500000
v -1.027645 -30.022589 11.500000
v -1.027645 -30.022589 11.500000
v 1.541493 -29.641493 11.500000
v 1.541493 -29.641493 11.500000
v 1.541493 -29.641493 11.500000
v 1.382977 -29.785164 11.500000
v 1.382977 -29.785164 11.500000
v 1.382977 -29.785164 11.500000
v -0.834250 -30.114058 11.500000
v -0.834250 -30.114058 11.500000
v -0.834250 -30.114058 11.500000
v -0.632821 -30.186131 11.500000
v -0.632821 -30.186131 11.500000
v -0.632821 -30.186131 11.500000
v 1.211143 -29.912603 11.500000
v 1.211143 -29.912603 11.500000
v 1.211143 -29.912603 11.500000
v 1.027645 -30.022589 11.500000
v 1.027645 -30.022589 11.500000
v 1.027645 -30.022589 11.500000
v -0.425297 -30.238111 11.500000
v -0.425297 -30.238111 11.500000
v -0.425297 -30.238111 11.500000
v -0.213677 -30.269503 11.500000
v -0.213677 -30.269503 11.500000
v -0.213677 -30.269503 11.500000
v 0.834250 -30.114058 11.500000
v 0.834250 -30.114058 11.500000
v 0.834250 -30.114058 11.500000
v 0.632821 -30.186131 11.500000
v 0.632821 -30.186131 11.500000
v 0.632821 -30.186131 11.500000
v 0.000000 -30.280001 11.500000
v 0.000000 -30.280001 11.500000
v 0.000000 -30.280001 11.500000
v 0.425297 -30.238111 11.500000
v 0.425297 -30.238111 11.500000
v 0.425297 -30.238111 11.500000
v 0.213677 -30.269503 11.500000
v 0.213677 -30.269503 11.500000
v 0.213677 -30.269503 11.500000
v -1.047011 31.982866 12.149999
v -1.047011 31.982866 12.149999
v -1.047011 31.982866 12.149999
v -1.047011 31.982866 18.799999
v -1.047011 31.982866 18.799999
v -1.047011 31.982866 18.799999
v -1.047011 31.982866 12.499999
v -1.047011 31.982866 12.499999
v -1.047011 31.982866 12.499999
v 20.890373 12.990469 18.799999
v 20.890373 12.990469 18.799999
v 20.890373 12.990469 18.799999
v 23.225264 13.713270 18.799999
v 23.225264 13.713270 18.799999
v 23.225264 13.713270 18.799999
v 23.197603 13.823695 18.799999
v 23.197603 13.823695 18.799999
v 23.197603 13.823695 18.799999
v 23.180899 13.936300 18.799999
v 23.180899 13.936300 18.799999
v 23.180899 13.936300 18.799999
v 23.180899 13.936300 18.799999
v 20.454153 13.667028 18.799999
v 20.454153 13.667028 18.799999
v 20.454153 13.667028 18.799999
v 23.175314 14.050000 18.799999
v 23.175314 14.050000 18.799999
v 23.175314 14.050000 18.799999
v 19.996029 14.328953 18.799999
v 19.996029 14.328953 18.799999
v 19.996029 14.328953 18.799999
v 23.180899 14.163700 18.799999
v 23.180899 14.163700 18.799999
v 23.180899 14.163700 18.799999
v 19.516493 14.975532 18.799999
v 19.516493 14.975532 18.799999
v 19.516493 14.975532 18.799999
v 23.197603 14.276305 18.799999
v 23.197603 14.276305 18.799999
v 23.197603 14.276305 18.799999
v 23.197603 14.276305 18.799999
v 19.016056 15.606076 18.799999
v 19.016056 15.606076 18.799999
v 19.016056 15.606076 18.799999
v 23.225264 14.386730 18.799999
v 23.225264 14.386730 18.799999
v 23.225264 14.386730 18.799999
v 18.495258 16.219908 18.799999
v 18.495258 16.219908 18.799999
v 18.495258 16.219908 18.799999
v 18.495258 16.219908 18.799999
v 23.263613 14.493913 18.799999
v 23.263613 14.493913 18.799999
v 23.263613 14.493913 18.799999
v 17.954657 16.816372 18.799999
v 17.954657 16.816372 18.799999
v 17.954657 16.816372 18.799999
v 23.312284 14.596821 18.799999
v 23.312284 14.596821 18.799999
v 23.312284 14.596821 18.799999
v 17.394827 17.394827 18.799999
v 17.394827 17.394827 18.799999
v 17.394827 17.394827 18.799999
v 23.370810 14.694462 18.799999
v 23.370810 14.694462 18.799999
v 23.370810 14.694462 18.799999
v 16.816372 17.954657 18.799999
v 16.816372 17.954657 18.799999
v 16.816372 17.954657 18.799999
v 23.438622 14.785896 18.799999
v 23.438622 14.785896 18.799999
v 23.438622 14.785896 18.799999
v 16.219908 18.495258 18.799999
v 16.219908 18.495258 18.799999
v 16.219908 18.495258 18.799999
v 23.515070 14.870244 18.799999
v 23.515070 14.870244 18.799999
v 23.515070 14.870244 18.799999
v 23.515070 14.870244 18.799999
v 15.606076 19.016056 18.799999
v 15.606076 19.016056 18.799999
v 15.606076 19.016056 18.799999
v 23.599417 14.946692 18.799999
v 23.599417 14.946692 18.799999
v 23.599417 14.946692 18.799999
v 14.975532 19.516493 18.799999
v 14.975532 19.516493 18.799999
v 14.975532 19.516493 18.799999
v 23.690853 15.014505 18.799999
v 23.690853 15.014505 18.799999
v 23.690853 15.014505 18.799999
v 14.328953 19.996029 18.799999
v 14.328953 19.996029 18.799999
v 14.328953 19.996029 18.799999
v 23.788494 15.073029 18.799999
v 23.788494 15.073029 18.799999
v 23.788494 15.073029 18.799999
v 13.667028 20.454153 18.799999
v 13.667028 20.454153 18.799999
v 13.667028 20.454153 18.799999
v 23.891401 15.121700 18.799999
v 23.891401 15.121700 18.799999
v 23.891401 15.121700 18.799999
v 23.891401 15.121700 18.799999
v 12.990469 20.890373 18.799999
v 12.990469 20.890373 18.799999
v 12.990469 20.890373 18.799999
v 23.998583 15.160051 18.799999
v 23.998583 15.160051 18.799999
v 23.998583 15.160051 18.799999
v 12.300000 21.304224 18.799999
v 12.300000 21.304224 18.799999
v 12.300000 21.304224 18.799999
v 24.109009 15.187711 18.799999
v 24.109009 15.187711 18.799999
v 24.109009 15.187711 18.799999
v 11.596360 21.695263 18.799999
v 11.596360 21.695263 18.799999
v 11.596360 21.695263 18.799999
v 24.221615 15.204414 18.799999
v 24.221615 15.204414 18.799999
v 24.221615 15.204414 18.799999
v 24.335314 15.210000 18.799999
v 24.335314 15.210000 18.799999
v 24.335314 15.210000 18.799999
v 24.449013 15.204414 18.799999
v 24.449013 15.204414 18.799999
v 24.449013 15.204414 18.799999
v -25.390713 13.571619 18.799999
v -25.390713 13.571619 18.799999
v -25.390713 13.571619 18.799999
v -25.407015 13.606088 18.799999
v -25.407015 13.606088 18.799999
v -25.407015 13.606088 18.799999
v -25.445364 13.713270 18.799999
v -25.445364 13.713270 18.799999
v -25.445364 13.713270 18.799999
v 10.880302 22.063070 18.799999
v 10.880302 22.063070 18.799999
v 10.880302 22.063070 18.799999
v -25.473024 13.823695 18.799999
v -25.473024 13.823695 18.799999
v -25.473024 13.823695 18.799999
v -25.489729 13.936300 18.799999
v -25.489729 13.936300 18.799999
v -25.489729 13.936300 18.799999
v -25.489729 13.936300 18.799999
v 10.152594 22.407249 18.799999
v 10.152594 22.407249 18.799999
v 10.152594 22.407249 18.799999
v 9.414013 22.727436 18.799999
v 9.414013 22.727436 18.799999
v 9.414013 22.727436 18.799999
v -25.495314 14.050000 18.799999
v -25.495314 14.050000 18.799999
v -25.495314 14.050000 18.799999
v -25.489729 14.163700 18.799999
v -25.489729 14.163700 18.799999
v -25.489729 14.163700 18.799999
v 8.665352 23.023287 18.799999
v 8.665352 23.023287 18.799999
v 8.665352 23.023287 18.799999
v -25.473024 14.276305 18.799999
v -25.473024 14.276305 18.799999
v -25.473024 14.276305 18.799999
v -25.473024 14.276305 18.799999
v -25.445364 14.386730 18.799999
v -25.445364 14.386730 18.799999
v -25.445364 14.386730 18.799999
v 7.907411 23.294481 18.799999
v 7.907411 23.294481 18.799999
v 7.907411 23.294481 18.799999
v 7.141004 23.540733 18.799999
v 7.141004 23.540733 18.799999
v 7.141004 23.540733 18.799999
v -25.407015 14.493913 18.799999
v -25.407015 14.493913 18.799999
v -25.407015 14.493913 18.799999
v -25.358343 14.596821 18.799999
v -25.358343 14.596821 18.799999
v -25.358343 14.596821 18.799999
v 6.366949 23.761776 18.799999
v 6.366949 23.761776 18.799999
v 6.366949 23.761776 18.799999
v 5.586076 23.957373 18.799999
v 5.586076 23.957373 18.799999
v 5.586076 23.957373 18.799999
v -25.299818 14.694462 18.799999
v -25.299818 14.694462 18.799999
v -25.299818 14.694462 18.799999
v -25.232006 14.785896 18.799999
v -25.232006 14.785896 18.799999
v -25.232006 14.785896 18.799999
v 4.799222 24.127317 18.799999
v 4.799222 24.127317 18.799999
v 4.799222 24.127317 18.799999
v 4.007229 24.271425 18.799999
v 4.007229 24.271425 18.799999
v 4.007229 24.271425 18.799999
v -25.155558 14.870244 18.799999
v -25.155558 14.870244 18.799999
v -25.155558 14.870244 18.799999
v -25.155558 14.870244 18.799999
v -25.071211 14.946692 18.799999
v -25.071211 14.946692 18.799999
v -25.071211 14.946692 18.799999
v -25.071211 14.946692 18.799999
v 3.210945 24.389545 18.799999
v 3.210945 24.389545 18.799999
v 3.210945 24.389545 18.799999
v 2.411222 24.481544 18.799999
v 2.411222 24.481544 18.799999
v 2.411222 24.481544 18.799999
v -24.979774 15.014505 18.799999
v -24.979774 15.014505 18.799999
v -24.979774 15.014505 18.799999
v 1.608917 24.547331 18.799999
v 1.608917 24.547331 18.799999
v 1.608917 24.547331 18.799999
v 0.804889 24.586828 18.799999
v 0.804889 24.586828 18.799999
v 0.804889 24.586828 18.799999
v -24.882133 15.073029 18.799999
v -24.882133 15.073029 18.799999
v -24.882133 15.073029 18.799999
v -24.882133 15.073029 18.799999
v -24.779226 15.121700 18.799999
v -24.779226 15.121700 18.799999
v -24.779226 15.121700 18.799999
v -24.779226 15.121700 18.799999
v 0.000000 24.600000 18.799999
v 0.000000 24.600000 18.799999
v 0.000000 24.600000 18.799999
v -0.804889 24.586828 18.799999
v -0.804889 24.586828 18.799999
v -0.804889 24.586828 18.799999
v -24.672045 15.160051 18.799999
v -24.672045 15.160051 18.799999
v -24.672045 15.160051 18.799999
v -24.672045 15.160051 18.799999
v -24.561619 15.187711 18.799999
v -24.561619 15.187711 18.799999
v -24.561619 15.187711 18.799999
v -24.561619 15.187711 18.799999
v -1.608917 24.547331 18.799999
v -1.608917 24.547331 18.799999
v -1.608917 24.547331 18.799999
v -2.411222 24.481544 18.799999
v -2.411222 24.481544 18.799999
v -2.411222 24.481544 18.799999
v -24.449013 15.204414 18.799999
v -24.449013 15.204414 18.799999
v -24.449013 15.204414 18.799999
v -24.335314 15.210000 18.799999
v -24.335314 15.210000 18.799999
v -24.335314 15.210000 18.799999
v -3.210945 24.389545 18.799999
v -3.210945 24.389545 18.799999
v -3.210945 24.389545 18.799999
v -4.007229 24.271425 18.799999
v -4.007229 24.271425 18.799999
v -4.007229 24.271425 18.799999
v -24.221615 15.204414 18.799999
v -24.221615 15.204414 18.799999
v -24.221615 15.204414 18.799999
v -24.109009 15.187711 18.799999
v -24.109009 15.187711 18.799999
v -24.109009 15.187711 18.799999
v -4.799222 24.127317 18.799999
v -4.799222 24.127317 18.799999
v -4.799222 24.127317 18.799999
v -5.586076 23.957373 18.799999
v -5.586076 23.957373 18.799999
v -5.586076 23.957373 18.799999
v -23.998583 15.160051 18.799999
v -23.998583 15.160051 18.799999
v -23.998583 15.160051 18.799999
v -23.891401 15.121700 18.799999
v -23.891401 15.121700 18.799999
v -23.891401 15.121700 18.799999
v -6.366949 23.761776 18.799999
v -6.366949 23.761776 18.799999
v -6.366949 23.761776 18.799999
v -7.141004 23.540733 18.799999
v -7.141004 23.540733 18.799999
v -7.141004 23.540733 18.799999
v -23.788494 15.073029 18.799999
v -23.788494 15.073029 18.799999
v -23.788494 15.073029 18.799999
v -23.788494 15.073029 18.799999
v -23.690853 15.014505 18.799999
v -23.690853 15.014505 18.799999
v -23.690853 15.014505 18.799999
v -7.907411 23.294481 18.799999
v -7.907411 23.294481 18.799999
v -7.907411 23.294481 18.799999
v -8.665352 23.023287 18.799999
v -8.665352 23.023287 18.799999
v -8.665352 23.023287 18.799999
v -23.599417 14.946692 18.799999
v -23.599417 14.946692 18.799999
v -23.599417 14.946692 18.799999
v -23.515070 14.870244 18.799999
v -23.515070 14.870244 18.799999
v -23.515070 14.870244 18.799999
v -23.515070 14.870244 18.799999
v -9.414013 22.727436 18.799999
v -9.414013 22.727436 18.799999
v -9.414013 22.727436 18.799999
v -10.152594 22.407249 18.799999
v -10.152594 22.407249 18.799999
v -10.152594 22.407249 18.799999
v -23.438622 14.785896 18.799999
v -23.438622 14.785896 18.799999
v -23.438622 14.785896 18.799999
v -23.370810 14.694462 18.799999
v -23.370810 14.694462 18.799999
v -23.370810 14.694462 18.799999
v -10.880302 22.063070 18.799999
v -10.880302 22.063070 18.799999
v -10.880302 22.063070 18.799999
v -11.596360 21.695263 18.799999
v -11.596360 21.695263 18.799999
v -11.596360 21.695263 18.799999
v -23.312284 14.596821 18.799999
v -23.312284 14.596821 18.799999
v -23.312284 14.596821 18.799999
v -23.263613 14.493913 18.799999
v -23.263613 14.493913 18.799999
v -23.263613 14.493913 18.799999
v -12.300000 21.304224 18.799999
v -12.300000 21.304224 18.799999
v -12.300000 21.304224 18.799999
v -12.990469 20.890373 18.799999
v -12.990469 20.890373 18.799999
v -12.990469 20.890373 18.799999
v -23.225264 14.386730 18.799999
v -23.225264 14.386730 18.799999
v -23.225264 14.386730 18.799999
v -23.197603 14.276305 18.799999
v -23.197603 14.276305 18.799999
v -23.197603 14.276305 18.799999
v -23.197603 14.276305 18.799999
v -13.667028 20.454153 18.799999
v -13.667028 20.454153 18.799999
v -13.667028 20.454153 18.799999
v -14.328953 19.996029 18.799999
v -14.328953 19.996029 18.799999
v -14.328953 19.996029 18.799999
v -23.180899 14.163700 18.799999
v -23.180899 14.163700 18.799999
v -23.180899 14.163700 18.799999
v -23.175314 14.050000 18.799999
v -23.175314 14.050000 18.799999
v -23.175314 14.050000 18.799999
v -14.975532 19.516493 18.799999
v -14.975532 19.516493 18.799999
v -14.975532 19.516493 18.799999
v -15.606076 19.016056 18.799999
v -15.606076 19.016056 18.799999
v -15.606076 19.016056 18.799999
v -23.180899 13.936300 18.799999
v -23.180899 13.936300 18.799999
v -23.180899 13.936300 18.799999
v -23.180899 13.936300 18.799999
v -23.197603 13.823695 18.799999
v -23.197603 13.823695 18.799999
v -23.197603 13.823695 18.799999
v -16.219908 18.495258 18.799999
v -16.219908 18.495258 18.799999
v -16.219908 18.495258 18.799999
v -16.816372 17.954657 18.799999
v -16.816372 17.954657 18.799999
v -16.816372 17.954657 18.799999
v -23.225264 13.713270 18.799999
v -23.225264 13.713270 18.799999
v -23.225264 13.713270 18.799999
v -23.263613 13.606088 18.799999
v -23.263613 13.606088 18.799999
v -23.263613 13.606088 18.799999
v -17.394827 17.394827 18.799999
v -17.394827 17.394827 18.799999
v -17.394827 17.394827 18.799999
v -17.954657 16.816372 18.799999
v -17.954657 16.816372 18.799999
v -17.954657 16.816372 18.799999
v -23.312284 13.503180 18.799999
v -23.312284 13.503180 18.799999
v -23.312284 13.503180 18.799999
v -23.312284 13.503180 18.799999
v -23.370810 13.405539 18.799999
v -23.370810 13.405539 18.799999
v -23.370810 13.405539 18.799999
v -23.370810 13.405539 18.799999
v -18.495258 16.219908 18.799999
v -18.495258 16.219908 18.799999
v -18.495258 16.219908 18.799999
v -23.438622 13.314104 18.799999
v -23.438622 13.314104 18.799999
v -23.438622 13.314104 18.799999
v -23.438622 13.314104 18.799999
v -19.016056 15.606076 18.799999
v -19.016056 15.606076 18.799999
v -19.016056 15.606076 18.799999
v -23.515070 13.229756 18.799999
v -23.515070 13.229756 18.799999
v -23.515070 13.229756 18.799999
v -19.516493 14.975532 18.799999
v -19.516493 14.975532 18.799999
v -19.516493 14.975532 18.799999
v -23.599417 13.153308 18.799999
v -23.599417 13.153308 18.799999
v -23.599417 13.153308 18.799999
v -19.996029 14.328953 18.799999
v -19.996029 14.328953 18.799999
v -19.996029 14.328953 18.799999
v -23.690853 13.085495 18.799999
v -23.690853 13.085495 18.799999
v -23.690853 13.085495 18.799999
v -20.454153 13.667028 18.799999
v -20.454153 13.667028 18.799999
v -20.454153 13.667028 18.799999
v -20.454153 13.667028 18.799999
v -23.788494 13.026972 18.799999
v -23.788494 13.026972 18.799999
v -23.788494 13.026972 18.799999
v -23.788494 13.026972 18.799999
v -20.890373 12.990469 18.799999
v -20.890373 12.990469 18.799999
v -20.890373 12.990469 18.799999
v -23.891401 12.978300 18.799999
v -23.891401 12.978300 18.799999
v -23.891401 12.978300 18.799999
v -24.146727 12.906694 18.799999
v -24.146727 12.906694 18.799999
v -21.695263 11.596360 18.799999
v -21.695263 11.596360 18.799999
v -21.695263 11.596360 18.799999
v -21.304224 12.300000 18.799999
v -21.304224 12.300000 18.799999
v -21.304224 12.300000 18.799999
v -23.998583 12.939949 18.799999
v -23.998583 12.939949 18.799999
v -23.998583 12.939949 18.799999
v -24.109009 12.912290 18.799999
v -24.109009 12.912290 18.799999
v -24.109009 12.912290 18.799999
v 23.263613 13.606088 18.799999
v 23.263613 13.606088 18.799999
v 23.263613 13.606088 18.799999
v 21.304224 12.300000 18.799999
v 21.304224 12.300000 18.799999
v 21.304224 12.300000 18.799999
v 23.312284 13.503180 18.799999
v 23.312284 13.503180 18.799999
v 23.312284 13.503180 18.799999
v 21.695263 11.596360 18.799999
v 21.695263 11.596360 18.799999
v 21.695263 11.596360 18.799999
v 23.370810 13.405539 18.799999
v 23.370810 13.405539 18.799999
v 23.370810 13.405539 18.799999
v 22.063070 10.880302 18.799999
v 22.063070 10.880302 18.799999
v 22.063070 10.880302 18.799999
v 23.438622 13.314104 18.799999
v 23.438622 13.314104 18.799999
v 23.438622 13.314104 18.799999
v 23.438622 13.314104 18.799999
v 22.407249 10.152594 18.799999
v 22.407249 10.152594 18.799999
v 22.407249 10.152594 18.799999
v 23.515070 13.229756 18.799999
v 23.515070 13.229756 18.799999
v 23.515070 13.229756 18.799999
v 22.727436 9.414013 18.799999
v 22.727436 9.414013 18.799999
v 22.727436 9.414013 18.799999
v 23.599417 13.153308 18.799999
v 23.599417 13.153308 18.799999
v 23.599417 13.153308 18.799999
v 23.023287 8.665352 18.799999
v 23.023287 8.665352 18.799999
v 23.023287 8.665352 18.799999
v 23.690853 13.085495 18.799999
v 23.690853 13.085495 18.799999
v 23.690853 13.085495 18.799999
v 23.294481 7.907411 18.799999
v 23.294481 7.907411 18.799999
v 23.294481 7.907411 18.799999
v 23.788494 13.026972 18.799999
v 23.788494 13.026972 18.799999
v 23.788494 13.026972 18.799999
v 23.540733 7.141004 18.799999
v 23.540733 7.141004 18.799999
v 23.540733 7.141004 18.799999
v 23.891401 12.978300 18.799999
v 23.891401 12.978300 18.799999
v 23.891401 12.978300 18.799999
v 23.891401 12.978300 18.799999
v 23.761776 6.366949 18.799999
v 23.761776 6.366949 18.799999
v 23.761776 6.366949 18.799999
v 23.998583 12.939949 18.799999
v 23.998583 12.939949 18.799999
v 23.998583 12.939949 18.799999
v 23.957373 5.586076 18.799999
v 23.957373 5.586076 18.799999
v 23.957373 5.586076 18.799999
v 24.109009 12.912290 18.799999
v 24.109009 12.912290 18.799999
v 24.109009 12.912290 18.799999
v 24.127317 4.799222 18.799999
v 24.127317 4.799222 18.799999
v 24.127317 4.799222 18.799999
v 24.221615 12.895586 18.799999
v 24.221615 12.895586 18.799999
v 24.221615 12.895586 18.799999
v 24.271425 4.007229 18.799999
v 24.271425 4.007229 18.799999
v 24.271425 4.007229 18.799999
v 24.335314 12.890000 18.799999
v 24.335314 12.890000 18.799999
v 24.335314 12.890000 18.799999
v 24.389545 3.210945 18.799999
v 24.389545 3.210945 18.799999
v 24.389545 3.210945 18.799999
v 24.449013 12.895586 18.799999
v 24.449013 12.895586 18.799999
v 24.449013 12.895586 18.799999
v 24.481544 2.411222 18.799999
v 24.481544 2.411222 18.799999
v 24.481544 2.411222 18.799999
v 24.561619 12.912290 18.799999
v 24.561619 12.912290 18.799999
v 24.561619 12.912290 18.799999
v 24.547331 1.608917 18.799999
v 24.547331 1.608917 18.799999
v 24.547331 1.608917 18.799999
v 24.672045 12.939949 18.799999
v 24.672045 12.939949 18.799999
v 24.672045 12.939949 18.799999
v 24.586828 0.804889 18.799999
v 24.586828 0.804889 18.799999
v 24.586828 0.804889 18.799999
v 24.779226 12.978300 18.799999
v 24.779226 12.978300 18.799999
v 24.779226 12.978300 18.799999
v 24.600000 0.000000 18.799999
v 24.600000 0.000000 18.799999
v 24.600000 0.000000 18.799999
v 24.600000 0.000000 18.799999
v 24.882133 13.026972 18.799999
v 24.882133 13.026972 18.799999
v 24.882133 13.026972 18.799999
v 24.882133 13.026972 18.799999
v 24.882133 13.026972 18.799999
v 24.586828 -0.804889 18.799999
v 24.586828 -0.804889 18.799999
v 24.586828 -0.804889 18.799999
v 24.586828 -0.804889 18.799999
v 24.586828 -0.804889 18.799999
v 24.586828 -0.804889 18.799999
v 24.979774 13.085495 18.799999
v 24.979774 13.085495 18.799999
v 24.979774 13.085495 18.799999
v 25.071211 13.153308 18.799999
v 25.071211 13.153308 18.799999
v 25.071211 13.153308 18.799999
v 25.071211 13.153308 18.799999
v 25.155558 13.229756 18.799999
v 25.155558 13.229756 18.799999
v 25.155558 13.229756 18.799999
v 25.155558 13.229756 18.799999
v 25.232006 13.314104 18.799999
v 25.232006 13.314104 18.799999
v 25.232006 13.314104 18.799999
v 25.232006 13.314104 18.799999
v 25.299818 13.405539 18.799999
v 25.299818 13.405539 18.799999
v 25.299818 13.405539 18.799999
v 25.299818 13.405539 18.799999
v 24.547331 -1.608917 18.799999
v 24.547331 -1.608917 18.799999
v 24.547331 -1.608917 18.799999
v 24.547331 -1.608917 18.799999
v 24.547331 -1.608917 18.799999
v 24.547331 -1.608917 18.799999
v 25.358343 13.503180 18.799999
v 25.358343 13.503180 18.799999
v 25.358343 13.503180 18.799999
v 25.407015 13.606088 18.799999
v 25.407015 13.606088 18.799999
v 25.407015 13.606088 18.799999
v 25.407015 13.606088 18.799999
v 25.445364 13.713270 18.799999
v 25.445364 13.713270 18.799999
v 25.445364 13.713270 18.799999
v 25.445364 13.713270 18.799999
v 25.473024 13.823695 18.799999
v 25.473024 13.823695 18.799999
v 25.473024 13.823695 18.799999
v 25.473024 13.823695 18.799999
v 25.489729 13.936300 18.799999
v 25.489729 13.936300 18.799999
v 25.489729 13.936300 18.799999
v 25.489729 13.936300 18.799999
v 25.489729 13.936300 18.799999
v 24.561619 15.187711 18.799999
v 24.561619 15.187711 18.799999
v 24.561619 15.187711 18.799999
v 22.063070 -10.880302 18.799999
v 22.063070 -10.880302 18.799999
v 22.063070 -10.880302 18.799999
v 21.695263 -11.596360 18.799999
v 21.695263 -11.596360 18.799999
v 21.695263 -11.596360 18.799999
v 22.407249 -10.152594 18.799999
v 22.407249 -10.152594 18.799999
v 22.407249 -10.152594 18.799999
v 24.672045 15.160051 18.799999
v 24.672045 15.160051 18.799999
v 24.672045 15.160051 18.799999
v 24.779226 15.121700 18.799999
v 24.779226 15.121700 18.799999
v 24.779226 15.121700 18.799999
v 22.727436 -9.414013 18.799999
v 22.727436 -9.414013 18.799999
v 22.727436 -9.414013 18.799999
v 24.882133 15.073029 18.799999
v 24.882133 15.073029 18.799999
v 24.882133 15.073029 18.799999
v 24.882133 15.073029 18.799999
v 24.979774 15.014505 18.799999
v 24.979774 15.014505 18.799999
v 24.979774 15.014505 18.799999
v 23.023287 -8.665352 18.799999
v 23.023287 -8.665352 18.799999
v 23.023287 -8.665352 18.799999
v 23.294481 -7.907411 18.799999
v 23.294481 -7.907411 18.799999
v 23.294481 -7.907411 18.799999
v 25.071211 14.946692 18.799999
v 25.071211 14.946692 18.799999
v 25.071211 14.946692 18.799999
v 25.155558 14.870244 18.799999
v 25.155558 14.870244 18.799999
v 25.155558 14.870244 18.799999
v 25.155558 14.870244 18.799999
v 23.540733 -7.141004 18.799999
v 23.540733 -7.141004 18.799999
v 23.540733 -7.141004 18.799999
v 23.761776 -6.366949 18.799999
v 23.761776 -6.366949 18.799999
v 23.761776 -6.366949 18.799999
v 25.232006 14.785896 18.799999
v 25.232006 14.785896 18.799999
v 25.232006 14.785896 18.799999
v 25.299818 14.694462 18.799999
v 25.299818 14.694462 18.799999
v 25.299818 14.694462 18.799999
v 23.957373 -5.586076 18.799999
v 23.957373 -5.586076 18.799999
v 23.957373 -5.586076 18.799999
v 24.127317 -4.799222 18.799999
v 24.127317 -4.799222 18.799999
v 24.127317 -4.799222 18.799999
v 25.358343 14.596821 18.799999
v 25.358343 14.596821 18.799999
v 25.358343 14.596821 18.799999
v 25.407015 14.493913 18.799999
v 25.407015 14.493913 18.799999
v 25.407015 14.493913 18.799999
v 24.271425 -4.007229 18.799999
v 24.271425 -4.007229 18.799999
v 24.271425 -4.007229 18.799999
v 24.389545 -3.210945 18.799999
v 24.389545 -3.210945 18.799999
v 24.389545 -3.210945 18.799999
v 25.445364 14.386730 18.799999
v 25.445364 14.386730 18.799999
v 25.445364 14.386730 18.799999
v 25.473024 14.276305 18.799999
v 25.473024 14.276305 18.799999
v 25.473024 14.276305 18.799999
v 25.473024 14.276305 18.799999
v 24.481544 -2.411222 18.799999
v 24.481544 -2.411222 18.799999
v 24.481544 -2.411222 18.799999
v 25.489729 14.163700 18.799999
v 25.489729 14.163700 18.799999
v 25.489729 14.163700 18.799999
v 25.489729 14.163700 18.799999
v 25.495314 14.050000 18.799999
v 25.495314 14.050000 18.799999
v 25.495314 14.050000 18.799999
v 25.495314 14.050000 18.799999
v -25.358343 13.503180 18.799999
v -25.358343 13.503180 18.799999
v -25.358343 13.503180 18.799999
v -7.700000 -23.361124 18.799999
v -7.700000 -23.361124 18.799999
v -7.700000 -23.361124 18.799999
v -7.907411 -23.294481 18.799999
v -7.907411 -23.294481 18.799999
v -7.907411 -23.294481 18.799999
v -8.665352 -23.023287 18.799999
v -8.665352 -23.023287 18.799999
v -8.665352 -23.023287 18.799999
v -25.299818 13.405539 18.799999
v -25.299818 13.405539 18.799999
v -25.299818 13.405539 18.799999
v -25.232006 13.314104 18.799999
v -25.232006 13.314104 18.799999
v -25.232006 13.314104 18.799999
v -25.232006 13.314104 18.799999
v -9.414013 -22.727436 18.799999
v -9.414013 -22.727436 18.799999
v -9.414013 -22.727436 18.799999
v -10.152594 -22.407249 18.799999
v -10.152594 -22.407249 18.799999
v -10.152594 -22.407249 18.799999
v -25.155558 13.229756 18.799999
v -25.155558 13.229756 18.799999
v -25.155558 13.229756 18.799999
v -10.880302 -22.063070 18.799999
v -10.880302 -22.063070 18.799999
v -10.880302 -22.063070 18.799999
v -25.071211 13.153308 18.799999
v -25.071211 13.153308 18.799999
v -25.071211 13.153308 18.799999
v -24.979774 13.085495 18.799999
v -24.979774 13.085495 18.799999
v -24.979774 13.085495 18.799999
v -11.596360 -21.695263 18.799999
v -11.596360 -21.695263 18.799999
v -11.596360 -21.695263 18.799999
v -12.300000 -21.304224 18.799999
v -12.300000 -21.304224 18.799999
v -12.300000 -21.304224 18.799999
v -24.882133 13.026972 18.799999
v -24.882133 13.026972 18.799999
v -24.882133 13.026972 18.799999
v -24.779226 12.978300 18.799999
v -24.779226 12.978300 18.799999
v -24.779226 12.978300 18.799999
v -24.779226 12.978300 18.799999
v -12.990469 -20.890373 18.799999
v -12.990469 -20.890373 18.799999
v -12.990469 -20.890373 18.799999
v -13.667028 -20.454153 18.799999
v -13.667028 -20.454153 18.799999
v -13.667028 -20.454153 18.799999
v -24.672045 12.939949 18.799999
v -24.672045 12.939949 18.799999
v -24.672045 12.939949 18.799999
v -24.561619 12.912290 18.799999
v -24.561619 12.912290 18.799999
v -24.561619 12.912290 18.799999
v -14.328953 -19.996029 18.799999
v -14.328953 -19.996029 18.799999
v -14.328953 -19.996029 18.799999
v -14.975532 -19.516493 18.799999
v -14.975532 -19.516493 18.799999
v -14.975532 -19.516493 18.799999
v -24.449013 12.895586 18.799999
v -24.449013 12.895586 18.799999
v -24.449013 12.895586 18.799999
v -24.335314 12.890000 18.799999
v -24.335314 12.890000 18.799999
v -24.335314 12.890000 18.799999
v -15.606076 -19.016056 18.799999
v -15.606076 -19.016056 18.799999
v -15.606076 -19.016056 18.799999
v -16.219908 -18.495258 18.799999
v -16.219908 -18.495258 18.799999
v -16.219908 -18.495258 18.799999
v -24.221615 12.895586 18.799999
v -24.221615 12.895586 18.799999
v -24.221615 12.895586 18.799999
v -22.063070 10.880302 18.799999
v -22.063070 10.880302 18.799999
v -22.063070 10.880302 18.799999
v -16.816372 -17.954657 18.799999
v -16.816372 -17.954657 18.799999
v -16.816372 -17.954657 18.799999
v -17.394827 -17.394827 18.799999
v -17.394827 -17.394827 18.799999
v -17.394827 -17.394827 18.799999
v -22.407249 10.152594 18.799999
v -22.407249 10.152594 18.799999
v -22.407249 10.152594 18.799999
v -17.954657 -16.816372 18.799999
v -17.954657 -16.816372 18.799999
v -17.954657 -16.816372 18.799999
v -18.495258 -16.219908 18.799999
v -18.495258 -16.219908 18.799999
v -18.495258 -16.219908 18.799999
v -18.495258 -16.219908 18.799999
v -22.727436 9.414013 18.799999
v -22.727436 9.414013 18.799999
v -22.727436 9.414013 18.799999
v -23.023287 8.665352 18.799999
v -23.023287 8.665352 18.799999
v -23.023287 8.665352 18.799999
v -19.016056 -15.606076 18.799999
v -19.016056 -15.606076 18.799999
v -19.016056 -15.606076 18.799999
v -19.516493 -14.975532 18.799999
v -19.516493 -14.975532 18.799999
v -19.516493 -14.975532 18.799999
v -23.294481 7.907411 18.799999
v -23.294481 7.907411 18.799999
v -23.294481 7.907411 18.799999
v -23.540733 7.141004 18.799999
v -23.540733 7.141004 18.799999
v -23.540733 7.141004 18.799999
v -19.996029 -14.328953 18.799999
v -19.996029 -14.328953 18.799999
v -19.996029 -14.328953 18.799999
v -20.454153 -13.667028 18.799999
v -20.454153 -13.667028 18.799999
v -20.454153 -13.667028 18.799999
v -23.761776 6.366949 18.799999
v -23.761776 6.366949 18.799999
v -23.761776 6.366949 18.799999
v -23.957373 5.586076 18.799999
v -23.957373 5.586076 18.799999
v -23.957373 5.586076 18.799999
v -20.890373 -12.990469 18.799999
v -20.890373 -12.990469 18.799999
v -20.890373 -12.990469 18.799999
v -21.304224 -12.300000 18.799999
v -21.304224 -12.300000 18.799999
v -21.304224 -12.300000 18.799999
v -24.127317 4.799222 18.799999
v -24.127317 4.799222 18.799999
v -24.127317 4.799222 18.799999
v -24.271425 4.007229 18.799999
v -24.271425 4.007229 18.799999
v -24.271425 4.007229 18.799999
v -21.695263 -11.596360 18.799999
v -21.695263 -11.596360 18.799999
v -21.695263 -11.596360 18.799999
v -22.063070 -10.880302 18.799999
v -22.063070 -10.880302 18.799999
v -22.063070 -10.880302 18.799999
v -22.063070 -10.880302 18.799999
v -24.389545 3.210945 18.799999
v -24.389545 3.210945 18.799999
v -24.389545 3.210945 18.799999
v -24.481544 2.411222 18.799999
v -24.481544 2.411222 18.799999
v -24.481544 2.411222 18.799999
v -22.407249 -10.152594 18.799999
v -22.407249 -10.152594 18.799999
v -22.407249 -10.152594 18.799999
v -22.407249 -10.152594 18.799999
v -24.547331 1.608917 18.799999
v -24.547331 1.608917 18.799999
v -24.547331 1.608917 18.799999
v -24.586828 0.804889 18.799999
v -24.586828 0.804889 18.799999
v -24.586828 0.804889 18.799999
v -22.727436 -9.414013 18.799999
v -22.727436 -9.414013 18.799999
v -22.727436 -9.414013 18.799999
v -22.727436 -9.414013 18.799999
v -23.023287 -8.665352 18.799999
v -23.023287 -8.665352 18.799999
v -23.023287 -8.665352 18.799999
v -24.600000 0.000000 18.799999
v -24.600000 0.000000 18.799999
v -24.600000 0.000000 18.799999
v -24.586828 -0.804889 18.799999
v -24.586828 -0.804889 18.799999
v -24.586828 -0.804889 18.799999
v -23.294481 -7.907411 18.799999
v -23.294481 -7.907411 18.799999
v -23.294481 -7.907411 18.799999
v -23.540733 -7.141004 18.799999
v -23.540733 -7.141004 18.799999
v -23.540733 -7.141004 18.799999
v -24.547331 -1.608917 18.799999
v -24.547331 -1.608917 18.799999
v -24.547331 -1.608917 18.799999
v -24.481544 -2.411222 18.799999
v -24.481544 -2.411222 18.799999
v -24.481544 -2.411222 18.799999
v -23.761776 -6.366949 18.799999
v -23.761776 -6.366949 18.799999
v -23.761776 -6.366949 18.799999
v -23.957373 -5.586076 18.799999
v -23.957373 -5.586076 18.799999
v -23.957373 -5.586076 18.799999
v -24.389545 -3.210945 18.799999
v -24.389545 -3.210945 18.799999
v -24.389545 -3.210945 18.799999
v -24.271425 -4.007229 18.799999
v -24.271425 -4.007229 18.799999
v -24.271425 -4.007229 18.799999
v -24.127317 -4.799222 18.799999
v -24.127317 -4.799222 18.799999
v -24.127317 -4.799222 18.799999
v 7.907411 -23.294481 18.799999
v 7.907411 -23.294481 18.799999
v 7.907411 -23.294481 18.799999
v 7.700000 -23.361124 18.799999
v 7.700000 -23.361124 18.799999
v 7.700000 -23.361124 18.799999
v 21.304224 -12.300000 18.799999
v 21.304224 -12.300000 18.799999
v 21.304224 -12.300000 18.799999
v 20.890373 -12.990469 18.799999
v 20.890373 -12.990469 18.799999
v 20.890373 -12.990469 18.799999
v 8.665352 -23.023287 18.799999
v 8.665352 -23.023287 18.799999
v 8.665352 -23.023287 18.799999
v 20.454153 -13.667028 18.799999
v 20.454153 -13.667028 18.799999
v 20.454153 -13.667028 18.799999
v 20.454153 -13.667028 18.799999
v 19.996029 -14.328953 18.799999
v 19.996029 -14.328953 18.799999
v 19.996029 -14.328953 18.799999
v 9.414013 -22.727436 18.799999
v 9.414013 -22.727436 18.799999
v 9.414013 -22.727436 18.799999
v 19.516493 -14.975532 18.799999
v 19.516493 -14.975532 18.799999
v 19.516493 -14.975532 18.799999
v 10.152594 -22.407249 18.799999
v 10.152594 -22.407249 18.799999
v 10.152594 -22.407249 18.799999
v 10.880302 -22.063070 18.799999
v 10.880302 -22.063070 18.799999
v 10.880302 -22.063070 18.799999
v 19.016056 -15.606076 18.799999
v 19.016056 -15.606076 18.799999
v 19.016056 -15.606076 18.799999
v 18.495258 -16.219908 18.799999
v 18.495258 -16.219908 18.799999
v 18.495258 -16.219908 18.799999
v 11.596360 -21.695263 18.799999
v 11.596360 -21.695263 18.799999
v 11.596360 -21.695263 18.799999
v 12.300000 -21.304224 18.799999
v 12.300000 -21.304224 18.799999
v 12.300000 -21.304224 18.799999
v 17.954657 -16.816372 18.799999
v 17.954657 -16.816372 18.799999
v 17.954657 -16.816372 18.799999
v 17.394827 -17.394827 18.799999
v 17.394827 -17.394827 18.799999
v 17.394827 -17.394827 18.799999
v 12.990469 -20.890373 18.799999
v 12.990469 -20.890373 18.799999
v 12.990469 -20.890373 18.799999
v 13.667028 -20.454153 18.799999
v 13.667028 -20.454153 18.799999
v 13.667028 -20.454153 18.799999
v 16.816372 -17.954657 18.799999
v 16.816372 -17.954657 18.799999
v 16.816372 -17.954657 18.799999
v 16.219908 -18.495258 18.799999
v 16.219908 -18.495258 18.799999
v 16.219908 -18.495258 18.799999
v 14.328953 -19.996029 18.799999
v 14.328953 -19.996029 18.799999
v 14.328953 -19.996029 18.799999
v 14.975532 -19.516493 18.799999
v 14.975532 -19.516493 18.799999
v 14.975532 -19.516493 18.799999
v 15.606076 -19.016056 18.799999
v 15.606076 -19.016056 18.799999
v 15.606076 -19.016056 18.799999
v 0.000000 24.600000 13.199999
v 0.000000 24.600000 13.199999
v 0.000000 24.600000 13.199999
v 0.804889 24.586828 13.199999
v 0.804889 24.586828 13.199999
v 0.804889 24.586828 13.199999
v 1.608917 24.547331 13.199999
v 1.608917 24.547331 13.199999
v 1.608917 24.547331 13.199999
v 2.411222 24.481544 13.199999
v 2.411222 24.481544 13.199999
v 2.411222 24.481544 13.199999
v 3.210945 24.389545 13.199999
v 3.210945 24.389545 13.199999
v 3.210945 24.389545 13.199999
v 4.007229 24.271425 13.199999
v 4.007229 24.271425 13.199999
v 4.007229 24.271425 13.199999
v 4.799222 24.127317 13.199999
v 4.799222 24.127317 13.199999
v 4.799222 24.127317 13.199999
v 5.586076 23.957373 13.199999
v 5.586076 23.957373 13.199999
v 5.586076 23.957373 13.199999
v 6.366949 23.761776 13.199999
v 6.366949 23.761776 13.199999
v 6.366949 23.761776 13.199999
v 7.141004 23.540733 13.199999
v 7.141004 23.540733 13.199999
v 7.141004 23.540733 13.199999
v 7.907411 23.294481 13.199999
v 7.907411 23.294481 13.199999
v 7.907411 23.294481 13.199999
v 8.665352 23.023287 13.199999
v 8.665352 23.023287 13.199999
v 8.665352 23.023287 13.199999
v 9.414013 22.727436 13.199999
v 9.414013 22.727436 13.199999
v 9.414013 22.727436 13.199999
v 10.152594 22.407249 13.199999
v 10.152594 22.407249 13.199999
v 10.152594 22.407249 13.199999
v 10.880302 22.063070 13.199999
v 10.880302 22.063070 13.199999
v 10.880302 22.063070 13.199999
v 11.596360 21.695263 13.199999
v 11.596360 21.695263 13.199999
v 11.596360 21.695263 13.199999
v 12.300000 21.304224 13.199999
v 12.300000 21.304224 13.199999
v 12.300000 21.304224 13.199999
v 12.990469 20.890373 13.199999
v 12.990469 20.890373 13.199999
v 12.990469 20.890373 13.199999
v 13.667028 20.454153 13.199999
v 13.667028 20.454153 13.199999
v 13.667028 20.454153 13.199999
v 14.328953 19.996029 13.199999
v 14.328953 19.996029 13.199999
v 14.328953 19.996029 13.199999
v 14.975532 19.516493 13.199999
v 14.975532 19.516493 13.199999
v 14.975532 19.516493 13.199999
v 15.606076 19.016056 13.199999
v 15.606076 19.016056 13.199999
v 15.606076 19.016056 13.199999
v 16.219908 18.495258 13.199999
v 16.219908 18.495258 13.199999
v 16.219908 18.495258 13.199999
v 16.816372 17.954657 13.199999
v 16.816372 17.954657 13.199999
v 16.816372 17.954657 13.199999
v 17.394827 17.394827 13.199999
v 17.394827 17.394827 13.199999
v 17.394827 17.394827 13.199999
v 17.954657 16.816372 13.199999
v 17.954657 16.816372 13.199999
v 17.954657 16.816372 13.199999
v 17.954657 16.816372 13.199999
v 18.495258 16.219908 13.199999
v 18.495258 16.219908 13.199999
v 18.495258 16.219908 13.199999
v 19.016056 15.606076 13.199999
v 19.016056 15.606076 13.199999
v 19.016056 15.606076 13.199999
v 19.516493 14.975532 13.199999
v 19.516493 14.975532 13.199999
v 19.516493 14.975532 13.199999
v 19.996029 14.328953 13.199999
v 19.996029 14.328953 13.199999
v 19.996029 14.328953 13.199999
v 19.996029 14.328953 13.199999
v 20.454153 13.667028 13.199999
v 20.454153 13.667028 13.199999
v 20.454153 13.667028 13.199999
v 20.890373 12.990469 13.199999
v 20.890373 12.990469 13.199999
v 20.890373 12.990469 13.199999
v 20.890373 12.990469 13.199999
v 20.890373 12.990469 13.199999
v 21.304224 12.300000 13.199999
v 21.304224 12.300000 13.199999
v 21.304224 12.300000 13.199999
v 21.695263 11.596360 13.199999
v 21.695263 11.596360 13.199999
v 21.695263 11.596360 13.199999
v 21.695263 11.596360 13.199999
v 22.063070 10.880302 13.199999
v 22.063070 10.880302 13.199999
v 22.063070 10.880302 13.199999
v 22.407249 10.152594 13.199999
v 22.407249 10.152594 13.199999
v 22.407249 10.152594 13.199999
v 22.407249 10.152594 13.199999
v 22.727436 9.414013 13.199999
v 22.727436 9.414013 13.199999
v 22.727436 9.414013 13.199999
v 23.023287 8.665352 13.199999
v 23.023287 8.665352 13.199999
v 23.023287 8.665352 13.199999
v 23.294481 7.907411 13.199999
v 23.294481 7.907411 13.199999
v 23.294481 7.907411 13.199999
v 23.540733 7.141004 13.199999
v 23.540733 7.141004 13.199999
v 23.540733 7.141004 13.199999
v 23.761776 6.366949 13.199999
v 23.761776 6.366949 13.199999
v 23.761776 6.366949 13.199999
v 23.957373 5.586076 13.199999
v 23.957373 5.586076 13.199999
v 23.957373 5.586076 13.199999
v 24.127317 4.799222 13.199999
v 24.127317 4.799222 13.199999
v 24.127317 4.799222 13.199999
v 24.271425 4.007229 13.199999
v 24.271425 4.007229 13.199999
v 24.271425 4.007229 13.199999
v 24.389545 3.210945 13.199999
v 24.389545 3.210945 13.199999
v 24.389545 3.210945 13.199999
v 24.481544 2.411222 13.199999
v 24.481544 2.411222 13.199999
v 24.481544 2.411222 13.199999
v 24.481544 2.411222 13.199999
v 24.547331 1.608917 13.199999
v 24.547331 1.608917 13.199999
v 24.547331 1.608917 13.199999
v 24.586828 0.804889 13.199999
v 24.586828 0.804889 13.199999
v 24.586828 0.804889 13.199999
v 24.586828 0.804889 13.199999
v 24.600000 0.000000 13.199999
v 24.600000 0.000000 13.199999
v 24.600000 0.000000 13.199999
v 24.586828 -0.804889 13.199999
v 24.586828 -0.804889 13.199999
v 24.586828 -0.804889 13.199999
v 24.586828 -0.804889 13.199999
v 24.547331 -1.608917 13.199999
v 24.547331 -1.608917 13.199999
v 24.547331 -1.608917 13.199999
v 24.481544 -2.411222 13.199999
v 24.481544 -2.411222 13.199999
v 24.481544 -2.411222 13.199999
v 24.481544 -2.411222 13.199999
v 24.389545 -3.210945 13.199999
v 24.389545 -3.210945 13.199999
v 24.389545 -3.210945 13.199999
v 24.271425 -4.007229 13.199999
v 24.271425 -4.007229 13.199999
v 24.271425 -4.007229 13.199999
v 24.127317 -4.799222 13.199999
v 24.127317 -4.799222 13.199999
v 24.127317 -4.799222 13.199999
v 23.957373 -5.586076 13.199999
v 23.957373 -5.586076 13.199999
v 23.957373 -5.586076 13.199999
v 23.761776 -6.366949 13.199999
v 23.761776 -6.366949 13.199999
v 23.761776 -6.366949 13.199999
v 23.540733 -7.141004 13.199999
v 23.540733 -7.141004 13.199999
v 23.540733 -7.141004 13.199999
v 23.294481 -7.907411 13.199999
v 23.294481 -7.907411 13.199999
v 23.294481 -7.907411 13.199999
v 23.023287 -8.665352 13.199999
v 23.023287 -8.665352 13.199999
v 23.023287 -8.665352 13.199999
v 22.727436 -9.414013 13.199999
v 22.727436 -9.414013 13.199999
v 22.727436 -9.414013 13.199999
v 22.407249 -10.152594 13.199999
v 22.407249 -10.152594 13.199999
v 22.407249 -10.152594 13.199999
v 22.063070 -10.880302 13.199999
v 22.063070 -10.880302 13.199999
v 22.063070 -10.880302 13.199999
v 22.063070 -10.880302 13.199999
v 21.695263 -11.596360 13.199999
v 21.695263 -11.596360 13.199999
v 21.695263 -11.596360 13.199999
v 21.304224 -12.300000 13.199999
v 21.304224 -12.300000 13.199999
v 21.304224 -12.300000 13.199999
v 21.304224 -12.300000 13.199999
v 20.890373 -12.990469 13.199999
v 20.890373 -12.990469 13.199999
v 20.890373 -12.990469 13.199999
v 20.890373 -12.990469 13.199999
v 20.454153 -13.667028 13.199999
v 20.454153 -13.667028 13.199999
v 20.454153 -13.667028 13.199999
v 20.454153 -13.667028 13.199999
v 19.996029 -14.328953 13.199999
v 19.996029 -14.328953 13.199999
v 19.996029 -14.328953 13.199999
v 19.516493 -14.975532 13.199999
v 19.516493 -14.975532 13.199999
v 19.516493 -14.975532 13.199999
v 19.516493 -14.975532 13.199999
v 19.016056 -15.606076 13.199999
v 19.016056 -15.606076 13.199999
v 19.016056 -15.606076 13.199999
v 18.495258 -16.219908 13.199999
v 18.495258 -16.219908 13.199999
v 18.495258 -16.219908 13.199999
v 17.954657 -16.816372 13.199999
v 17.954657 -16.816372 13.199999
v 17.954657 -16.816372 13.199999
v 17.394827 -17.394827 13.199999
v 17.394827 -17.394827 13.199999
v 17.394827 -17.394827 13.199999
v 16.816372 -17.954657 13.199999
v 16.816372 -17.954657 13.199999
v 16.816372 -17.954657 13.199999
v 16.219908 -18.495258 13.199999
v 16.219908 -18.495258 13.199999
v 16.219908 -18.495258 13.199999
v 15.606076 -19.016056 13.199999
v 15.606076 -19.016056 13.199999
v 15.606076 -19.016056 13.199999
v 14.975532 -19.516493 13.199999
v 14.975532 -19.516493 13.199999
v 14.975532 -19.516493 13.199999
v 14.328953 -19.996029 13.199999
v 14.328953 -19.996029 13.199999
v 14.328953 -19.996029 13.199999
v 13.667028 -20.454153 13.199999
v 13.667028 -20.454153 13.199999
v 13.667028 -20.454153 13.199999
v 12.990469 -20.890373 13.199999
v 12.990469 -20.890373 13.199999
v 12.990469 -20.890373 13.199999
v 12.300000 -21.304224 13.199999
v 12.300000 -21.304224 13.199999
v 12.300000 -21.304224 13.199999
v 11.596360 -21.695263 13.199999
v 11.596360 -21.695263 13.199999
v 11.596360 -21.695263 13.199999
v 10.880302 -22.063070 13.199999
v 10.880302 -22.063070 13.199999
v 10.880302 -22.063070 13.199999
v 10.152594 -22.407249 13.199999
v 10.152594 -22.407249 13.199999
v 10.152594 -22.407249 13.199999
v 9.414013 -22.727436 13.199999
v 9.414013 -22.727436 13.199999
v 9.414013 -22.727436 13.199999
v 8.665352 -23.023287 13.199999
v 8.665352 -23.023287 13.199999
v 8.665352 -23.023287 13.199999
v 7.907411 -23.294481 13.199999
v 7.907411 -23.294481 13.199999
v 7.907411 -23.294481 13.199999
v 7.700000 -23.361124 14.049999
v 7.700000 -23.361124 14.049999
v 7.700000 -23.361124 14.049999
v 7.141004 -23.540733 13.199999
v 7.141004 -23.540733 13.199999
v 7.141004 -23.540733 13.199999
v 7.141004 -23.540733 14.049999
v 7.141004 -23.540733 14.049999
v 7.141004 -23.540733 14.049999
v 6.366949 -23.761776 14.049999
v 6.366949 -23.761776 14.049999
v 6.366949 -23.761776 14.049999
v 6.366949 -23.761776 13.199999
v 6.366949 -23.761776 13.199999
v 6.366949 -23.761776 13.199999
v 5.586076 -23.957373 14.049999
v 5.586076 -23.957373 14.049999
v 5.586076 -23.957373 14.049999
v 5.586076 -23.957373 13.199999
v 5.586076 -23.957373 13.199999
v 5.586076 -23.957373 13.199999
v 4.799222 -24.127317 14.049999
v 4.799222 -24.127317 14.049999
v 4.799222 -24.127317 14.049999
v 4.799222 -24.127317 13.199999
v 4.799222 -24.127317 13.199999
v 4.799222 -24.127317 13.199999
v 4.007229 -24.271425 14.049999
v 4.007229 -24.271425 14.049999
v 4.007229 -24.271425 14.049999
v 4.007229 -24.271425 13.199999
v 4.007229 -24.271425 13.199999
v 4.007229 -24.271425 13.199999
v 3.210945 -24.389545 14.049999
v 3.210945 -24.389545 14.049999
v 3.210945 -24.389545 14.049999
v 3.210945 -24.389545 13.199999
v 3.210945 -24.389545 13.199999
v 3.210945 -24.389545 13.199999
v 2.411222 -24.481544 14.049999
v 2.411222 -24.481544 14.049999
v 2.411222 -24.481544 14.049999
v 2.411222 -24.481544 13.199999
v 2.411222 -24.481544 13.199999
v 2.411222 -24.481544 13.199999
v 1.608917 -24.547331 14.049999
v 1.608917 -24.547331 14.049999
v 1.608917 -24.547331 14.049999
v 1.608917 -24.547331 13.199999
v 1.608917 -24.547331 13.199999
v 1.608917 -24.547331 13.199999
v 0.804889 -24.586828 13.199999
v 0.804889 -24.586828 13.199999
v 0.804889 -24.586828 13.199999
v 0.804889 -24.586828 14.049999
v 0.804889 -24.586828 14.049999
v 0.804889 -24.586828 14.049999
v 0.000000 -24.600000 14.049999
v 0.000000 -24.600000 14.049999
v 0.000000 -24.600000 14.049999
v 0.000000 -24.600000 13.199999
v 0.000000 -24.600000 13.199999
v 0.000000 -24.600000 13.199999
v -0.804889 -24.586828 14.049999
v -0.804889 -24.586828 14.049999
v -0.804889 -24.586828 14.049999
v -0.804889 -24.586828 13.199999
v -0.804889 -24.586828 13.199999
v -0.804889 -24.586828 13.199999
v -1.608917 -24.547331 14.049999
v -1.608917 -24.547331 14.049999
v -1.608917 -24.547331 14.049999
v -1.608917 -24.547331 13.199999
v -1.608917 -24.547331 13.199999
v -1.608917 -24.547331 13.199999
v -2.411222 -24.481544 14.049999
v -2.411222 -24.481544 14.049999
v -2.411222 -24.481544 14.049999
v -2.411222 -24.481544 13.199999
v -2.411222 -24.481544 13.199999
v -2.411222 -24.481544 13.199999
v -3.210945 -24.389545 14.049999
v -3.210945 -24.389545 14.049999
v -3.210945 -24.389545 14.049999
v -3.210945 -24.389545 14.049999
v -3.210945 -24.389545 13.199999
v -3.210945 -24.389545 13.199999
v -3.210945 -24.389545 13.199999
v -4.007229 -24.271425 14.049999
v -4.007229 -24.271425 14.049999
v -4.007229 -24.271425 14.049999
v -4.007229 -24.271425 13.199999
v -4.007229 -24.271425 13.199999
v -4.007229 -24.271425 13.199999
v -4.799222 -24.127317 14.049999
v -4.799222 -24.127317 14.049999
v -4.799222 -24.127317 14.049999
v -4.799222 -24.127317 13.199999
v -4.799222 -24.127317 13.199999
v -4.799222 -24.127317 13.199999
v -5.586076 -23.957373 14.049999
v -5.586076 -23.957373 14.049999
v -5.586076 -23.957373 14.049999
v -5.586076 -23.957373 13.199999
v -5.586076 -23.957373 13.199999
v -5.586076 -23.957373 13.199999
v -6.366949 -23.761776 14.049999
v -6.366949 -23.761776 14.049999
v -6.366949 -23.761776 14.049999
v -6.366949 -23.761776 13.199999
v -6.366949 -23.761776 13.199999
v -6.366949 -23.761776 13.199999
v -7.141004 -23.540733 14.049999
v -7.141004 -23.540733 14.049999
v -7.141004 -23.540733 14.049999
v -7.141004 -23.540733 13.199999
v -7.141004 -23.540733 13.199999
v -7.141004 -23.540733 13.199999
v -7.700000 -23.361124 14.049999
v -7.700000 -23.361124 14.049999
v -7.700000 -23.361124 14.049999
v -7.907411 -23.294481 13.199999
v -7.907411 -23.294481 13.199999
v -7.907411 -23.294481 13.199999
v -8.665352 -23.023287 13.199999
v -8.665352 -23.023287 13.199999
v -8.665352 -23.023287 13.199999
v -9.414013 -22.727436 13.199999
v -9.414013 -22.727436 13.199999
v -9.414013 -22.727436 13.199999
v -10.152594 -22.407249 13.199999
v -10.152594 -22.407249 13.199999
v -10.152594 -22.407249 13.199999
v -10.880302 -22.063070 13.199999
v -10.880302 -22.063070 13.199999
v -10.880302 -22.063070 13.199999
v -11.596360 -21.695263 13.199999
v -11.596360 -21.695263 13.199999
v -11.596360 -21.695263 13.199999
v -12.300000 -21.304224 13.199999
v -12.300000 -21.304224 13.199999
v -12.300000 -21.304224 13.199999
v -12.990469 -20.890373 13.199999
v -12.990469 -20.890373 13.199999
v -12.990469 -20.890373 13.199999
v -13.667028 -20.454153 13.199999
v -13.667028 -20.454153 13.199999
v -13.667028 -20.454153 13.199999
v -14.328953 -19.996029 13.199999
v -14.328953 -19.996029 13.199999
v -14.328953 -19.996029 13.199999
v -14.975532 -19.516493 13.199999
v -14.975532 -19.516493 13.199999
v -14.975532 -19.516493 13.199999
v -15.606076 -19.016056 13.199999
v -15.606076 -19.016056 13.199999
v -15.606076 -19.016056 13.199999
v -16.219908 -18.495258 13.199999
v -16.219908 -18.495258 13.199999
v -16.219908 -18.495258 13.199999
v -16.816372 -17.954657 13.199999
v -16.816372 -17.954657 13.199999
v -16.816372 -17.954657 13.199999
v -17.394827 -17.394827 13.199999
v -17.394827 -17.394827 13.199999
v -17.394827 -17.394827 13.199999
v -17.954657 -16.816372 13.199999
v -17.954657 -16.816372 13.199999
v -17.954657 -16.816372 13.199999
v -17.954657 -16.816372 13.199999
v -18.495258 -16.219908 13.199999
v -18.495258 -16.219908 13.199999
v -18.495258 -16.219908 13.199999
v -19.016056 -15.606076 13.199999
v -19.016056 -15.606076 13.199999
v -19.016056 -15.606076 13.199999
v -19.516493 -14.975532 13.199999
v -19.516493 -14.975532 13.199999
v -19.516493 -14.975532 13.199999
v -19.516493 -14.975532 13.199999
v -19.996029 -14.328953 13.199999
v -19.996029 -14.328953 13.199999
v -19.996029 -14.328953 13.199999
v -20.454153 -13.667028 13.199999
v -20.454153 -13.667028 13.199999
v -20.454153 -13.667028 13.199999
v -20.454153 -13.667028 13.199999
v -20.890373 -12.990469 13.199999
v -20.890373 -12.990469 13.199999
v -20.890373 -12.990469 13.199999
v -21.304224 -12.300000 13.199999
v -21.304224 -12.300000 13.199999
v -21.304224 -12.300000 13.199999
v -21.304224 -12.300000 13.199999
v -21.695263 -11.596360 13.199999
v -21.695263 -11.596360 13.199999
v -21.695263 -11.596360 13.199999
v -22.063070 -10.880302 13.199999
v -22.063070 -10.880302 13.199999
v -22.063070 -10.880302 13.199999
v -22.063070 -10.880302 13.199999
v -22.407249 -10.152594 13.199999
v -22.407249 -10.152594 13.199999
v -22.407249 -10.152594 13.199999
v -22.727436 -9.414013 13.199999
v -22.727436 -9.414013 13.199999
v -22.727436 -9.414013 13.199999
v -23.023287 -8.665352 13.199999
v -23.023287 -8.665352 13.199999
v -23.023287 -8.665352 13.199999
v -23.294481 -7.907411 13.199999
v -23.294481 -7.907411 13.199999
v -23.294481 -7.907411 13.199999
v -23.294481 -7.907411 13.199999
v -23.540733 -7.141004 13.199999
v -23.540733 -7.141004 13.199999
v -23.540733 -7.141004 13.199999
v -23.761776 -6.366949 13.199999
v -23.761776 -6.366949 13.199999
v -23.761776 -6.366949 13.199999
v -23.761776 -6.366949 13.199999
v -23.957373 -5.586076 13.199999
v -23.957373 -5.586076 13.199999
v -23.957373 -5.586076 13.199999
v -24.127317 -4.799222 13.199999
v -24.127317 -4.799222 13.199999
v -24.127317 -4.799222 13.199999
v -24.127317 -4.799222 13.199999
v -24.127317 -4.799222 13.199999
v -24.271425 -4.007229 13.199999
v -24.271425 -4.007229 13.199999
v -24.271425 -4.007229 13.199999
v -24.389545 -3.210945 13.199999
v -24.389545 -3.210945 13.199999
v -24.389545 -3.210945 13.199999
v -24.389545 -3.210945 13.199999
v -24.481544 -2.411222 13.199999
v -24.481544 -2.411222 13.199999
v -24.481544 -2.411222 13.199999
v -24.547331 -1.608917 13.199999
v -24.547331 -1.608917 13.199999
v -24.547331 -1.608917 13.199999
v -24.586828 -0.804889 13.199999
v -24.586828 -0.804889 13.199999
v -24.586828 -0.804889 13.199999
v -24.600000 0.000000 13.199999
v -24.600000 0.000000 13.199999
v -24.600000 0.000000 13.199999
v -24.586828 0.804889 13.199999
v -24.586828 0.804889 13.199999
v -24.586828 0.804889 13.199999
v -24.547331 1.608917 13.199999
v -24.547331 1.608917 13.199999
v -24.547331 1.608917 13.199999
v -24.481544 2.411222 13.199999
v -24.481544 2.411222 13.199999
v -24.481544 2.411222 13.199999
v -24.389545 3.210945 13.199999
v -24.389545 3.210945 13.199999
v -24.389545 3.210945 13.199999
v -24.389545 3.210945 13.199999
v -24.271425 4.007229 13.199999
v -24.271425 4.007229 13.199999
v -24.271425 4.007229 13.199999
v -24.127317 4.799222 13.199999
v -24.127317 4.799222 13.199999
v -24.127317 4.799222 13.199999
v -24.127317 4.799222 13.199999
v -24.127317 4.799222 13.199999
v -23.957373 5.586076 13.199999
v -23.957373 5.586076 13.199999
v -23.957373 5.586076 13.199999
v -23.761776 6.366949 13.199999
v -23.761776 6.366949 13.199999
v -23.761776 6.366949 13.199999
v -23.761776 6.366949 13.199999
v -23.540733 7.141004 13.199999
v -23.540733 7.141004 13.199999
v -23.540733 7.141004 13.199999
v -23.294481 7.907411 13.199999
v -23.294481 7.907411 13.199999
v -23.294481 7.907411 13.199999
v -23.294481 7.907411 13.199999
v -23.023287 8.665352 13.199999
v -23.023287 8.665352 13.199999
v -23.023287 8.665352 13.199999
v -22.727436 9.414013 13.199999
v -22.727436 9.414013 13.199999
v -22.727436 9.414013 13.199999
v -22.407249 10.152594 13.199999
v -22.407249 10.152594 13.199999
v -22.407249 10.152594 13.199999
v -22.063070 10.880302 13.199999
v -22.063070 10.880302 13.199999
v -22.063070 10.880302 13.199999
v -22.063070 10.880302 13.199999
v -21.695263 11.596360 13.199999
v -21.695263 11.596360 13.199999
v -21.695263 11.596360 13.199999
v -21.304224 12.300000 13.199999
v -21.304224 12.300000 13.199999
v -21.304224 12.300000 13.199999
v -21.304224 12.300000 13.199999
v -20.890373 12.990469 13.199999
v -20.890373 12.990469 13.199999
v -20.890373 12.990469 13.199999
v -20.890373 12.990469 13.199999
v -20.454153 13.667028 13.199999
v -20.454153 13.667028 13.199999
v -20.454153 13.667028 13.199999
v -20.454153 13.667028 13.199999
v -19.996029 14.328953 13.199999
v -19.996029 14.328953 13.199999
v -19.996029 14.328953 13.199999
v -19.516493 14.975532 13.199999
v -19.516493 14.975532 13.199999
v -19.516493 14.975532 13.199999
v -19.516493 14.975532 13.199999
v -19.016056 15.606076 13.199999
v -19.016056 15.606076 13.199999
v -19.016056 15.606076 13.199999
v -18.495258 16.219908 13.199999
v -18.495258 16.219908 13.199999
v -18.495258 16.219908 13.199999
v -17.954657 16.816372 13.199999
v -17.954657 16.816372 13.199999
v -17.954657 16.816372 13.199999
v -17.394827 17.394827 13.199999
v -17.394827 17.394827 13.199999
v -17.394827 17.394827 13.199999
v -16.816372 17.954657 13.199999
v -16.816372 17.954657 13.199999
v -16.816372 17.954657 13.199999
v -16.219908 18.495258 13.199999
v -16.219908 18.495258 13.199999
v -16.219908 18.495258 13.199999
v -15.606076 19.016056 13.199999
v -15.606076 19.016056 13.199999
v -15.606076 19.016056 13.199999
v -14.975532 19.516493 13.199999
v -14.975532 19.516493 13.199999
v -14.975532 19.516493 13.199999
v -14.328953 19.996029 13.199999
v -14.328953 19.996029 13.199999
v -14.328953 19.996029 13.199999
v -13.667028 20.454153 13.199999
v -13.667028 20.454153 13.199999
v -13.667028 20.454153 13.199999
v -12.990469 20.890373 13.199999
v -12.990469 20.890373 13.199999
v -12.990469 20.890373 13.199999
v -12.300000 21.304224 13.199999
v -12.300000 21.304224 13.199999
v -12.300000 21.304224 13.199999
v -11.596360 21.695263 13.199999
v -11.596360 21.695263 13.199999
v -11.596360 21.695263 13.199999
v -10.880302 22.063070 13.199999
v -10.880302 22.063070 13.199999
v -10.880302 22.063070 13.199999
v -10.152594 22.407249 13.199999
v -10.152594 22.407249 13.199999
v -10.152594 22.407249 13.199999
v -9.414013 22.727436 13.199999
v -9.414013 22.727436 13.199999
v -9.414013 22.727436 13.199999
v -8.665352 23.023287 13.199999
v -8.665352 23.023287 13.199999
v -8.665352 23.023287 13.199999
v -7.907411 23.294481 13.199999
v -7.907411 23.294481 13.199999
v -7.907411 23.294481 13.199999
v -7.141004 23.540733 13.199999
v -7.141004 23.540733 13.199999
v -7.141004 23.540733 13.199999
v -6.366949 23.761776 13.199999
v -6.366949 23.761776 13.199999
v -6.366949 23.761776 13.199999
v -5.586076 23.957373 13.199999
v -5.586076 23.957373 13.199999
v -5.586076 23.957373 13.199999
v -4.799222 24.127317 13.199999
v -4.799222 24.127317 13.199999
v -4.799222 24.127317 13.199999
v -4.007229 24.271425 13.199999
v -4.007229 24.271425 13.199999
v -4.007229 24.271425 13.199999
v -3.210945 24.389545 13.199999
v -3.210945 24.389545 13.199999
v -3.210945 24.389545 13.199999
v -2.411222 24.481544 13.199999
v -2.411222 24.481544 13.199999
v -2.411222 24.481544 13.199999
v -1.608917 24.547331 13.199999
v -1.608917 24.547331 13.199999
v -1.608917 24.547331 13.199999
v -0.804889 24.586828 13.199999
v -0.804889 24.586828 13.199999
v -0.804889 24.586828 13.199999
v -2.203394 -1.472261 13.199999
v -2.203394 -1.472261 13.199999
v -2.203394 -1.472261 13.199999
v -2.294967 -1.325000 13.199999
v -2.294967 -1.325000 13.199999
v -2.294967 -1.325000 13.199999
v -2.376713 -1.172065 13.199999
v -2.376713 -1.172065 13.199999
v -2.376713 -1.172065 13.199999
v 2.376713 -1.172065 13.199999
v 2.376713 -1.172065 13.199999
v 2.376713 -1.172065 13.199999
v 2.448281 -1.014111 13.199999
v 2.448281 -1.014111 13.199999
v 2.448281 -1.014111 13.199999
v -2.448281 -1.014111 13.199999
v -2.448281 -1.014111 13.199999
v -2.448281 -1.014111 13.199999
v 2.509365 -0.851815 13.199999
v 2.509365 -0.851815 13.199999
v 2.509365 -0.851815 13.199999
v 2.509365 -0.851815 13.199999
v -2.509365 -0.851815 13.199999
v -2.509365 -0.851815 13.199999
v -2.509365 -0.851815 13.199999
v -2.509365 -0.851815 13.199999
v 2.559704 -0.685870 13.199999
v 2.559704 -0.685870 13.199999
v 2.559704 -0.685870 13.199999
v -2.559704 -0.685870 13.199999
v -2.559704 -0.685870 13.199999
v -2.559704 -0.685870 13.199999
v -2.599081 -0.516989 13.199999
v -2.599081 -0.516989 13.199999
v -2.599081 -0.516989 13.199999
v 2.599081 -0.516989 13.199999
v 2.599081 -0.516989 13.199999
v 2.599081 -0.516989 13.199999
v 2.627329 -0.345894 13.199999
v 2.627329 -0.345894 13.199999
v 2.627329 -0.345894 13.199999
v -2.627329 -0.345894 13.199999
v -2.627329 -0.345894 13.199999
v -2.627329 -0.345894 13.199999
v -2.644326 -0.173318 13.199999
v -2.644326 -0.173318 13.199999
v -2.644326 -0.173318 13.199999
v 2.644326 -0.173318 13.199999
v 2.644326 -0.173318 13.199999
v 2.644326 -0.173318 13.199999
v 2.650000 0.000000 13.199999
v 2.650000 0.000000 13.199999
v 2.650000 0.000000 13.199999
v -2.650000 0.000000 13.199999
v -2.650000 0.000000 13.199999
v -2.650000 0.000000 13.199999
v -2.644326 0.173318 13.199999
v -2.644326 0.173318 13.199999
v -2.644326 0.173318 13.199999
v 2.644326 0.173318 13.199999
v 2.644326 0.173318 13.199999
v 2.644326 0.173318 13.199999
v 2.627329 0.345894 13.199999
v 2.627329 0.345894 13.199999
v 2.627329 0.345894 13.199999
v -2.627329 0.345894 13.199999
v -2.627329 0.345894 13.199999
v -2.627329 0.345894 13.199999
v -2.599081 0.516989 13.199999
v -2.599081 0.516989 13.199999
v -2.599081 0.516989 13.199999
v 2.599081 0.516989 13.199999
v 2.599081 0.516989 13.199999
v 2.599081 0.516989 13.199999
v 2.559704 0.685870 13.199999
v 2.559704 0.685870 13.199999
v 2.559704 0.685870 13.199999
v -2.559704 0.685870 13.199999
v -2.559704 0.685870 13.199999
v -2.559704 0.685870 13.199999
v -2.509365 0.851815 13.199999
v -2.509365 0.851815 13.199999
v -2.509365 0.851815 13.199999
v 2.509365 0.851815 13.199999
v 2.509365 0.851815 13.199999
v 2.509365 0.851815 13.199999
v 2.448281 1.014111 13.199999
v 2.448281 1.014111 13.199999
v 2.448281 1.014111 13.199999
v 2.448281 1.014111 13.199999
v -2.448281 1.014111 13.199999
v -2.448281 1.014111 13.199999
v -2.448281 1.014111 13.199999
v -2.448281 1.014111 13.199999
v -2.376713 1.172065 13.199999
v -2.376713 1.172065 13.199999
v -2.376713 1.172065 13.199999
v 2.376713 1.172065 13.199999
v 2.376713 1.172065 13.199999
v 2.376713 1.172065 13.199999
v 2.294967 1.325000 13.199999
v 2.294967 1.325000 13.199999
v 2.294967 1.325000 13.199999
v -2.294967 1.325000 13.199999
v -2.294967 1.325000 13.199999
v -2.294967 1.325000 13.199999
v -2.203394 1.472261 13.199999
v -2.203394 1.472261 13.199999
v -2.203394 1.472261 13.199999
v 2.203394 1.472261 13.199999
v 2.203394 1.472261 13.199999
v 2.203394 1.472261 13.199999
v 2.102386 1.613218 13.199999
v 2.102386 1.613218 13.199999
v 2.102386 1.613218 13.199999
v -2.102386 1.613218 13.199999
v -2.102386 1.613218 13.199999
v -2.102386 1.613218 13.199999
v -1.992375 1.747267 13.199999
v -1.992375 1.747267 13.199999
v -1.992375 1.747267 13.199999
v 1.992375 1.747267 13.199999
v 1.992375 1.747267 13.199999
v 1.992375 1.747267 13.199999
v 1.873833 1.873833 13.199999
v 1.873833 1.873833 13.199999
v 1.873833 1.873833 13.199999
v -1.873833 1.873833 13.199999
v -1.873833 1.873833 13.199999
v -1.873833 1.873833 13.199999
v -1.747267 1.992375 13.199999
v -1.747267 1.992375 13.199999
v -1.747267 1.992375 13.199999
v 1.747267 1.992375 13.199999
v 1.747267 1.992375 13.199999
v 1.747267 1.992375 13.199999
v 1.613218 2.102386 13.199999
v 1.613218 2.102386 13.199999
v 1.613218 2.102386 13.199999
v -1.613218 2.102386 13.199999
v -1.613218 2.102386 13.199999
v -1.613218 2.102386 13.199999
v -1.472261 2.203394 13.199999
v -1.472261 2.203394 13.199999
v -1.472261 2.203394 13.199999
v 1.472261 2.203394 13.199999
v 1.472261 2.203394 13.199999
v 1.472261 2.203394 13.199999
v 1.325000 2.294967 13.199999
v 1.325000 2.294967 13.199999
v 1.325000 2.294967 13.199999
v -1.325000 2.294967 13.199999
v -1.325000 2.294967 13.199999
v -1.325000 2.294967 13.199999
v -1.172065 2.376713 13.199999
v -1.172065 2.376713 13.199999
v -1.172065 2.376713 13.199999
v 1.172065 2.376713 13.199999
v 1.172065 2.376713 13.199999
v 1.172065 2.376713 13.199999
v 1.014111 2.448281 13.199999
v 1.014111 2.448281 13.199999
v 1.014111 2.448281 13.199999
v 1.014111 2.448281 13.199999
v -1.014111 2.448281 13.199999
v -1.014111 2.448281 13.199999
v -1.014111 2.448281 13.199999
v -0.851815 2.509365 13.199999
v -0.851815 2.509365 13.199999
v -0.851815 2.509365 13.199999
v -0.851815 2.509365 13.199999
v 0.851815 2.509365 13.199999
v 0.851815 2.509365 13.199999
v 0.851815 2.509365 13.199999
v 0.685870 2.559704 13.199999
v 0.685870 2.559704 13.199999
v 0.685870 2.559704 13.199999
v -0.685870 2.559704 13.199999
v -0.685870 2.559704 13.199999
v -0.685870 2.559704 13.199999
v -0.516989 2.599081 13.199999
v -0.516989 2.599081 13.199999
v -0.516989 2.599081 13.199999
v 0.516989 2.599081 13.199999
v 0.516989 2.599081 13.199999
v 0.516989 2.599081 13.199999
v 0.345894 2.627329 13.199999
v 0.345894 2.627329 13.199999
v 0.345894 2.627329 13.199999
v -0.345894 2.627329 13.199999
v -0.345894 2.627329 13.199999
v -0.345894 2.627329 13.199999
v -0.173318 2.644326 13.199999
v -0.173318 2.644326 13.199999
v -0.173318 2.644326 13.199999
v 0.173318 2.644326 13.199999
v 0.173318 2.644326 13.199999
v 0.173318 2.644326 13.199999
v 0.000000 2.650000 13.199999
v 0.000000 2.650000 13.199999
v 0.000000 2.650000 13.199999
v -2.102386 -1.613218 13.199999
v -2.102386 -1.613218 13.199999
v -2.102386 -1.613218 13.199999
v 2.294967 -1.325000 13.199999
v 2.294967 -1.325000 13.199999
v 2.294967 -1.325000 13.199999
v 2.203394 -1.472261 13.199999
v 2.203394 -1.472261 13.199999
v 2.203394 -1.472261 13.199999
v -1.992375 -1.747267 13.199999
v -1.992375 -1.747267 13.199999
v -1.992375 -1.747267 13.199999
v -1.873833 -1.873833 13.199999
v -1.873833 -1.873833 13.199999
v -1.873833 -1.873833 13.199999
v 2.102386 -1.613218 13.199999
v 2.102386 -1.613218 13.199999
v 2.102386 -1.613218 13.199999
v 1.992375 -1.747267 13.199999
v 1.992375 -1.747267 13.199999
v 1.992375 -1.747267 13.199999
v -1.747267 -1.992375 13.199999
v -1.747267 -1.992375 13.199999
v -1.747267 -1.992375 13.199999
v -1.613218 -2.102386 13.199999
v -1.613218 -2.102386 13.199999
v -1.613218 -2.102386 13.199999
v 1.873833 -1.873833 13.199999
v 1.873833 -1.873833 13.199999
v 1.873833 -1.873833 13.199999
v 1.747267 -1.992375 13.199999
v 1.747267 -1.992375 13.199999
v 1.747267 -1.992375 13.199999
v -1.472261 -2.203394 13.199999
v -1.472261 -2.203394 13.199999
v -1.472261 -2.203394 13.199999
v -1.325000 -2.294967 13.199999
v -1.325000 -2.294967 13.199999
v -1.325000 -2.294967 13.199999
v 1.613218 -2.102386 13.199999
v 1.613218 -2.102386 13.199999
v 1.613218 -2.102386 13.199999
v 1.472261 -2.203394 13.199999
v 1.472261 -2.203394 13.199999
v 1.472261 -2.203394 13.199999
v -1.172065 -2.376713 13.199999
v -1.172065 -2.376713 13.199999
v -1.172065 -2.376713 13.199999
v -1.014111 -2.448281 13.199999
v -1.014111 -2.448281 13.199999
v -1.014111 -2.448281 13.199999
v 1.325000 -2.294967 13.199999
v 1.325000 -2.294967 13.199999
v 1.325000 -2.294967 13.199999
v 1.172065 -2.376713 13.199999
v 1.172065 -2.376713 13.199999
v 1.172065 -2.376713 13.199999
v 1.172065 -2.376713 13.199999
v -0.851815 -2.509365 13.199999
v -0.851815 -2.509365 13.199999
v -0.851815 -2.509365 13.199999
v -0.851815 -2.509365 13.199999
v -0.685870 -2.559704 13.199999
v -0.685870 -2.559704 13.199999
v -0.685870 -2.559704 13.199999
v 1.014111 -2.448281 13.199999
v 1.014111 -2.448281 13.199999
v 1.014111 -2.448281 13.199999
v 1.014111 -2.448281 13.199999
v 1.014111 -2.448281 13.199999
v -0.516989 -2.599081 13.199999
v -0.516989 -2.599081 13.199999
v -0.516989 -2.599081 13.199999
v -0.345894 -2.627329 13.199999
v -0.345894 -2.627329 13.199999
v -0.345894 -2.627329 13.199999
v 0.851815 -2.509365 13.199999
v 0.851815 -2.509365 13.199999
v 0.851815 -2.509365 13.199999
v 0.685870 -2.559704 13.199999
v 0.685870 -2.559704 13.199999
v 0.685870 -2.559704 13.199999
v -0.173318 -2.644326 13.199999
v -0.173318 -2.644326 13.199999
v -0.173318 -2.644326 13.199999
v 0.000000 -2.650000 13.199999
v 0.000000 -2.650000 13.199999
v 0.000000 -2.650000 13.199999
v 0.516989 -2.599081 13.199999
v 0.516989 -2.599081 13.199999
v 0.516989 -2.599081 13.199999
v 0.345894 -2.627329 13.199999
v 0.345894 -2.627329 13.199999
v 0.345894 -2.627329 13.199999
v 0.173318 -2.644326 13.199999
v 0.173318 -2.644326 13.199999
v 0.173318 -2.644326 13.199999
v -0.896692 -27.364103 14.049999
v -0.896692 -27.364103 14.049999
v -0.896692 -27.364103 14.049999
v -0.820244 -27.279757 14.049999
v -0.820244 -27.279757 14.049999
v -0.820244 -27.279757 14.049999
v -0.735896 -27.203308 14.049999
v -0.735896 -27.203308 14.049999
v -0.735896 -27.203308 14.049999
v 0.417374 -27.018805 14.049999
v 0.417374 -27.018805 14.049999
v 0.417374 -27.018805 14.049999
v 0.417374 -27.018805 14.049999
v 0.336730 -26.989950 14.049999
v 0.336730 -26.989950 14.049999
v 0.336730 -26.989950 14.049999
v -0.644461 -27.135496 14.049999
v -0.644461 -27.135496 14.049999
v -0.644461 -27.135496 14.049999
v -0.546820 -27.076971 14.049999
v -0.546820 -27.076971 14.049999
v -0.546820 -27.076971 14.049999
v 0.226305 -26.962290 14.049999
v 0.226305 -26.962290 14.049999
v 0.226305 -26.962290 14.049999
v 0.113700 -26.945585 14.049999
v 0.113700 -26.945585 14.049999
v 0.113700 -26.945585 14.049999
v -0.443913 -27.028299 14.049999
v -0.443913 -27.028299 14.049999
v -0.443913 -27.028299 14.049999
v -0.336730 -26.989950 14.049999
v -0.336730 -26.989950 14.049999
v -0.336730 -26.989950 14.049999
v 0.000000 -26.940001 14.049999
v 0.000000 -26.940001 14.049999
v 0.000000 -26.940001 14.049999
v -0.113700 -26.945585 14.049999
v -0.113700 -26.945585 14.049999
v -0.113700 -26.945585 14.049999
v -0.226305 -26.962290 14.049999
v -0.226305 -26.962290 14.049999
v -0.226305 -26.962290 14.049999
v -0.964505 -27.455540 14.049999
v -0.964505 -27.455540 14.049999
v -0.964505 -27.455540 14.049999
v -1.023029 -27.553181 14.049999
v -1.023029 -27.553181 14.049999
v -1.023029 -27.553181 14.049999
v -1.071700 -27.656088 14.049999
v -1.071700 -27.656088 14.049999
v -1.071700 -27.656088 14.049999
v -1.110051 -27.763269 14.049999
v -1.110051 -27.763269 14.049999
v -1.110051 -27.763269 14.049999
v -1.137711 -27.873695 14.049999
v -1.137711 -27.873695 14.049999
v -1.137711 -27.873695 14.049999
v -1.154414 -27.986301 14.049999
v -1.154414 -27.986301 14.049999
v -1.154414 -27.986301 14.049999
v -1.160000 -28.100000 14.049999
v -1.160000 -28.100000 14.049999
v -1.160000 -28.100000 14.049999
v -1.154414 -28.213699 14.049999
v -1.154414 -28.213699 14.049999
v -1.154414 -28.213699 14.049999
v -1.154414 -28.213699 14.049999
v -1.137711 -28.326305 14.049999
v -1.137711 -28.326305 14.049999
v -1.137711 -28.326305 14.049999
v -1.137711 -28.326305 14.049999
v -1.110051 -28.436731 14.049999
v -1.110051 -28.436731 14.049999
v -1.110051 -28.436731 14.049999
v -1.110051 -28.436731 14.049999
v -1.071700 -28.543913 14.049999
v -1.071700 -28.543913 14.049999
v -1.071700 -28.543913 14.049999
v 0.443913 -27.028299 14.049999
v 0.443913 -27.028299 14.049999
v 0.443913 -27.028299 14.049999
v 0.443913 -27.028299 14.049999
v 0.546820 -27.076971 14.049999
v 0.546820 -27.076971 14.049999
v 0.546820 -27.076971 14.049999
v 0.644461 -27.135496 14.049999
v 0.644461 -27.135496 14.049999
v 0.644461 -27.135496 14.049999
v 0.735896 -27.203308 14.049999
v 0.735896 -27.203308 14.049999
v 0.735896 -27.203308 14.049999
v 0.820244 -27.279757 14.049999
v 0.820244 -27.279757 14.049999
v 0.820244 -27.279757 14.049999
v 0.896692 -27.364103 14.049999
v 0.896692 -27.364103 14.049999
v 0.896692 -27.364103 14.049999
v 0.964505 -27.455540 14.049999
v 0.964505 -27.455540 14.049999
v 0.964505 -27.455540 14.049999
v 1.023029 -27.553181 14.049999
v 1.023029 -27.553181 14.049999
v 1.023029 -27.553181 14.049999
v 1.071700 -27.656088 14.049999
v 1.071700 -27.656088 14.049999
v 1.071700 -27.656088 14.049999
v -1.023029 -28.646820 14.049999
v -1.023029 -28.646820 14.049999
v -1.023029 -28.646820 14.049999
v -0.964505 -28.744461 14.049999
v -0.964505 -28.744461 14.049999
v -0.964505 -28.744461 14.049999
v 1.110051 -27.763269 14.049999
v 1.110051 -27.763269 14.049999
v 1.110051 -27.763269 14.049999
v -0.896692 -28.835897 14.049999
v -0.896692 -28.835897 14.049999
v -0.896692 -28.835897 14.049999
v -0.820244 -28.920244 14.049999
v -0.820244 -28.920244 14.049999
v -0.820244 -28.920244 14.049999
v 1.137711 -27.873695 14.049999
v 1.137711 -27.873695 14.049999
v 1.137711 -27.873695 14.049999
v 1.154414 -27.986301 14.049999
v 1.154414 -27.986301 14.049999
v 1.154414 -27.986301 14.049999
v -0.735896 -28.996693 14.049999
v -0.735896 -28.996693 14.049999
v -0.735896 -28.996693 14.049999
v -0.644461 -29.064505 14.049999
v -0.644461 -29.064505 14.049999
v -0.644461 -29.064505 14.049999
v 1.160000 -28.100000 14.049999
v 1.160000 -28.100000 14.049999
v 1.160000 -28.100000 14.049999
v 1.154414 -28.213699 14.049999
v 1.154414 -28.213699 14.049999
v 1.154414 -28.213699 14.049999
v -0.546820 -29.123030 14.049999
v -0.546820 -29.123030 14.049999
v -0.546820 -29.123030 14.049999
v -0.443913 -29.171701 14.049999
v -0.443913 -29.171701 14.049999
v -0.443913 -29.171701 14.049999
v 1.137711 -28.326305 14.049999
v 1.137711 -28.326305 14.049999
v 1.137711 -28.326305 14.049999
v 1.110051 -28.436731 14.049999
v 1.110051 -28.436731 14.049999
v 1.110051 -28.436731 14.049999
v -0.336730 -29.210051 14.049999
v -0.336730 -29.210051 14.049999
v -0.336730 -29.210051 14.049999
v -0.226305 -29.237711 14.049999
v -0.226305 -29.237711 14.049999
v -0.226305 -29.237711 14.049999
v 1.071700 -28.543913 14.049999
v 1.071700 -28.543913 14.049999
v 1.071700 -28.543913 14.049999
v 1.023029 -28.646820 14.049999
v 1.023029 -28.646820 14.049999
v 1.023029 -28.646820 14.049999
v -0.113700 -29.254416 14.049999
v -0.113700 -29.254416 14.049999
v -0.113700 -29.254416 14.049999
v 0.000000 -29.260000 14.049999
v 0.000000 -29.260000 14.049999
v 0.000000 -29.260000 14.049999
v 0.964505 -28.744461 14.049999
v 0.964505 -28.744461 14.049999
v 0.964505 -28.744461 14.049999
v 0.964505 -28.744461 14.049999
v 0.113700 -29.254416 14.049999
v 0.113700 -29.254416 14.049999
v 0.113700 -29.254416 14.049999
v 0.226305 -29.237711 14.049999
v 0.226305 -29.237711 14.049999
v 0.226305 -29.237711 14.049999
v 0.896692 -28.835897 14.049999
v 0.896692 -28.835897 14.049999
v 0.896692 -28.835897 14.049999
v 0.896692 -28.835897 14.049999
v 0.820244 -28.920244 14.049999
v 0.820244 -28.920244 14.049999
v 0.820244 -28.920244 14.049999
v 0.820244 -28.920244 14.049999
v 0.336730 -29.210051 14.049999
v 0.336730 -29.210051 14.049999
v 0.336730 -29.210051 14.049999
v 0.443913 -29.171701 14.049999
v 0.443913 -29.171701 14.049999
v 0.443913 -29.171701 14.049999
v 0.735896 -28.996693 14.049999
v 0.735896 -28.996693 14.049999
v 0.735896 -28.996693 14.049999
v 0.644461 -29.064505 14.049999
v 0.644461 -29.064505 14.049999
v 0.644461 -29.064505 14.049999
v 0.546820 -29.123030 14.049999
v 0.546820 -29.123030 14.049999
v 0.546820 -29.123030 14.049999
v 0.173318 2.644326 12.149999
v 0.173318 2.644326 12.149999
v 0.173318 2.644326 12.149999
v 0.000000 2.650000 12.149999
v 0.000000 2.650000 12.149999
v 0.000000 2.650000 12.149999
v 0.000000 2.650000 12.499999
v 0.000000 2.650000 12.499999
v 0.000000 2.650000 12.499999
v 0.173318 2.644326 12.499999
v 0.173318 2.644326 12.499999
v 0.173318 2.644326 12.499999
v 0.345894 2.627329 12.149999
v 0.345894 2.627329 12.149999
v 0.345894 2.627329 12.149999
v 0.345894 2.627329 12.499999
v 0.345894 2.627329 12.499999
v 0.345894 2.627329 12.499999
v 0.516989 2.599081 12.149999
v 0.516989 2.599081 12.149999
v 0.516989 2.599081 12.149999
v 0.516989 2.599081 12.499999
v 0.516989 2.599081 12.499999
v 0.516989 2.599081 12.499999
v 0.685870 2.559704 12.149999
v 0.685870 2.559704 12.149999
v 0.685870 2.559704 12.149999
v 0.685870 2.559704 12.499999
v 0.685870 2.559704 12.499999
v 0.685870 2.559704 12.499999
v 0.851815 2.509365 12.149999
v 0.851815 2.509365 12.149999
v 0.851815 2.509365 12.149999
v 0.851815 2.509365 12.149999
v 0.851815 2.509365 12.499999
v 0.851815 2.509365 12.499999
v 0.851815 2.509365 12.499999
v 0.851815 2.509365 12.499999
v 1.014111 2.448281 12.149999
v 1.014111 2.448281 12.149999
v 1.014111 2.448281 12.149999
v 1.014111 2.448281 12.149999
v 1.014111 2.448281 12.499999
v 1.014111 2.448281 12.499999
v 1.014111 2.448281 12.499999
v 1.014111 2.448281 12.499999
v 1.172065 2.376713 12.149999
v 1.172065 2.376713 12.149999
v 1.172065 2.376713 12.149999
v 1.172065 2.376713 12.149999
v 1.172065 2.376713 12.149999
v 1.172065 2.376713 12.499999
v 1.172065 2.376713 12.499999
v 1.172065 2.376713 12.499999
v 1.325000 2.294967 12.149999
v 1.325000 2.294967 12.149999
v 1.325000 2.294967 12.149999
v 1.325000 2.294967 12.499999
v 1.325000 2.294967 12.499999
v 1.325000 2.294967 12.499999
v 1.325000 2.294967 12.499999
v 1.472261 2.203394 12.149999
v 1.472261 2.203394 12.149999
v 1.472261 2.203394 12.149999
v 1.472261 2.203394 12.149999
v 1.472261 2.203394 12.149999
v 1.472261 2.203394 12.499999
v 1.472261 2.203394 12.499999
v 1.472261 2.203394 12.499999
v 1.613218 2.102386 12.149999
v 1.613218 2.102386 12.149999
v 1.613218 2.102386 12.149999
v 1.613218 2.102386 12.499999
v 1.613218 2.102386 12.499999
v 1.613218 2.102386 12.499999
v 1.613218 2.102386 12.499999
v 1.613218 2.102386 12.499999
v 1.747267 1.992375 12.149999
v 1.747267 1.992375 12.149999
v 1.747267 1.992375 12.149999
v 1.747267 1.992375 12.149999
v 1.747267 1.992375 12.499999
v 1.747267 1.992375 12.499999
v 1.747267 1.992375 12.499999
v 1.873833 1.873833 12.149999
v 1.873833 1.873833 12.149999
v 1.873833 1.873833 12.149999
v 1.873833 1.873833 12.499999
v 1.873833 1.873833 12.499999
v 1.873833 1.873833 12.499999
v 1.873833 1.873833 12.499999
v 1.873833 1.873833 12.499999
v 1.992375 1.747267 12.499999
v 1.992375 1.747267 12.499999
v 1.992375 1.747267 12.499999
v 1.992375 1.747267 12.149999
v 1.992375 1.747267 12.149999
v 1.992375 1.747267 12.149999
v 1.992375 1.747267 12.149999
v 2.102386 1.613218 12.499999
v 2.102386 1.613218 12.499999
v 2.102386 1.613218 12.499999
v 2.102386 1.613218 12.499999
v 2.102386 1.613218 12.499999
v 2.102386 1.613218 12.149999
v 2.102386 1.613218 12.149999
v 2.102386 1.613218 12.149999
v 2.203394 1.472261 12.499999
v 2.203394 1.472261 12.499999
v 2.203394 1.472261 12.499999
v 2.203394 1.472261 12.149999
v 2.203394 1.472261 12.149999
v 2.203394 1.472261 12.149999
v 2.203394 1.472261 12.149999
v 2.294967 1.325000 12.499999
v 2.294967 1.325000 12.499999
v 2.294967 1.325000 12.499999
v 2.294967 1.325000 12.499999
v 2.294967 1.325000 12.149999
v 2.294967 1.325000 12.149999
v 2.294967 1.325000 12.149999
v 2.376713 1.172065 12.499999
v 2.376713 1.172065 12.499999
v 2.376713 1.172065 12.499999
v 2.376713 1.172065 12.149999
v 2.376713 1.172065 12.149999
v 2.376713 1.172065 12.149999
v 2.376713 1.172065 12.149999
v 2.448281 1.014111 12.499999
v 2.448281 1.014111 12.499999
v 2.448281 1.014111 12.499999
v 2.448281 1.014111 12.149999
v 2.448281 1.014111 12.149999
v 2.448281 1.014111 12.149999
v 2.509365 0.851815 12.499999
v 2.509365 0.851815 12.499999
v 2.509365 0.851815 12.499999
v 2.509365 0.851815 12.499999
v 2.509365 0.851815 12.149999
v 2.509365 0.851815 12.149999
v 2.509365 0.851815 12.149999
v 2.509365 0.851815 12.149999
v 2.509365 0.851815 12.149999
v 2.559704 0.685870 12.499999
v 2.559704 0.685870 12.499999
v 2.559704 0.685870 12.499999
v 2.559704 0.685870 12.499999
v 2.559704 0.685870 12.149999
v 2.559704 0.685870 12.149999
v 2.559704 0.685870 12.149999
v 2.599081 0.516989 12.499999
v 2.599081 0.516989 12.499999
v 2.599081 0.516989 12.499999
v 2.599081 0.516989 12.149999
v 2.599081 0.516989 12.149999
v 2.599081 0.516989 12.149999
v 2.599081 0.516989 12.149999
v 2.599081 0.516989 12.149999
v 2.627329 0.345894 12.499999
v 2.627329 0.345894 12.499999
v 2.627329 0.345894 12.499999
v 2.627329 0.345894 12.499999
v 2.627329 0.345894 12.149999
v 2.627329 0.345894 12.149999
v 2.627329 0.345894 12.149999
v 2.644326 0.173318 12.499999
v 2.644326 0.173318 12.499999
v 2.644326 0.173318 12.499999
v 2.644326 0.173318 12.149999
v 2.644326 0.173318 12.149999
v 2.644326 0.173318 12.149999
v 2.644326 0.173318 12.149999
v 2.644326 0.173318 12.149999
v 2.650000 0.000000 12.499999
v 2.650000 0.000000 12.499999
v 2.650000 0.000000 12.499999
v 2.650000 0.000000 12.499999
v 2.650000 0.000000 12.149999
v 2.650000 0.000000 12.149999
v 2.650000 0.000000 12.149999
v 2.644326 -0.173318 12.499999
v 2.644326 -0.173318 12.499999
v 2.644326 -0.173318 12.499999
v 2.644326 -0.173318 12.149999
v 2.644326 -0.173318 12.149999
v 2.644326 -0.173318 12.149999
v 2.644326 -0.173318 12.149999
v 2.644326 -0.173318 12.149999
v 2.627329 -0.345894 12.499999
v 2.627329 -0.345894 12.499999
v 2.627329 -0.345894 12.499999
v 2.627329 -0.345894 12.499999
v 2.627329 -0.345894 12.149999
v 2.627329 -0.345894 12.149999
v 2.627329 -0.345894 12.149999
v 2.599081 -0.516989 12.499999
v 2.599081 -0.516989 12.499999
v 2.599081 -0.516989 12.499999
v 2.599081 -0.516989 12.149999
v 2.599081 -0.516989 12.149999
v 2.599081 -0.516989 12.149999
v 2.599081 -0.516989 12.149999
v 2.599081 -0.516989 12.149999
v 2.559704 -0.685870 12.499999
v 2.559704 -0.685870 12.499999
v 2.559704 -0.685870 12.499999
v 2.559704 -0.685870 12.499999
v 2.559704 -0.685870 12.149999
v 2.559704 -0.685870 12.149999
v 2.559704 -0.685870 12.149999
v 2.509365 -0.851815 12.499999
v 2.509365 -0.851815 12.499999
v 2.509365 -0.851815 12.499999
v 2.509365 -0.851815 12.149999
v 2.509365 -0.851815 12.149999
v 2.509365 -0.851815 12.149999
v 2.448281 -1.014111 12.499999
v 2.448281 -1.014111 12.499999
v 2.448281 -1.014111 12.499999
v 2.448281 -1.014111 12.499999
v 2.448281 -1.014111 12.149999
v 2.448281 -1.014111 12.149999
v 2.448281 -1.014111 12.149999
v 2.448281 -1.014111 12.149999
v 2.376713 -1.172065 12.499999
v 2.376713 -1.172065 12.499999
v 2.376713 -1.172065 12.499999
v 2.376713 -1.172065 12.149999
v 2.376713 -1.172065 12.149999
v 2.376713 -1.172065 12.149999
v 2.376713 -1.172065 12.149999
v 2.294967 -1.325000 12.499999
v 2.294967 -1.325000 12.499999
v 2.294967 -1.325000 12.499999
v 2.294967 -1.325000 12.499999
v 2.294967 -1.325000 12.149999
v 2.294967 -1.325000 12.149999
v 2.294967 -1.325000 12.149999
v 2.203394 -1.472261 12.499999
v 2.203394 -1.472261 12.499999
v 2.203394 -1.472261 12.499999
v 2.203394 -1.472261 12.149999
v 2.203394 -1.472261 12.149999
v 2.203394 -1.472261 12.149999
v 2.203394 -1.472261 12.149999
v 2.102386 -1.613218 12.499999
v 2.102386 -1.613218 12.499999
v 2.102386 -1.613218 12.499999
v 2.102386 -1.613218 12.499999
v 2.102386 -1.613218 12.499999
v 2.102386 -1.613218 12.149999
v 2.102386 -1.613218 12.149999
v 2.102386 -1.613218 12.149999
v 1.992375 -1.747267 12.499999
v 1.992375 -1.747267 12.499999
v 1.992375 -1.747267 12.499999
v 1.992375 -1.747267 12.149999
v 1.992375 -1.747267 12.149999
v 1.992375 -1.747267 12.149999
v 1.992375 -1.747267 12.149999
v 1.873833 -1.873833 12.499999
v 1.873833 -1.873833 12.499999
v 1.873833 -1.873833 12.499999
v 1.873833 -1.873833 12.499999
v 1.873833 -1.873833 12.499999
v 1.873833 -1.873833 12.149999
v 1.873833 -1.873833 12.149999
v 1.873833 -1.873833 12.149999
v 1.747267 -1.992375 12.499999
v 1.747267 -1.992375 12.499999
v 1.747267 -1.992375 12.499999
v 1.747267 -1.992375 12.149999
v 1.747267 -1.992375 12.149999
v 1.747267 -1.992375 12.149999
v 1.747267 -1.992375 12.149999
v 1.613218 -2.102386 12.499999
v 1.613218 -2.102386 12.499999
v 1.613218 -2.102386 12.499999
v 1.613218 -2.102386 12.499999
v 1.613218 -2.102386 12.499999
v 1.613218 -2.102386 12.149999
v 1.613218 -2.102386 12.149999
v 1.613218 -2.102386 12.149999
v 1.472261 -2.203394 12.499999
v 1.472261 -2.203394 12.499999
v 1.472261 -2.203394 12.499999
v 1.472261 -2.203394 12.149999
v 1.472261 -2.203394 12.149999
v 1.472261 -2.203394 12.149999
v 1.472261 -2.203394 12.149999
v 1.472261 -2.203394 12.149999
v 1.325000 -2.294967 12.499999
v 1.325000 -2.294967 12.499999
v 1.325000 -2.294967 12.499999
v 1.325000 -2.294967 12.499999
v 1.325000 -2.294967 12.149999
v 1.325000 -2.294967 12.149999
v 1.325000 -2.294967 12.149999
v 1.172065 -2.376713 12.499999
v 1.172065 -2.376713 12.499999
v 1.172065 -2.376713 12.499999
v 1.172065 -2.376713 12.149999
v 1.172065 -2.376713 12.149999
v 1.172065 -2.376713 12.149999
v 1.172065 -2.376713 12.149999
v 1.172065 -2.376713 12.149999
v 1.014111 -2.448281 12.499999
v 1.014111 -2.448281 12.499999
v 1.014111 -2.448281 12.499999
v 1.014111 -2.448281 12.149999
v 1.014111 -2.448281 12.149999
v 1.014111 -2.448281 12.149999
v 0.851815 -2.509365 12.499999
v 0.851815 -2.509365 12.499999
v 0.851815 -2.509365 12.499999
v 0.851815 -2.509365 12.499999
v 0.851815 -2.509365 12.149999
v 0.851815 -2.509365 12.149999
v 0.851815 -2.509365 12.149999
v 0.851815 -2.509365 12.149999
v 0.851815 -2.509365 12.149999
v 0.685870 -2.559704 12.499999
v 0.685870 -2.559704 12.499999
v 0.685870 -2.559704 12.499999
v 0.685870 -2.559704 12.149999
v 0.685870 -2.559704 12.149999
v 0.685870 -2.559704 12.149999
v 0.516989 -2.599081 12.499999
v 0.516989 -2.599081 12.499999
v 0.516989 -2.599081 12.499999
v 0.516989 -2.599081 12.149999
v 0.516989 -2.599081 12.149999
v 0.516989 -2.599081 12.149999
v 0.345894 -2.627329 12.499999
v 0.345894 -2.627329 12.499999
v 0.345894 -2.627329 12.499999
v 0.345894 -2.627329 12.149999
v 0.345894 -2.627329 12.149999
v 0.345894 -2.627329 12.149999
v 0.173318 -2.644326 12.499999
v 0.173318 -2.644326 12.499999
v 0.173318 -2.644326 12.499999
v 0.173318 -2.644326 12.149999
v 0.173318 -2.644326 12.149999
v 0.173318 -2.644326 12.149999
v 0.000000 -2.650000 12.499999
v 0.000000 -2.650000 12.499999
v 0.000000 -2.650000 12.499999
v 0.000000 -2.650000 12.149999
v 0.000000 -2.650000 12.149999
v 0.000000 -2.650000 12.149999
v -0.173318 -2.644326 12.499999
v -0.173318 -2.644326 12.499999
v -0.173318 -2.644326 12.499999
v -0.173318 -2.644326 12.149999
v -0.173318 -2.644326 12.149999
v -0.173318 -2.644326 12.149999
v -0.345894 -2.627329 12.499999
v -0.345894 -2.627329 12.499999
v -0.345894 -2.627329 12.499999
v -0.345894 -2.627329 12.149999
v -0.345894 -2.627329 12.149999
v -0.345894 -2.627329 12.149999
v -0.516989 -2.599081 12.499999
v -0.516989 -2.599081 12.499999
v -0.516989 -2.599081 12.499999
v -0.516989 -2.599081 12.149999
v -0.516989 -2.599081 12.149999
v -0.516989 -2.599081 12.149999
v -0.685870 -2.559704 12.499999
v -0.685870 -2.559704 12.499999
v -0.685870 -2.559704 12.499999
v -0.685870 -2.559704 12.149999
v -0.685870 -2.559704 12.149999
v -0.685870 -2.559704 12.149999
v -0.851815 -2.509365 12.499999
v -0.851815 -2.509365 12.499999
v -0.851815 -2.509365 12.499999
v -0.851815 -2.509365 12.149999
v -0.851815 -2.509365 12.149999
v -0.851815 -2.509365 12.149999
v -0.851815 -2.509365 12.149999
v -1.014111 -2.448281 12.499999
v -1.014111 -2.448281 12.499999
v -1.014111 -2.448281 12.499999
v -1.014111 -2.448281 12.499999
v -1.014111 -2.448281 12.499999
v -1.014111 -2.448281 12.149999
v -1.014111 -2.448281 12.149999
v -1.014111 -2.448281 12.149999
v -1.014111 -2.448281 12.149999
v -1.172065 -2.376713 12.499999
v -1.172065 -2.376713 12.499999
v -1.172065 -2.376713 12.499999
v -1.172065 -2.376713 12.149999
v -1.172065 -2.376713 12.149999
v -1.172065 -2.376713 12.149999
v -1.172065 -2.376713 12.149999
v -1.172065 -2.376713 12.149999
v -1.325000 -2.294967 12.499999
v -1.325000 -2.294967 12.499999
v -1.325000 -2.294967 12.499999
v -1.325000 -2.294967 12.499999
v -1.325000 -2.294967 12.149999
v -1.325000 -2.294967 12.149999
v -1.325000 -2.294967 12.149999
v -1.472261 -2.203394 12.499999
v -1.472261 -2.203394 12.499999
v -1.472261 -2.203394 12.499999
v -1.472261 -2.203394 12.149999
v -1.472261 -2.203394 12.149999
v -1.472261 -2.203394 12.149999
v -1.472261 -2.203394 12.149999
v -1.472261 -2.203394 12.149999
v -1.613218 -2.102386 12.499999
v -1.613218 -2.102386 12.499999
v -1.613218 -2.102386 12.499999
v -1.613218 -2.102386 12.499999
v -1.613218 -2.102386 12.499999
v -1.613218 -2.102386 12.149999
v -1.613218 -2.102386 12.149999
v -1.613218 -2.102386 12.149999
v -1.747267 -1.992375 12.499999
v -1.747267 -1.992375 12.499999
v -1.747267 -1.992375 12.499999
v -1.747267 -1.992375 12.149999
v -1.747267 -1.992375 12.149999
v -1.747267 -1.992375 12.149999
v -1.747267 -1.992375 12.149999
v -1.873833 -1.873833 12.499999
v -1.873833 -1.873833 12.499999
v -1.873833 -1.873833 12.499999
v -1.873833 -1.873833 12.499999
v -1.873833 -1.873833 12.499999
v -1.873833 -1.873833 12.149999
v -1.873833 -1.873833 12.149999
v -1.873833 -1.873833 12.149999
v -1.992375 -1.747267 12.149999
v -1.992375 -1.747267 12.149999
v -1.992375 -1.747267 12.149999
v -1.992375 -1.747267 12.149999
v -1.992375 -1.747267 12.499999
v -1.992375 -1.747267 12.499999
v -1.992375 -1.747267 12.499999
v -2.102386 -1.613218 12.149999
v -2.102386 -1.613218 12.149999
v -2.102386 -1.613218 12.149999
v -2.102386 -1.613218 12.499999
v -2.102386 -1.613218 12.499999
v -2.102386 -1.613218 12.499999
v -2.102386 -1.613218 12.499999
v -2.102386 -1.613218 12.499999
v -2.203394 -1.472261 12.149999
v -2.203394 -1.472261 12.149999
v -2.203394 -1.472261 12.149999
v -2.203394 -1.472261 12.149999
v -2.203394 -1.472261 12.499999
v -2.203394 -1.472261 12.499999
v -2.203394 -1.472261 12.499999
v -2.294967 -1.325000 12.149999
v -2.294967 -1.325000 12.149999
v -2.294967 -1.325000 12.149999
v -2.294967 -1.325000 12.499999
v -2.294967 -1.325000 12.499999
v -2.294967 -1.325000 12.499999
v -2.294967 -1.325000 12.499999
v -2.376713 -1.172065 12.149999
v -2.376713 -1.172065 12.149999
v -2.376713 -1.172065 12.149999
v -2.376713 -1.172065 12.149999
v -2.376713 -1.172065 12.499999
v -2.376713 -1.172065 12.499999
v -2.376713 -1.172065 12.499999
v -2.448281 -1.014111 12.149999
v -2.448281 -1.014111 12.149999
v -2.448281 -1.014111 12.149999
v -2.448281 -1.014111 12.499999
v -2.448281 -1.014111 12.499999
v -2.448281 -1.014111 12.499999
v -2.448281 -1.014111 12.499999
v -2.509365 -0.851815 12.149999
v -2.509365 -0.851815 12.149999
v -2.509365 -0.851815 12.149999
v -2.509365 -0.851815 12.149999
v -2.509365 -0.851815 12.149999
v -2.509365 -0.851815 12.499999
v -2.509365 -0.851815 12.499999
v -2.509365 -0.851815 12.499999
v -2.559704 -0.685870 12.149999
v -2.559704 -0.685870 12.149999
v -2.559704 -0.685870 12.149999
v -2.559704 -0.685870 12.499999
v -2.559704 -0.685870 12.499999
v -2.559704 -0.685870 12.499999
v -2.559704 -0.685870 12.499999
v -2.599081 -0.516989 12.149999
v -2.599081 -0.516989 12.149999
v -2.599081 -0.516989 12.149999
v -2.599081 -0.516989 12.149999
v -2.599081 -0.516989 12.149999
v -2.599081 -0.516989 12.499999
v -2.599081 -0.516989 12.499999
v -2.599081 -0.516989 12.499999
v -2.627329 -0.345894 12.149999
v -2.627329 -0.345894 12.149999
v -2.627329 -0.345894 12.149999
v -2.627329 -0.345894 12.499999
v -2.627329 -0.345894 12.499999
v -2.627329 -0.345894 12.499999
v -2.627329 -0.345894 12.499999
v -2.644326 -0.173318 12.149999
v -2.644326 -0.173318 12.149999
v -2.644326 -0.173318 12.149999
v -2.644326 -0.173318 12.149999
v -2.644326 -0.173318 12.149999
v -2.644326 -0.173318 12.499999
v -2.644326 -0.173318 12.499999
v -2.644326 -0.173318 12.499999
v -2.650000 0.000000 12.149999
v -2.650000 0.000000 12.149999
v -2.650000 0.000000 12.149999
v -2.650000 0.000000 12.499999
v -2.650000 0.000000 12.499999
v -2.650000 0.000000 12.499999
v -2.650000 0.000000 12.499999
v -2.644326 0.173318 12.149999
v -2.644326 0.173318 12.149999
v -2.644326 0.173318 12.149999
v -2.644326 0.173318 12.149999
v -2.644326 0.173318 12.149999
v -2.644326 0.173318 12.499999
v -2.644326 0.173318 12.499999
v -2.644326 0.173318 12.499999
v -2.627329 0.345894 12.149999
v -2.627329 0.345894 12.149999
v -2.627329 0.345894 12.149999
v -2.627329 0.345894 12.499999
v -2.627329 0.345894 12.499999
v -2.627329 0.345894 12.499999
v -2.627329 0.345894 12.499999
v -2.599081 0.516989 12.149999
v -2.599081 0.516989 12.149999
v -2.599081 0.516989 12.149999
v -2.599081 0.516989 12.149999
v -2.599081 0.516989 12.149999
v -2.599081 0.516989 12.499999
v -2.599081 0.516989 12.499999
v -2.599081 0.516989 12.499999
v -2.559704 0.685870 12.149999
v -2.559704 0.685870 12.149999
v -2.559704 0.685870 12.149999
v -2.559704 0.685870 12.499999
v -2.559704 0.685870 12.499999
v -2.559704 0.685870 12.499999
v -2.559704 0.685870 12.499999
v -2.509365 0.851815 12.149999
v -2.509365 0.851815 12.149999
v -2.509365 0.851815 12.149999
v -2.509365 0.851815 12.499999
v -2.509365 0.851815 12.499999
v -2.509365 0.851815 12.499999
v -2.509365 0.851815 12.499999
v -2.448281 1.014111 12.149999
v -2.448281 1.014111 12.149999
v -2.448281 1.014111 12.149999
v -2.448281 1.014111 12.149999
v -2.448281 1.014111 12.499999
v -2.448281 1.014111 12.499999
v -2.448281 1.014111 12.499999
v -2.376713 1.172065 12.149999
v -2.376713 1.172065 12.149999
v -2.376713 1.172065 12.149999
v -2.376713 1.172065 12.149999
v -2.376713 1.172065 12.499999
v -2.376713 1.172065 12.499999
v -2.376713 1.172065 12.499999
v -2.294967 1.325000 12.149999
v -2.294967 1.325000 12.149999
v -2.294967 1.325000 12.149999
v -2.294967 1.325000 12.499999
v -2.294967 1.325000 12.499999
v -2.294967 1.325000 12.499999
v -2.294967 1.325000 12.499999
v -2.203394 1.472261 12.149999
v -2.203394 1.472261 12.149999
v -2.203394 1.472261 12.149999
v -2.203394 1.472261 12.149999
v -2.203394 1.472261 12.499999
v -2.203394 1.472261 12.499999
v -2.203394 1.472261 12.499999
v -2.102386 1.613218 12.149999
v -2.102386 1.613218 12.149999
v -2.102386 1.613218 12.149999
v -2.102386 1.613218 12.499999
v -2.102386 1.613218 12.499999
v -2.102386 1.613218 12.499999
v -2.102386 1.613218 12.499999
v -2.102386 1.613218 12.499999
v -1.992375 1.747267 12.149999
v -1.992375 1.747267 12.149999
v -1.992375 1.747267 12.149999
v -1.992375 1.747267 12.149999
v -1.992375 1.747267 12.499999
v -1.992375 1.747267 12.499999
v -1.992375 1.747267 12.499999
v -1.873833 1.873833 12.149999
v -1.873833 1.873833 12.149999
v -1.873833 1.873833 12.149999
v -1.873833 1.873833 12.499999
v -1.873833 1.873833 12.499999
v -1.873833 1.873833 12.499999
v -1.873833 1.873833 12.499999
v -1.873833 1.873833 12.499999
v -1.747267 1.992375 12.149999
v -1.747267 1.992375 12.149999
v -1.747267 1.992375 12.149999
v -1.747267 1.992375 12.149999
v -1.747267 1.992375 12.499999
v -1.747267 1.992375 12.499999
v -1.747267 1.992375 12.499999
v -1.613218 2.102386 12.149999
v -1.613218 2.102386 12.149999
v -1.613218 2.102386 12.149999
v -1.613218 2.102386 12.499999
v -1.613218 2.102386 12.499999
v -1.613218 2.102386 12.499999
v -1.613218 2.102386 12.499999
v -1.613218 2.102386 12.499999
v -1.472261 2.203394 12.149999
v -1.472261 2.203394 12.149999
v -1.472261 2.203394 12.149999
v -1.472261 2.203394 12.149999
v -1.472261 2.203394 12.149999
v -1.472261 2.203394 12.499999
v -1.472261 2.203394 12.499999
v -1.472261 2.203394 12.499999
v -1.325000 2.294967 12.149999
v -1.325000 2.294967 12.149999
v -1.325000 2.294967 12.149999
v -1.325000 2.294967 12.499999
v -1.325000 2.294967 12.499999
v -1.325000 2.294967 12.499999
v -1.325000 2.294967 12.499999
v -1.172065 2.376713 12.149999
v -1.172065 2.376713 12.149999
v -1.172065 2.376713 12.149999
v -1.172065 2.376713 12.149999
v -1.172065 2.376713 12.149999
v -1.172065 2.376713 12.499999
v -1.172065 2.376713 12.499999
v -1.172065 2.376713 12.499999
v -1.014111 2.448281 12.149999
v -1.014111 2.448281 12.149999
v -1.014111 2.448281 12.149999
v -1.014111 2.448281 12.499999
v -1.014111 2.448281 12.499999
v -1.014111 2.448281 12.499999
v -1.014111 2.448281 12.499999
v -0.851815 2.509365 12.149999
v -0.851815 2.509365 12.149999
v -0.851815 2.509365 12.149999
v -0.851815 2.509365 12.149999
v -0.851815 2.509365 12.149999
v -0.851815 2.509365 12.499999
v -0.851815 2.509365 12.499999
v -0.851815 2.509365 12.499999
v -0.685870 2.559704 12.149999
v -0.685870 2.559704 12.149999
v -0.685870 2.559704 12.149999
v -0.685870 2.559704 12.499999
v -0.685870 2.559704 12.499999
v -0.685870 2.559704 12.499999
v -0.516989 2.599081 12.149999
v -0.516989 2.599081 12.149999
v -0.516989 2.599081 12.149999
v -0.516989 2.599081 12.499999
v -0.516989 2.599081 12.499999
v -0.516989 2.599081 12.499999
v -0.345894 2.627329 12.149999
v -0.345894 2.627329 12.149999
v -0.345894 2.627329 12.149999
v -0.345894 2.627329 12.499999
v -0.345894 2.627329 12.499999
v -0.345894 2.627329 12.499999
v -0.173318 2.644326 12.149999
v -0.173318 2.644326 12.149999
v -0.173318 2.644326 12.149999
v -0.173318 2.644326 12.499999
v -0.173318 2.644326 12.499999
v -0.173318 2.644326 12.499999
v 0.000000 32.720001 12.499999
v 0.000000 32.720001 12.499999
v 0.000000 32.720001 12.499999
v 1.070568 32.702480 12.499999
v 1.070568 32.702480 12.499999
v 1.070568 32.702480 12.499999
v 1.070568 32.702480 12.149999
v 1.070568 32.702480 12.149999
v 1.070568 32.702480 12.149999
v 0.000000 32.720001 12.149999
v 0.000000 32.720001 12.149999
v 0.000000 32.720001 12.149999
v 2.139991 32.649944 12.499999
v 2.139991 32.649944 12.499999
v 2.139991 32.649944 12.499999
v 2.139991 32.649944 12.149999
v 2.139991 32.649944 12.149999
v 2.139991 32.649944 12.149999
v 3.207121 32.562447 12.499999
v 3.207121 32.562447 12.499999
v 3.207121 32.562447 12.499999
v 3.207121 32.562447 12.149999
v 3.207121 32.562447 12.149999
v 3.207121 32.562447 12.149999
v 4.270817 32.440079 12.499999
v 4.270817 32.440079 12.499999
v 4.270817 32.440079 12.499999
v 4.270817 32.440079 12.149999
v 4.270817 32.440079 12.149999
v 4.270817 32.440079 12.149999
v 5.329940 32.282970 12.499999
v 5.329940 32.282970 12.499999
v 5.329940 32.282970 12.499999
v 5.329940 32.282970 12.149999
v 5.329940 32.282970 12.149999
v 5.329940 32.282970 12.149999
v 6.383356 32.091293 12.499999
v 6.383356 32.091293 12.499999
v 6.383356 32.091293 12.499999
v 6.383356 32.091293 12.149999
v 6.383356 32.091293 12.149999
v 6.383356 32.091293 12.149999
v 7.429935 31.865255 12.499999
v 7.429935 31.865255 12.499999
v 7.429935 31.865255 12.499999
v 7.429935 31.865255 12.149999
v 7.429935 31.865255 12.149999
v 7.429935 31.865255 12.149999
v 8.468559 31.605093 12.499999
v 8.468559 31.605093 12.499999
v 8.468559 31.605093 12.499999
v 8.468559 31.605093 12.149999
v 8.468559 31.605093 12.149999
v 8.468559 31.605093 12.149999
v 9.498116 31.311089 12.499999
v 9.498116 31.311089 12.499999
v 9.498116 31.311089 12.499999
v 9.498116 31.311089 12.149999
v 9.498116 31.311089 12.149999
v 9.498116 31.311089 12.149999
v 10.517500 30.983555 12.499999
v 10.517500 30.983555 12.499999
v 10.517500 30.983555 12.499999
v 10.517500 30.983555 12.149999
v 10.517500 30.983555 12.149999
v 10.517500 30.983555 12.149999
v 11.525622 30.622843 12.499999
v 11.525622 30.622843 12.499999
v 11.525622 30.622843 12.499999
v 11.525622 30.622843 12.149999
v 11.525622 30.622843 12.149999
v 11.525622 30.622843 12.149999
v 12.521403 30.229338 12.499999
v 12.521403 30.229338 12.499999
v 12.521403 30.229338 12.499999
v 12.521403 30.229338 12.149999
v 12.521403 30.229338 12.149999
v 12.521403 30.229338 12.149999
v 13.503776 29.803465 12.499999
v 13.503776 29.803465 12.499999
v 13.503776 29.803465 12.499999
v 13.503776 29.803465 12.149999
v 13.503776 29.803465 12.149999
v 13.503776 29.803465 12.149999
v 14.471686 29.345678 12.499999
v 14.471686 29.345678 12.499999
v 14.471686 29.345678 12.499999
v 14.471686 29.345678 12.149999
v 14.471686 29.345678 12.149999
v 14.471686 29.345678 12.149999
v 15.424102 28.856464 12.499999
v 15.424102 28.856464 12.499999
v 15.424102 28.856464 12.499999
v 15.424102 28.856464 12.149999
v 15.424102 28.856464 12.149999
v 15.424102 28.856464 12.149999
v 16.360001 28.336351 12.499999
v 16.360001 28.336351 12.499999
v 16.360001 28.336351 12.499999
v 16.360001 28.336351 12.149999
v 16.360001 28.336351 12.149999
v 16.360001 28.336351 12.149999
v 17.278379 27.785896 12.499999
v 17.278379 27.785896 12.499999
v 17.278379 27.785896 12.499999
v 17.278379 27.785896 12.149999
v 17.278379 27.785896 12.149999
v 17.278379 27.785896 12.149999
v 18.178259 27.205687 12.499999
v 18.178259 27.205687 12.499999
v 18.178259 27.205687 12.499999
v 18.178259 27.205687 12.149999
v 18.178259 27.205687 12.149999
v 18.178259 27.205687 12.149999
v 19.058672 26.596344 12.499999
v 19.058672 26.596344 12.499999
v 19.058672 26.596344 12.499999
v 19.058672 26.596344 12.149999
v 19.058672 26.596344 12.149999
v 19.058672 26.596344 12.149999
v 19.918674 25.958521 12.499999
v 19.918674 25.958521 12.499999
v 19.918674 25.958521 12.499999
v 19.918674 25.958521 12.149999
v 19.918674 25.958521 12.149999
v 19.918674 25.958521 12.149999
v 20.757351 25.292902 12.499999
v 20.757351 25.292902 12.499999
v 20.757351 25.292902 12.499999
v 20.757351 25.292902 12.499999
v 20.757351 25.292902 12.149999
v 20.757351 25.292902 12.149999
v 20.757351 25.292902 12.149999
v 21.573797 24.600197 12.499999
v 21.573797 24.600197 12.499999
v 21.573797 24.600197 12.499999
v 21.573797 24.600197 12.149999
v 21.573797 24.600197 12.149999
v 21.573797 24.600197 12.149999
v 22.367142 23.881153 12.499999
v 22.367142 23.881153 12.499999
v 22.367142 23.881153 12.499999
v 22.367142 23.881153 12.499999
v 22.367142 23.881153 12.149999
v 22.367142 23.881153 12.149999
v 22.367142 23.881153 12.149999
v 23.136534 23.136534 12.499999
v 23.136534 23.136534 12.499999
v 23.136534 23.136534 12.499999
v 23.136534 23.136534 12.149999
v 23.136534 23.136534 12.149999
v 23.136534 23.136534 12.149999
v 23.136534 23.136534 12.149999
v 23.881153 22.367142 12.499999
v 23.881153 22.367142 12.499999
v 23.881153 22.367142 12.499999
v 23.881153 22.367142 12.149999
v 23.881153 22.367142 12.149999
v 23.881153 22.367142 12.149999
v 24.600197 21.573797 12.499999
v 24.600197 21.573797 12.499999
v 24.600197 21.573797 12.499999
v 24.600197 21.573797 12.149999
v 24.600197 21.573797 12.149999
v 24.600197 21.573797 12.149999
v 24.600197 21.573797 12.149999
v 25.292902 20.757351 12.499999
v 25.292902 20.757351 12.499999
v 25.292902 20.757351 12.499999
v 25.292902 20.757351 12.499999
v 25.292902 20.757351 12.149999
v 25.292902 20.757351 12.149999
v 25.292902 20.757351 12.149999
v 25.958521 19.918674 12.499999
v 25.958521 19.918674 12.499999
v 25.958521 19.918674 12.499999
v 25.958521 19.918674 12.149999
v 25.958521 19.918674 12.149999
v 25.958521 19.918674 12.149999
v 25.958521 19.918674 12.149999
v 26.596344 19.058672 12.499999
v 26.596344 19.058672 12.499999
v 26.596344 19.058672 12.499999
v 26.596344 19.058672 12.499999
v 26.596344 19.058672 12.149999
v 26.596344 19.058672 12.149999
v 26.596344 19.058672 12.149999
v 27.205687 18.178259 12.499999
v 27.205687 18.178259 12.499999
v 27.205687 18.178259 12.499999
v 27.205687 18.178259 12.149999
v 27.205687 18.178259 12.149999
v 27.205687 18.178259 12.149999
v 27.205687 18.178259 12.149999
v 27.205687 18.178259 12.149999
v 27.785896 17.278379 12.499999
v 27.785896 17.278379 12.499999
v 27.785896 17.278379 12.499999
v 27.785896 17.278379 12.149999
v 27.785896 17.278379 12.149999
v 27.785896 17.278379 12.149999
v 28.336351 16.360001 12.499999
v 28.336351 16.360001 12.499999
v 28.336351 16.360001 12.499999
v 28.336351 16.360001 12.149999
v 28.336351 16.360001 12.149999
v 28.336351 16.360001 12.149999
v 28.336351 16.360001 12.149999
v 28.856464 15.424102 12.499999
v 28.856464 15.424102 12.499999
v 28.856464 15.424102 12.499999
v 28.856464 15.424102 12.149999
v 28.856464 15.424102 12.149999
v 28.856464 15.424102 12.149999
v 29.345678 14.471686 12.499999
v 29.345678 14.471686 12.499999
v 29.345678 14.471686 12.499999
v 29.345678 14.471686 12.149999
v 29.345678 14.471686 12.149999
v 29.345678 14.471686 12.149999
v 29.803465 13.503776 12.499999
v 29.803465 13.503776 12.499999
v 29.803465 13.503776 12.499999
v 29.803465 13.503776 12.149999
v 29.803465 13.503776 12.149999
v 29.803465 13.503776 12.149999
v 30.229338 12.521403 12.499999
v 30.229338 12.521403 12.499999
v 30.229338 12.521403 12.499999
v 30.229338 12.521403 12.149999
v 30.229338 12.521403 12.149999
v 30.229338 12.521403 12.149999
v 30.622843 11.525622 12.499999
v 30.622843 11.525622 12.499999
v 30.622843 11.525622 12.499999
v 30.622843 11.525622 12.499999
v 30.622843 11.525622 12.149999
v 30.622843 11.525622 12.149999
v 30.622843 11.525622 12.149999
v 30.983555 10.517500 12.499999
v 30.983555 10.517500 12.499999
v 30.983555 10.517500 12.499999
v 30.983555 10.517500 12.149999
v 30.983555 10.517500 12.149999
v 30.983555 10.517500 12.149999
v 31.311089 9.498116 12.499999
v 31.311089 9.498116 12.499999
v 31.311089 9.498116 12.499999
v 31.311089 9.498116 12.499999
v 31.311089 9.498116 12.149999
v 31.311089 9.498116 12.149999
v 31.311089 9.498116 12.149999
v 31.605093 8.468559 12.499999
v 31.605093 8.468559 12.499999
v 31.605093 8.468559 12.499999
v 31.605093 8.468559 12.149999
v 31.605093 8.468559 12.149999
v 31.605093 8.468559 12.149999
v 31.605093 8.468559 12.149999
v 31.865255 7.429935 12.499999
v 31.865255 7.429935 12.499999
v 31.865255 7.429935 12.499999
v 31.865255 7.429935 12.149999
v 31.865255 7.429935 12.149999
v 31.865255 7.429935 12.149999
v 32.091293 6.383356 12.499999
v 32.091293 6.383356 12.499999
v 32.091293 6.383356 12.499999
v 32.091293 6.383356 12.149999
v 32.091293 6.383356 12.149999
v 32.091293 6.383356 12.149999
v 32.091293 6.383356 12.149999
v 32.091293 6.383356 12.149999
v 32.282970 5.329940 12.499999
v 32.282970 5.329940 12.499999
v 32.282970 5.329940 12.499999
v 32.282970 5.329940 12.149999
v 32.282970 5.329940 12.149999
v 32.282970 5.329940 12.149999
v 32.440079 4.270817 12.499999
v 32.440079 4.270817 12.499999
v 32.440079 4.270817 12.499999
v 32.440079 4.270817 12.149999
v 32.440079 4.270817 12.149999
v 32.440079 4.270817 12.149999
v 32.440079 4.270817 12.149999
v 32.562447 3.207121 12.499999
v 32.562447 3.207121 12.499999
v 32.562447 3.207121 12.499999
v 32.562447 3.207121 12.499999
v 32.562447 3.207121 12.149999
v 32.562447 3.207121 12.149999
v 32.562447 3.207121 12.149999
v 32.649944 2.139991 12.499999
v 32.649944 2.139991 12.499999
v 32.649944 2.139991 12.499999
v 32.649944 2.139991 12.149999
v 32.649944 2.139991 12.149999
v 32.649944 2.139991 12.149999
v 32.702480 1.070568 12.499999
v 32.702480 1.070568 12.499999
v 32.702480 1.070568 12.499999
v 32.702480 1.070568 12.499999
v 32.702480 1.070568 12.149999
v 32.702480 1.070568 12.149999
v 32.702480 1.070568 12.149999
v 32.720001 0.000000 12.499999
v 32.720001 0.000000 12.499999
v 32.720001 0.000000 12.499999
v 32.720001 0.000000 12.149999
v 32.720001 0.000000 12.149999
v 32.720001 0.000000 12.149999
v 32.702480 -1.070568 12.499999
v 32.702480 -1.070568 12.499999
v 32.702480 -1.070568 12.499999
v 32.702480 -1.070568 12.499999
v 32.702480 -1.070568 12.149999
v 32.702480 -1.070568 12.149999
v 32.702480 -1.070568 12.149999
v 32.649944 -2.139991 12.499999
v 32.649944 -2.139991 12.499999
v 32.649944 -2.139991 12.499999
v 32.649944 -2.139991 12.149999
v 32.649944 -2.139991 12.149999
v 32.649944 -2.139991 12.149999
v 32.562447 -3.207121 12.499999
v 32.562447 -3.207121 12.499999
v 32.562447 -3.207121 12.499999
v 32.562447 -3.207121 12.499999
v 32.562447 -3.207121 12.149999
v 32.562447 -3.207121 12.149999
v 32.562447 -3.207121 12.149999
v 32.440079 -4.270817 12.499999
v 32.440079 -4.270817 12.499999
v 32.440079 -4.270817 12.499999
v 32.440079 -4.270817 12.149999
v 32.440079 -4.270817 12.149999
v 32.440079 -4.270817 12.149999
v 32.440079 -4.270817 12.149999
v 32.282970 -5.329940 12.499999
v 32.282970 -5.329940 12.499999
v 32.282970 -5.329940 12.499999
v 32.282970 -5.329940 12.149999
v 32.282970 -5.329940 12.149999
v 32.282970 -5.329940 12.149999
v 32.091293 -6.383356 12.499999
v 32.091293 -6.383356 12.499999
v 32.091293 -6.383356 12.499999
v 32.091293 -6.383356 12.149999
v 32.091293 -6.383356 12.149999
v 32.091293 -6.383356 12.149999
v 32.091293 -6.383356 12.149999
v 32.091293 -6.383356 12.149999
v 31.865255 -7.429935 12.499999
v 31.865255 -7.429935 12.499999
v 31.865255 -7.429935 12.499999
v 31.865255 -7.429935 12.149999
v 31.865255 -7.429935 12.149999
v 31.865255 -7.429935 12.149999
v 31.605093 -8.468559 12.499999
v 31.605093 -8.468559 12.499999
v 31.605093 -8.468559 12.499999
v 31.605093 -8.468559 12.149999
v 31.605093 -8.468559 12.149999
v 31.605093 -8.468559 12.149999
v 31.605093 -8.468559 12.149999
v 31.311089 -9.498116 12.499999
v 31.311089 -9.498116 12.499999
v 31.311089 -9.498116 12.499999
v 31.311089 -9.498116 12.499999
v 31.311089 -9.498116 12.149999
v 31.311089 -9.498116 12.149999
v 31.311089 -9.498116 12.149999
v 30.983555 -10.517500 12.499999
v 30.983555 -10.517500 12.499999
v 30.983555 -10.517500 12.499999
v 30.983555 -10.517500 12.149999
v 30.983555 -10.517500 12.149999
v 30.983555 -10.517500 12.149999
v 30.622843 -11.525622 12.499999
v 30.622843 -11.525622 12.499999
v 30.622843 -11.525622 12.499999
v 30.622843 -11.525622 12.499999
v 30.622843 -11.525622 12.149999
v 30.622843 -11.525622 12.149999
v 30.622843 -11.525622 12.149999
v 30.229338 -12.521403 12.499999
v 30.229338 -12.521403 12.499999
v 30.229338 -12.521403 12.499999
v 30.229338 -12.521403 12.149999
v 30.229338 -12.521403 12.149999
v 30.229338 -12.521403 12.149999
v 29.803465 -13.503776 12.499999
v 29.803465 -13.503776 12.499999
v 29.803465 -13.503776 12.499999
v 29.803465 -13.503776 12.149999
v 29.803465 -13.503776 12.149999
v 29.803465 -13.503776 12.149999
v 29.345678 -14.471686 12.499999
v 29.345678 -14.471686 12.499999
v 29.345678 -14.471686 12.499999
v 29.345678 -14.471686 12.149999
v 29.345678 -14.471686 12.149999
v 29.345678 -14.471686 12.149999
v 28.856464 -15.424102 12.499999
v 28.856464 -15.424102 12.499999
v 28.856464 -15.424102 12.499999
v 28.856464 -15.424102 12.149999
v 28.856464 -15.424102 12.149999
v 28.856464 -15.424102 12.149999
v 28.336351 -16.360001 12.499999
v 28.336351 -16.360001 12.499999
v 28.336351 -16.360001 12.499999
v 28.336351 -16.360001 12.149999
v 28.336351 -16.360001 12.149999
v 28.336351 -16.360001 12.149999
v 28.336351 -16.360001 12.149999
v 27.785896 -17.278379 12.499999
v 27.785896 -17.278379 12.499999
v 27.785896 -17.278379 12.499999
v 27.785896 -17.278379 12.149999
v 27.785896 -17.278379 12.149999
v 27.785896 -17.278379 12.149999
v 27.205687 -18.178259 12.499999
v 27.205687 -18.178259 12.499999
v 27.205687 -18.178259 12.499999
v 27.205687 -18.178259 12.149999
v 27.205687 -18.178259 12.149999
v 27.205687 -18.178259 12.149999
v 27.205687 -18.178259 12.149999
v 27.205687 -18.178259 12.149999
v 26.596344 -19.058672 12.499999
v 26.596344 -19.058672 12.499999
v 26.596344 -19.058672 12.499999
v 26.596344 -19.058672 12.499999
v 26.596344 -19.058672 12.149999
v 26.596344 -19.058672 12.149999
v 26.596344 -19.058672 12.149999
v 25.958521 -19.918674 12.499999
v 25.958521 -19.918674 12.499999
v 25.958521 -19.918674 12.499999
v 25.958521 -19.918674 12.149999
v 25.958521 -19.918674 12.149999
v 25.958521 -19.918674 12.149999
v 25.958521 -19.918674 12.149999
v 25.292902 -20.757351 12.499999
v 25.292902 -20.757351 12.499999
v 25.292902 -20.757351 12.499999
v 25.292902 -20.757351 12.499999
v 25.292902 -20.757351 12.149999
v 25.292902 -20.757351 12.149999
v 25.292902 -20.757351 12.149999
v 24.600197 -21.573797 12.499999
v 24.600197 -21.573797 12.499999
v 24.600197 -21.573797 12.499999
v 24.600197 -21.573797 12.149999
v 24.600197 -21.573797 12.149999
v 24.600197 -21.573797 12.149999
v 24.600197 -21.573797 12.149999
v 23.881153 -22.367142 12.499999
v 23.881153 -22.367142 12.499999
v 23.881153 -22.367142 12.499999
v 23.881153 -22.367142 12.149999
v 23.881153 -22.367142 12.149999
v 23.881153 -22.367142 12.149999
v 23.136534 -23.136534 12.499999
v 23.136534 -23.136534 12.499999
v 23.136534 -23.136534 12.499999
v 23.136534 -23.136534 12.149999
v 23.136534 -23.136534 12.149999
v 23.136534 -23.136534 12.149999
v 23.136534 -23.136534 12.149999
v 22.367142 -23.881153 12.499999
v 22.367142 -23.881153 12.499999
v 22.367142 -23.881153 12.499999
v 22.367142 -23.881153 12.499999
v 22.367142 -23.881153 12.149999
v 22.367142 -23.881153 12.149999
v 22.367142 -23.881153 12.149999
v 21.573797 -24.600197 12.499999
v 21.573797 -24.600197 12.499999
v 21.573797 -24.600197 12.499999
v 21.573797 -24.600197 12.149999
v 21.573797 -24.600197 12.149999
v 21.573797 -24.600197 12.149999
v 20.757351 -25.292902 12.499999
v 20.757351 -25.292902 12.499999
v 20.757351 -25.292902 12.499999
v 20.757351 -25.292902 12.499999
v 20.757351 -25.292902 12.149999
v 20.757351 -25.292902 12.149999
v 20.757351 -25.292902 12.149999
v 19.918674 -25.958521 12.499999
v 19.918674 -25.958521 12.499999
v 19.918674 -25.958521 12.499999
v 19.918674 -25.958521 12.149999
v 19.918674 -25.958521 12.149999
v 19.918674 -25.958521 12.149999
v 19.058672 -26.596344 12.499999
v 19.058672 -26.596344 12.499999
v 19.058672 -26.596344 12.499999
v 19.058672 -26.596344 12.499999
v 19.058672 -26.596344 12.149999
v 19.058672 -26.596344 12.149999
v 19.058672 -26.596344 12.149999
v 18.178259 -27.205687 12.499999
v 18.178259 -27.205687 12.499999
v 18.178259 -27.205687 12.499999
v 18.178259 -27.205687 12.149999
v 18.178259 -27.205687 12.149999
v 18.178259 -27.205687 12.149999
v 17.278379 -27.785896 12.499999
v 17.278379 -27.785896 12.499999
v 17.278379 -27.785896 12.499999
v 17.278379 -27.785896 12.149999
v 17.278379 -27.785896 12.149999
v 17.278379 -27.785896 12.149999
v 16.360001 -28.336351 12.499999
v 16.360001 -28.336351 12.499999
v 16.360001 -28.336351 12.499999
v 16.360001 -28.336351 12.149999
v 16.360001 -28.336351 12.149999
v 16.360001 -28.336351 12.149999
v 15.424102 -28.856464 12.499999
v 15.424102 -28.856464 12.499999
v 15.424102 -28.856464 12.499999
v 15.424102 -28.856464 12.149999
v 15.424102 -28.856464 12.149999
v 15.424102 -28.856464 12.149999
v 14.471686 -29.345678 12.499999
v 14.471686 -29.345678 12.499999
v 14.471686 -29.345678 12.499999
v 14.471686 -29.345678 12.149999
v 14.471686 -29.345678 12.149999
v 14.471686 -29.345678 12.149999
v 13.503776 -29.803465 12.499999
v 13.503776 -29.803465 12.499999
v 13.503776 -29.803465 12.499999
v 13.503776 -29.803465 12.149999
v 13.503776 -29.803465 12.149999
v 13.503776 -29.803465 12.149999
v 12.521403 -30.229338 12.499999
v 12.521403 -30.229338 12.499999
v 12.521403 -30.229338 12.499999
v 12.521403 -30.229338 12.149999
v 12.521403 -30.229338 12.149999
v 12.521403 -30.229338 12.149999
v 11.525622 -30.622843 12.499999
v 11.525622 -30.622843 12.499999
v 11.525622 -30.622843 12.499999
v 11.525622 -30.622843 12.149999
v 11.525622 -30.622843 12.149999
v 11.525622 -30.622843 12.149999
v 10.517500 -30.983555 12.499999
v 10.517500 -30.983555 12.499999
v 10.517500 -30.983555 12.499999
v 10.517500 -30.983555 12.149999
v 10.517500 -30.983555 12.149999
v 10.517500 -30.983555 12.149999
v 9.498116 -31.311089 12.499999
v 9.498116 -31.311089 12.499999
v 9.498116 -31.311089 12.499999
v 9.498116 -31.311089 12.149999
v 9.498116 -31.311089 12.149999
v 9.498116 -31.311089 12.149999
v 8.468559 -31.605093 12.499999
v 8.468559 -31.605093 12.499999
v 8.468559 -31.605093 12.499999
v 8.468559 -31.605093 12.149999
v 8.468559 -31.605093 12.149999
v 8.468559 -31.605093 12.149999
v 7.429935 -31.865255 12.499999
v 7.429935 -31.865255 12.499999
v 7.429935 -31.865255 12.499999
v 7.429935 -31.865255 12.149999
v 7.429935 -31.865255 12.149999
v 7.429935 -31.865255 12.149999
v 6.383356 -32.091293 12.499999
v 6.383356 -32.091293 12.499999
v 6.383356 -32.091293 12.499999
v 6.383356 -32.091293 12.149999
v 6.383356 -32.091293 12.149999
v 6.383356 -32.091293 12.149999
v 5.329940 -32.282970 12.499999
v 5.329940 -32.282970 12.499999
v 5.329940 -32.282970 12.499999
v 5.329940 -32.282970 12.149999
v 5.329940 -32.282970 12.149999
v 5.329940 -32.282970 12.149999
v 4.270817 -32.440079 12.499999
v 4.270817 -32.440079 12.499999
v 4.270817 -32.440079 12.499999
v 4.270817 -32.440079 12.149999
v 4.270817 -32.440079 12.149999
v 4.270817 -32.440079 12.149999
v 3.207121 -32.562447 12.499999
v 3.207121 -32.562447 12.499999
v 3.207121 -32.562447 12.499999
v 3.207121 -32.562447 12.149999
v 3.207121 -32.562447 12.149999
v 3.207121 -32.562447 12.149999
v 2.139991 -32.649944 12.499999
v 2.139991 -32.649944 12.499999
v 2.139991 -32.649944 12.499999
v 2.139991 -32.649944 12.149999
v 2.139991 -32.649944 12.149999
v 2.139991 -32.649944 12.149999
v 1.070568 -32.702480 12.499999
v 1.070568 -32.702480 12.499999
v 1.070568 -32.702480 12.499999
v 1.070568 -32.702480 12.149999
v 1.070568 -32.702480 12.149999
v 1.070568 -32.702480 12.149999
v 0.000000 -32.720001 12.499999
v 0.000000 -32.720001 12.499999
v 0.000000 -32.720001 12.499999
v 0.000000 -32.720001 12.149999
v 0.000000 -32.720001 12.149999
v 0.000000 -32.720001 12.149999
v -1.070568 -32.702480 12.499999
v -1.070568 -32.702480 12.499999
v -1.070568 -32.702480 12.499999
v -1.070568 -32.702480 12.149999
v -1.070568 -32.702480 12.149999
v -1.070568 -32.702480 12.149999
v -2.139991 -32.649944 12.499999
v -2.139991 -32.649944 12.499999
v -2.139991 -32.649944 12.499999
v -2.139991 -32.649944 12.149999
v -2.139991 -32.649944 12.149999
v -2.139991 -32.649944 12.149999
v -3.207121 -32.562447 12.499999
v -3.207121 -32.562447 12.499999
v -3.207121 -32.562447 12.499999
v -3.207121 -32.562447 12.149999
v -3.207121 -32.562447 12.149999
v -3.207121 -32.562447 12.149999
v -4.270817 -32.440079 12.499999
v -4.270817 -32.440079 12.499999
v -4.270817 -32.440079 12.499999
v -4.270817 -32.440079 12.149999
v -4.270817 -32.440079 12.149999
v -4.270817 -32.440079 12.149999
v -5.329940 -32.282970 12.499999
v -5.329940 -32.282970 12.499999
v -5.329940 -32.282970 12.499999
v -5.329940 -32.282970 12.149999
v -5.329940 -32.282970 12.149999
v -5.329940 -32.282970 12.149999
v -6.383356 -32.091293 12.499999
v -6.383356 -32.091293 12.499999
v -6.383356 -32.091293 12.499999
v -6.383356 -32.091293 12.149999
v -6.383356 -32.091293 12.149999
v -6.383356 -32.091293 12.149999
v -7.429935 -31.865255 12.499999
v -7.429935 -31.865255 12.499999
v -7.429935 -31.865255 12.499999
v -7.429935 -31.865255 12.149999
v -7.429935 -31.865255 12.149999
v -7.429935 -31.865255 12.149999
v -8.468559 -31.605093 12.499999
v -8.468559 -31.605093 12.499999
v -8.468559 -31.605093 12.499999
v -8.468559 -31.605093 12.149999
v -8.468559 -31.605093 12.149999
v -8.468559 -31.605093 12.149999
v -9.498116 -31.311089 12.499999
v -9.498116 -31.311089 12.499999
v -9.498116 -31.311089 12.499999
v -9.498116 -31.311089 12.149999
v -9.498116 -31.311089 12.149999
v -9.498116 -31.311089 12.149999
v -10.517500 -30.983555 12.499999
v -10.517500 -30.983555 12.499999
v -10.517500 -30.983555 12.499999
v -10.517500 -30.983555 12.149999
v -10.517500 -30.983555 12.149999
v -10.517500 -30.983555 12.149999
v -11.525622 -30.622843 12.499999
v -11.525622 -30.622843 12.499999
v -11.525622 -30.622843 12.499999
v -11.525622 -30.622843 12.149999
v -11.525622 -30.622843 12.149999
v -11.525622 -30.622843 12.149999
v -12.521403 -30.229338 12.499999
v -12.521403 -30.229338 12.499999
v -12.521403 -30.229338 12.499999
v -12.521403 -30.229338 12.149999
v -12.521403 -30.229338 12.149999
v -12.521403 -30.229338 12.149999
v -13.503776 -29.803465 12.499999
v -13.503776 -29.803465 12.499999
v -13.503776 -29.803465 12.499999
v -13.503776 -29.803465 12.149999
v -13.503776 -29.803465 12.149999
v -13.503776 -29.803465 12.149999
v -14.471686 -29.345678 12.499999
v -14.471686 -29.345678 12.499999
v -14.471686 -29.345678 12.499999
v -14.471686 -29.345678 12.149999
v -14.471686 -29.345678 12.149999
v -14.471686 -29.345678 12.149999
v -15.424102 -28.856464 12.499999
v -15.424102 -28.856464 12.499999
v -15.424102 -28.856464 12.499999
v -15.424102 -28.856464 12.149999
v -15.424102 -28.856464 12.149999
v -15.424102 -28.856464 12.149999
v -16.360001 -28.336351 12.499999
v -16.360001 -28.336351 12.499999
v -16.360001 -28.336351 12.499999
v -16.360001 -28.336351 12.149999
v -16.360001 -28.336351 12.149999
v -16.360001 -28.336351 12.149999
v -17.278379 -27.785896 12.499999
v -17.278379 -27.785896 12.499999
v -17.278379 -27.785896 12.499999
v -17.278379 -27.785896 12.149999
v -17.278379 -27.785896 12.149999
v -17.278379 -27.785896 12.149999
v -18.178259 -27.205687 12.499999
v -18.178259 -27.205687 12.499999
v -18.178259 -27.205687 12.499999
v -18.178259 -27.205687 12.149999
v -18.178259 -27.205687 12.149999
v -18.178259 -27.205687 12.149999
v -19.058672 -26.596344 12.499999
v -19.058672 -26.596344 12.499999
v -19.058672 -26.596344 12.499999
v -19.058672 -26.596344 12.149999
v -19.058672 -26.596344 12.149999
v -19.058672 -26.596344 12.149999
v -19.918674 -25.958521 12.499999
v -19.918674 -25.958521 12.499999
v -19.918674 -25.958521 12.499999
v -19.918674 -25.958521 12.149999
v -19.918674 -25.958521 12.149999
v -19.918674 -25.958521 12.149999
v -20.757351 -25.292902 12.499999
v -20.757351 -25.292902 12.499999
v -20.757351 -25.292902 12.499999
v -20.757351 -25.292902 12.499999
v -20.757351 -25.292902 12.149999
v -20.757351 -25.292902 12.149999
v -20.757351 -25.292902 12.149999
v -21.573797 -24.600197 12.499999
v -21.573797 -24.600197 12.499999
v -21.573797 -24.600197 12.499999
v -21.573797 -24.600197 12.149999
v -21.573797 -24.600197 12.149999
v -21.573797 -24.600197 12.149999
v -22.367142 -23.881153 12.499999
v -22.367142 -23.881153 12.499999
v -22.367142 -23.881153 12.499999
v -22.367142 -23.881153 12.499999
v -22.367142 -23.881153 12.149999
v -22.367142 -23.881153 12.149999
v -22.367142 -23.881153 12.149999
v -23.136534 -23.136534 12.499999
v -23.136534 -23.136534 12.499999
v -23.136534 -23.136534 12.499999
v -23.136534 -23.136534 12.149999
v -23.136534 -23.136534 12.149999
v -23.136534 -23.136534 12.149999
v -23.136534 -23.136534 12.149999
v -23.881153 -22.367142 12.499999
v -23.881153 -22.367142 12.499999
v -23.881153 -22.367142 12.499999
v -23.881153 -22.367142 12.149999
v -23.881153 -22.367142 12.149999
v -23.881153 -22.367142 12.149999
v -24.600197 -21.573797 12.499999
v -24.600197 -21.573797 12.499999
v -24.600197 -21.573797 12.499999
v -24.600197 -21.573797 12.149999
v -24.600197 -21.573797 12.149999
v -24.600197 -21.573797 12.149999
v -24.600197 -21.573797 12.149999
v -25.292902 -20.757351 12.499999
v -25.292902 -20.757351 12.499999
v -25.292902 -20.757351 12.499999
v -25.292902 -20.757351 12.499999
v -25.292902 -20.757351 12.149999
v -25.292902 -20.757351 12.149999
v -25.292902 -20.757351 12.149999
v -25.958521 -19.918674 12.499999
v -25.958521 -19.918674 12.499999
v -25.958521 -19.918674 12.499999
v -25.958521 -19.918674 12.149999
v -25.958521 -19.918674 12.149999
v -25.958521 -19.918674 12.149999
v -25.958521 -19.918674 12.149999
v -26.596344 -19.058672 12.499999
v -26.596344 -19.058672 12.499999
v -26.596344 -19.058672 12.499999
v -26.596344 -19.058672 12.499999
v -26.596344 -19.058672 12.149999
v -26.596344 -19.058672 12.149999
v -26.596344 -19.058672 12.149999
v -27.205687 -18.178259 12.499999
v -27.205687 -18.178259 12.499999
v -27.205687 -18.178259 12.499999
v -27.205687 -18.178259 12.149999
v -27.205687 -18.178259 12.149999
v -27.205687 -18.178259 12.149999
v -27.205687 -18.178259 12.149999
v -27.205687 -18.178259 12.149999
v -27.785896 -17.278379 12.499999
v -27.785896 -17.278379 12.499999
v -27.785896 -17.278379 12.499999
v -27.785896 -17.278379 12.149999
v -27.785896 -17.278379 12.149999
v -27.785896 -17.278379 12.149999
v -28.336351 -16.360001 12.499999
v -28.336351 -16.360001 12.499999
v -28.336351 -16.360001 12.499999
v -28.336351 -16.360001 12.149999
v -28.336351 -16.360001 12.149999
v -28.336351 -16.360001 12.149999
v -28.336351 -16.360001 12.149999
v -28.856464 -15.424102 12.499999
v -28.856464 -15.424102 12.499999
v -28.856464 -15.424102 12.499999
v -28.856464 -15.424102 12.149999
v -28.856464 -15.424102 12.149999
v -28.856464 -15.424102 12.149999
v -29.345678 -14.471686 12.499999
v -29.345678 -14.471686 12.499999
v -29.345678 -14.471686 12.499999
v -29.345678 -14.471686 12.149999
v -29.345678 -14.471686 12.149999
v -29.345678 -14.471686 12.149999
v -29.803465 -13.503776 12.499999
v -29.803465 -13.503776 12.499999
v -29.803465 -13.503776 12.499999
v -29.803465 -13.503776 12.149999
v -29.803465 -13.503776 12.149999
v -29.803465 -13.503776 12.149999
v -30.229338 -12.521403 12.499999
v -30.229338 -12.521403 12.499999
v -30.229338 -12.521403 12.499999
v -30.229338 -12.521403 12.149999
v -30.229338 -12.521403 12.149999
v -30.229338 -12.521403 12.149999
v -30.622843 -11.525622 12.499999
v -30.622843 -11.525622 12.499999
v -30.622843 -11.525622 12.499999
v -30.622843 -11.525622 12.499999
v -30.622843 -11.525622 12.149999
v -30.622843 -11.525622 12.149999
v -30.622843 -11.525622 12.149999
v -30.983555 -10.517500 12.499999
v -30.983555 -10.517500 12.499999
v -30.983555 -10.517500 12.499999
v -30.983555 -10.517500 12.149999
v -30.983555 -10.517500 12.149999
v -30.983555 -10.517500 12.149999
v -31.311089 -9.498116 12.499999
v -31.311089 -9.498116 12.499999
v -31.311089 -9.498116 12.499999
v -31.311089 -9.498116 12.499999
v -31.311089 -9.498116 12.149999
v -31.311089 -9.498116 12.149999
v -31.311089 -9.498116 12.149999
v -31.605093 -8.468559 12.499999
v -31.605093 -8.468559 12.499999
v -31.605093 -8.468559 12.499999
v -31.605093 -8.468559 12.149999
v -31.605093 -8.468559 12.149999
v -31.605093 -8.468559 12.149999
v -31.605093 -8.468559 12.149999
v -31.865255 -7.429935 12.499999
v -31.865255 -7.429935 12.499999
v -31.865255 -7.429935 12.499999
v -31.865255 -7.429935 12.149999
v -31.865255 -7.429935 12.149999
v -31.865255 -7.429935 12.149999
v -32.091293 -6.383356 12.499999
v -32.091293 -6.383356 12.499999
v -32.091293 -6.383356 12.499999
v -32.091293 -6.383356 12.149999
v -32.091293 -6.383356 12.149999
v -32.091293 -6.383356 12.149999
v -32.091293 -6.383356 12.149999
v -32.091293 -6.383356 12.149999
v -32.282970 -5.329940 12.499999
v -32.282970 -5.329940 12.499999
v -32.282970 -5.329940 12.499999
v -32.282970 -5.329940 12.149999
v -32.282970 -5.329940 12.149999
v -32.282970 -5.329940 12.149999
v -32.440079 -4.270817 12.499999
v -32.440079 -4.270817 12.499999
v -32.440079 -4.270817 12.499999
v -32.440079 -4.270817 12.149999
v -32.440079 -4.270817 12.149999
v -32.440079 -4.270817 12.149999
v -32.440079 -4.270817 12.149999
v -32.562447 -3.207121 12.499999
v -32.562447 -3.207121 12.499999
v -32.562447 -3.207121 12.499999
v -32.562447 -3.207121 12.499999
v -32.562447 -3.207121 12.149999
v -32.562447 -3.207121 12.149999
v -32.562447 -3.207121 12.149999
v -32.649944 -2.139991 12.499999
v -32.649944 -2.139991 12.499999
v -32.649944 -2.139991 12.499999
v -32.649944 -2.139991 12.149999
v -32.649944 -2.139991 12.149999
v -32.649944 -2.139991 12.149999
v -32.702480 -1.070568 12.499999
v -32.702480 -1.070568 12.499999
v -32.702480 -1.070568 12.499999
v -32.702480 -1.070568 12.499999
v -32.702480 -1.070568 12.149999
v -32.702480 -1.070568 12.149999
v -32.702480 -1.070568 12.149999
v -32.720001 0.000000 12.499999
v -32.720001 0.000000 12.499999
v -32.720001 0.000000 12.499999
v -32.720001 0.000000 12.149999
v -32.720001 0.000000 12.149999
v -32.720001 0.000000 12.149999
v -32.702480 1.070568 12.499999
v -32.702480 1.070568 12.499999
v -32.702480 1.070568 12.499999
v -32.702480 1.070568 12.499999
v -32.702480 1.070568 12.149999
v -32.702480 1.070568 12.149999
v -32.702480 1.070568 12.149999
v -32.649944 2.139991 12.499999
v -32.649944 2.139991 12.499999
v -32.649944 2.139991 12.499999
v -32.649944 2.139991 12.149999
v -32.649944 2.139991 12.149999
v -32.649944 2.139991 12.149999
v -32.562447 3.207121 12.499999
v -32.562447 3.207121 12.499999
v -32.562447 3.207121 12.499999
v -32.562447 3.207121 12.499999
v -32.562447 3.207121 12.149999
v -32.562447 3.207121 12.149999
v -32.562447 3.207121 12.149999
v -32.440079 4.270817 12.499999
v -32.440079 4.270817 12.499999
v -32.440079 4.270817 12.499999
v -32.440079 4.270817 12.149999
v -32.440079 4.270817 12.149999
v -32.440079 4.270817 12.149999
v -32.440079 4.270817 12.149999
v -32.282970 5.329940 12.499999
v -32.282970 5.329940 12.499999
v -32.282970 5.329940 12.499999
v -32.282970 5.329940 12.149999
v -32.282970 5.329940 12.149999
v -32.282970 5.329940 12.149999
v -32.091293 6.383356 12.499999
v -32.091293 6.383356 12.499999
v -32.091293 6.383356 12.499999
v -32.091293 6.383356 12.149999
v -32.091293 6.383356 12.149999
v -32.091293 6.383356 12.149999
v -32.091293 6.383356 12.149999
v -32.091293 6.383356 12.149999
v -31.865255 7.429935 12.499999
v -31.865255 7.429935 12.499999
v -31.865255 7.429935 12.499999
v -31.865255 7.429935 12.149999
v -31.865255 7.429935 12.149999
v -31.865255 7.429935 12.149999
v -31.605093 8.468559 12.499999
v -31.605093 8.468559 12.499999
v -31.605093 8.468559 12.499999
v -31.605093 8.468559 12.149999
v -31.605093 8.468559 12.149999
v -31.605093 8.468559 12.149999
v -31.605093 8.468559 12.149999
v -31.311089 9.498116 12.499999
v -31.311089 9.498116 12.499999
v -31.311089 9.498116 12.499999
v -31.311089 9.498116 12.499999
v -31.311089 9.498116 12.149999
v -31.311089 9.498116 12.149999
v -31.311089 9.498116 12.149999
v -30.983555 10.517500 12.499999
v -30.983555 10.517500 12.499999
v -30.983555 10.517500 12.499999
v -30.983555 10.517500 12.149999
v -30.983555 10.517500 12.149999
v -30.983555 10.517500 12.149999
v -30.622843 11.525622 12.499999
v -30.622843 11.525622 12.499999
v -30.622843 11.525622 12.499999
v -30.622843 11.525622 12.499999
v -30.622843 11.525622 12.149999
v -30.622843 11.525622 12.149999
v -30.622843 11.525622 12.149999
v -30.229338 12.521403 12.499999
v -30.229338 12.521403 12.499999
v -30.229338 12.521403 12.499999
v -30.229338 12.521403 12.149999
v -30.229338 12.521403 12.149999
v -30.229338 12.521403 12.149999
v -29.803465 13.503776 12.499999
v -29.803465 13.503776 12.499999
v -29.803465 13.503776 12.499999
v -29.803465 13.503776 12.149999
v -29.803465 13.503776 12.149999
v -29.803465 13.503776 12.149999
v -29.345678 14.471686 12.499999
v -29.345678 14.471686 12.499999
v -29.345678 14.471686 12.499999
v -29.345678 14.471686 12.149999
v -29.345678 14.471686 12.149999
v -29.345678 14.471686 12.149999
v -28.856464 15.424102 12.499999
v -28.856464 15.424102 12.499999
v -28.856464 15.424102 12.499999
v -28.856464 15.424102 12.149999
v -28.856464 15.424102 12.149999
v -28.856464 15.424102 12.149999
v -28.336351 16.360001 12.499999
v -28.336351 16.360001 12.499999
v -28.336351 16.360001 12.499999
v -28.336351 16.360001 12.149999
v -28.336351 16.360001 12.149999
v -28.336351 16.360001 12.149999
v -28.336351 16.360001 12.149999
v -27.785896 17.278379 12.499999
v -27.785896 17.278379 12.499999
v -27.785896 17.278379 12.499999
v -27.785896 17.278379 12.149999
v -27.785896 17.278379 12.149999
v -27.785896 17.278379 12.149999
v -27.205687 18.178259 12.499999
v -27.205687 18.178259 12.499999
v -27.205687 18.178259 12.499999
v -27.205687 18.178259 12.149999
v -27.205687 18.178259 12.149999
v -27.205687 18.178259 12.149999
v -27.205687 18.178259 12.149999
v -27.205687 18.178259 12.149999
v -26.596344 19.058672 12.499999
v -26.596344 19.058672 12.499999
v -26.596344 19.058672 12.499999
v -26.596344 19.058672 12.499999
v -26.596344 19.058672 12.149999
v -26.596344 19.058672 12.149999
v -26.596344 19.058672 12.149999
v -25.958521 19.918674 12.499999
v -25.958521 19.918674 12.499999
v -25.958521 19.918674 12.499999
v -25.958521 19.918674 12.149999
v -25.958521 19.918674 12.149999
v -25.958521 19.918674 12.149999
v -25.958521 19.918674 12.149999
v -25.292902 20.757351 12.499999
v -25.292902 20.757351 12.499999
v -25.292902 20.757351 12.499999
v -25.292902 20.757351 12.499999
v -25.292902 20.757351 12.149999
v -25.292902 20.757351 12.149999
v -25.292902 20.757351 12.149999
v -24.600197 21.573797 12.499999
v -24.600197 21.573797 12.499999
v -24.600197 21.573797 12.499999
v -24.600197 21.573797 12.149999
v -24.600197 21.573797 12.149999
v -24.600197 21.573797 12.149999
v -24.600197 21.573797 12.149999
v -23.881153 22.367142 12.499999
v -23.881153 22.367142 12.499999
v -23.881153 22.367142 12.499999
v -23.881153 22.367142 12.149999
v -23.881153 22.367142 12.149999
v -23.881153 22.367142 12.149999
v -23.136534 23.136534 12.499999
v -23.136534 23.136534 12.499999
v -23.136534 23.136534 12.499999
v -23.136534 23.136534 12.149999
v -23.136534 23.136534 12.149999
v -23.136534 23.136534 12.149999
v -23.136534 23.136534 12.149999
v -22.367142 23.881153 12.499999
v -22.367142 23.881153 12.499999
v -22.367142 23.881153 12.499999
v -22.367142 23.881153 12.499999
v -22.367142 23.881153 12.149999
v -22.367142 23.881153 12.149999
v -22.367142 23.881153 12.149999
v -21.573797 24.600197 12.499999
v -21.573797 24.600197 12.499999
v -21.573797 24.600197 12.499999
v -21.573797 24.600197 12.149999
v -21.573797 24.600197 12.149999
v -21.573797 24.600197 12.149999
v -20.757351 25.292902 12.499999
v -20.757351 25.292902 12.499999
v -20.757351 25.292902 12.499999
v -20.757351 25.292902 12.499999
v -20.757351 25.292902 12.149999
v -20.757351 25.292902 12.149999
v -20.757351 25.292902 12.149999
v -19.918674 25.958521 12.499999
v -19.918674 25.958521 12.499999
v -19.918674 25.958521 12.499999
v -19.918674 25.958521 12.149999
v -19.918674 25.958521 12.149999
v -19.918674 25.958521 12.149999
v -19.058672 26.596344 12.499999
v -19.058672 26.596344 12.499999
v -19.058672 26.596344 12.499999
v -19.058672 26.596344 12.499999
v -19.058672 26.596344 12.149999
v -19.058672 26.596344 12.149999
v -19.058672 26.596344 12.149999
v -18.178259 27.205687 12.499999
v -18.178259 27.205687 12.499999
v -18.178259 27.205687 12.499999
v -18.178259 27.205687 12.149999
v -18.178259 27.205687 12.149999
v -18.178259 27.205687 12.149999
v -17.278379 27.785896 12.499999
v -17.278379 27.785896 12.499999
v -17.278379 27.785896 12.499999
v -17.278379 27.785896 12.149999
v -17.278379 27.785896 12.149999
v -17.278379 27.785896 12.149999
v -16.360001 28.336351 12.499999
v -16.360001 28.336351 12.499999
v -16.360001 28.336351 12.499999
v -16.360001 28.336351 12.149999
v -16.360001 28.336351 12.149999
v -16.360001 28.336351 12.149999
v -15.424102 28.856464 12.499999
v -15.424102 28.856464 12.499999
v -15.424102 28.856464 12.499999
v -15.424102 28.856464 12.149999
v -15.424102 28.856464 12.149999
v -15.424102 28.856464 12.149999
v -14.471686 29.345678 12.499999
v -14.471686 29.345678 12.499999
v -14.471686 29.345678 12.499999
v -14.471686 29.345678 12.149999
v -14.471686 29.345678 12.149999
v -14.471686 29.345678 12.149999
v -13.503776 29.803465 12.499999
v -13.503776 29.803465 12.499999
v -13.503776 29.803465 12.499999
v -13.503776 29.803465 12.149999
v -13.503776 29.803465 12.149999
v -13.503776 29.803465 12.149999
v -12.521403 30.229338 12.499999
v -12.521403 30.229338 12.499999
v -12.521403 30.229338 12.499999
v -12.521403 30.229338 12.149999
v -12.521403 30.229338 12.149999
v -12.521403 30.229338 12.149999
v -11.525622 30.622843 12.499999
v -11.525622 30.622843 12.499999
v -11.525622 30.622843 12.499999
v -11.525622 30.622843 12.149999
v -11.525622 30.622843 12.149999
v -11.525622 30.622843 12.149999
v -10.517500 30.983555 12.499999
v -10.517500 30.983555 12.499999
v -10.517500 30.983555 12.499999
v -10.517500 30.983555 12.149999
v -10.517500 30.983555 12.149999
v -10.517500 30.983555 12.149999
v -9.498116 31.311089 12.499999
v -9.498116 31.311089 12.499999
v -9.498116 31.311089 12.499999
v -9.498116 31.311089 12.149999
v -9.498116 31.311089 12.149999
v -9.498116 31.311089 12.149999
v -8.468559 31.605093 12.499999
v -8.468559 31.605093 12.499999
v -8.468559 31.605093 12.499999
v -8.468559 31.605093 12.149999
v -8.468559 31.605093 12.149999
v -8.468559 31.605093 12.149999
v -7.429935 31.865255 12.499999
v -7.429935 31.865255 12.499999
v -7.429935 31.865255 12.499999
v -7.429935 31.865255 12.149999
v -7.429935 31.865255 12.149999
v -7.429935 31.865255 12.149999
v -6.383356 32.091293 12.499999
v -6.383356 32.091293 12.499999
v -6.383356 32.091293 12.499999
v -6.383356 32.091293 12.149999
v -6.383356 32.091293 12.149999
v -6.383356 32.091293 12.149999
v -5.329940 32.282970 12.499999
v -5.329940 32.282970 12.499999
v -5.329940 32.282970 12.499999
v -5.329940 32.282970 12.149999
v -5.329940 32.282970 12.149999
v -5.329940 32.282970 12.149999
v -4.270817 32.440079 12.499999
v -4.270817 32.440079 12.499999
v -4.270817 32.440079 12.499999
v -4.270817 32.440079 12.149999
v -4.270817 32.440079 12.149999
v -4.270817 32.440079 12.149999
v -3.207121 32.562447 12.499999
v -3.207121 32.562447 12.499999
v -3.207121 32.562447 12.499999
v -3.207121 32.562447 12.149999
v -3.207121 32.562447 12.149999
v -3.207121 32.562447 12.149999
v -2.139991 32.649944 12.499999
v -2.139991 32.649944 12.499999
v -2.139991 32.649944 12.499999
v -2.139991 32.649944 12.149999
v -2.139991 32.649944 12.149999
v -2.139991 32.649944 12.149999
v -1.070568 32.702480 12.149999
v -1.070568 32.702480 12.149999
v -1.070568 32.702480 12.149999
v -1.070568 32.702480 12.499999
v -1.070568 32.702480 12.499999
v -1.070568 32.702480 12.499999
v 24.335314 15.210000 13.149999
v 24.335314 15.210000 13.149999
v 24.335314 15.210000 13.149999
v 24.449013 15.204414 13.149999
v 24.449013 15.204414 13.149999
v 24.449013 15.204414 13.149999
v 24.561619 15.187711 13.149999
v 24.561619 15.187711 13.149999
v 24.561619 15.187711 13.149999
v 24.672045 15.160051 13.149999
v 24.672045 15.160051 13.149999
v 24.672045 15.160051 13.149999
v 24.779226 15.121700 13.149999
v 24.779226 15.121700 13.149999
v 24.779226 15.121700 13.149999
v 24.779226 15.121700 13.149999
v 24.882133 15.073029 13.149999
v 24.882133 15.073029 13.149999
v 24.882133 15.073029 13.149999
v 24.979774 15.014505 13.149999
v 24.979774 15.014505 13.149999
v 24.979774 15.014505 13.149999
v 25.071211 14.946692 13.149999
v 25.071211 14.946692 13.149999
v 25.071211 14.946692 13.149999
v 25.155558 14.870244 13.149999
v 25.155558 14.870244 13.149999
v 25.155558 14.870244 13.149999
v 25.232006 14.785896 13.149999
v 25.232006 14.785896 13.149999
v 25.232006 14.785896 13.149999
v 25.232006 14.785896 13.149999
v 25.299818 14.694462 13.149999
v 25.299818 14.694462 13.149999
v 25.299818 14.694462 13.149999
v 25.358343 14.596821 13.149999
v 25.358343 14.596821 13.149999
v 25.358343 14.596821 13.149999
v 25.407015 14.493913 13.149999
v 25.407015 14.493913 13.149999
v 25.407015 14.493913 13.149999
v 25.445364 14.386730 13.149999
v 25.445364 14.386730 13.149999
v 25.445364 14.386730 13.149999
v 25.473024 14.276305 13.149999
v 25.473024 14.276305 13.149999
v 25.473024 14.276305 13.149999
v 25.489729 14.163700 13.149999
v 25.489729 14.163700 13.149999
v 25.489729 14.163700 13.149999
v 25.489729 14.163700 13.149999
v 25.495314 14.050000 13.149999
v 25.495314 14.050000 13.149999
v 25.495314 14.050000 13.149999
v 25.489729 13.936300 13.149999
v 25.489729 13.936300 13.149999
v 25.489729 13.936300 13.149999
v 25.473024 13.823695 13.149999
v 25.473024 13.823695 13.149999
v 25.473024 13.823695 13.149999
v 25.473024 13.823695 13.149999
v 25.445364 13.713270 13.149999
v 25.445364 13.713270 13.149999
v 25.445364 13.713270 13.149999
v 25.407015 13.606088 13.149999
v 25.407015 13.606088 13.149999
v 25.407015 13.606088 13.149999
v 25.358343 13.503180 13.149999
v 25.358343 13.503180 13.149999
v 25.358343 13.503180 13.149999
v 25.299818 13.405539 13.149999
v 25.299818 13.405539 13.149999
v 25.299818 13.405539 13.149999
v 25.232006 13.314104 13.149999
v 25.232006 13.314104 13.149999
v 25.232006 13.314104 13.149999
v 25.155558 13.229756 13.149999
v 25.155558 13.229756 13.149999
v 25.155558 13.229756 13.149999
v 25.155558 13.229756 13.149999
v 25.071211 13.153308 13.149999
v 25.071211 13.153308 13.149999
v 25.071211 13.153308 13.149999
v 24.979774 13.085495 13.149999
v 24.979774 13.085495 13.149999
v 24.979774 13.085495 13.149999
v 24.882133 13.026972 13.149999
v 24.882133 13.026972 13.149999
v 24.882133 13.026972 13.149999
v 24.779226 12.978300 13.149999
v 24.779226 12.978300 13.149999
v 24.779226 12.978300 13.149999
v 24.779226 12.978300 13.149999
v 24.672045 12.939949 13.149999
v 24.672045 12.939949 13.149999
v 24.672045 12.939949 13.149999
v 24.561619 12.912290 13.149999
v 24.561619 12.912290 13.149999
v 24.561619 12.912290 13.149999
v 24.449013 12.895586 13.149999
v 24.449013 12.895586 13.149999
v 24.449013 12.895586 13.149999
v 24.335314 12.890000 13.149999
v 24.335314 12.890000 13.149999
v 24.335314 12.890000 13.149999
v 24.221615 12.895586 13.149999
v 24.221615 12.895586 13.149999
v 24.221615 12.895586 13.149999
v 24.109009 12.912290 13.149999
v 24.109009 12.912290 13.149999
v 24.109009 12.912290 13.149999
v 23.998583 12.939949 13.149999
v 23.998583 12.939949 13.149999
v 23.998583 12.939949 13.149999
v 23.891401 12.978300 13.149999
v 23.891401 12.978300 13.149999
v 23.891401 12.978300 13.149999
v 23.788494 13.026972 13.149999
v 23.788494 13.026972 13.149999
v 23.788494 13.026972 13.149999
v 23.788494 13.026972 13.149999
v 23.690853 13.085495 13.149999
v 23.690853 13.085495 13.149999
v 23.690853 13.085495 13.149999
v 23.599417 13.153308 13.149999
v 23.599417 13.153308 13.149999
v 23.599417 13.153308 13.149999
v 23.515070 13.229756 13.149999
v 23.515070 13.229756 13.149999
v 23.515070 13.229756 13.149999
v 23.515070 13.229756 13.149999
v 23.438622 13.314104 13.149999
v 23.438622 13.314104 13.149999
v 23.438622 13.314104 13.149999
v 23.370810 13.405539 13.149999
v 23.370810 13.405539 13.149999
v 23.370810 13.405539 13.149999
v 23.312284 13.503180 13.149999
v 23.312284 13.503180 13.149999
v 23.312284 13.503180 13.149999
v 23.263613 13.606088 13.149999
v 23.263613 13.606088 13.149999
v 23.263613 13.606088 13.149999
v 23.225264 13.713270 13.149999
v 23.225264 13.713270 13.149999
v 23.225264 13.713270 13.149999
v 23.197603 13.823695 13.149999
v 23.197603 13.823695 13.149999
v 23.197603 13.823695 13.149999
v 23.197603 13.823695 13.149999
v 23.180899 13.936300 13.149999
v 23.180899 13.936300 13.149999
v 23.180899 13.936300 13.149999
v 23.175314 14.050000 13.149999
v 23.175314 14.050000 13.149999
v 23.175314 14.050000 13.149999
v 23.180899 14.163700 13.149999
v 23.180899 14.163700 13.149999
v 23.180899 14.163700 13.149999
v 23.180899 14.163700 13.149999
v 23.197603 14.276305 13.149999
v 23.197603 14.276305 13.149999
v 23.197603 14.276305 13.149999
v 23.225264 14.386730 13.149999
v 23.225264 14.386730 13.149999
v 23.225264 14.386730 13.149999
v 23.263613 14.493913 13.149999
v 23.263613 14.493913 13.149999
v 23.263613 14.493913 13.149999
v 23.312284 14.596821 13.149999
v 23.312284 14.596821 13.149999
v 23.312284 14.596821 13.149999
v 23.370810 14.694462 13.149999
v 23.370810 14.694462 13.149999
v 23.370810 14.694462 13.149999
v 23.438622 14.785896 13.149999
v 23.438622 14.785896 13.149999
v 23.438622 14.785896 13.149999
v 23.438622 14.785896 13.149999
v 23.515070 14.870244 13.149999
v 23.515070 14.870244 13.149999
v 23.515070 14.870244 13.149999
v 23.599417 14.946692 13.149999
v 23.599417 14.946692 13.149999
v 23.599417 14.946692 13.149999
v 23.690853 15.014505 13.149999
v 23.690853 15.014505 13.149999
v 23.690853 15.014505 13.149999
v 23.788494 15.073029 13.149999
v 23.788494 15.073029 13.149999
v 23.788494 15.073029 13.149999
v 23.788494 15.073029 13.149999
v 23.891401 15.121700 13.149999
v 23.891401 15.121700 13.149999
v 23.891401 15.121700 13.149999
v 23.998583 15.160051 13.149999
v 23.998583 15.160051 13.149999
v 23.998583 15.160051 13.149999
v 24.109009 15.187711 13.149999
v 24.109009 15.187711 13.149999
v 24.109009 15.187711 13.149999
v 24.221615 15.204414 13.149999
v 24.221615 15.204414 13.149999
v 24.221615 15.204414 13.149999
v 24.548990 16.219503 13.149999
v 24.548990 16.219503 13.149999
v 24.548990 16.219503 13.149999
v 24.335314 16.230000 13.149999
v 24.335314 16.230000 13.149999
v 24.335314 16.230000 13.149999
v 24.760611 16.188112 13.149999
v 24.760611 16.188112 13.149999
v 24.760611 16.188112 13.149999
v 24.968134 16.136131 13.149999
v 24.968134 16.136131 13.149999
v 24.968134 16.136131 13.149999
v 25.169563 16.064058 13.149999
v 25.169563 16.064058 13.149999
v 25.169563 16.064058 13.149999
v 25.362959 15.972589 13.149999
v 25.362959 15.972589 13.149999
v 25.362959 15.972589 13.149999
v 25.546457 15.862604 13.149999
v 25.546457 15.862604 13.149999
v 25.546457 15.862604 13.149999
v 25.718292 15.735163 13.149999
v 25.718292 15.735163 13.149999
v 25.718292 15.735163 13.149999
v 25.876806 15.591493 13.149999
v 25.876806 15.591493 13.149999
v 25.876806 15.591493 13.149999
v 25.876806 15.591493 13.149999
v 25.876806 15.591493 13.149999
v 25.876806 15.591493 13.149999
v 26.020477 15.432978 13.149999
v 26.020477 15.432978 13.149999
v 26.020477 15.432978 13.149999
v 26.147917 15.261144 13.149999
v 26.147917 15.261144 13.149999
v 26.147917 15.261144 13.149999
v 26.257902 15.077645 13.149999
v 26.257902 15.077645 13.149999
v 26.257902 15.077645 13.149999
v 26.257902 15.077645 13.149999
v 26.349371 14.884251 13.149999
v 26.349371 14.884251 13.149999
v 26.349371 14.884251 13.149999
v 26.349371 14.884251 13.149999
v 26.421444 14.682821 13.149999
v 26.421444 14.682821 13.149999
v 26.421444 14.682821 13.149999
v 26.421444 14.682821 13.149999
v 26.473425 14.475297 13.149999
v 26.473425 14.475297 13.149999
v 26.473425 14.475297 13.149999
v 26.504816 14.263678 13.149999
v 26.504816 14.263678 13.149999
v 26.504816 14.263678 13.149999
v 26.515314 14.050000 13.149999
v 26.515314 14.050000 13.149999
v 26.515314 14.050000 13.149999
v 26.515314 14.050000 13.149999
v 26.504816 13.836323 13.149999
v 26.504816 13.836323 13.149999
v 26.504816 13.836323 13.149999
v 26.473425 13.624703 13.149999
v 26.473425 13.624703 13.149999
v 26.473425 13.624703 13.149999
v 26.473425 13.624703 13.149999
v 26.421444 13.417179 13.149999
v 26.421444 13.417179 13.149999
v 26.421444 13.417179 13.149999
v 26.349371 13.215750 13.149999
v 26.349371 13.215750 13.149999
v 26.349371 13.215750 13.149999
v 26.349371 13.215750 13.149999
v 26.349371 13.215750 13.149999
v 26.257902 13.022355 13.149999
v 26.257902 13.022355 13.149999
v 26.257902 13.022355 13.149999
v 26.147917 12.838857 13.149999
v 26.147917 12.838857 13.149999
v 26.147917 12.838857 13.149999
v 26.020477 12.667023 13.149999
v 26.020477 12.667023 13.149999
v 26.020477 12.667023 13.149999
v 25.876806 12.508508 13.149999
v 25.876806 12.508508 13.149999
v 25.876806 12.508508 13.149999
v 25.876806 12.508508 13.149999
v 25.718292 12.364838 13.149999
v 25.718292 12.364838 13.149999
v 25.718292 12.364838 13.149999
v 25.546457 12.237396 13.149999
v 25.546457 12.237396 13.149999
v 25.546457 12.237396 13.149999
v 25.362959 12.127412 13.149999
v 25.362959 12.127412 13.149999
v 25.362959 12.127412 13.149999
v 25.169563 12.035943 13.149999
v 25.169563 12.035943 13.149999
v 25.169563 12.035943 13.149999
v 25.169563 12.035943 13.149999
v 24.968134 11.963870 13.149999
v 24.968134 11.963870 13.149999
v 24.968134 11.963870 13.149999
v 24.760611 11.911888 13.149999
v 24.760611 11.911888 13.149999
v 24.760611 11.911888 13.149999
v 24.548990 11.880497 13.149999
v 24.548990 11.880497 13.149999
v 24.548990 11.880497 13.149999
v 24.335314 11.870000 13.149999
v 24.335314 11.870000 13.149999
v 24.335314 11.870000 13.149999
v 24.121637 11.880497 13.149999
v 24.121637 11.880497 13.149999
v 24.121637 11.880497 13.149999
v 23.910017 11.911888 13.149999
v 23.910017 11.911888 13.149999
v 23.910017 11.911888 13.149999
v 23.702494 11.963870 13.149999
v 23.702494 11.963870 13.149999
v 23.702494 11.963870 13.149999
v 23.501064 12.035943 13.149999
v 23.501064 12.035943 13.149999
v 23.501064 12.035943 13.149999
v 23.501064 12.035943 13.149999
v 23.307669 12.127412 13.149999
v 23.307669 12.127412 13.149999
v 23.307669 12.127412 13.149999
v 23.124170 12.237396 13.149999
v 23.124170 12.237396 13.149999
v 23.124170 12.237396 13.149999
v 22.952335 12.364838 13.149999
v 22.952335 12.364838 13.149999
v 22.952335 12.364838 13.149999
v 22.793821 12.508508 13.149999
v 22.793821 12.508508 13.149999
v 22.793821 12.508508 13.149999
v 22.793821 12.508508 13.149999
v 22.650150 12.667023 13.149999
v 22.650150 12.667023 13.149999
v 22.650150 12.667023 13.149999
v 22.650150 12.667023 13.149999
v 22.522711 12.838857 13.149999
v 22.522711 12.838857 13.149999
v 22.522711 12.838857 13.149999
v 22.412725 13.022355 13.149999
v 22.412725 13.022355 13.149999
v 22.412725 13.022355 13.149999
v 22.412725 13.022355 13.149999
v 22.321257 13.215750 13.149999
v 22.321257 13.215750 13.149999
v 22.321257 13.215750 13.149999
v 22.249184 13.417179 13.149999
v 22.249184 13.417179 13.149999
v 22.249184 13.417179 13.149999
v 22.249184 13.417179 13.149999
v 22.197203 13.624703 13.149999
v 22.197203 13.624703 13.149999
v 22.197203 13.624703 13.149999
v 22.165812 13.836323 13.149999
v 22.165812 13.836323 13.149999
v 22.165812 13.836323 13.149999
v 22.155313 14.050000 13.149999
v 22.155313 14.050000 13.149999
v 22.155313 14.050000 13.149999
v 22.155313 14.050000 13.149999
v 22.165812 14.263678 13.149999
v 22.165812 14.263678 13.149999
v 22.165812 14.263678 13.149999
v 22.197203 14.475297 13.149999
v 22.197203 14.475297 13.149999
v 22.197203 14.475297 13.149999
v 22.197203 14.475297 13.149999
v 22.249184 14.682821 13.149999
v 22.249184 14.682821 13.149999
v 22.249184 14.682821 13.149999
v 22.321257 14.884251 13.149999
v 22.321257 14.884251 13.149999
v 22.321257 14.884251 13.149999
v 22.321257 14.884251 13.149999
v 22.412725 15.077645 13.149999
v 22.412725 15.077645 13.149999
v 22.412725 15.077645 13.149999
v 22.522711 15.261144 13.149999
v 22.522711 15.261144 13.149999
v 22.522711 15.261144 13.149999
v 22.650150 15.432978 13.149999
v 22.650150 15.432978 13.149999
v 22.650150 15.432978 13.149999
v 22.793821 15.591493 13.149999
v 22.793821 15.591493 13.149999
v 22.793821 15.591493 13.149999
v 22.793821 15.591493 13.149999
v 22.952335 15.735163 13.149999
v 22.952335 15.735163 13.149999
v 22.952335 15.735163 13.149999
v 22.952335 15.735163 13.149999
v 23.124170 15.862604 13.149999
v 23.124170 15.862604 13.149999
v 23.124170 15.862604 13.149999
v 23.307669 15.972589 13.149999
v 23.307669 15.972589 13.149999
v 23.307669 15.972589 13.149999
v 23.501064 16.064058 13.149999
v 23.501064 16.064058 13.149999
v 23.501064 16.064058 13.149999
v 23.702494 16.136131 13.149999
v 23.702494 16.136131 13.149999
v 23.702494 16.136131 13.149999
v 23.910017 16.188112 13.149999
v 23.910017 16.188112 13.149999
v 23.910017 16.188112 13.149999
v 24.121637 16.219503 13.149999
v 24.121637 16.219503 13.149999
v 24.121637 16.219503 13.149999
v -24.335314 15.210000 13.149999
v -24.335314 15.210000 13.149999
v -24.335314 15.210000 13.149999
v -24.221615 15.204414 13.149999
v -24.221615 15.204414 13.149999
v -24.221615 15.204414 13.149999
v -24.109009 15.187711 13.149999
v -24.109009 15.187711 13.149999
v -24.109009 15.187711 13.149999
v -23.998583 15.160051 13.149999
v -23.998583 15.160051 13.149999
v -23.998583 15.160051 13.149999
v -23.891401 15.121700 13.149999
v -23.891401 15.121700 13.149999
v -23.891401 15.121700 13.149999
v -23.891401 15.121700 13.149999
v -23.788494 15.073029 13.149999
v -23.788494 15.073029 13.149999
v -23.788494 15.073029 13.149999
v -23.690853 15.014505 13.149999
v -23.690853 15.014505 13.149999
v -23.690853 15.014505 13.149999
v -23.599417 14.946692 13.149999
v -23.599417 14.946692 13.149999
v -23.599417 14.946692 13.149999
v -23.515070 14.870244 13.149999
v -23.515070 14.870244 13.149999
v -23.515070 14.870244 13.149999
v -23.438622 14.785896 13.149999
v -23.438622 14.785896 13.149999
v -23.438622 14.785896 13.149999
v -23.438622 14.785896 13.149999
v -23.370810 14.694462 13.149999
v -23.370810 14.694462 13.149999
v -23.370810 14.694462 13.149999
v -23.312284 14.596821 13.149999
v -23.312284 14.596821 13.149999
v -23.312284 14.596821 13.149999
v -23.263613 14.493913 13.149999
v -23.263613 14.493913 13.149999
v -23.263613 14.493913 13.149999
v -23.225264 14.386730 13.149999
v -23.225264 14.386730 13.149999
v -23.225264 14.386730 13.149999
v -23.197603 14.276305 13.149999
v -23.197603 14.276305 13.149999
v -23.197603 14.276305 13.149999
v -23.180899 14.163700 13.149999
v -23.180899 14.163700 13.149999
v -23.180899 14.163700 13.149999
v -23.180899 14.163700 13.149999
v -23.175314 14.050000 13.149999
v -23.175314 14.050000 13.149999
v -23.175314 14.050000 13.149999
v -23.180899 13.936300 13.149999
v -23.180899 13.936300 13.149999
v -23.180899 13.936300 13.149999
v -23.197603 13.823695 13.149999
v -23.197603 13.823695 13.149999
v -23.197603 13.823695 13.149999
v -23.197603 13.823695 13.149999
v -23.225264 13.713270 13.149999
v -23.225264 13.713270 13.149999
v -23.225264 13.713270 13.149999
v -23.263613 13.606088 13.149999
v -23.263613 13.606088 13.149999
v -23.263613 13.606088 13.149999
v -23.312284 13.503180 13.149999
v -23.312284 13.503180 13.149999
v -23.312284 13.503180 13.149999
v -23.370810 13.405539 13.149999
v -23.370810 13.405539 13.149999
v -23.370810 13.405539 13.149999
v -23.438622 13.314104 13.149999
v -23.438622 13.314104 13.149999
v -23.438622 13.314104 13.149999
v -23.438622 13.314104 13.149999
v -23.515070 13.229756 13.149999
v -23.515070 13.229756 13.149999
v -23.515070 13.229756 13.149999
v -23.515070 13.229756 13.149999
v -23.515070 13.229756 13.149999
v -23.599417 13.153308 13.149999
v -23.599417 13.153308 13.149999
v -23.599417 13.153308 13.149999
v -23.690853 13.085495 13.149999
v -23.690853 13.085495 13.149999
v -23.690853 13.085495 13.149999
v -23.788494 13.026972 13.149999
v -23.788494 13.026972 13.149999
v -23.788494 13.026972 13.149999
v -23.891401 12.978300 13.149999
v -23.891401 12.978300 13.149999
v -23.891401 12.978300 13.149999
v -23.891401 12.978300 13.149999
v -23.998583 12.939949 13.149999
v -23.998583 12.939949 13.149999
v -23.998583 12.939949 13.149999
v -24.109009 12.912290 13.149999
v -24.109009 12.912290 13.149999
v -24.109009 12.912290 13.149999
v -24.221615 12.895586 13.149999
v -24.221615 12.895586 13.149999
v -24.221615 12.895586 13.149999
v -24.335314 12.890000 13.149999
v -24.335314 12.890000 13.149999
v -24.335314 12.890000 13.149999
v -24.449013 12.895586 13.149999
v -24.449013 12.895586 13.149999
v -24.449013 12.895586 13.149999
v -24.561619 12.912290 13.149999
v -24.561619 12.912290 13.149999
v -24.561619 12.912290 13.149999
v -24.672045 12.939949 13.149999
v -24.672045 12.939949 13.149999
v -24.672045 12.939949 13.149999
v -24.779226 12.978300 13.149999
v -24.779226 12.978300 13.149999
v -24.779226 12.978300 13.149999
v -24.882133 13.026972 13.149999
v -24.882133 13.026972 13.149999
v -24.882133 13.026972 13.149999
v -24.882133 13.026972 13.149999
v -24.979774 13.085495 13.149999
v -24.979774 13.085495 13.149999
v -24.979774 13.085495 13.149999
v -25.071211 13.153308 13.149999
v -25.071211 13.153308 13.149999
v -25.071211 13.153308 13.149999
v -25.155558 13.229756 13.149999
v -25.155558 13.229756 13.149999
v -25.155558 13.229756 13.149999
v -25.155558 13.229756 13.149999
v -25.232006 13.314104 13.149999
v -25.232006 13.314104 13.149999
v -25.232006 13.314104 13.149999
v -25.299818 13.405539 13.149999
v -25.299818 13.405539 13.149999
v -25.299818 13.405539 13.149999
v -25.358343 13.503180 13.149999
v -25.358343 13.503180 13.149999
v -25.358343 13.503180 13.149999
v -25.407015 13.606088 13.149999
v -25.407015 13.606088 13.149999
v -25.407015 13.606088 13.149999
v -25.407015 13.606088 13.149999
v -25.445364 13.713270 13.149999
v -25.445364 13.713270 13.149999
v -25.445364 13.713270 13.149999
v -25.473024 13.823695 13.149999
v -25.473024 13.823695 13.149999
v -25.473024 13.823695 13.149999
v -25.473024 13.823695 13.149999
v -25.489729 13.936300 13.149999
v -25.489729 13.936300 13.149999
v -25.489729 13.936300 13.149999
v -25.495314 14.050000 13.149999
v -25.495314 14.050000 13.149999
v -25.495314 14.050000 13.149999
v -25.489729 14.163700 13.149999
v -25.489729 14.163700 13.149999
v -25.489729 14.163700 13.149999
v -25.489729 14.163700 13.149999
v -25.473024 14.276305 13.149999
v -25.473024 14.276305 13.149999
v -25.473024 14.276305 13.149999
v -25.445364 14.386730 13.149999
v -25.445364 14.386730 13.149999
v -25.445364 14.386730 13.149999
v -25.407015 14.493913 13.149999
v -25.407015 14.493913 13.149999
v -25.407015 14.493913 13.149999
v -25.358343 14.596821 13.149999
v -25.358343 14.596821 13.149999
v -25.358343 14.596821 13.149999
v -25.299818 14.694462 13.149999
v -25.299818 14.694462 13.149999
v -25.299818 14.694462 13.149999
v -25.232006 14.785896 13.149999
v -25.232006 14.785896 13.149999
v -25.232006 14.785896 13.149999
v -25.232006 14.785896 13.149999
v -25.155558 14.870244 13.149999
v -25.155558 14.870244 13.149999
v -25.155558 14.870244 13.149999
v -25.071211 14.946692 13.149999
v -25.071211 14.946692 13.149999
v -25.071211 14.946692 13.149999
v -24.979774 15.014505 13.149999
v -24.979774 15.014505 13.149999
v -24.979774 15.014505 13.149999
v -24.882133 15.073029 13.149999
v -24.882133 15.073029 13.149999
v -24.882133 15.073029 13.149999
v -24.882133 15.073029 13.149999
v -24.779226 15.121700 13.149999
v -24.779226 15.121700 13.149999
v -24.779226 15.121700 13.149999
v -24.672045 15.160051 13.149999
v -24.672045 15.160051 13.149999
v -24.672045 15.160051 13.149999
v -24.561619 15.187711 13.149999
v -24.561619 15.187711 13.149999
v -24.561619 15.187711 13.149999
v -24.449013 15.204414 13.149999
v -24.449013 15.204414 13.149999
v -24.449013 15.204414 13.149999
v -24.121637 16.219503 13.149999
v -24.121637 16.219503 13.149999
v -24.121637 16.219503 13.149999
v -24.335314 16.230000 13.149999
v -24.335314 16.230000 13.149999
v -24.335314 16.230000 13.149999
v -23.910017 16.188112 13.149999
v -23.910017 16.188112 13.149999
v -23.910017 16.188112 13.149999
v -23.702494 16.136131 13.149999
v -23.702494 16.136131 13.149999
v -23.702494 16.136131 13.149999
v -23.501064 16.064058 13.149999
v -23.501064 16.064058 13.149999
v -23.501064 16.064058 13.149999
v -23.307669 15.972589 13.149999
v -23.307669 15.972589 13.149999
v -23.307669 15.972589 13.149999
v -23.124170 15.862604 13.149999
v -23.124170 15.862604 13.149999
v -23.124170 15.862604 13.149999
v -22.952335 15.735163 13.149999
v -22.952335 15.735163 13.149999
v -22.952335 15.735163 13.149999
v -22.793821 15.591493 13.149999
v -22.793821 15.591493 13.149999
v -22.793821 15.591493 13.149999
v -22.793821 15.591493 13.149999
v -22.650150 15.432978 13.149999
v -22.650150 15.432978 13.149999
v -22.650150 15.432978 13.149999
v -22.650150 15.432978 13.149999
v -22.522711 15.261144 13.149999
v -22.522711 15.261144 13.149999
v -22.522711 15.261144 13.149999
v -22.412725 15.077645 13.149999
v -22.412725 15.077645 13.149999
v -22.412725 15.077645 13.149999
v -22.412725 15.077645 13.149999
v -22.321257 14.884251 13.149999
v -22.321257 14.884251 13.149999
v -22.321257 14.884251 13.149999
v -22.249184 14.682821 13.149999
v -22.249184 14.682821 13.149999
v -22.249184 14.682821 13.149999
v -22.249184 14.682821 13.149999
v -22.197203 14.475297 13.149999
v -22.197203 14.475297 13.149999
v -22.197203 14.475297 13.149999
v -22.165812 14.263678 13.149999
v -22.165812 14.263678 13.149999
v -22.165812 14.263678 13.149999
v -22.155313 14.050000 13.149999
v -22.155313 14.050000 13.149999
v -22.155313 14.050000 13.149999
v -22.165812 13.836323 13.149999
v -22.165812 13.836323 13.149999
v -22.165812 13.836323 13.149999
v -22.197203 13.624703 13.149999
v -22.197203 13.624703 13.149999
v -22.197203 13.624703 13.149999
v -22.249184 13.417179 13.149999
v -22.249184 13.417179 13.149999
v -22.249184 13.417179 13.149999
v -22.249184 13.417179 13.149999
v -22.321257 13.215750 13.149999
v -22.321257 13.215750 13.149999
v -22.321257 13.215750 13.149999
v -22.412725 13.022355 13.149999
v -22.412725 13.022355 13.149999
v -22.412725 13.022355 13.149999
v -22.412725 13.022355 13.149999
v -22.522711 12.838857 13.149999
v -22.522711 12.838857 13.149999
v -22.522711 12.838857 13.149999
v -22.650150 12.667023 13.149999
v -22.650150 12.667023 13.149999
v -22.650150 12.667023 13.149999
v -22.650150 12.667023 13.149999
v -22.793821 12.508508 13.149999
v -22.793821 12.508508 13.149999
v -22.793821 12.508508 13.149999
v -22.793821 12.508508 13.149999
v -22.952335 12.364838 13.149999
v -22.952335 12.364838 13.149999
v -22.952335 12.364838 13.149999
v -22.952335 12.364838 13.149999
v -22.952335 12.364838 13.149999
v -23.124170 12.237396 13.149999
v -23.124170 12.237396 13.149999
v -23.124170 12.237396 13.149999
v -23.307669 12.127412 13.149999
v -23.307669 12.127412 13.149999
v -23.307669 12.127412 13.149999
v -23.307669 12.127412 13.149999
v -23.307669 12.127412 13.149999
v -23.501064 12.035943 13.149999
v -23.501064 12.035943 13.149999
v -23.501064 12.035943 13.149999
v -23.702494 11.963870 13.149999
v -23.702494 11.963870 13.149999
v -23.702494 11.963870 13.149999
v -23.702494 11.963870 13.149999
v -23.910017 11.911888 13.149999
v -23.910017 11.911888 13.149999
v -23.910017 11.911888 13.149999
v -24.121637 11.880497 13.149999
v -24.121637 11.880497 13.149999
v -24.121637 11.880497 13.149999
v -24.121637 11.880497 13.149999
v -24.335314 11.870000 13.149999
v -24.335314 11.870000 13.149999
v -24.335314 11.870000 13.149999
v -24.548990 11.880497 13.149999
v -24.548990 11.880497 13.149999
v -24.548990 11.880497 13.149999
v -24.760611 11.911888 13.149999
v -24.760611 11.911888 13.149999
v -24.760611 11.911888 13.149999
v -24.968134 11.963870 13.149999
v -24.968134 11.963870 13.149999
v -24.968134 11.963870 13.149999
v -25.169563 12.035943 13.149999
v -25.169563 12.035943 13.149999
v -25.169563 12.035943 13.149999
v -25.169563 12.035943 13.149999
v -25.362959 12.127412 13.149999
v -25.362959 12.127412 13.149999
v -25.362959 12.127412 13.149999
v -25.546457 12.237396 13.149999
v -25.546457 12.237396 13.149999
v -25.546457 12.237396 13.149999
v -25.718292 12.364838 13.149999
v -25.718292 12.364838 13.149999
v -25.718292 12.364838 13.149999
v -25.876806 12.508508 13.149999
v -25.876806 12.508508 13.149999
v -25.876806 12.508508 13.149999
v -26.020477 12.667023 13.149999
v -26.020477 12.667023 13.149999
v -26.020477 12.667023 13.149999
v -26.020477 12.667023 13.149999
v -26.147917 12.838857 13.149999
v -26.147917 12.838857 13.149999
v -26.147917 12.838857 13.149999
v -26.257902 13.022355 13.149999
v -26.257902 13.022355 13.149999
v -26.257902 13.022355 13.149999
v -26.349371 13.215750 13.149999
v -26.349371 13.215750 13.149999
v -26.349371 13.215750 13.149999
v -26.349371 13.215750 13.149999
v -26.349371 13.215750 13.149999
v -26.421444 13.417179 13.149999
v -26.421444 13.417179 13.149999
v -26.421444 13.417179 13.149999
v -26.473425 13.624703 13.149999
v -26.473425 13.624703 13.149999
v -26.473425 13.624703 13.149999
v -26.473425 13.624703 13.149999
v -26.504816 13.836323 13.149999
v -26.504816 13.836323 13.149999
v -26.504816 13.836323 13.149999
v -26.515314 14.050000 13.149999
v -26.515314 14.050000 13.149999
v -26.515314 14.050000 13.149999
v -26.515314 14.050000 13.149999
v -26.504816 14.263678 13.149999
v -26.504816 14.263678 13.149999
v -26.504816 14.263678 13.149999
v -26.473425 14.475297 13.149999
v -26.473425 14.475297 13.149999
v -26.473425 14.475297 13.149999
v -26.473425 14.475297 13.149999
v -26.421444 14.682821 13.149999
v -26.421444 14.682821 13.149999
v -26.421444 14.682821 13.149999
v -26.349371 14.884251 13.149999
v -26.349371 14.884251 13.149999
v -26.349371 14.884251 13.149999
v -26.349371 14.884251 13.149999
v -26.257902 15.077645 13.149999
v -26.257902 15.077645 13.149999
v -26.257902 15.077645 13.149999
v -26.257902 15.077645 13.149999
v -26.147917 15.261144 13.149999
v -26.147917 15.261144 13.149999
v -26.147917 15.261144 13.149999
v -26.020477 15.432978 13.149999
v -26.020477 15.432978 13.149999
v -26.020477 15.432978 13.149999
v -25.876806 15.591493 13.149999
v -25.876806 15.591493 13.149999
v -25.876806 15.591493 13.149999
v -25.876806 15.591493 13.149999
v -25.718292 15.735163 13.149999
v -25.718292 15.735163 13.149999
v -25.718292 15.735163 13.149999
v -25.718292 15.735163 13.149999
v -25.546457 15.862604 13.149999
v -25.546457 15.862604 13.149999
v -25.546457 15.862604 13.149999
v -25.362959 15.972589 13.149999
v -25.362959 15.972589 13.149999
v -25.362959 15.972589 13.149999
v -25.169563 16.064058 13.149999
v -25.169563 16.064058 13.149999
v -25.169563 16.064058 13.149999
v -24.968134 16.136131 13.149999
v -24.968134 16.136131 13.149999
v -24.968134 16.136131 13.149999
v -24.760611 16.188112 13.149999
v -24.760611 16.188112 13.149999
v -24.760611 16.188112 13.149999
v -24.548990 16.219503 13.149999
v -24.548990 16.219503 13.149999
v -24.548990 16.219503 13.149999
v 0.000000 -26.940001 13.149999
v 0.000000 -26.940001 13.149999
v 0.000000 -26.940001 13.149999
v 0.113700 -26.945585 13.149999
v 0.113700 -26.945585 13.149999
v 0.113700 -26.945585 13.149999
v 0.226305 -26.962290 13.149999
v 0.226305 -26.962290 13.149999
v 0.226305 -26.962290 13.149999
v 0.336730 -26.989950 13.149999
v 0.336730 -26.989950 13.149999
v 0.336730 -26.989950 13.149999
v 0.443913 -27.028299 13.149999
v 0.443913 -27.028299 13.149999
v 0.443913 -27.028299 13.149999
v 0.443913 -27.028299 13.149999
v 0.546820 -27.076971 13.149999
v 0.546820 -27.076971 13.149999
v 0.546820 -27.076971 13.149999
v 0.644461 -27.135496 13.149999
v 0.644461 -27.135496 13.149999
v 0.644461 -27.135496 13.149999
v 0.735896 -27.203308 13.149999
v 0.735896 -27.203308 13.149999
v 0.735896 -27.203308 13.149999
v 0.820244 -27.279757 13.149999
v 0.820244 -27.279757 13.149999
v 0.820244 -27.279757 13.149999
v 0.896692 -27.364103 13.149999
v 0.896692 -27.364103 13.149999
v 0.896692 -27.364103 13.149999
v 0.964505 -27.455540 13.149999
v 0.964505 -27.455540 13.149999
v 0.964505 -27.455540 13.149999
v 1.023029 -27.553181 13.149999
v 1.023029 -27.553181 13.149999
v 1.023029 -27.553181 13.149999
v 1.071700 -27.656088 13.149999
v 1.071700 -27.656088 13.149999
v 1.071700 -27.656088 13.149999
v 1.110051 -27.763269 13.149999
v 1.110051 -27.763269 13.149999
v 1.110051 -27.763269 13.149999
v 1.137711 -27.873695 13.149999
v 1.137711 -27.873695 13.149999
v 1.137711 -27.873695 13.149999
v 1.154414 -27.986301 13.149999
v 1.154414 -27.986301 13.149999
v 1.154414 -27.986301 13.149999
v 1.160000 -28.100000 13.149999
v 1.160000 -28.100000 13.149999
v 1.160000 -28.100000 13.149999
v 1.154414 -28.213699 13.149999
v 1.154414 -28.213699 13.149999
v 1.154414 -28.213699 13.149999
v 1.137711 -28.326305 13.149999
v 1.137711 -28.326305 13.149999
v 1.137711 -28.326305 13.149999
v 1.110051 -28.436731 13.149999
v 1.110051 -28.436731 13.149999
v 1.110051 -28.436731 13.149999
v 1.071700 -28.543913 13.149999
v 1.071700 -28.543913 13.149999
v 1.071700 -28.543913 13.149999
v 1.023029 -28.646820 13.149999
v 1.023029 -28.646820 13.149999
v 1.023029 -28.646820 13.149999
v 0.964505 -28.744461 13.149999
v 0.964505 -28.744461 13.149999
v 0.964505 -28.744461 13.149999
v 0.896692 -28.835897 13.149999
v 0.896692 -28.835897 13.149999
v 0.896692 -28.835897 13.149999
v 0.820244 -28.920244 13.149999
v 0.820244 -28.920244 13.149999
v 0.820244 -28.920244 13.149999
v 0.735896 -28.996693 13.149999
v 0.735896 -28.996693 13.149999
v 0.735896 -28.996693 13.149999
v 0.644461 -29.064505 13.149999
v 0.644461 -29.064505 13.149999
v 0.644461 -29.064505 13.149999
v 0.546820 -29.123030 13.149999
v 0.546820 -29.123030 13.149999
v 0.546820 -29.123030 13.149999
v 0.443913 -29.171701 13.149999
v 0.443913 -29.171701 13.149999
v 0.443913 -29.171701 13.149999
v 0.336730 -29.210051 13.149999
v 0.336730 -29.210051 13.149999
v 0.336730 -29.210051 13.149999
v 0.226305 -29.237711 13.149999
v 0.226305 -29.237711 13.149999
v 0.226305 -29.237711 13.149999
v 0.113700 -29.254416 13.149999
v 0.113700 -29.254416 13.149999
v 0.113700 -29.254416 13.149999
v 0.000000 -29.260000 13.149999
v 0.000000 -29.260000 13.149999
v 0.000000 -29.260000 13.149999
v -0.113700 -29.254416 13.149999
v -0.113700 -29.254416 13.149999
v -0.113700 -29.254416 13.149999
v -0.226305 -29.237711 13.149999
v -0.226305 -29.237711 13.149999
v -0.226305 -29.237711 13.149999
v -0.336730 -29.210051 13.149999
v -0.336730 -29.210051 13.149999
v -0.336730 -29.210051 13.149999
v -0.443913 -29.171701 13.149999
v -0.443913 -29.171701 13.149999
v -0.443913 -29.171701 13.149999
v -0.546820 -29.123030 13.149999
v -0.546820 -29.123030 13.149999
v -0.546820 -29.123030 13.149999
v -0.644461 -29.064505 13.149999
v -0.644461 -29.064505 13.149999
v -0.644461 -29.064505 13.149999
v -0.735896 -28.996693 13.149999
v -0.735896 -28.996693 13.149999
v -0.735896 -28.996693 13.149999
v -0.820244 -28.920244 13.149999
v -0.820244 -28.920244 13.149999
v -0.820244 -28.920244 13.149999
v -0.896692 -28.835897 13.149999
v -0.896692 -28.835897 13.149999
v -0.896692 -28.835897 13.149999
v -0.964505 -28.744461 13.149999
v -0.964505 -28.744461 13.149999
v -0.964505 -28.744461 13.149999
v -1.023029 -28.646820 13.149999
v -1.023029 -28.646820 13.149999
v -1.023029 -28.646820 13.149999
v -1.071700 -28.543913 13.149999
v -1.071700 -28.543913 13.149999
v -1.071700 -28.543913 13.149999
v -1.110051 -28.436731 13.149999
v -1.110051 -28.436731 13.149999
v -1.110051 -28.436731 13.149999
v -1.137711 -28.326305 13.149999
v -1.137711 -28.326305 13.149999
v -1.137711 -28.326305 13.149999
v -1.154414 -28.213699 13.149999
v -1.154414 -28.213699 13.149999
v -1.154414 -28.213699 13.149999
v -1.160000 -28.100000 13.149999
v -1.160000 -28.100000 13.149999
v -1.160000 -28.100000 13.149999
v -1.154414 -27.986301 13.149999
v -1.154414 -27.986301 13.149999
v -1.154414 -27.986301 13.149999
v -1.137711 -27.873695 13.149999
v -1.137711 -27.873695 13.149999
v -1.137711 -27.873695 13.149999
v -1.110051 -27.763269 13.149999
v -1.110051 -27.763269 13.149999
v -1.110051 -27.763269 13.149999
v -1.071700 -27.656088 13.149999
v -1.071700 -27.656088 13.149999
v -1.071700 -27.656088 13.149999
v -1.023029 -27.553181 13.149999
v -1.023029 -27.553181 13.149999
v -1.023029 -27.553181 13.149999
v -0.964505 -27.455540 13.149999
v -0.964505 -27.455540 13.149999
v -0.964505 -27.455540 13.149999
v -0.896692 -27.364103 13.149999
v -0.896692 -27.364103 13.149999
v -0.896692 -27.364103 13.149999
v -0.820244 -27.279757 13.149999
v -0.820244 -27.279757 13.149999
v -0.820244 -27.279757 13.149999
v -0.735896 -27.203308 13.149999
v -0.735896 -27.203308 13.149999
v -0.735896 -27.203308 13.149999
v -0.644461 -27.135496 13.149999
v -0.644461 -27.135496 13.149999
v -0.644461 -27.135496 13.149999
v -0.546820 -27.076971 13.149999
v -0.546820 -27.076971 13.149999
v -0.546820 -27.076971 13.149999
v -0.443913 -27.028299 13.149999
v -0.443913 -27.028299 13.149999
v -0.443913 -27.028299 13.149999
v -0.336730 -26.989950 13.149999
v -0.336730 -26.989950 13.149999
v -0.336730 -26.989950 13.149999
v -0.226305 -26.962290 13.149999
v -0.226305 -26.962290 13.149999
v -0.226305 -26.962290 13.149999
v -0.113700 -26.945585 13.149999
v -0.113700 -26.945585 13.149999
v -0.113700 -26.945585 13.149999
v 0.213677 -25.930498 13.149999
v 0.213677 -25.930498 13.149999
v 0.213677 -25.930498 13.149999
v 0.000000 -25.920000 13.149999
v 0.000000 -25.920000 13.149999
v 0.000000 -25.920000 13.149999
v 0.425297 -25.961889 13.149999
v 0.425297 -25.961889 13.149999
v 0.425297 -25.961889 13.149999
v 0.632821 -26.013870 13.149999
v 0.632821 -26.013870 13.149999
v 0.632821 -26.013870 13.149999
v 0.834250 -26.085943 13.149999
v 0.834250 -26.085943 13.149999
v 0.834250 -26.085943 13.149999
v 0.834250 -26.085943 13.149999
v 1.027645 -26.177412 13.149999
v 1.027645 -26.177412 13.149999
v 1.027645 -26.177412 13.149999
v 1.211143 -26.287397 13.149999
v 1.211143 -26.287397 13.149999
v 1.211143 -26.287397 13.149999
v 1.211143 -26.287397 13.149999
v 1.211143 -26.287397 13.149999
v 1.382977 -26.414837 13.149999
v 1.382977 -26.414837 13.149999
v 1.382977 -26.414837 13.149999
v 1.541493 -26.558508 13.149999
v 1.541493 -26.558508 13.149999
v 1.541493 -26.558508 13.149999
v 1.541493 -26.558508 13.149999
v 1.685163 -26.717022 13.149999
v 1.685163 -26.717022 13.149999
v 1.685163 -26.717022 13.149999
v 1.812604 -26.888857 13.149999
v 1.812604 -26.888857 13.149999
v 1.812604 -26.888857 13.149999
v 1.812604 -26.888857 13.149999
v 1.922588 -27.072355 13.149999
v 1.922588 -27.072355 13.149999
v 1.922588 -27.072355 13.149999
v 2.014057 -27.265751 13.149999
v 2.014057 -27.265751 13.149999
v 2.014057 -27.265751 13.149999
v 2.014057 -27.265751 13.149999
v 2.086130 -27.467180 13.149999
v 2.086130 -27.467180 13.149999
v 2.086130 -27.467180 13.149999
v 2.138112 -27.674704 13.149999
v 2.138112 -27.674704 13.149999
v 2.138112 -27.674704 13.149999
v 2.138112 -27.674704 13.149999
v 2.169503 -27.886324 13.149999
v 2.169503 -27.886324 13.149999
v 2.169503 -27.886324 13.149999
v 2.180000 -28.100000 13.149999
v 2.180000 -28.100000 13.149999
v 2.180000 -28.100000 13.149999
v 2.180000 -28.100000 13.149999
v 2.169503 -28.313677 13.149999
v 2.169503 -28.313677 13.149999
v 2.169503 -28.313677 13.149999
v 2.138112 -28.525297 13.149999
v 2.138112 -28.525297 13.149999
v 2.138112 -28.525297 13.149999
v 2.138112 -28.525297 13.149999
v 2.086130 -28.732821 13.149999
v 2.086130 -28.732821 13.149999
v 2.086130 -28.732821 13.149999
v 2.014057 -28.934250 13.149999
v 2.014057 -28.934250 13.149999
v 2.014057 -28.934250 13.149999
v 2.014057 -28.934250 13.149999
v 1.922588 -29.127645 13.149999
v 1.922588 -29.127645 13.149999
v 1.922588 -29.127645 13.149999
v 1.922588 -29.127645 13.149999
v 1.812604 -29.311144 13.149999
v 1.812604 -29.311144 13.149999
v 1.812604 -29.311144 13.149999
v 1.812604 -29.311144 13.149999
v 1.685163 -29.482979 13.149999
v 1.685163 -29.482979 13.149999
v 1.685163 -29.482979 13.149999
v 1.541493 -29.641493 13.149999
v 1.541493 -29.641493 13.149999
v 1.541493 -29.641493 13.149999
v 1.541493 -29.641493 13.149999
v 1.382977 -29.785164 13.149999
v 1.382977 -29.785164 13.149999
v 1.382977 -29.785164 13.149999
v 1.211143 -29.912603 13.149999
v 1.211143 -29.912603 13.149999
v 1.211143 -29.912603 13.149999
v 1.211143 -29.912603 13.149999
v 1.211143 -29.912603 13.149999
v 1.027645 -30.022589 13.149999
v 1.027645 -30.022589 13.149999
v 1.027645 -30.022589 13.149999
v 0.834250 -30.114058 13.149999
v 0.834250 -30.114058 13.149999
v 0.834250 -30.114058 13.149999
v 0.834250 -30.114058 13.149999
v 0.632821 -30.186131 13.149999
v 0.632821 -30.186131 13.149999
v 0.632821 -30.186131 13.149999
v 0.425297 -30.238111 13.149999
v 0.425297 -30.238111 13.149999
v 0.425297 -30.238111 13.149999
v 0.213677 -30.269503 13.149999
v 0.213677 -30.269503 13.149999
v 0.213677 -30.269503 13.149999
v 0.000000 -30.280001 13.149999
v 0.000000 -30.280001 13.149999
v 0.000000 -30.280001 13.149999
v -0.213677 -30.269503 13.149999
v -0.213677 -30.269503 13.149999
v -0.213677 -30.269503 13.149999
v -0.425297 -30.238111 13.149999
v -0.425297 -30.238111 13.149999
v -0.425297 -30.238111 13.149999
v -0.632821 -30.186131 13.149999
v -0.632821 -30.186131 13.149999
v -0.632821 -30.186131 13.149999
v -0.834250 -30.114058 13.149999
v -0.834250 -30.114058 13.149999
v -0.834250 -30.114058 13.149999
v -0.834250 -30.114058 13.149999
v -1.027645 -30.022589 13.149999
v -1.027645 -30.022589 13.149999
v -1.027645 -30.022589 13.149999
v -1.211143 -29.912603 13.149999
v -1.211143 -29.912603 13.149999
v -1.211143 -29.912603 13.149999
v -1.211143 -29.912603 13.149999
v -1.211143 -29.912603 13.149999
v -1.382977 -29.785164 13.149999
v -1.382977 -29.785164 13.149999
v -1.382977 -29.785164 13.149999
v -1.541493 -29.641493 13.149999
v -1.541493 -29.641493 13.149999
v -1.541493 -29.641493 13.149999
v -1.541493 -29.641493 13.149999
v -1.685163 -29.482979 13.149999
v -1.685163 -29.482979 13.149999
v -1.685163 -29.482979 13.149999
v -1.812604 -29.311144 13.149999
v -1.812604 -29.311144 13.149999
v -1.812604 -29.311144 13.149999
v -1.812604 -29.311144 13.149999
v -1.922588 -29.127645 13.149999
v -1.922588 -29.127645 13.149999
v -1.922588 -29.127645 13.149999
v -2.014057 -28.934250 13.149999
v -2.014057 -28.934250 13.149999
v -2.014057 -28.934250 13.149999
v -2.014057 -28.934250 13.149999
v -2.086130 -28.732821 13.149999
v -2.086130 -28.732821 13.149999
v -2.086130 -28.732821 13.149999
v -2.138112 -28.525297 13.149999
v -2.138112 -28.525297 13.149999
v -2.138112 -28.525297 13.149999
v -2.138112 -28.525297 13.149999
v -2.169503 -28.313677 13.149999
v -2.169503 -28.313677 13.149999
v -2.169503 -28.313677 13.149999
v -2.180000 -28.100000 13.149999
v -2.180000 -28.100000 13.149999
v -2.180000 -28.100000 13.149999
v -2.180000 -28.100000 13.149999
v -2.169503 -27.886324 13.149999
v -2.169503 -27.886324 13.149999
v -2.169503 -27.886324 13.149999
v -2.138112 -27.674704 13.149999
v -2.138112 -27.674704 13.149999
v -2.138112 -27.674704 13.149999
v -2.138112 -27.674704 13.149999
v -2.086130 -27.467180 13.149999
v -2.086130 -27.467180 13.149999
v -2.086130 -27.467180 13.149999
v -2.014057 -27.265751 13.149999
v -2.014057 -27.265751 13.149999
v -2.014057 -27.265751 13.149999
v -2.014057 -27.265751 13.149999
v -1.922588 -27.072355 13.149999
v -1.922588 -27.072355 13.149999
v -1.922588 -27.072355 13.149999
v -1.812604 -26.888857 13.149999
v -1.812604 -26.888857 13.149999
v -1.812604 -26.888857 13.149999
v -1.812604 -26.888857 13.149999
v -1.685163 -26.717022 13.149999
v -1.685163 -26.717022 13.149999
v -1.685163 -26.717022 13.149999
v -1.541493 -26.558508 13.149999
v -1.541493 -26.558508 13.149999
v -1.541493 -26.558508 13.149999
v -1.541493 -26.558508 13.149999
v -1.382977 -26.414837 13.149999
v -1.382977 -26.414837 13.149999
v -1.382977 -26.414837 13.149999
v -1.211143 -26.287397 13.149999
v -1.211143 -26.287397 13.149999
v -1.211143 -26.287397 13.149999
v -1.211143 -26.287397 13.149999
v -1.211143 -26.287397 13.149999
v -1.027645 -26.177412 13.149999
v -1.027645 -26.177412 13.149999
v -1.027645 -26.177412 13.149999
v -0.834250 -26.085943 13.149999
v -0.834250 -26.085943 13.149999
v -0.834250 -26.085943 13.149999
v -0.834250 -26.085943 13.149999
v -0.632821 -26.013870 13.149999
v -0.632821 -26.013870 13.149999
v -0.632821 -26.013870 13.149999
v -0.425297 -25.961889 13.149999
v -0.425297 -25.961889 13.149999
v -0.425297 -25.961889 13.149999
v -0.213677 -25.930498 13.149999
v -0.213677 -25.930498 13.149999
v -0.213677 -25.930498 13.149999
vn 0.0164 0.9999 -0.0000
vn 0.0491 0.9988 -0.0000
vn 0.0817 0.9967 -0.0000
vn 0.1143 0.9934 -0.0000
vn 0.1467 0.9892 -0.0000
vn 0.1790 0.9838 -0.0000
vn 0.2111 0.9775 -0.0000
vn 0.2430 0.9700 -0.0000
vn 0.2746 0.9616 -0.0000
vn 0.3059 0.9521 -0.0000
vn 0.3369 0.9415 -0.0000
vn 0.3675 0.9300 -0.0000
vn 0.3977 0.9175 -0.0000
vn 0.4276 0.9040 -0.0000
vn 0.4569 0.8895 -0.0000
vn 0.4858 0.8741 -0.0000
vn 0.5141 0.8577 -0.0000
vn 0.5419 0.8404 -0.0000
vn 0.5691 0.8223 -0.0000
vn 0.5957 0.8032 -0.0000
vn 0.6217 0.7833 -0.0000
vn 0.6470 0.7625 -0.0000
vn 0.6716 0.7409 -0.0000
vn 0.6716 0.7410 -0.0000
vn 0.6954 0.7186 -0.0000
vn 0.7186 0.6954 -0.0000
vn 0.7409 0.6716 -0.0000
vn 0.7410 0.6716 -0.0000
vn 0.7625 0.6470 -0.0000
vn 0.7833 0.6217 -0.0000
vn 0.8032 0.5957 -0.0000
vn 0.8223 0.5691 -0.0000
vn 0.8404 0.5419 -0.0000
vn 0.8405 0.5419 -0.0000
vn 0.8577 0.5141 -0.0000
vn 0.8741 0.4858 -0.0000
vn 0.8895 0.4569 -0.0000
vn 0.9040 0.4276 -0.0000
vn 0.9175 0.3977 -0.0000
vn 0.9175 0.3978 -0.0000
vn 0.9300 0.3675 -0.0000
vn 0.9415 0.3369 -0.0000
vn 0.9521 0.3059 -0.0000
vn 0.9616 0.2746 -0.0000
vn 0.9700 0.2430 -0.0000
vn 0.9775 0.2111 -0.0000
vn 0.9838 0.1790 -0.0000
vn 0.9892 0.1467 -0.0000
vn 0.9934 0.1143 -0.0000
vn 0.9967 0.0817 -0.0000
vn 0.9988 0.0491 -0.0000
vn 0.9999 0.0164 -0.0000
vn 0.9999 -0.0164 -0.0000
vn 0.9988 -0.0491 -0.0000
vn 0.9967 -0.0817 -0.0000
vn 0.9934 -0.1143 -0.0000
vn 0.9892 -0.1467 -0.0000
vn 0.9838 -0.1790 -0.0000
vn 0.9775 -0.2111 -0.0000
vn 0.9700 -0.2430 -0.0000
vn 0.9616 -0.2746 -0.0000
vn 0.9521 -0.3059 -0.0000
vn 0.9415 -0.3369 -0.0000
vn 0.9300 -0.3675 -0.0000
vn 0.9175 -0.3977 -0.0000
vn 0.9175 -0.3978 -0.0000
vn 0.9040 -0.4276 -0.0000
vn 0.8895 -0.4569 -0.0000
vn 0.8741 -0.4858 -0.0000
vn 0.8577 -0.5141 -0.0000
vn 0.8404 -0.5419 -0.0000
vn 0.8405 -0.5419 -0.0000
vn 0.8223 -0.5691 -0.0000
vn 0.8032 -0.5957 -0.0000
vn 0.7833 -0.6217 -0.0000
vn 0.7625 -0.6470 -0.0000
vn 0.7410 -0.6716 -0.0000
vn 0.7409 -0.6716 -0.0000
vn 0.7186 -0.6954 -0.0000
vn 0.6954 -0.7186 -0.0000
vn 0.6716 -0.7410 -0.0000
vn 0.6716 -0.7409 -0.0000
vn 0.6470 -0.7625 -0.0000
vn 0.6217 -0.7833 -0.0000
vn 0.5957 -0.8032 -0.0000
vn 0.5691 -0.8223 -0.0000
vn 0.5419 -0.8404 -0.0000
vn 0.5141 -0.8577 -0.0000
vn 0.4858 -0.8741 -0.0000
vn 0.4569 -0.8895 -0.0000
vn 0.4276 -0.9040 -0.0000
vn 0.3977 -0.9175 -0.0000
vn 0.3675 -0.9300 -0.0000
vn 0.3369 -0.9415 -0.0000
vn 0.3059 -0.9521 -0.0000
vn 0.2746 -0.9616 -0.0000
vn 0.2430 -0.9700 -0.0000
vn 0.2111 -0.9775 -0.0000
vn 0.1790 -0.9838 -0.0000
vn 0.1467 -0.9892 -0.0000
vn 0.1143 -0.9934 -0.0000
vn 0.0817 -0.9967 -0.0000
vn 0.0491 -0.9988 -0.0000
vn 0.0164 -0.9999 -0.0000
vn -0.0164 -0.9999 -0.0000
vn -0.0491 -0.9988 -0.0000
vn -0.0817 -0.9967 -0.0000
vn -0.1143 -0.9934 -0.0000
vn -0.1467 -0.9892 -0.0000
vn -0.1790 -0.9838 -0.0000
vn -0.2111 -0.9775 -0.0000
vn -0.2430 -0.9700 -0.0000
vn -0.2746 -0.9616 -0.0000
vn -0.3059 -0.9521 -0.0000
vn -0.3369 -0.9415 -0.0000
vn -0.3675 -0.9300 -0.0000
vn -0.3977 -0.9175 -0.0000
vn -0.4276 -0.9040 -0.0000
vn -0.4569 -0.8895 -0.0000
vn -0.4858 -0.8741 -0.0000
vn -0.5141 -0.8577 -0.0000
vn -0.5419 -0.8404 -0.0000
vn -0.5691 -0.8223 -0.0000
vn -0.5957 -0.8032 -0.0000
vn -0.6217 -0.7833 -0.0000
vn -0.6470 -0.7625 -0.0000
vn -0.6716 -0.7409 -0.0000
vn -0.6716 -0.7410 -0.0000
vn -0.6954 -0.7186 -0.0000
vn -0.7186 -0.6954 -0.0000
vn -0.7409 -0.6716 -0.0000
vn -0.7410 -0.6716 -0.0000
vn -0.7625 -0.6470 -0.0000
vn -0.7833 -0.6217 -0.0000
vn -0.8032 -0.5957 -0.0000
vn -0.8223 -0.5691 -0.0000
vn -0.8405 -0.5419 -0.0000
vn -0.8404 -0.5419 -0.0000
vn -0.8577 -0.5141 -0.0000
vn -0.8741 -0.4858 -0.0000
vn -0.8895 -0.4569 -0.0000
vn -0.9040 -0.4276 -0.0000
vn -0.9175 -0.3977 -0.0000
vn -0.9175 -0.3978 -0.0000
vn -0.9300 -0.3675 -0.0000
vn -0.9415 -0.3369 -0.0000
vn -0.9521 -0.3059 -0.0000
vn -0.9616 -0.2746 -0.0000
vn -0.9700 -0.2430 -0.0000
vn -0.9775 -0.2111 -0.0000
vn -0.9838 -0.1790 -0.0000
vn -0.9892 -0.1467 -0.0000
vn -0.9934 -0.1143 -0.0000
vn -0.9967 -0.0817 -0.0000
vn -0.9988 -0.0491 -0.0000
vn -0.9999 -0.0164 -0.0000
vn -0.9999 0.0164 -0.0000
vn -0.9988 0.0491 -0.0000
vn -0.9967 0.0817 -0.0000
vn -0.9934 0.1143 -0.0000
vn -0.9892 0.1467 -0.0000
vn -0.9838 0.1790 -0.0000
vn -0.9775 0.2111 -0.0000
vn -0.9700 0.2430 -0.0000
vn -0.9616 0.2746 -0.0000
vn -0.9521 0.3059 -0.0000
vn -0.9415 0.3369 -0.0000
vn -0.9300 0.3675 -0.0000
vn -0.9175 0.3977 -0.0000
vn -0.9175 0.3978 -0.0000
vn -0.9040 0.4276 -0.0000
vn -0.8895 0.4569 -0.0000
vn -0.8741 0.4858 -0.0000
vn -0.8577 0.5141 -0.0000
vn -0.8405 0.5419 -0.0000
vn -0.8404 0.5419 -0.0000
vn -0.8223 0.5691 -0.0000
vn -0.8032 0.5957 -0.0000
vn -0.7833 0.6217 -0.0000
vn -0.7625 0.6470 -0.0000
vn -0.7410 0.6716 -0.0000
vn -0.7409 0.6716 -0.0000
vn -0.7186 0.6954 -0.0000
vn -0.6954 0.7186 -0.0000
vn -0.6716 0.7410 -0.0000
vn -0.6716 0.7409 -0.0000
vn -0.6470 0.7625 -0.0000
vn -0.6217 0.7833 -0.0000
vn -0.5957 0.8032 -0.0000
vn -0.5691 0.8223 -0.0000
vn -0.5419 0.8404 -0.0000
vn -0.5141 0.8577 -0.0000
vn -0.4858 0.8741 -0.0000
vn -0.4569 0.8895 -0.0000
vn -0.4276 0.9040 -0.0000
vn -0.3977 0.9175 -0.0000
vn -0.3675 0.9300 -0.0000
vn -0.3369 0.9415 -0.0000
vn -0.3059 0.9521 -0.0000
vn -0.2746 0.9616 -0.0000
vn -0.2430 0.9700 -0.0000
vn -0.2111 0.9775 -0.0000
vn -0.1790 0.9838 -0.0000
vn -0.1467 0.9892 -0.0000
vn -0.1143 0.9934 -0.0000
vn -0.0817 0.9967 -0.0000
vn -0.0005 -0.0000 -1.0000
vn -0.0000 -0.0000 -1.0000
vn -0.0001 -0.0000 -1.0000
vn 0.0001 -0.0000 -1.0000
vn 0.0004 -0.0000 -1.0000
vn -0.0491 0.9988 -0.0000
vn -0.0164 0.9999 -0.0000
vn -0.0000 -0.0000 1.0000
vn -0.0001 -0.0000 1.0000
vn 0.0001 -0.0000 1.0000
vn 0.0003 -0.0000 1.0000
vn -0.0005 -0.0000 1.0000
vn -0.0004 -0.0000 1.0000
vn 0.0002 -0.0000 1.0000
vn 1.0000 -0.0000 -0.0000
vn -1.0000 -0.0000 -0.0000
vn -0.0327 -0.9995 -0.0000
vn -0.0980 -0.9952 -0.0000
vn -0.1629 -0.9866 -0.0000
vn -0.2271 -0.9739 -0.0000
vn -0.2903 -0.9569 -0.0000
vn -0.3523 -0.9359 -0.0000
vn -0.3522 -0.9359 -0.0000
vn -0.4127 -0.9109 -0.0000
vn -0.4714 -0.8819 -0.0000
vn -0.5281 -0.8492 -0.0000
vn -0.5825 -0.8128 -0.0000
vn -0.6344 -0.7730 -0.0000
vn -0.6836 -0.7299 -0.0000
vn -0.7299 -0.6836 -0.0000
vn -0.7730 -0.6344 -0.0000
vn -0.8128 -0.5825 -0.0000
vn -0.8492 -0.5281 -0.0000
vn -0.8819 -0.4714 -0.0000
vn -0.9109 -0.4127 -0.0000
vn -0.9359 -0.3522 -0.0000
vn -0.9359 -0.3523 -0.0000
vn -0.9569 -0.2903 -0.0000
vn -0.9739 -0.2271 -0.0000
vn -0.9866 -0.1629 -0.0000
vn -0.9952 -0.0980 -0.0000
vn -0.9995 -0.0327 -0.0000
vn -0.9995 0.0327 -0.0000
vn -0.9952 0.0980 -0.0000
vn -0.9866 0.1629 -0.0000
vn -0.9739 0.2271 -0.0000
vn -0.9569 0.2903 -0.0000
vn -0.9359 0.3523 -0.0000
vn -0.9359 0.3522 -0.0000
vn -0.9109 0.4127 -0.0000
vn -0.8819 0.4714 -0.0000
vn -0.8492 0.5281 -0.0000
vn -0.8128 0.5825 -0.0000
vn -0.7730 0.6344 -0.0000
vn -0.7299 0.6836 -0.0000
vn -0.6836 0.7299 -0.0000
vn -0.6344 0.7730 -0.0000
vn -0.5825 0.8128 -0.0000
vn -0.5281 0.8492 -0.0000
vn -0.4714 0.8819 -0.0000
vn -0.4127 0.9109 -0.0000
vn -0.3522 0.9359 -0.0000
vn -0.3523 0.9359 -0.0000
vn -0.2903 0.9569 -0.0000
vn -0.2271 0.9739 -0.0000
vn -0.1629 0.9866 -0.0000
vn -0.0980 0.9952 -0.0000
vn -0.0327 0.9995 -0.0000
vn 0.0327 0.9995 -0.0000
vn 0.0980 0.9952 -0.0000
vn 0.1629 0.9866 -0.0000
vn 0.2271 0.9739 -0.0000
vn 0.2903 0.9569 -0.0000
vn 0.3522 0.9359 -0.0000
vn 0.3523 0.9359 -0.0000
vn 0.4127 0.9109 -0.0000
vn 0.4714 0.8819 -0.0000
vn 0.5281 0.8492 -0.0000
vn 0.5825 0.8128 -0.0000
vn 0.6344 0.7730 -0.0000
vn 0.6836 0.7299 -0.0000
vn 0.7299 0.6836 -0.0000
vn 0.7730 0.6344 -0.0000
vn 0.8128 0.5825 -0.0000
vn 0.8492 0.5281 -0.0000
vn 0.8819 0.4714 -0.0000
vn 0.9109 0.4127 -0.0000
vn 0.9359 0.3522 -0.0000
vn 0.9359 0.3523 -0.0000
vn 0.9569 0.2903 -0.0000
vn 0.9739 0.2271 -0.0000
vn 0.9866 0.1629 -0.0000
vn 0.9952 0.0980 -0.0000
vn 0.9995 0.0327 -0.0000
vn 0.9995 -0.0327 -0.0000
vn 0.9952 -0.0980 -0.0000
vn 0.9866 -0.1629 -0.0000
vn 0.9739 -0.2271 -0.0000
vn 0.9569 -0.2903 -0.0000
vn 0.9359 -0.3523 -0.0000
vn 0.9359 -0.3522 -0.0000
vn 0.9109 -0.4127 -0.0000
vn 0.8819 -0.4714 -0.0000
vn 0.8492 -0.5281 -0.0000
vn 0.8128 -0.5825 -0.0000
vn 0.7730 -0.6344 -0.0000
vn 0.7299 -0.6836 -0.0000
vn 0.6836 -0.7299 -0.0000
vn 0.6344 -0.7730 -0.0000
vn 0.5825 -0.8128 -0.0000
vn 0.5281 -0.8492 -0.0000
vn 0.4714 -0.8819 -0.0000
vn 0.4127 -0.9109 -0.0000
vn 0.3523 -0.9359 -0.0000
vn 0.3522 -0.9359 -0.0000
vn 0.2903 -0.9569 -0.0000
vn 0.2271 -0.9739 -0.0000
vn 0.1629 -0.9866 -0.0000
vn 0.0980 -0.9952 -0.0000
vn 0.0327 -0.9995 -0.0000
vn 0.0002 -0.0000 -1.0000
vn -0.0002 -0.0000 -1.0000
vn -0.0002 -0.0000 1.0000
vn -0.4275 -0.9040 -0.0000
vn -0.7410 -0.6715 -0.0000
vn -0.9892 -0.1468 -0.0000
vn -0.9892 0.1468 -0.0000
vn -0.7410 0.6715 -0.0000
vn -0.4275 0.9040 -0.0000
vn 0.4275 0.9040 -0.0000
vn 0.7410 0.6715 -0.0000
vn 0.9892 0.1468 -0.0000
vn 0.9892 -0.1468 -0.0000
vn 0.7410 -0.6715 -0.0000
vn 0.4275 -0.9040 -0.0000
vn -0.6711 -0.7414 -0.0000
vn -0.9040 -0.4275 -0.0000
vn -0.9040 0.4275 -0.0000
vn 0.9040 0.4275 -0.0000
vn 0.9040 -0.4275 -0.0000
vn 0.6721 -0.7404 0.0001
vn -0.3369 -0.9416 -0.0000
s 0
f 2//1 5//1 8//1
f 2//1 8//1 11//1
f 14//1 17//1 20//1
f 14//1 20//1 23//1
f 12//2 9//2 26//2
f 12//2 26//2 29//2
f 32//2 35//2 18//2
f 32//2 18//2 15//2
s 1
f 30//3 27//3 38//3
s 0
f 30//3 38//3 41//3
f 44//3 47//3 36//3
f 44//3 36//3 33//3
f 42//4 39//4 50//4
f 42//4 50//4 53//4
f 56//4 59//4 48//4
f 56//4 48//4 45//4
f 51//5 62//5 65//5
f 51//5 65//5 54//5
f 68//5 71//5 60//5
f 68//5 60//5 57//5
f 66//6 63//6 74//6
f 66//6 74//6 77//6
f 80//6 83//6 72//6
f 80//6 72//6 69//6
f 75//7 86//7 89//7
f 75//7 89//7 78//7
f 92//7 95//7 84//7
f 92//7 84//7 81//7
f 87//8 98//8 101//8
f 87//8 101//8 90//8
f 104//8 107//8 96//8
f 104//8 96//8 93//8
f 99//9 110//9 113//9
f 99//9 113//9 102//9
f 116//9 119//9 108//9
f 116//9 108//9 105//9
f 111//10 122//10 125//10
f 111//10 125//10 114//10
f 128//10 131//10 120//10
f 128//10 120//10 117//10
f 123//11 134//11 137//11
f 123//11 137//11 126//11
f 140//11 143//11 132//11
f 140//11 132//11 129//11
s 1
f 138//12 135//12 146//12
s 0
f 138//12 146//12 149//12
f 152//12 155//12 144//12
f 152//12 144//12 141//12
f 147//13 158//13 161//13
s 1
f 147//13 161//13 150//13
f 164//13 168//13 156//13
s 0
f 164//13 156//13 153//13
f 159//14 171//14 174//14
f 159//14 174//14 162//14
f 176//14 180//14 169//14
f 176//14 169//14 165//14
f 175//15 172//15 183//15
f 175//15 183//15 186//15
f 190//15 194//15 181//15
f 190//15 181//15 177//15
f 184//16 197//16 200//16
f 184//16 200//16 187//16
f 203//16 206//16 195//16
f 203//16 195//16 191//16
f 198//17 209//17 212//17
f 198//17 212//17 201//17
f 216//17 219//17 207//17
f 216//17 207//17 204//17
f 210//18 222//18 225//18
f 210//18 225//18 213//18
f 228//18 231//18 220//18
f 228//18 220//18 217//18
f 226//19 223//19 234//19
f 226//19 234//19 237//19
f 241//19 245//19 232//19
f 241//19 232//19 229//19
f 235//20 248//20 251//20
f 235//20 251//20 238//20
f 253//20 257//20 246//20
f 253//20 246//20 242//20
f 249//21 260//21 263//21
f 249//21 263//21 252//21
f 266//21 270//21 258//21
f 266//21 258//21 254//21
f 264//22 261//22 273//22
f 264//22 273//22 277//22
s 1
f 280//22 283//22 271//22
s 0
f 280//22 271//22 267//22
f 275//23 287//23 292//23
f 274//24 291//24 278//24
f 296//23 300//23 285//23
s 1
f 295//24 284//24 281//24
s 0
f 288//25 303//25 306//25
f 288//25 306//25 293//25
f 308//25 312//25 301//25
s 1
f 308//25 301//25 297//25
s 0
f 304//26 315//26 320//26
f 304//26 320//26 307//26
s 1
f 323//26 313//26 309//26
s 0
f 323//26 309//26 326//26
f 316//27 330//27 333//27
f 317//28 334//28 321//28
f 337//28 324//28 327//28
s 1
f 337//28 327//28 340//28
s 0
f 331//29 343//29 347//29
f 331//29 347//29 335//29
f 350//29 338//29 341//29
f 350//29 341//29 353//29
f 344//30 356//30 359//30
f 344//30 359//30 348//30
f 362//30 351//30 354//30
f 362//30 354//30 365//30
f 357//31 368//31 372//31
f 357//31 372//31 360//31
f 375//31 363//31 366//31
f 375//31 366//31 378//31
f 369//32 382//32 385//32
f 369//32 385//32 373//32
f 388//32 376//32 379//32
f 388//32 379//32 390//32
f 383//33 395//33 399//33
f 383//33 399//33 386//33
f 404//34 389//34 392//34
f 403//33 391//33 407//33
f 396//35 411//35 415//35
f 396//35 415//35 400//35
f 418//35 405//35 408//35
f 418//35 408//35 421//35
f 412//36 424//36 427//36
f 412//36 427//36 416//36
f 430//36 419//36 422//36
f 430//36 422//36 433//36
f 425//37 436//37 440//37
f 425//37 440//37 428//37
f 443//37 431//37 434//37
f 443//37 434//37 446//37
f 437//38 449//38 452//38
f 437//38 452//38 441//38
f 455//38 444//38 447//38
f 455//38 447//38 458//38
s 1
f 450//39 462//39 465//39
s 0
f 450//39 465//39 453//39
f 469//39 456//39 460//39
f 468//40 459//40 472//40
f 463//41 475//41 478//41
f 463//41 478//41 466//41
f 481//41 470//41 473//41
f 481//41 473//41 485//41
f 476//42 488//42 491//42
f 476//42 491//42 479//42
f 494//42 482//42 486//42
f 494//42 486//42 497//42
f 489//43 500//43 503//43
f 489//43 503//43 492//43
f 506//43 495//43 498//43
f 506//43 498//43 510//43
f 501//44 513//44 516//44
f 501//44 516//44 504//44
f 520//44 507//44 511//44
f 520//44 511//44 523//44
f 514//45 526//45 528//45
f 514//45 528//45 517//45
f 532//45 521//45 524//45
f 532//45 524//45 536//45
f 527//46 539//46 542//46
f 527//46 542//46 529//46
f 546//46 533//46 537//46
f 546//46 537//46 549//46
f 540//47 552//47 555//47
f 540//47 555//47 543//47
f 558//47 547//47 550//47
f 558//47 550//47 562//47
f 553//48 566//48 569//48
f 553//48 569//48 556//48
f 572//48 559//48 563//48
f 572//48 563//48 574//48
f 567//49 578//49 581//49
f 567//49 581//49 570//49
f 584//49 573//49 575//49
f 584//49 575//49 588//49
f 579//50 592//50 595//50
f 579//50 595//50 582//50
f 598//50 585//50 589//50
f 598//50 589//50 601//50
f 593//51 604//51 607//51
f 593//51 607//51 596//51
f 610//51 599//51 602//51
f 610//51 602//51 614//51
f 605//52 618//52 621//52
f 605//52 621//52 608//52
f 624//52 611//52 615//52
f 624//52 615//52 627//52
f 617//53 630//53 633//53
f 617//53 633//53 620//53
f 636//53 623//53 626//53
f 636//53 626//53 640//53
f 629//54 643//54 646//54
f 629//54 646//54 632//54
f 649//54 635//54 639//54
f 649//54 639//54 652//54
f 642//55 655//55 658//55
f 642//55 658//55 645//55
f 661//55 648//55 651//55
f 661//55 651//55 665//55
f 654//56 669//56 672//56
f 654//56 672//56 657//56
f 675//56 660//56 664//56
f 675//56 664//56 677//56
f 668//57 681//57 684//57
f 668//57 684//57 671//57
f 687//57 674//57 676//57
f 687//57 676//57 690//57
f 680//58 694//58 697//58
f 680//58 697//58 683//58
f 701//58 686//58 689//58
f 701//58 689//58 704//58
f 693//59 707//59 709//59
f 693//59 709//59 696//59
f 713//59 700//59 703//59
f 713//59 703//59 717//59
f 706//60 720//60 723//60
f 706//60 723//60 708//60
f 727//60 712//60 716//60
f 727//60 716//60 730//60
f 719//61 733//61 736//61
f 719//61 736//61 722//61
f 739//61 726//61 729//61
f 739//61 729//61 743//61
f 732//62 746//62 749//62
f 732//62 749//62 735//62
f 752//62 738//62 742//62
f 752//62 742//62 755//62
f 745//63 758//63 761//63
f 745//63 761//63 748//63
f 764//63 751//63 754//63
f 764//63 754//63 768//63
f 757//64 772//64 775//64
f 757//64 775//64 760//64
f 778//64 763//64 767//64
f 778//64 767//64 782//64
s 1
f 771//65 785//65 788//65
s 0
f 771//65 788//65 774//65
f 791//66 777//66 780//66
f 792//65 781//65 795//65
f 784//67 798//67 802//67
f 784//67 802//67 787//67
f 805//67 790//67 794//67
f 805//67 794//67 808//67
f 797//68 811//68 814//68
f 797//68 814//68 801//68
f 817//68 804//68 807//68
f 817//68 807//68 820//68
f 810//69 823//69 827//69
f 810//69 827//69 813//69
f 830//69 816//69 819//69
f 830//69 819//69 833//69
f 822//70 836//70 839//70
f 822//70 839//70 826//70
f 842//70 829//70 832//70
f 842//70 832//70 846//70
f 835//71 850//71 853//71
f 835//71 853//71 838//71
f 856//71 841//71 844//71
s 1
f 857//72 845//72 859//72
s 0
f 849//73 863//73 866//73
f 849//73 866//73 852//73
s 1
f 869//73 855//73 858//73
s 0
f 869//73 858//73 872//73
f 862//74 876//74 879//74
f 862//74 879//74 865//74
f 882//74 868//74 871//74
f 882//74 871//74 885//74
f 875//75 888//75 891//75
f 875//75 891//75 878//75
f 894//75 881//75 884//75
f 894//75 884//75 897//75
f 887//76 901//76 905//76
f 887//76 905//76 890//76
s 1
f 908//76 893//76 896//76
s 0
f 908//76 896//76 911//76
f 900//77 914//77 918//77
f 899//78 917//78 904//78
f 921//77 907//77 910//77
s 1
f 921//77 910//77 924//77
s 0
f 913//79 928//79 932//79
f 913//79 932//79 916//79
s 1
f 935//79 920//79 923//79
s 0
f 935//79 923//79 937//79
f 927//80 941//80 944//80
f 927//80 944//80 931//80
f 947//80 934//80 936//80
s 1
f 947//80 936//80 951//80
s 0
f 940//81 955//81 959//81
f 940//81 959//81 943//81
f 963//82 946//82 950//82
s 1
f 962//81 949//81 966//81
s 0
f 954//83 969//83 972//83
f 954//83 972//83 958//83
s 1
f 975//83 961//83 965//83
s 0
f 975//83 965//83 978//83
f 968//84 982//84 985//84
f 968//84 985//84 971//84
f 988//84 974//84 977//84
f 988//84 977//84 990//84
f 981//85 994//85 997//85
f 981//85 997//85 984//85
f 1000//85 987//85 989//85
f 1000//85 989//85 1004//85
f 993//86 1008//86 1011//86
f 993//86 1011//86 996//86
f 1014//86 999//86 1003//86
f 1014//86 1003//86 1017//86
f 1007//87 1020//87 1023//87
f 1007//87 1023//87 1010//87
f 1026//87 1013//87 1016//87
f 1026//87 1016//87 1030//87
f 1019//88 1033//88 1036//88
f 1019//88 1036//88 1022//88
f 1039//88 1025//88 1029//88
f 1039//88 1029//88 1042//88
f 1032//89 1045//89 1048//89
f 1032//89 1048//89 1035//89
f 1051//89 1038//89 1041//89
f 1051//89 1041//89 1055//89
f 1044//90 1059//90 1062//90
f 1044//90 1062//90 1047//90
f 1065//90 1050//90 1054//90
f 1065//90 1054//90 1067//90
f 1058//91 1071//91 1074//91
f 1058//91 1074//91 1061//91
f 1077//91 1064//91 1066//91
f 1077//91 1066//91 1080//91
f 1070//92 1084//92 1087//92
s 1
f 1070//92 1087//92 1073//92
f 1090//92 1076//92 1079//92
s 0
f 1090//92 1079//92 1093//92
s 1
f 1083//93 1096//93 1099//93
s 0
f 1083//93 1099//93 1086//93
f 1102//93 1089//93 1092//93
f 1102//93 1092//93 1105//93
f 1095//94 1108//94 1111//94
f 1095//94 1111//94 1098//94
f 1114//94 1101//94 1104//94
f 1114//94 1104//94 1117//94
f 1107//95 1120//95 1123//95
f 1107//95 1123//95 1110//95
f 1126//95 1113//95 1116//95
f 1126//95 1116//95 1129//95
f 1119//96 1132//96 1135//96
f 1119//96 1135//96 1122//96
f 1138//96 1125//96 1128//96
f 1138//96 1128//96 1141//96
f 1137//97 1140//97 1143//97
f 1146//97 1150//97 1153//97
f 1137//97 1143//97 1146//97
f 1137//97 1146//97 1153//97
f 1131//97 1156//97 1159//97
f 1131//97 1159//97 1134//97
f 1155//98 1162//98 1165//98
f 1155//98 1165//98 1158//98
f 1168//98 1152//98 1149//98
f 1168//98 1149//98 1171//98
f 1161//99 1174//99 1177//99
f 1161//99 1177//99 1164//99
f 1180//99 1167//99 1170//99
f 1180//99 1170//99 1183//99
f 1173//100 1186//100 1189//100
f 1173//100 1189//100 1176//100
f 1192//100 1179//100 1182//100
f 1192//100 1182//100 1195//100
f 1185//101 1198//101 1201//101
f 1185//101 1201//101 1188//101
f 1204//101 1191//101 1194//101
f 1204//101 1194//101 1207//101
s 1
f 1197//102 1210//102 1213//102
s 0
f 1197//102 1213//102 1200//102
f 1216//102 1203//102 1206//102
f 1216//102 1206//102 1219//102
f 1209//103 1222//103 1225//103
f 1209//103 1225//103 1212//103
f 1228//103 1215//103 1218//103
f 1228//103 1218//103 1231//103
f 1221//104 1233//104 1236//104
f 1221//104 1236//104 1224//104
f 1239//104 1227//104 1230//104
f 1239//104 1230//104 1242//104
f 1234//105 1245//105 1248//105
f 1234//105 1248//105 1237//105
f 1251//105 1240//105 1243//105
f 1251//105 1243//105 1256//105
f 1246//106 1259//106 1262//106
f 1246//106 1262//106 1249//106
f 1265//106 1252//106 1257//106
f 1265//106 1257//106 1268//106
f 1260//107 1271//107 1274//107
s 1
f 1260//107 1274//107 1263//107
f 1277//107 1266//107 1269//107
s 0
f 1277//107 1269//107 1280//107
f 1272//108 1283//108 1286//108
f 1272//108 1286//108 1275//108
f 1289//108 1278//108 1281//108
f 1289//108 1281//108 1292//108
f 1284//109 1295//109 1298//109
f 1284//109 1298//109 1287//109
f 1301//109 1290//109 1293//109
f 1301//109 1293//109 1304//109
f 1296//110 1307//110 1310//110
f 1296//110 1310//110 1299//110
f 1313//110 1302//110 1305//110
f 1313//110 1305//110 1316//110
f 1308//111 1319//111 1322//111
f 1308//111 1322//111 1311//111
f 1325//111 1314//111 1317//111
f 1325//111 1317//111 1328//111
f 1320//112 1331//112 1334//112
f 1320//112 1334//112 1323//112
f 1337//112 1326//112 1329//112
f 1341//112 1344//112 1346//112
f 1337//112 1329//112 1341//112
f 1337//112 1341//112 1346//112
f 1332//113 1349//113 1352//113
f 1332//113 1352//113 1335//113
f 1355//113 1338//113 1347//113
f 1355//113 1347//113 1358//113
f 1350//114 1361//114 1364//114
f 1350//114 1364//114 1353//114
f 1367//114 1356//114 1359//114
f 1367//114 1359//114 1370//114
f 1362//115 1373//115 1376//115
f 1362//115 1376//115 1365//115
f 1379//115 1368//115 1371//115
f 1379//115 1371//115 1382//115
f 1374//116 1385//116 1388//116
f 1374//116 1388//116 1377//116
f 1391//116 1380//116 1383//116
f 1391//116 1383//116 1394//116
f 1386//117 1397//117 1400//117
s 1
f 1386//117 1400//117 1389//117
s 0
f 1403//117 1392//117 1395//117
f 1403//117 1395//117 1407//117
f 1398//118 1410//118 1413//118
f 1398//118 1413//118 1401//118
f 1416//118 1404//118 1408//118
f 1416//118 1408//118 1419//118
f 1411//119 1422//119 1425//119
f 1411//119 1425//119 1414//119
f 1428//119 1417//119 1420//119
f 1428//119 1420//119 1433//119
f 1423//120 1436//120 1439//120
f 1423//120 1439//120 1426//120
f 1442//120 1429//120 1434//120
f 1442//120 1434//120 1445//120
f 1437//121 1448//121 1451//121
f 1437//121 1451//121 1440//121
f 1454//121 1443//121 1446//121
f 1454//121 1446//121 1458//121
f 1449//122 1461//122 1464//122
f 1449//122 1464//122 1452//122
f 1467//122 1455//122 1459//122
f 1467//122 1459//122 1470//122
f 1462//123 1473//123 1476//123
f 1462//123 1476//123 1465//123
f 1479//123 1468//123 1471//123
f 1479//123 1471//123 1484//123
f 1474//124 1487//124 1490//124
f 1474//124 1490//124 1477//124
f 1493//124 1480//124 1485//124
f 1493//124 1485//124 1496//124
f 1488//125 1499//125 1502//125
f 1488//125 1502//125 1491//125
f 1505//125 1494//125 1497//125
f 1505//125 1497//125 1509//125
f 1500//126 1512//126 1517//126
f 1500//126 1517//126 1503//126
s 1
f 1520//126 1506//126 1510//126
s 0
f 1520//126 1510//126 1523//126
f 1514//127 1527//127 1531//127
f 1513//128 1530//128 1518//128
s 1
f 1534//128 1521//128 1524//128
s 0
f 1535//127 1525//127 1539//127
f 1528//129 1542//129 1546//129
f 1528//129 1546//129 1532//129
f 1549//129 1536//129 1540//129
f 1549//129 1540//129 1552//129
f 1543//130 1555//130 1559//130
f 1543//130 1559//130 1547//130
s 1
f 1563//130 1566//130 1550//130
s 0
f 1563//130 1550//130 1553//130
f 1556//131 1569//131 1573//131
f 1557//132 1574//132 1560//132
f 1577//132 1580//132 1567//132
s 1
f 1577//132 1567//132 1564//132
s 0
f 1570//133 1583//133 1586//133
f 1570//133 1586//133 1575//133
s 1
f 1589//133 1592//133 1581//133
s 0
f 1589//133 1581//133 1578//133
f 1587//134 1584//134 1595//134
f 1587//134 1595//134 1598//134
f 1601//134 1604//134 1593//134
f 1601//134 1593//134 1590//134
f 1596//135 1607//135 1610//135
f 1596//135 1610//135 1599//135
f 1614//135 1617//135 1605//135
f 1614//135 1605//135 1602//135
f 1611//136 1608//136 1620//136
f 1611//136 1620//136 1623//136
s 1
f 1626//136 1629//136 1618//136
s 0
f 1626//136 1618//136 1615//136
f 1624//137 1621//137 1633//137
f 1624//138 1633//138 1636//138
f 1640//138 1644//138 1630//138
s 1
f 1641//137 1631//137 1627//137
s 0
f 1637//139 1634//139 1647//139
f 1637//139 1647//139 1651//139
f 1654//139 1657//139 1645//139
f 1654//139 1645//139 1642//139
f 1652//140 1648//140 1660//140
f 1652//140 1660//140 1663//140
f 1666//140 1669//140 1658//140
f 1666//140 1658//140 1655//140
f 1664//141 1661//141 1672//141
f 1664//141 1672//141 1676//141
f 1679//141 1682//141 1670//141
f 1679//141 1670//141 1667//141
f 1677//142 1673//142 1685//142
f 1677//142 1685//142 1688//142
f 1691//142 1694//142 1683//142
f 1691//142 1683//142 1680//142
s 1
f 1689//143 1686//143 1698//143
s 0
f 1689//143 1698//143 1701//143
f 1704//144 1708//144 1695//144
f 1705//143 1696//143 1692//143
f 1699//145 1711//145 1714//145
f 1699//145 1714//145 1702//145
f 1718//145 1721//145 1709//145
f 1718//145 1709//145 1706//145
f 1715//146 1712//146 1724//146
f 1715//146 1724//146 1727//146
f 1730//146 1733//146 1722//146
f 1730//146 1722//146 1719//146
f 1725//147 1736//147 1739//147
f 1725//147 1739//147 1728//147
f 1743//147 1746//147 1734//147
f 1743//147 1734//147 1731//147
f 1737//148 1749//148 1753//148
f 1737//148 1753//148 1740//148
f 1756//148 1759//148 1747//148
f 1756//148 1747//148 1744//148
f 1750//149 1762//149 1765//149
f 1750//149 1765//149 1754//149
f 1769//149 1772//149 1760//149
f 1769//149 1760//149 1757//149
f 1763//150 1775//150 1779//150
f 1763//150 1779//150 1766//150
f 1782//150 1785//150 1773//150
f 1782//150 1773//150 1770//150
f 1776//151 1788//151 1791//151
f 1776//151 1791//151 1780//151
f 1796//151 1799//151 1786//151
f 1796//151 1786//151 1783//151
f 1792//152 1789//152 1802//152
f 1792//152 1802//152 1805//152
f 1808//152 1811//152 1800//152
f 1808//152 1800//152 1797//152
f 1803//153 1814//153 1817//153
f 1803//153 1817//153 1806//153
f 1822//153 1825//153 1812//153
f 1822//153 1812//153 1809//153
f 1815//154 1828//154 1831//154
f 1815//154 1831//154 1818//154
f 1834//154 1837//154 1826//154
f 1834//154 1826//154 1823//154
f 1832//155 1829//155 1841//155
f 1832//155 1841//155 1844//155
f 1848//155 1851//155 1838//155
f 1848//155 1838//155 1835//155
f 1842//156 1855//156 1858//156
f 1842//156 1858//156 1845//156
f 1861//156 1864//156 1852//156
f 1861//156 1852//156 1849//156
f 1856//157 1868//157 1871//157
f 1856//157 1871//157 1859//157
f 1875//157 1878//157 1865//157
f 1875//157 1865//157 1862//157
f 1867//158 1881//158 1884//158
f 1867//158 1884//158 1870//158
f 1887//158 1890//158 1877//158
f 1887//158 1877//158 1874//158
f 1883//159 1880//159 1893//159
f 1883//159 1893//159 1896//159
f 1901//159 1904//159 1889//159
f 1901//159 1889//159 1886//159
f 1892//160 1907//160 1910//160
f 1892//160 1910//160 1895//160
f 1913//160 1916//160 1903//160
f 1913//160 1903//160 1900//160
f 1906//161 1919//161 1922//161
f 1906//161 1922//161 1909//161
f 1926//161 1929//161 1915//161
f 1926//161 1915//161 1912//161
f 1921//162 1918//162 1932//162
f 1921//162 1932//162 1936//162
f 1939//162 1942//162 1928//162
f 1939//162 1928//162 1925//162
f 1931//163 1945//163 1948//163
f 1931//163 1948//163 1935//163
f 1953//163 1956//163 1941//163
f 1953//163 1941//163 1938//163
f 1944//164 1959//164 1963//164
f 1944//164 1963//164 1947//164
f 1966//164 1969//164 1955//164
f 1966//164 1955//164 1952//164
f 1958//165 1972//165 1975//165
f 1958//165 1975//165 1962//165
f 1979//165 1982//165 1968//165
f 1979//165 1968//165 1965//165
f 1971//166 1985//166 1988//166
f 1971//166 1988//166 1974//166
f 1991//166 1994//166 1981//166
f 1991//166 1981//166 1978//166
f 1984//167 1997//167 2000//167
f 1984//167 2000//167 1987//167
f 2004//167 2007//167 1993//167
f 2004//167 1993//167 1990//167
f 1999//168 1996//168 2010//168
f 1999//168 2010//168 2013//168
f 2016//168 2020//168 2006//168
f 2016//168 2006//168 2003//168
s 1
f 2009//169 2023//169 2026//169
s 0
f 2009//169 2026//169 2012//169
f 2030//169 2033//169 2019//169
f 2029//170 2018//170 2015//170
f 2025//171 2022//171 2036//171
f 2025//171 2036//171 2040//171
f 2043//171 2046//171 2032//171
f 2043//171 2032//171 2028//171
f 2039//172 2035//172 2049//172
f 2039//172 2049//172 2052//172
f 2055//172 2058//172 2045//172
f 2055//172 2045//172 2042//172
f 2048//173 2061//173 2065//173
f 2048//173 2065//173 2051//173
f 2068//173 2071//173 2057//173
f 2068//173 2057//173 2054//173
f 2064//174 2060//174 2074//174
f 2064//174 2074//174 2078//174
f 2082//174 2086//174 2070//174
f 2082//174 2070//174 2067//174
f 2073//175 2089//175 2092//175
f 2073//176 2092//176 2077//176
f 2096//175 2099//175 2085//175
f 2095//176 2084//176 2081//176
f 2091//177 2088//177 2102//177
f 2091//177 2102//177 2106//177
f 2110//177 2113//177 2098//177
f 2110//177 2098//177 2094//177
f 2105//178 2101//178 2116//178
f 2105//178 2116//178 2119//178
f 2122//178 2125//178 2112//178
f 2122//178 2112//178 2109//178
f 2115//179 2128//179 2132//179
f 2115//179 2132//179 2118//179
f 2135//179 2138//179 2124//179
f 2135//179 2124//179 2121//179
f 2131//180 2127//180 2142//180
f 2131//180 2142//180 2145//180
f 2148//180 2151//180 2137//180
f 2148//180 2137//180 2134//180
f 2141//181 2154//181 2159//181
f 2140//182 2158//182 2144//182
f 2163//181 2166//181 2150//181
s 1
f 2163//181 2150//181 2147//181
s 0
f 2153//183 2169//183 2172//183
f 2153//183 2172//183 2157//183
s 1
f 2175//183 2178//183 2165//183
s 0
f 2175//183 2165//183 2162//183
f 2168//184 2181//184 2185//184
f 2168//184 2185//184 2171//184
f 2189//184 2193//184 2177//184
f 2189//184 2177//184 2174//184
f 2180//185 2196//185 2199//185
f 2180//185 2199//185 2184//185
s 1
f 2202//185 2206//185 2191//185
s 0
f 2203//186 2192//186 2188//186
f 2195//187 2209//187 2212//187
f 2195//187 2212//187 2198//187
s 1
f 2216//187 2219//187 2205//187
s 0
f 2216//187 2205//187 2201//187
f 2211//188 2208//188 2222//188
f 2211//188 2222//188 2225//188
f 2228//188 2231//188 2218//188
f 2228//188 2218//188 2215//188
f 2221//189 2234//189 2237//189
f 2221//189 2237//189 2224//189
f 2242//189 2245//189 2230//189
f 2242//189 2230//189 2227//189
f 2233//190 2248//190 2251//190
f 2233//190 2251//190 2236//190
f 2254//190 2257//190 2244//190
f 2254//190 2244//190 2241//190
f 2250//191 2247//191 2260//191
f 2250//191 2260//191 2263//191
f 2267//191 2270//191 2256//191
f 2267//191 2256//191 2253//191
f 2259//192 2273//192 2276//192
f 2259//192 2276//192 2262//192
f 2279//192 2282//192 2269//192
f 2279//192 2269//192 2266//192
f 2272//193 2285//193 2288//193
f 2272//193 2288//193 2275//193
f 2293//193 2296//193 2281//193
f 2293//193 2281//193 2278//193
f 2284//194 2299//194 2302//194
f 2284//194 2302//194 2287//194
f 2305//194 2308//194 2295//194
f 2305//194 2295//194 2292//194
f 2301//195 2298//195 2311//195
f 2301//195 2311//195 2314//195
f 2318//195 2321//195 2307//195
f 2318//195 2307//195 2304//195
f 2310//196 2324//196 2327//196
s 1
f 2310//196 2327//196 2313//196
s 0
f 2330//196 2333//196 2320//196
f 2330//196 2320//196 2317//196
s 1
f 2323//197 2336//197 2339//197
s 0
f 2323//197 2339//197 2326//197
f 2342//197 2345//197 2332//197
f 2342//197 2332//197 2329//197
f 2338//198 2335//198 2348//198
f 2338//198 2348//198 2351//198
f 2354//198 2357//198 2344//198
f 2354//198 2344//198 2341//198
f 2347//199 2360//199 2363//199
f 2347//199 2363//199 2350//199
f 2366//199 2369//199 2356//199
f 2366//199 2356//199 2353//199
f 2359//200 2372//200 2375//200
f 2359//200 2375//200 2362//200
f 2378//200 2381//200 2368//200
f 2378//200 2368//200 2365//200
f 2371//201 2384//201 2387//201
f 2371//201 2387//201 2374//201
f 2390//201 2393//201 2380//201
f 2390//201 2380//201 2377//201
f 2383//202 2396//202 2399//202
f 2383//202 2399//202 2386//202
f 2402//202 2405//202 2392//202
f 2402//202 2392//202 2389//202
f 2395//203 2408//203 2411//203
f 2395//203 2411//203 2398//203
f 2416//203 2419//203 2404//203
f 2416//203 2404//203 2401//203
f 2410//204 2407//204 2422//204
f 2410//204 2422//204 2425//204
f 2428//204 2431//204 2418//204
f 2428//204 2418//204 2415//204
f 2421//205 2434//205 2437//205
f 2421//205 2437//205 2424//205
f 2440//205 2443//205 2430//205
f 2440//205 2430//205 2427//205
f 2436//206 2433//206 2446//206
s 1
f 2436//206 2446//206 2449//206
s 0
f 2452//206 2455//206 2442//206
f 2452//206 2442//206 2439//206
f 2457//207 2461//207 401//207
f 397//208 413//208 2464//208
f 397//208 2464//208 2466//208
f 2469//208 2456//208 397//208
f 2466//208 2469//208 397//208
f 2473//208 2476//208 2062//208
f 2062//208 2075//208 2478//208
f 2062//208 2478//208 2481//208
f 2485//208 2473//208 2062//208
f 2481//208 2485//208 2062//208
f 2489//208 2478//208 2075//208
f 2076//209 2090//209 2104//209
f 2104//209 2117//209 2130//209
f 2129//208 2143//208 2155//208
f 2156//209 2170//209 2183//209
f 2182//208 2197//208 2210//208
f 2210//208 2223//208 2235//208
f 2235//208 2249//208 2261//208
f 2261//208 2274//208 2286//208
f 2286//208 2300//208 2312//208
f 2312//208 2325//208 2337//208
f 2337//208 2349//208 2361//208
f 2361//208 2373//208 2385//208
f 2385//208 2397//208 2409//208
f 2409//208 2423//208 2435//208
f 2435//208 2447//208 2492//208
f 2492//208 1//208 10//208
f 10//208 28//208 40//208
f 40//208 52//208 64//208
f 64//208 76//208 88//208
f 88//208 100//208 112//208
f 112//208 124//208 136//208
f 136//208 148//208 160//208
f 160//208 173//208 185//208
f 185//208 199//208 211//208
f 211//208 224//208 236//208
f 236//208 250//208 262//208
f 262//208 276//208 289//208
f 290//210 305//210 319//210
f 318//208 332//208 345//208
f 346//210 358//210 371//210
f 371//210 384//210 398//210
f 397//208 2460//208 2495//208
f 397//208 2495//208 2499//208
f 345//208 370//208 397//208
f 289//208 318//208 345//208
f 236//208 262//208 289//208
f 185//208 211//208 236//208
f 136//208 160//208 185//208
f 88//208 112//208 136//208
f 40//208 64//208 88//208
f 2492//208 10//208 40//208
f 2409//208 2435//208 2492//208
f 2361//208 2385//208 2409//208
f 2312//208 2337//208 2361//208
f 2261//208 2286//208 2312//208
f 2210//208 2235//208 2261//208
f 2155//208 2182//208 2210//208
f 2103//208 2129//208 2155//208
f 2489//208 2075//208 2103//208
f 2502//208 2489//208 2103//208
f 2103//208 2155//208 2210//208
f 2210//208 2261//208 2312//208
f 2312//208 2361//208 2409//208
f 2409//208 2492//208 40//208
f 40//208 88//208 136//208
f 136//208 185//208 236//208
f 236//208 289//208 345//208
f 345//208 397//208 2499//208
f 345//208 2499//208 2505//208
f 136//208 236//208 345//208
f 2409//208 40//208 136//208
f 2210//208 2312//208 2409//208
f 2502//208 2103//208 2210//208
f 2508//208 2502//208 2210//208
f 2210//208 2409//208 136//208
f 136//208 345//208 2505//208
f 136//208 2505//208 2511//208
f 2514//208 2508//208 2210//208
f 2517//208 2514//208 2210//208
f 136//208 2511//208 2520//208
f 136//208 2520//208 2523//208
f 2517//208 2210//208 136//208
f 2526//208 2517//208 136//208
f 136//208 2523//208 2529//208
f 136//208 2529//208 2532//208
f 2535//208 2526//208 136//208
f 2538//208 2535//208 136//208
f 136//208 2532//208 2541//208
f 136//208 2541//208 2544//208
f 2547//208 2538//208 136//208
f 2550//208 2547//208 136//208
f 136//208 2544//208 2553//208
f 136//208 2553//208 2556//208
f 2559//208 2550//208 136//208
f 2562//208 2559//208 136//208
f 136//208 2556//208 2565//208
f 136//208 2565//208 2568//208
f 2571//208 2562//208 136//208
f 2574//208 2571//208 136//208
f 136//208 2568//208 2577//208
f 136//208 2577//208 2580//208
f 2584//208 2574//208 136//208
f 2588//208 2584//208 136//208
f 136//208 2580//208 2592//208
f 136//208 2592//208 2596//208
f 2599//208 2588//208 136//208
f 2602//208 2599//208 136//208
f 136//208 2596//208 2605//208
f 136//208 2605//208 2608//208
f 2611//208 2602//208 136//208
f 2614//208 2611//208 136//208
f 136//208 2608//208 2617//208
f 136//208 2617//208 2620//208
f 2623//208 2614//208 136//208
f 2626//208 2623//208 136//208
f 136//208 2620//208 2629//208
f 136//208 2629//208 2632//208
f 2635//208 2626//208 136//208
f 2638//208 2635//208 136//208
f 136//208 2632//208 2641//208
f 136//208 2641//208 2644//208
f 2647//208 2638//208 136//208
f 2650//208 2647//208 136//208
f 136//208 2644//208 2653//208
f 136//208 2653//208 2656//208
f 2659//208 2650//208 136//208
f 2662//208 2659//208 136//208
f 136//208 2656//208 2665//208
f 136//208 2665//208 2668//208
f 2671//208 2662//208 136//208
f 2674//208 2671//208 136//208
f 2674//208 136//208 2668//208
f 2677//208 2674//208 2668//208
f 2677//208 2668//208 2681//208
f 2684//208 2677//208 2681//208
f 2684//208 2681//208 2688//208
f 2692//208 2684//208 2688//208
f 2692//208 2688//208 2695//208
f 2699//208 2692//208 2695//208
f 2699//208 2695//208 2702//208
f 2705//208 2699//208 2702//208
f 2705//208 2702//208 2708//208
f 2712//208 2705//208 2708//208
f 2712//208 2708//208 2716//208
f 2719//208 2712//208 2716//208
f 2719//208 2716//208 2722//208
f 2725//208 2719//208 2722//208
f 2725//208 2722//208 2728//208
f 2731//208 2725//208 2728//208
f 2731//208 2728//208 2734//208
f 2737//208 2731//208 2734//208
f 2737//208 2734//208 2740//208
f 2743//208 2464//208 413//208
f 414//210 426//210 439//210
f 438//208 451//208 464//208
f 464//208 477//208 490//208
f 490//208 502//208 515//208
f 518//209 530//209 544//209
f 541//208 554//208 568//208
f 568//208 580//208 594//208
f 594//208 606//208 619//208
f 619//208 631//208 644//208
f 644//208 656//208 670//208
f 670//208 682//208 695//208
f 698//209 710//209 724//209
f 721//208 734//208 747//208
f 747//208 759//208 773//208
f 773//208 786//208 799//208
f 800//210 812//210 825//210
f 824//208 837//208 851//208
f 851//208 864//208 877//208
f 877//208 889//208 902//208
f 903//210 915//210 930//210
f 930//210 942//210 957//210
f 956//208 970//208 983//208
f 983//208 995//208 1009//208
f 1009//208 1021//208 1034//208
f 1034//208 1046//208 1060//208
f 1060//208 1072//208 1085//208
f 1085//208 1097//208 1109//208
f 1109//208 1121//208 1133//208
f 1133//208 1157//208 1163//208
f 1163//208 2747//208 2750//208
f 1163//208 2750//208 2753//208
f 1109//208 1133//208 1163//208
f 1060//208 1085//208 1109//208
f 1009//208 1034//208 1060//208
f 956//208 983//208 1009//208
f 902//208 929//208 956//208
f 851//208 877//208 902//208
f 799//208 824//208 851//208
f 747//208 773//208 799//208
f 695//208 721//208 747//208
f 644//208 670//208 695//208
f 594//208 619//208 644//208
f 541//208 568//208 594//208
f 490//208 515//208 541//208
f 438//208 464//208 490//208
f 2743//208 413//208 438//208
f 2756//208 2743//208 438//208
f 438//208 490//208 541//208
f 541//208 594//208 644//208
f 644//208 695//208 747//208
f 747//208 799//208 851//208
f 851//208 902//208 956//208
f 956//208 1009//208 1060//208
f 1060//208 1109//208 1163//208
f 1163//208 2753//208 2759//208
f 1163//208 2759//208 2763//208
f 956//208 1060//208 1163//208
f 747//208 851//208 956//208
f 541//208 644//208 747//208
f 2756//208 438//208 541//208
f 2766//208 2756//208 541//208
f 541//208 747//208 956//208
f 956//208 1163//208 2763//208
f 956//208 2763//208 2769//208
f 2772//208 2766//208 541//208
f 2775//208 2772//208 541//208
f 541//208 956//208 2769//208
f 541//208 2769//208 2778//208
f 2781//208 2775//208 541//208
f 2784//208 2781//208 541//208
f 541//208 2778//208 2787//208
f 541//208 2787//208 2790//208
f 2793//208 2784//208 541//208
f 2796//208 2793//208 541//208
f 541//208 2790//208 2799//208
f 541//208 2799//208 2802//208
f 2805//208 2796//208 541//208
f 2808//208 2805//208 541//208
f 541//208 2802//208 2812//208
f 541//208 2812//208 2815//208
f 2818//208 2808//208 541//208
f 2821//208 2818//208 541//208
f 541//208 2815//208 2825//208
f 541//208 2825//208 2828//208
f 2831//208 2821//208 541//208
f 2834//208 2831//208 541//208
f 541//208 2828//208 2837//208
f 541//208 2837//208 2840//208
f 2844//208 2834//208 541//208
f 2847//208 2844//208 541//208
f 541//208 2840//208 2851//208
f 541//208 2851//208 2854//208
f 2857//208 2847//208 541//208
f 2860//208 2857//208 541//208
f 541//208 2854//208 2863//208
f 541//208 2863//208 2866//208
f 2869//208 2860//208 541//208
f 2872//208 2869//208 541//208
f 541//208 2866//208 2875//208
f 541//208 2875//208 2878//208
f 2740//208 2872//208 541//208
f 2737//208 2740//208 541//208
f 541//208 2878//208 2881//208
f 541//208 2881//208 2884//208
f 2887//208 2737//208 541//208
f 541//208 2884//208 2891//208
f 541//208 2891//208 2894//208
f 541//208 2894//208 2897//208
f 541//208 2897//208 2901//208
f 541//208 2901//208 2904//208
f 541//208 2904//208 2907//208
f 541//208 2907//208 2910//208
f 541//208 2910//208 2913//208
f 541//208 2913//208 2916//208
f 541//208 2916//208 2919//208
f 541//208 2919//208 2922//208
f 541//208 2922//208 2925//208
f 541//208 2925//208 2928//208
f 541//208 2928//208 2931//208
f 541//208 2931//208 2934//208
f 541//208 2934//208 2937//208
f 2887//208 541//208 2937//208
f 2888//210 2938//210 2943//210
f 2946//208 2887//208 2942//208
f 2946//208 2942//208 2949//208
f 2952//208 2946//208 2949//208
f 2952//208 2949//208 2955//208
f 2958//208 2952//208 2955//208
f 2958//208 2955//208 2961//208
f 2958//208 2961//208 2964//208
f 2958//208 2964//208 2967//208
f 2958//208 2967//208 2970//208
f 2958//208 2970//208 2973//208
f 2958//208 2973//208 2976//208
f 2958//208 2976//208 2979//208
f 2958//208 2979//208 2982//208
f 2958//208 2982//208 2986//208
f 2958//208 2986//208 2989//208
f 2958//208 2989//208 2992//208
f 2958//208 2992//208 2995//208
f 2958//208 2995//208 2998//208
f 2958//208 2998//208 3001//208
f 2958//208 3001//208 3004//208
f 2958//208 3004//208 3007//208
f 2958//208 3007//208 3010//208
f 2958//208 3010//208 3013//208
f 2958//208 3013//208 3016//208
f 3019//208 2958//208 3016//208
f 3023//208 3026//208 1986//208
f 3019//208 3016//208 3023//208
f 3019//208 3023//208 1986//208
f 1986//208 1998//208 2011//208
f 2011//208 2024//208 2037//208
f 2038//209 2050//209 2063//209
f 2062//208 2476//208 3030//208
f 2062//208 3030//208 3033//208
f 2011//208 2037//208 2062//208
f 3019//208 1986//208 2011//208
f 3037//208 3019//208 2011//208
f 2011//208 2062//208 3033//208
f 2011//208 3033//208 3040//208
f 3043//208 3037//208 2011//208
f 3046//208 3043//208 2011//208
f 2011//208 3040//208 3050//208
f 2011//208 3050//208 3053//208
f 3056//208 3046//208 2011//208
f 3059//208 3056//208 2011//208
f 2011//208 3053//208 3062//208
f 2011//208 3062//208 3065//208
f 3068//208 3059//208 2011//208
f 3072//208 3068//208 2011//208
f 2011//208 3065//208 3075//208
f 3078//208 3072//208 2011//208
f 3075//208 3078//208 2011//208
f 1163//208 3081//208 3084//208
f 1163//208 3084//208 3087//208
f 3090//208 2747//208 1163//208
f 3093//208 3090//208 1163//208
f 1163//208 3087//208 3096//208
f 1163//208 3096//208 3099//208
f 3102//208 3093//208 1163//208
f 3105//208 3102//208 1163//208
f 1163//208 3099//208 3108//208
f 1163//208 3108//208 3111//208
f 3114//208 3105//208 1163//208
f 3117//208 3114//208 1163//208
f 1163//208 3111//208 3120//208
f 1163//208 3120//208 3123//208
f 3126//208 3117//208 1163//208
f 3129//208 3126//208 1163//208
f 1163//208 3123//208 3133//208
f 1163//208 3133//208 3136//208
f 3139//208 3129//208 1163//208
f 3142//208 3139//208 1163//208
f 1163//208 3136//208 3145//208
f 1163//208 3145//208 3148//208
f 3151//208 3142//208 1163//208
f 3154//208 3151//208 1163//208
f 1163//208 3148//208 3157//208
f 3154//208 1163//208 3157//208
f 3160//208 3154//208 3157//208
f 3160//208 3157//208 3163//208
f 3166//208 3160//208 3163//208
f 3166//208 3163//208 3169//208
f 3172//208 3166//208 3169//208
f 3172//208 3169//208 3175//208
f 3178//208 3172//208 3175//208
f 3178//208 3175//208 3181//208
f 3184//208 3178//208 3181//208
f 3184//208 3181//208 3187//208
f 3190//208 3184//208 3187//208
f 3190//208 3187//208 3193//208
f 3196//208 3190//208 3193//208
f 3196//208 3193//208 3199//208
f 3202//208 3196//208 3199//208
f 3202//208 3199//208 3205//208
f 3208//208 3202//208 3205//208
f 3208//208 3205//208 3212//208
f 3215//208 3208//208 3212//208
f 3215//208 3212//208 3219//208
f 3224//210 3216//210 3220//210
f 3223//208 3219//208 3227//208
f 3230//208 3223//208 3227//208
f 3230//208 3227//208 3233//208
f 3236//208 3230//208 3233//208
f 3236//208 3233//208 3240//208
f 3245//211 3237//211 3241//211
f 3244//208 3240//208 3248//208
f 3244//208 3248//208 3251//208
f 3244//208 3251//208 3254//208
f 3244//208 3254//208 3257//208
f 3244//208 3257//208 3260//208
f 3263//208 3244//208 3260//208
f 3263//208 3260//208 3266//208
f 3263//208 3266//208 3269//208
f 3263//208 3269//208 3272//208
f 3263//208 3272//208 3275//208
f 3263//208 3275//208 3278//208
f 3263//208 3278//208 3281//208
f 1986//208 3026//208 3284//208
f 1960//208 1973//208 1986//208
f 1934//210 1946//210 1961//210
f 1908//208 1920//208 1933//208
f 1882//208 1894//208 1908//208
f 1857//208 1869//208 1882//208
f 1830//208 1843//208 1857//208
f 1804//208 1816//208 1830//208
f 1777//208 1790//208 1804//208
f 1752//210 1764//210 1778//210
f 1726//208 1738//208 1751//208
f 1700//208 1713//208 1726//208
f 1674//208 1687//208 1700//208
f 1650//209 1662//209 1675//209
f 1622//208 1635//208 1649//208
f 1597//208 1609//208 1622//208
f 1571//208 1585//208 1597//208
f 1545//209 1558//209 1572//209
f 1516//209 1529//209 1545//209
f 1489//208 1501//208 1515//208
f 1463//208 1475//208 1489//208
f 1438//208 1450//208 1463//208
f 1412//208 1424//208 1438//208
f 1387//208 1399//208 1412//208
f 1363//208 1375//208 1387//208
f 3287//208 3290//208 1363//208
f 3292//208 3287//208 1363//208
f 1363//208 1387//208 1412//208
f 1412//208 1438//208 1463//208
f 1463//208 1489//208 1515//208
f 1515//208 1544//208 1571//208
f 1571//208 1597//208 1622//208
f 1622//208 1649//208 1674//208
f 1674//208 1700//208 1726//208
f 1726//208 1751//208 1777//208
f 1777//208 1804//208 1830//208
f 1830//208 1857//208 1882//208
f 1882//208 1908//208 1933//208
f 1933//208 1960//208 1986//208
f 1986//208 3284//208 3295//208
f 1986//208 3295//208 3298//208
f 1882//208 1933//208 1986//208
f 1777//208 1830//208 1882//208
f 1674//208 1726//208 1777//208
f 1571//208 1622//208 1674//208
f 1463//208 1515//208 1571//208
f 1363//208 1412//208 1463//208
f 3301//208 3292//208 1363//208
f 3304//208 3301//208 1363//208
f 1363//208 1463//208 1571//208
f 1571//208 1674//208 1777//208
f 1777//208 1882//208 1986//208
f 1986//208 3298//208 3307//208
f 1986//208 3307//208 3263//208
f 1571//208 1777//208 1986//208
f 3304//208 1363//208 1571//208
f 3310//208 3304//208 1571//208
f 1571//208 1986//208 3263//208
f 3281//208 3310//208 1571//208
f 3281//208 1571//208 3263//208
f 1187//208 1199//208 1211//208
f 1211//208 1223//208 1235//208
f 1235//208 1247//208 1261//208
f 1261//208 1273//208 1285//208
f 1285//208 1297//208 1309//208
f 1309//208 1321//208 1333//208
f 1333//208 1351//208 1363//208
f 1363//208 3290//208 3313//208
f 1363//208 3313//208 3316//208
f 1309//208 1333//208 1363//208
f 1261//208 1285//208 1309//208
f 1211//208 1235//208 1261//208
f 1175//208 1187//208 1211//208
f 3081//208 1163//208 1175//208
f 3319//208 3081//208 1175//208
f 1175//208 1211//208 1261//208
f 1261//208 1309//208 1363//208
f 1363//208 3316//208 3322//208
f 1363//208 3322//208 3325//208
f 1175//208 1261//208 1363//208
f 3328//208 3319//208 1175//208
f 3331//208 3328//208 1175//208
f 1363//208 3325//208 3334//208
f 1363//208 3334//208 3337//208
f 3340//208 3331//208 1175//208
f 3343//208 3340//208 1175//208
f 1363//208 3337//208 3346//208
f 1363//208 3346//208 3349//208
f 3352//208 3343//208 1175//208
f 3355//208 3352//208 1175//208
f 1363//208 3349//208 3358//208
f 1363//208 3358//208 3361//208
f 3364//208 3355//208 1175//208
f 3367//208 3364//208 1175//208
f 1175//208 1363//208 3361//208
f 1175//208 3361//208 3370//208
f 3373//208 3367//208 1175//208
f 1175//208 3370//208 3376//208
f 3376//208 3373//208 1175//208
f 2448//212 2445//212 3381//212
f 2448//212 3381//212 2494//212
f 3384//212 3387//212 2454//212
f 3384//212 2454//212 2451//212
f 2493//213 3380//213 6//213
f 2493//213 6//213 3//213
f 24//213 21//213 3386//213
f 24//213 3386//213 3383//213
f 3388//214 3391//214 3394//214
f 3388//214 3394//214 3397//214
f 3401//214 3388//214 3397//214
f 3401//214 3397//214 3404//214
f 3407//214 3401//214 3404//214
f 3407//214 3404//214 3410//214
f 3413//214 3407//214 3410//214
f 3413//214 3410//214 3416//214
f 3420//214 3413//214 3416//214
f 3420//214 3416//214 3423//214
f 3426//214 3420//214 3423//214
f 3426//214 3423//214 3430//214
f 3433//214 3426//214 3430//214
f 3433//214 3430//214 3436//214
f 3439//214 3433//214 3436//214
f 3439//214 3436//214 3442//214
f 3445//214 3439//214 3442//214
f 3445//214 3442//214 3448//214
f 3451//214 3445//214 3448//214
f 3451//214 3448//214 3454//214
f 3458//214 3451//214 3454//214
f 3458//214 3454//214 3461//214
f 3464//214 3458//214 3461//214
f 3464//214 3461//214 3467//214
f 3470//214 3464//214 3467//214
f 3470//214 3467//214 3473//214
f 3476//214 3470//214 3473//214
f 3476//214 3473//214 3479//214
f 3483//214 3476//214 3479//214
f 3483//214 3479//214 3486//214
f 3489//214 3483//214 3486//214
f 3489//214 3486//214 3492//214
f 3495//214 3489//214 3492//214
f 3495//214 3492//214 3498//214
f 3495//214 3498//214 3501//214
f 3501//214 3504//214 352//214
f 352//214 339//214 325//214
f 328//215 310//215 298//215
f 294//214 279//214 265//214
f 268//215 255//215 243//215
f 240//216 227//216 215//216
f 215//216 202//216 189//216
f 192//215 178//215 166//215
f 163//214 151//214 139//214
f 139//214 127//214 115//214
f 115//214 103//214 91//214
f 91//214 79//214 67//214
f 67//214 55//214 43//214
f 43//214 31//214 13//214
f 13//214 22//214 3382//214
f 3382//214 2450//214 2438//214
f 2438//214 2426//214 2412//214
f 2412//214 2400//214 2388//214
f 2388//214 2376//214 2364//214
f 2364//214 2352//214 2340//214
f 2340//214 2328//214 2315//214
f 2316//216 2303//216 2290//216
f 2291//215 2277//215 2265//215
f 2265//215 2252//215 2240//215
f 2239//216 2226//216 2214//216
f 2213//214 2200//214 2186//214
f 2187//216 2173//216 2161//216
f 2160//214 2146//214 2133//214
f 2133//214 2120//214 2107//214
f 2108//216 2093//216 2080//216
f 2079//214 2066//214 2053//214
f 2053//214 3507//214 3510//214
f 2053//214 3510//214 3513//214
f 2107//214 2079//214 2053//214
f 2160//214 2133//214 2107//214
f 2213//214 2186//214 2160//214
f 2264//214 2238//214 2213//214
f 2315//214 2289//214 2264//214
f 2364//214 2340//214 2315//214
f 2412//214 2388//214 2364//214
f 3382//214 2438//214 2412//214
f 43//214 13//214 3382//214
f 91//214 67//214 43//214
f 139//214 115//214 91//214
f 188//214 163//214 139//214
f 239//214 214//214 188//214
f 294//214 265//214 239//214
f 352//214 325//214 294//214
f 3495//214 3501//214 352//214
f 3516//214 3495//214 352//214
f 352//214 294//214 239//214
f 239//214 188//214 139//214
f 139//214 91//214 43//214
f 43//214 3382//214 2412//214
f 2412//214 2364//214 2315//214
f 2315//214 2264//214 2213//214
f 2213//214 2160//214 2107//214
f 2053//214 3513//214 3519//214
f 2053//214 3519//214 3522//214
f 2213//214 2107//214 2053//214
f 2412//214 2315//214 2213//214
f 139//214 43//214 2412//214
f 352//214 239//214 139//214
f 3526//214 3516//214 352//214
f 3529//214 3526//214 352//214
f 352//214 139//214 2412//214
f 2412//214 2213//214 2053//214
f 2053//214 3522//214 3532//214
f 2053//214 3532//214 3535//214
f 3529//214 352//214 2412//214
f 3538//214 3529//214 2412//214
f 2053//214 3535//214 3541//214
f 2053//214 3541//214 3545//214
f 3548//214 3538//214 2412//214
f 3551//214 3548//214 2412//214
f 2053//214 3545//214 3554//214
f 2053//214 3554//214 3557//214
f 3560//214 3551//214 2412//214
f 3563//214 3560//214 2412//214
f 2053//214 3557//214 3566//214
f 2053//214 3566//214 3569//214
f 3572//214 3563//214 2412//214
f 3575//214 3572//214 2412//214
f 2053//214 3569//214 3578//214
f 2053//214 3578//214 3582//214
f 3586//214 3575//214 2412//214
f 3589//214 3586//214 2412//214
f 2412//214 2053//214 3582//214
f 2414//215 3585//215 3594//215
f 3595//214 3589//214 2412//214
f 3598//214 3595//214 2412//214
f 2414//215 3594//215 3604//215
f 2412//214 3601//214 3605//214
f 3609//214 3598//214 2412//214
f 3612//214 3609//214 2412//214
f 2412//214 3605//214 3615//214
f 2414//215 3618//215 3622//215
f 3623//214 3612//214 2412//214
f 3626//214 3623//214 2412//214
f 2412//214 3619//214 3629//214
f 2412//214 3629//214 3632//214
f 3635//214 3626//214 2412//214
f 3638//214 3635//214 2412//214
f 2412//214 3632//214 3641//214
f 2412//214 3641//214 3644//214
f 3647//214 3638//214 2412//214
f 3650//214 3647//214 2412//214
f 2412//214 3644//214 3653//214
f 2412//214 3653//214 3656//214
f 3659//214 3650//214 2412//214
f 3662//214 3659//214 2412//214
f 2412//214 3656//214 3665//214
f 2412//214 3665//214 3669//214
f 3672//214 3662//214 2412//214
f 3675//214 3672//214 2412//214
f 2412//214 3669//214 3678//214
f 2412//214 3678//214 3681//214
f 3685//214 3675//214 2412//214
f 3688//214 3685//214 2412//214
f 2412//214 3681//214 3691//214
f 2412//214 3691//214 3694//214
f 3697//214 3688//214 2412//214
f 3700//214 3697//214 2412//214
f 2412//214 3694//214 3703//214
f 2412//214 3703//214 3706//214
f 3709//214 3700//214 2412//214
f 3712//214 3709//214 2412//214
f 2412//214 3706//214 3715//214
f 2412//214 3715//214 3718//214
f 3722//214 3712//214 2412//214
f 3725//214 3722//214 2412//214
f 2412//214 3718//214 3728//214
f 2412//214 3728//214 3731//214
f 3734//214 3725//214 2412//214
f 3737//214 3734//214 2412//214
f 2412//214 3731//214 3740//214
f 2412//214 3740//214 3744//214
f 3747//214 3737//214 2412//214
f 3750//214 3747//214 2412//214
f 2412//214 3744//214 3753//214
f 2412//214 3753//214 3756//214
f 3759//214 3750//214 2412//214
f 3762//214 3759//214 2412//214
f 2412//214 3756//214 3765//214
f 2413//216 3766//216 3770//216
f 3773//214 3762//214 2412//214
f 3773//214 2412//214 3769//214
f 3773//214 3769//214 3776//214
f 3780//214 3773//214 3776//214
f 3780//214 3776//214 3783//214
f 3786//214 3780//214 3783//214
f 3786//214 3783//214 3789//214
f 3792//214 3786//214 3789//214
f 3792//214 3789//214 3795//214
f 3798//214 3792//214 3795//214
f 3798//214 3795//214 3802//214
f 3806//214 3798//214 3802//214
f 3806//214 3802//214 3809//214
f 3812//214 3814//214 3817//214
f 3817//214 3806//214 3809//214
f 3817//214 3809//214 3820//214
f 3823//214 3812//214 3817//214
f 3820//214 3823//214 3817//214
f 3826//214 3391//214 3388//214
f 3826//214 3388//214 3829//214
f 3832//214 3826//214 3829//214
f 3832//214 3829//214 3835//214
f 3838//214 3832//214 3835//214
f 3838//214 3835//214 3841//214
f 3844//214 3838//214 3841//214
f 3844//214 3841//214 3848//214
f 3851//214 3844//214 3848//214
f 3851//214 3848//214 3854//214
f 3857//214 3851//214 3854//214
f 3857//214 3854//214 3860//214
f 3863//214 3857//214 3860//214
f 3863//214 3860//214 3866//214
f 3869//214 3863//214 3866//214
f 3869//214 3866//214 3872//214
f 3875//214 3869//214 3872//214
f 3875//214 3872//214 3879//214
f 3882//214 3875//214 3879//214
f 3882//214 3879//214 3885//214
f 3888//214 3882//214 3885//214
f 3888//214 3885//214 3891//214
f 3894//214 3888//214 3891//214
f 3894//214 3891//214 3897//214
f 3900//214 3894//214 3897//214
f 3900//214 3897//214 3903//214
f 3906//214 3900//214 3903//214
f 3906//214 3903//214 3909//214
f 3912//214 3906//214 3909//214
f 3912//214 3909//214 3915//214
f 3918//214 3912//214 3915//214
f 3918//214 3915//214 3921//214
f 3924//214 3918//214 3921//214
f 3924//214 3921//214 3927//214
f 3931//214 3924//214 3927//214
f 3932//217 3928//217 3937//217
f 3942//214 3931//214 3936//214
f 3945//214 3942//214 3936//214
f 3950//215 3946//215 3938//215
f 3953//214 3949//214 3936//214
f 3957//214 3953//214 3936//214
f 3958//218 3939//218 3964//218
f 3967//214 3957//214 3961//214
f 3970//214 3967//214 3961//214
f 3975//216 3971//216 3962//216
f 3978//214 3974//214 3961//214
f 3983//219 3979//219 3963//219
f 352//214 3504//214 3987//214
f 377//214 364//214 352//214
f 409//215 393//215 380//215
f 432//214 420//214 406//214
f 457//214 445//214 432//214
f 483//214 471//214 457//214
f 509//216 496//216 484//216
f 535//216 522//216 509//216
f 560//214 548//214 534//214
f 590//215 576//215 564//215
f 612//214 600//214 586//214
f 637//214 625//214 612//214
f 662//214 650//214 637//214
f 691//215 678//215 666//215
f 714//214 702//214 688//214
f 741//216 728//216 715//216
f 766//216 753//216 741//216
f 793//214 779//214 765//214
f 818//214 806//214 793//214
f 3990//214 3993//214 818//214
f 3996//214 3990//214 818//214
f 818//214 793//214 765//214
f 765//214 740//214 714//214
f 714//214 688//214 662//214
f 663//216 638//216 613//216
f 613//216 587//216 561//216
f 560//214 534//214 508//214
f 508//214 483//214 457//214
f 457//214 432//214 406//214
f 406//214 377//214 352//214
f 352//214 3987//214 3999//214
f 352//214 3999//214 4002//214
f 457//214 406//214 352//214
f 560//214 508//214 457//214
f 662//214 612//214 560//214
f 765//214 714//214 662//214
f 3996//214 818//214 765//214
f 4005//214 3996//214 765//214
f 765//214 662//214 560//214
f 560//214 457//214 352//214
f 352//214 4002//214 4008//214
f 352//214 4008//214 4012//214
f 765//214 560//214 352//214
f 4015//214 4005//214 765//214
f 4018//214 4015//214 765//214
f 352//214 4012//214 4021//214
f 352//214 4021//214 4024//214
f 4028//214 4018//214 765//214
f 4031//214 4028//214 765//214
f 352//214 4024//214 4034//214
f 352//214 4034//214 4037//214
f 4040//214 4031//214 765//214
f 4043//214 4040//214 765//214
f 352//214 4037//214 4046//214
f 352//214 4046//214 4049//214
f 4052//214 4043//214 765//214
f 4055//214 4052//214 765//214
f 352//214 4049//214 4058//214
f 352//214 4058//214 4061//214
f 4065//214 4055//214 765//214
f 3961//214 4065//214 765//214
f 765//214 352//214 4061//214
f 765//214 4061//214 4068//214
f 3982//214 3961//214 765//214
f 769//215 4069//215 4073//215
f 4072//214 3982//214 765//214
f 4076//214 3507//214 2053//214
f 2053//214 2041//214 2027//214
f 2027//214 2014//214 2001//214
f 2002//215 1989//215 1977//215
f 1977//215 1964//215 1951//215
f 1949//214 1937//214 1923//214
f 1924//216 1911//216 1898//216
f 1897//214 1885//214 1872//214
f 1872//214 1860//214 1846//214
f 1846//214 1833//214 1819//214
f 1820//216 1807//216 1794//216
f 1793//214 1781//214 1767//214
f 1768//215 1755//215 1742//215
f 1742//215 1729//215 1717//215
f 1716//214 1703//214 1690//214
f 1690//214 1678//214 1665//214
f 1665//214 1653//214 1638//214
f 1639//216 1625//216 1613//216
f 1612//214 1600//214 1588//214
f 1588//214 1576//214 1561//214
f 1562//216 1551//216 1538//216
f 1537//214 1522//214 1507//214
f 1508//216 1495//216 1482//216
f 1483//215 1469//215 1457//215
f 1457//215 1444//215 1432//215
f 1431//216 1418//216 1406//216
f 1405//214 1393//214 1381//214
f 1381//214 1369//214 1357//214
f 1357//214 1345//214 1342//214
f 1342//214 4079//214 4082//214
f 1342//214 4082//214 4085//214
f 1381//214 1357//214 1342//214
f 1430//214 1405//214 1381//214
f 1481//214 1456//214 1430//214
f 1537//214 1507//214 1481//214
f 1588//214 1561//214 1537//214
f 1638//214 1612//214 1588//214
f 1690//214 1665//214 1638//214
f 1741//214 1716//214 1690//214
f 1793//214 1767//214 1741//214
f 1847//215 1821//215 1795//215
f 1899//215 1873//215 1847//215
f 1949//214 1923//214 1897//214
f 2001//214 1976//214 1949//214
f 2053//214 2027//214 2001//214
f 4088//214 4076//214 2053//214
f 4091//214 4088//214 2053//214
f 2053//214 2001//214 1949//214
f 1949//214 1897//214 1846//214
f 1846//214 1793//214 1741//214
f 1741//214 1690//214 1638//214
f 1638//214 1588//214 1537//214
f 1537//214 1481//214 1430//214
f 1430//214 1381//214 1342//214
f 1342//214 4085//214 4095//214
f 1342//214 4095//214 4098//214
f 1537//214 1430//214 1342//214
f 1741//214 1638//214 1537//214
f 1949//214 1846//214 1741//214
f 4091//214 2053//214 1949//214
f 4101//214 4091//214 1949//214
f 1949//214 1741//214 1537//214
f 1537//214 1342//214 4098//214
f 1537//214 4098//214 4104//214
f 4107//214 4101//214 1949//214
f 4110//214 4107//214 1949//214
f 1537//214 4104//214 4113//214
f 1537//214 4113//214 4116//214
f 4119//214 4110//214 1949//214
f 4122//214 4119//214 1949//214
f 1537//214 4116//214 4126//214
f 1537//214 4126//214 4129//214
f 4132//214 4122//214 1949//214
f 4135//214 4132//214 1949//214
f 1537//214 4129//214 4138//214
f 1537//214 4138//214 4141//214
f 4144//214 4135//214 1949//214
f 4147//214 4144//214 1949//214
f 1537//214 4141//214 4150//214
f 1537//214 4150//214 4153//214
f 4156//214 4147//214 1949//214
f 3814//214 3812//214 4156//214
f 4159//214 3814//214 4156//214
f 1537//214 4153//214 4162//214
f 1537//214 4162//214 4165//214
f 4159//214 4156//214 1949//214
f 4168//214 4159//214 1949//214
f 1537//214 4165//214 4171//214
f 1537//214 4171//214 4174//214
f 4178//214 4168//214 1949//214
f 4181//214 4178//214 1949//214
f 1537//214 4174//214 4184//214
f 1537//214 4184//214 4187//214
f 4190//214 4181//214 1949//214
f 4193//214 4190//214 1949//214
f 1537//214 4187//214 4196//214
f 1537//214 4196//214 4199//214
f 4202//214 4193//214 1949//214
f 4205//214 4202//214 1949//214
f 1537//214 4199//214 4208//214
f 1537//214 4208//214 4211//214
f 4214//214 4205//214 1949//214
f 4217//214 4214//214 1949//214
f 1537//214 4211//214 4220//214
f 1537//214 4220//214 4223//214
f 4227//214 4217//214 1949//214
f 4230//214 4227//214 1949//214
f 1949//214 1537//214 4223//214
f 1950//220 4224//220 4233//220
f 4237//214 4230//214 1949//214
f 4240//214 4237//214 1949//214
f 1951//215 4236//215 4246//215
f 1949//214 4243//214 4247//214
f 4250//214 4240//214 1949//214
f 4253//214 4250//214 1949//214
f 1949//214 4247//214 4256//214
f 1949//214 4256//214 4259//214
f 4262//214 4253//214 1949//214
f 4265//214 4262//214 1949//214
f 1949//214 4259//214 4268//214
f 1949//214 4268//214 4271//214
f 4274//214 4265//214 1949//214
f 4277//214 4274//214 1949//214
f 1949//214 4271//214 4280//214
f 1949//214 4280//214 4277//214
f 4283//214 4286//214 1142//214
f 1142//214 1139//214 1127//214
f 1127//214 1115//214 1103//214
f 1103//214 1091//214 1078//214
f 1081//215 1068//215 1056//215
f 1053//216 1040//216 1028//216
f 1028//216 1015//216 1002//216
f 1005//215 991//215 979//215
f 976//214 964//214 948//214
f 952//215 938//215 925//215
f 922//214 909//214 895//214
f 895//214 883//214 870//214
f 873//215 860//215 847//215
f 843//214 831//214 818//214
f 818//214 3993//214 4289//214
f 818//214 4289//214 4292//214
f 870//214 843//214 818//214
f 922//214 895//214 870//214
f 976//214 948//214 922//214
f 1027//214 1001//214 976//214
f 1078//214 1052//214 1027//214
f 1127//214 1103//214 1078//214
f 4283//214 1142//214 1127//214
f 4295//214 4283//214 1127//214
f 1127//214 1078//214 1027//214
f 1027//214 976//214 922//214
f 922//214 870//214 818//214
f 818//214 4292//214 4298//214
f 818//214 4298//214 4302//214
f 1027//214 922//214 818//214
f 4295//214 1127//214 1027//214
f 4305//214 4295//214 1027//214
f 1027//214 818//214 4302//214
f 1027//214 4302//214 4308//214
f 4311//214 4305//214 1027//214
f 4314//214 4311//214 1027//214
f 1027//214 4308//214 4317//214
f 1027//214 4317//214 4320//214
f 4323//214 4314//214 1027//214
f 4326//214 4323//214 1027//214
f 1027//214 4320//214 4329//214
f 1027//214 4329//214 4332//214
f 4335//214 4326//214 1027//214
f 4338//214 4335//214 1027//214
f 1027//214 4332//214 4341//214
f 1027//214 4341//214 4344//214
f 4347//214 4338//214 1027//214
f 4350//214 4347//214 1027//214
f 1027//214 4344//214 4353//214
f 4353//214 4350//214 1027//214
f 3599//105 3611//105 4358//105
f 3599//105 4358//105 4360//105
f 3596//106 3600//106 4361//106
f 3596//106 4361//106 4363//106
f 3590//107 3597//107 4364//107
f 3590//107 4364//107 4366//107
f 3587//108 3591//108 4367//108
f 3587//108 4367//108 4369//108
f 3576//109 3588//109 4370//109
f 3576//109 4370//109 4372//109
f 3573//110 3577//110 4373//110
f 3573//110 4373//110 4375//110
f 3564//111 3574//111 4376//111
f 3564//111 4376//111 4378//111
f 3561//112 3565//112 4379//112
f 3561//112 4379//112 4381//112
f 3552//113 3562//113 4382//113
f 3552//113 4382//113 4384//113
f 3549//114 3553//114 4385//114
f 3549//114 4385//114 4387//114
f 3539//115 3550//115 4388//115
f 3539//115 4388//115 4390//115
f 3530//116 3540//116 4391//116
f 3530//116 4391//116 4393//116
f 3527//117 3531//117 4394//117
s 1
f 3527//117 4394//117 4396//117
s 0
f 3517//118 3528//118 4397//118
f 3517//118 4397//118 4399//118
s 1
f 3496//119 3518//119 4400//119
s 0
f 3496//119 4400//119 4402//119
f 3490//120 3497//120 4403//120
f 3490//120 4403//120 4405//120
f 3484//121 3491//121 4406//121
f 3484//121 4406//121 4408//121
f 3477//122 3485//122 4409//122
f 3477//122 4409//122 4411//122
f 3471//123 3478//123 4412//123
f 3471//123 4412//123 4414//123
s 1
f 3465//124 3472//124 4415//124
s 0
f 3465//124 4415//124 4417//124
f 3459//125 3466//125 4418//125
f 3459//125 4418//125 4420//125
s 1
f 3452//126 3460//126 4421//126
s 0
f 3452//126 4421//126 4423//126
f 3446//128 3453//128 4424//128
s 1
f 3446//128 4424//128 4426//128
f 3440//129 3447//129 4427//129
s 0
f 3440//129 4427//129 4429//129
f 3434//130 3441//130 4430//130
f 3434//130 4430//130 4432//130
s 1
f 3428//132 3435//132 4434//132
f 3427//132 4433//132 4436//132
s 0
f 3421//133 3429//133 4437//133
f 3421//133 4437//133 4439//133
f 3414//134 3422//134 4440//134
f 3414//134 4440//134 4442//134
f 3408//135 3415//135 4443//135
f 3408//135 4443//135 4446//135
s 1
f 3402//136 3409//136 4447//136
s 0
f 3402//136 4447//136 4449//136
f 3389//138 3403//138 4450//138
f 3389//137 4450//137 4454//137
f 3830//139 3390//139 4455//139
f 3830//139 4455//139 4457//139
f 3836//140 3831//140 4458//140
f 3836//140 4458//140 4461//140
f 3842//141 3837//141 4462//141
f 3842//141 4462//141 4464//141
f 3849//142 3843//142 4465//142
f 3849//142 4465//142 4468//142
f 3855//143 3850//143 4469//143
f 3855//143 4469//143 4471//143
f 3861//145 3856//145 4472//145
f 3861//145 4472//145 4474//145
f 3867//146 3862//146 4475//146
f 3867//146 4475//146 4477//146
f 3873//147 3868//147 4478//147
f 3873//147 4478//147 4480//147
f 3880//148 3874//148 4481//148
f 3880//148 4481//148 4483//148
f 3886//149 3881//149 4484//149
f 3886//149 4484//149 4486//149
f 3892//150 3887//150 4487//150
f 3892//150 4487//150 4489//150
f 3898//151 3893//151 4490//151
f 3898//151 4490//151 4492//151
f 3904//152 3899//152 4493//152
f 3904//152 4493//152 4495//152
f 3910//153 3905//153 4496//153
f 3910//153 4496//153 4499//153
f 3916//154 3911//154 4500//154
s 1
f 3916//154 4500//154 4502//154
s 0
f 3922//155 3917//155 4503//155
f 3922//155 4503//155 4506//155
f 3929//156 3923//156 4507//156
f 3929//156 4507//156 4509//156
f 3941//157 3930//157 4510//157
f 3941//157 4510//157 4514//157
f 3966//158 3940//158 4513//158
f 3966//158 4513//158 4517//158
s 1
f 4067//159 3965//159 4516//159
s 0
f 4067//159 4516//159 4521//159
f 4057//160 4066//160 4520//160
f 4057//160 4520//160 4524//160
f 4054//161 4056//161 4523//161
f 4054//161 4523//161 4527//161
f 4045//162 4053//162 4526//162
f 4045//162 4526//162 4530//162
f 4042//163 4044//163 4529//163
f 4042//163 4529//163 4533//163
f 4033//164 4041//164 4532//164
f 4033//164 4532//164 4536//164
f 4030//165 4032//165 4535//165
f 4030//165 4535//165 4539//165
f 4542//166 4020//166 4029//166
f 4542//166 4029//166 4538//166
f 4017//167 4019//167 4541//167
f 4017//167 4541//167 4545//167
f 4007//168 4016//168 4544//168
f 4007//168 4544//168 4548//168
f 3998//169 4006//169 4547//169
f 3998//169 4547//169 4551//169
f 3992//171 3997//171 4550//171
f 3992//171 4550//171 4555//171
f 3995//172 3991//172 4554//172
f 3995//172 4554//172 4558//172
f 4291//173 3994//173 4557//173
f 4291//173 4557//173 4562//173
f 4294//174 4290//174 4561//174
s 1
f 4294//174 4561//174 4566//174
s 0
f 4301//175 4293//175 4565//175
f 4300//176 4564//176 4570//176
f 4304//177 4299//177 4569//177
f 4304//177 4569//177 4573//177
f 4310//178 4303//178 4572//178
f 4310//178 4572//178 4577//178
f 4580//179 4319//179 4309//179
f 4580//179 4309//179 4576//179
f 4322//180 4318//180 4579//180
f 4322//180 4579//180 4583//180
f 4331//181 4321//181 4582//181
s 1
f 4331//181 4582//181 4586//181
s 0
f 4334//183 4330//183 4585//183
f 4334//183 4585//183 4589//183
s 1
f 4343//184 4333//184 4588//184
s 0
f 4343//184 4588//184 4592//184
s 1
f 4346//185 4342//185 4591//185
s 0
f 4346//185 4591//185 4595//185
s 1
f 4355//187 4345//187 4594//187
s 0
f 4355//187 4594//187 4598//187
f 4352//188 4354//188 4597//188
f 4352//188 4597//188 4601//188
f 4349//189 4351//189 4600//189
f 4349//189 4600//189 4604//189
f 4340//190 4348//190 4603//190
f 4340//190 4603//190 4607//190
f 4337//191 4339//191 4606//191
f 4337//191 4606//191 4610//191
f 4328//192 4336//192 4609//192
f 4328//192 4609//192 4613//192
f 4325//193 4327//193 4612//193
f 4325//193 4612//193 4616//193
f 4316//194 4324//194 4615//194
f 4316//194 4615//194 4619//194
f 4313//195 4315//195 4618//195
f 4313//195 4618//195 4622//195
s 1
f 4307//196 4312//196 4621//196
s 0
f 4307//196 4621//196 4625//196
f 4297//197 4306//197 4624//197
f 4297//197 4624//197 4628//197
f 4285//198 4296//198 4627//198
f 4285//198 4627//198 4631//198
f 4633//199 4287//199 4284//199
f 4630//199 4637//199 4640//199
f 4633//199 4284//199 4630//199
f 4633//199 4630//199 4640//199
f 4643//200 4639//200 4636//200
f 4643//200 4636//200 4646//200
f 4649//201 4642//201 4645//201
f 4649//201 4645//201 4652//201
f 4655//202 4648//202 4651//202
f 4655//202 4651//202 4658//202
f 4661//203 4654//203 4657//203
f 4661//203 4657//203 4664//203
f 4667//204 4660//204 4663//204
f 4667//204 4663//204 4670//204
f 4673//205 4666//205 4669//205
f 4673//205 4669//205 4676//205
f 4679//206 4672//206 4675//206
f 4679//206 4675//206 4682//206
f 4685//212 4688//212 4678//212
f 4685//212 4678//212 4681//212
f 4691//213 4687//213 4684//213
f 4691//213 4684//213 4694//213
f 4696//1 4690//1 4693//1
f 4696//1 4693//1 4699//1
f 4702//2 4697//2 4700//2
f 4702//2 4700//2 4705//2
f 4708//3 4703//3 4706//3
f 4708//3 4706//3 4711//3
f 4715//4 4709//4 4712//4
f 4715//4 4712//4 4718//4
f 4721//5 4716//5 4719//5
f 4721//5 4719//5 4724//5
f 4727//6 4722//6 4725//6
f 4727//6 4725//6 4730//6
f 4733//7 4728//7 4731//7
f 4733//7 4731//7 4736//7
f 4739//8 4734//8 4737//8
f 4739//8 4737//8 4742//8
f 4745//9 4740//9 4743//9
f 4745//9 4743//9 4748//9
f 4751//10 4746//10 4749//10
f 4754//10 4083//10 4080//10
f 4751//10 4749//10 4754//10
f 4751//10 4754//10 4080//10
f 4086//11 4084//11 4755//11
f 4086//11 4755//11 4757//11
f 4096//12 4087//12 4758//12
f 4096//12 4758//12 4760//12
f 4099//13 4097//13 4761//13
s 1
f 4099//13 4761//13 4763//13
s 0
f 4105//14 4100//14 4764//14
f 4105//14 4764//14 4766//14
s 1
f 4114//15 4106//15 4767//15
s 0
f 4114//15 4767//15 4769//15
f 4117//16 4115//16 4770//16
f 4117//16 4770//16 4772//16
f 4127//17 4118//17 4773//17
f 4127//17 4773//17 4775//17
f 4130//18 4128//18 4776//18
f 4130//18 4776//18 4778//18
f 4139//19 4131//19 4779//19
f 4139//19 4779//19 4781//19
s 1
f 4142//20 4140//20 4782//20
s 0
f 4142//20 4782//20 4784//20
f 4151//21 4143//21 4785//21
f 4151//21 4785//21 4787//21
s 1
f 4154//22 4152//22 4788//22
s 0
f 4154//22 4788//22 4790//22
f 4163//24 4155//24 4791//24
s 1
f 4163//24 4791//24 4793//24
f 4166//25 4164//25 4794//25
s 0
f 4166//25 4794//25 4796//25
f 4172//26 4167//26 4797//26
f 4172//26 4797//26 4799//26
s 1
f 4176//28 4173//28 4801//28
f 4175//27 4800//27 4803//27
s 0
f 4185//29 4177//29 4804//29
f 4185//29 4804//29 4806//29
f 4188//30 4186//30 4807//30
f 4188//30 4807//30 4810//30
f 4197//31 4189//31 4811//31
f 4197//31 4811//31 4813//31
s 1
f 4200//32 4198//32 4814//32
s 0
f 4200//32 4814//32 4817//32
f 4209//33 4201//33 4818//33
f 4209//33 4818//33 4820//33
f 4212//35 4210//35 4821//35
f 4212//35 4821//35 4823//35
f 4221//36 4213//36 4824//36
f 4221//36 4824//36 4826//36
f 4225//37 4222//37 4827//37
f 4225//37 4827//37 4830//37
f 4234//38 4226//38 4831//38
f 4234//38 4831//38 4834//38
f 4244//39 4235//39 4835//39
f 4244//39 4835//39 4837//39
f 4248//41 4245//41 4838//41
f 4248//41 4838//41 4840//41
f 4257//42 4249//42 4841//42
f 4257//42 4841//42 4844//42
f 4260//43 4258//43 4845//43
f 4260//43 4845//43 4847//43
f 4269//44 4261//44 4848//44
f 4269//44 4848//44 4851//44
f 4272//45 4270//45 4852//45
f 4272//45 4852//45 4854//45
f 4281//46 4273//46 4855//46
f 4281//46 4855//46 4858//46
f 4278//47 4282//47 4859//47
f 4278//47 4859//47 4861//47
f 4275//48 4279//48 4862//48
f 4275//48 4862//48 4865//48
f 4266//49 4276//49 4866//49
f 4266//49 4866//49 4869//49
f 4263//50 4267//50 4870//50
s 1
f 4263//50 4870//50 4872//50
s 0
f 4254//51 4264//51 4873//51
f 4254//51 4873//51 4875//51
f 4252//52 4255//52 4876//52
f 4252//52 4876//52 4879//52
f 4242//53 4251//53 4878//53
f 4242//53 4878//53 4882//53
f 4239//54 4241//54 4881//54
f 4239//54 4881//54 4885//54
s 1
f 4232//55 4238//55 4884//55
s 0
f 4232//55 4884//55 4888//55
f 4229//56 4231//56 4887//56
f 4229//56 4887//56 4891//56
f 4219//57 4228//57 4890//57
f 4219//57 4890//57 4894//57
f 4216//58 4218//58 4893//58
f 4216//58 4893//58 4899//58
f 4207//59 4215//59 4898//59
f 4207//59 4898//59 4903//59
f 4204//60 4206//60 4902//60
f 4204//60 4902//60 4907//60
f 4195//61 4203//61 4906//61
f 4195//61 4906//61 4910//61
f 4192//62 4194//62 4909//62
f 4192//62 4909//62 4914//62
f 4183//63 4191//63 4913//63
f 4183//63 4913//63 4917//63
f 4180//64 4182//64 4916//64
f 4180//64 4916//64 4920//64
f 4170//65 4179//65 4919//65
f 4170//65 4919//65 4923//65
f 4161//67 4169//67 4922//67
f 4161//67 4922//67 4926//67
f 3816//68 4160//68 4925//68
f 3816//68 4925//68 4929//68
f 3819//69 3815//69 4928//69
f 3819//69 4928//69 4933//69
f 3808//70 3818//70 4932//70
s 1
f 3808//70 4932//70 4938//70
s 0
f 3801//72 3807//72 4937//72
f 3800//71 4936//71 4942//71
f 3794//73 3799//73 4941//73
f 3794//73 4941//73 4945//73
f 3788//74 3793//74 4944//74
f 3788//74 4944//74 4949//74
f 3782//75 3787//75 4948//75
f 3782//75 4948//75 4952//75
f 3775//76 3781//76 4951//76
f 3775//76 4951//76 4955//76
f 3764//77 3774//77 4954//77
s 1
f 3764//77 4954//77 4958//77
s 0
f 3761//79 3763//79 4957//79
f 3761//79 4957//79 4961//79
s 1
f 3752//80 3760//80 4960//80
s 0
f 3752//80 4960//80 4964//80
s 1
f 3749//81 3751//81 4963//81
s 0
f 3749//81 4963//81 4967//81
s 1
f 3739//83 3748//83 4966//83
s 0
f 3739//83 4966//83 4970//83
f 3736//84 3738//84 4969//84
f 3736//84 4969//84 4973//84
f 3727//85 3735//85 4972//85
f 3727//85 4972//85 4976//85
f 3724//86 3726//86 4975//86
f 3724//86 4975//86 4979//86
f 3714//87 3723//87 4978//87
f 3714//87 4978//87 4982//87
f 3711//88 3713//88 4981//88
f 3711//88 4981//88 4985//88
f 3702//89 3710//89 4984//89
f 3702//89 4984//89 4988//89
f 3699//90 3701//90 4987//90
f 3699//90 4987//90 4991//90
f 3690//91 3698//91 4990//91
f 3690//91 4990//91 4994//91
s 1
f 3687//92 3689//92 4993//92
s 0
f 3687//92 4993//92 4997//92
f 3677//93 3686//93 4996//93
f 3677//93 4996//93 5000//93
f 3674//94 3676//94 4999//94
f 3674//94 4999//94 5003//94
f 3664//95 3673//95 5002//95
f 3664//95 5002//95 5006//95
f 3661//96 3663//96 5005//96
f 3661//96 5005//96 5009//96
f 3652//97 3660//97 5008//97
f 3652//97 5008//97 5012//97
f 3649//98 3651//98 5011//98
f 3649//98 5011//98 5015//98
f 3640//99 3648//99 5014//99
f 3640//99 5014//99 5018//99
f 3637//100 3639//100 5017//100
f 3637//100 5017//100 5021//100
f 3628//101 3636//101 5020//101
f 3628//101 5020//101 5024//101
f 3625//102 3627//102 5023//102
f 3625//102 5023//102 5027//102
f 4356//214 5028//214 5025//214
f 5025//214 5022//214 5019//214
f 5019//214 5016//214 5013//214
f 5013//214 5010//214 5007//214
f 5007//214 5004//214 5001//214
f 5001//214 4998//214 4995//214
f 4995//214 4992//214 4989//214
f 4989//214 4986//214 4983//214
f 4983//214 4980//214 4977//214
f 4977//214 4974//214 4971//214
f 4971//214 4968//214 4965//214
f 4965//214 4962//214 4959//214
f 4959//214 4956//214 4953//214
f 4953//214 4950//214 4946//214
f 4947//216 4943//216 4940//216
f 4939//214 4935//214 4931//214
f 4934//215 4930//215 4927//215
f 4924//214 4921//214 4918//214
f 4918//214 4915//214 4911//214
f 4912//216 4908//216 4905//216
f 4905//216 4901//216 4897//216
f 4900//215 4895//215 4892//215
f 4889//214 4886//214 4883//214
f 4883//214 4880//214 4877//214
f 4877//214 4874//214 4871//214
f 4871//214 4868//214 4864//214
f 4867//215 4863//215 4860//215
f 4857//216 4853//216 4850//216
f 4850//216 4846//216 4843//216
f 4842//214 4839//214 4836//214
f 4836//214 4833//214 4829//214
f 4832//215 4828//215 4825//215
f 4822//214 4819//214 4815//214
f 4815//214 5031//214 5034//214
f 4815//214 5034//214 5037//214
f 4829//214 4822//214 4815//214
f 4842//214 4836//214 4829//214
f 4856//214 4849//214 4842//214
f 4871//214 4864//214 4856//214
f 4883//214 4877//214 4871//214
f 4896//214 4889//214 4883//214
f 4911//214 4904//214 4896//214
f 4924//214 4918//214 4911//214
f 4939//214 4931//214 4924//214
f 4953//214 4946//214 4939//214
f 4965//214 4959//214 4953//214
f 4977//214 4971//214 4965//214
f 4989//214 4983//214 4977//214
f 5001//214 4995//214 4989//214
f 5013//214 5007//214 5001//214
f 5025//214 5019//214 5013//214
f 4359//214 4356//214 5025//214
f 4365//214 4362//214 4359//214
f 4371//214 4368//214 4365//214
f 4377//214 4374//214 4371//214
f 4383//214 4380//214 4377//214
f 4389//214 4386//214 4383//214
f 4395//214 4392//214 4389//214
f 4401//214 4398//214 4395//214
f 4407//214 4404//214 4401//214
f 4413//214 4410//214 4407//214
f 4419//214 4416//214 4413//214
f 4425//214 4422//214 4419//214
f 4431//214 4428//214 4425//214
f 4438//214 4435//214 4431//214
f 4444//214 4441//214 4438//214
f 4453//215 4448//215 4445//215
f 4460//216 4456//216 4452//216
f 4467//216 4463//216 4460//216
f 4473//214 4470//214 4466//214
f 4479//214 4476//214 4473//214
f 4485//214 4482//214 4479//214
f 4491//214 4488//214 4485//214
f 4497//214 4494//214 4491//214
f 4505//216 4501//216 4498//216
f 4511//214 4508//214 4504//214
f 4519//216 4515//216 4512//216
f 4525//214 4522//214 4518//214
f 4531//214 4528//214 4525//214
f 4537//214 4534//214 4531//214
f 4543//214 4540//214 4537//214
f 4549//214 4546//214 4543//214
f 5040//214 4552//214 4549//214
f 5043//214 5040//214 4549//214
f 4549//214 4543//214 4537//214
f 4537//214 4531//214 4525//214
f 4525//214 4518//214 4511//214
f 4511//214 4504//214 4497//214
f 4497//214 4491//214 4485//214
f 4485//214 4479//214 4473//214
f 4473//214 4466//214 4459//214
f 4459//214 4451//214 4444//214
f 4444//214 4438//214 4431//214
f 4431//214 4425//214 4419//214
f 4419//214 4413//214 4407//214
f 4407//214 4401//214 4395//214
f 4395//214 4389//214 4383//214
f 4383//214 4377//214 4371//214
f 4371//214 4365//214 4359//214
f 4359//214 5025//214 5013//214
f 5013//214 5001//214 4989//214
f 4989//214 4977//214 4965//214
f 4965//214 4953//214 4939//214
f 4939//214 4924//214 4911//214
f 4911//214 4896//214 4883//214
f 4883//214 4871//214 4856//214
f 4856//214 4842//214 4829//214
f 4829//214 4815//214 5037//214
f 4829//214 5037//214 5046//214
f 4883//214 4856//214 4829//214
f 4939//214 4911//214 4883//214
f 4989//214 4965//214 4939//214
f 4359//214 5013//214 4989//214
f 4383//214 4371//214 4359//214
f 4407//214 4395//214 4383//214
f 4431//214 4419//214 4407//214
f 4459//214 4444//214 4431//214
f 4485//214 4473//214 4459//214
f 4511//214 4497//214 4485//214
f 4537//214 4525//214 4511//214
f 5043//214 4549//214 4537//214
f 5049//214 5043//214 4537//214
f 4537//214 4511//214 4485//214
f 4485//214 4459//214 4431//214
f 4431//214 4407//214 4383//214
f 4383//214 4359//214 4989//214
f 4989//214 4939//214 4883//214
f 4883//214 4829//214 5046//214
f 4883//214 5046//214 5053//214
f 4383//214 4989//214 4883//214
f 4485//214 4431//214 4383//214
f 5049//214 4537//214 4485//214
f 5057//214 5049//214 4485//214
f 4485//214 4383//214 4883//214
f 4883//214 5053//214 5060//214
f 4883//214 5060//214 5063//214
f 5066//214 5057//214 4485//214
f 5069//214 5066//214 4485//214
f 4883//214 5063//214 5072//214
f 4883//214 5072//214 5075//214
f 5078//214 5069//214 4485//214
f 5081//214 5078//214 4485//214
f 4883//214 5075//214 5084//214
f 4883//214 5084//214 5087//214
f 5090//214 5081//214 4485//214
f 5093//214 5090//214 4485//214
f 4883//214 5087//214 5096//214
f 4883//214 5096//214 5099//214
f 5102//214 5093//214 4485//214
f 5105//214 5102//214 4485//214
f 4883//214 5099//214 5108//214
f 4883//214 5108//214 5111//214
f 5114//214 5105//214 4485//214
f 5117//214 5114//214 4485//214
f 4883//214 5111//214 5121//214
f 4883//214 5121//214 5125//214
f 5128//214 5117//214 4485//214
f 5131//214 5128//214 4485//214
f 4883//214 5125//214 5134//214
f 4883//214 5134//214 5137//214
f 5140//214 5131//214 4485//214
f 5143//214 5140//214 4485//214
f 4883//214 5137//214 5146//214
f 4883//214 5146//214 5149//214
f 5152//214 5143//214 4485//214
f 5155//214 5152//214 4485//214
f 4883//214 5149//214 5158//214
f 4883//214 5158//214 5161//214
f 5164//214 5155//214 4485//214
f 5167//214 5164//214 4485//214
f 4883//214 5161//214 5170//214
f 4883//214 5170//214 5173//214
f 5176//214 5167//214 4485//214
f 5179//214 5176//214 4485//214
f 4883//214 5173//214 5182//214
f 4883//214 5182//214 5185//214
f 5188//214 5179//214 4485//214
f 5191//214 5188//214 4485//214
f 4883//214 5185//214 5195//214
f 4883//214 5195//214 5198//214
f 5202//214 5191//214 4485//214
f 5205//214 5202//214 4485//214
f 4883//214 5198//214 5208//214
f 4883//214 5208//214 5211//214
f 5214//214 5205//214 4485//214
f 5217//214 5214//214 4485//214
f 4883//214 5211//214 5220//214
f 4883//214 5220//214 5223//214
f 5226//214 5217//214 4485//214
f 5229//214 5226//214 4485//214
f 4485//214 4883//214 5223//214
f 5223//214 5229//214 4485//214
f 5232//214 5031//214 4815//214
f 4816//216 4812//216 4809//216
f 4808//214 4805//214 4802//214
f 4802//214 4798//214 4795//214
f 4795//214 4792//214 4789//214
f 4789//214 4786//214 4783//214
f 4783//214 4780//214 4777//214
f 4777//214 4774//214 4771//214
f 4771//214 4768//214 4765//214
f 4765//214 4762//214 4759//214
f 4759//214 4756//214 4753//214
f 4753//214 4747//214 4741//214
f 4741//214 4735//214 4729//214
f 4729//214 4723//214 4717//214
f 4717//214 4710//214 4704//214
f 4704//214 4698//214 4692//214
f 4692//214 4683//214 4680//214
f 4680//214 4674//214 4668//214
f 4668//214 4662//214 4656//214
f 4656//214 4650//214 4644//214
f 4644//214 4635//214 4629//214
f 4629//214 4626//214 4623//214
f 4623//214 4620//214 4617//214
f 4617//214 4614//214 4611//214
f 4611//214 4608//214 4605//214
f 4605//214 4602//214 4599//214
f 4599//214 4596//214 4593//214
f 4593//214 4590//214 4587//214
f 4587//214 4584//214 4581//214
f 4581//214 4578//214 4574//214
f 4575//215 4571//215 4568//215
f 4567//214 4563//214 4559//214
f 4560//216 4556//216 4553//216
f 4552//214 5040//214 5235//214
f 4552//214 5235//214 5238//214
f 4567//214 4559//214 4552//214
f 4581//214 4574//214 4567//214
f 4593//214 4587//214 4581//214
f 4605//214 4599//214 4593//214
f 4617//214 4611//214 4605//214
f 4629//214 4623//214 4617//214
f 4656//214 4644//214 4629//214
f 4680//214 4668//214 4656//214
f 4704//214 4692//214 4680//214
f 4729//214 4717//214 4704//214
f 4753//214 4741//214 4729//214
f 4765//214 4759//214 4753//214
f 4777//214 4771//214 4765//214
f 4789//214 4783//214 4777//214
f 4802//214 4795//214 4789//214
f 4815//214 4808//214 4802//214
f 5241//214 5232//214 4815//214
f 5244//214 5241//214 4815//214
f 4815//214 4802//214 4789//214
f 4789//214 4777//214 4765//214
f 4765//214 4753//214 4729//214
f 4729//214 4704//214 4680//214
f 4680//214 4656//214 4629//214
f 4629//214 4617//214 4605//214
f 4605//214 4593//214 4581//214
f 4581//214 4567//214 4552//214
f 4552//214 5238//214 5247//214
f 4552//214 5247//214 5250//214
f 4605//214 4581//214 4552//214
f 4680//214 4629//214 4605//214
f 4765//214 4729//214 4680//214
f 4815//214 4789//214 4765//214
f 5253//214 5244//214 4815//214
f 5256//214 5253//214 4815//214
f 4815//214 4765//214 4680//214
f 4680//214 4605//214 4552//214
f 4552//214 5250//214 5259//214
f 4552//214 5259//214 5262//214
f 4815//214 4680//214 4552//214
f 5265//214 5256//214 4815//214
f 5268//214 5265//214 4815//214
f 4552//214 5262//214 5271//214
f 4552//214 5271//214 5274//214
f 5277//214 5268//214 4815//214
f 5280//214 5277//214 4815//214
f 4552//214 5274//214 5283//214
f 4552//214 5283//214 5286//214
f 5290//214 5280//214 4815//214
f 5294//214 5290//214 4815//214
f 4815//214 4552//214 5286//214
f 4816//216 5287//216 5298//216
f 5302//214 5294//214 4815//214
f 5305//214 5302//214 4815//214
f 4815//214 5297//214 5308//214
f 4815//214 5308//214 5311//214
f 5314//214 5305//214 4815//214
f 5317//214 5314//214 4815//214
f 4815//214 5311//214 5320//214
f 4815//214 5320//214 5323//214
f 5326//214 5317//214 4815//214
f 5323//214 5326//214 4815//214
f 3614//103 3624//103 5026//103
f 3614//103 5026//103 5030//103
f 3610//104 3613//104 5029//104
f 3610//104 5029//104 4357//104
f 4752//221 4081//221 1343//221
f 4752//221 1343//221 1340//221
f 1144//222 4288//222 4634//222
f 1144//222 4634//222 1147//222
f 4726//214 5329//214 5332//214
f 4726//214 5332//214 5335//214
f 5338//214 4720//214 4726//214
f 5342//214 5338//214 4726//214
f 4726//214 5335//214 5345//214
f 4726//214 5345//214 5348//214
f 5351//214 5342//214 4726//214
f 5354//214 5351//214 4726//214
f 4726//214 5348//214 5357//214
f 4726//214 5357//214 5360//214
f 5363//214 5354//214 4726//214
f 5366//214 5363//214 4726//214
f 4726//214 5360//214 5369//214
f 5369//214 5366//214 4726//214
f 5372//214 5329//214 4726//214
f 5372//214 4726//214 4732//214
f 5375//214 5372//214 4732//214
f 5375//214 4732//214 4738//214
f 5378//214 5375//214 4738//214
f 4744//214 4750//214 1339//214
f 5378//214 4738//214 4744//214
f 5381//214 5378//214 4744//214
f 4744//214 1339//214 1327//214
f 1327//214 1315//214 1303//214
f 1303//214 1291//214 1279//214
f 1279//214 1267//214 1253//214
f 1253//214 1241//214 1229//214
f 1229//214 1217//214 1205//214
f 1205//214 1193//214 1181//214
f 1181//214 1169//214 1148//214
f 1148//214 1145//214 4632//214
f 1148//214 4632//214 4638//214
f 1205//214 1181//214 1148//214
f 1253//214 1229//214 1205//214
f 1303//214 1279//214 1253//214
f 4744//214 1327//214 1303//214
f 5384//214 5381//214 4744//214
f 5387//214 5384//214 4744//214
f 4744//214 1303//214 1253//214
f 1253//214 1205//214 1148//214
f 1148//214 4638//214 4641//214
f 1148//214 4641//214 4647//214
f 5390//214 5387//214 4744//214
f 5393//214 5390//214 4744//214
f 1253//214 1148//214 4647//214
f 1253//214 4647//214 4653//214
f 5393//214 4744//214 1253//214
f 5400//215 5396//215 1255//215
f 1253//214 4653//214 4659//214
f 5402//216 5397//216 1254//216
f 5405//214 5401//214 1253//214
f 4713//214 4720//214 5338//214
f 4714//216 5339//216 5409//216
f 4707//214 4713//214 5408//214
f 4707//214 5408//214 5412//214
f 4701//214 4707//214 5412//214
f 4701//214 5412//214 5415//214
f 4695//214 4701//214 5415//214
f 4695//214 5415//214 5418//214
f 4689//214 4695//214 5418//214
f 4689//214 5418//214 5421//214
f 4686//214 4689//214 5421//214
f 4686//214 5421//214 5424//214
f 4677//214 4686//214 5424//214
f 4677//214 5424//214 5427//214
f 4671//214 4677//214 5427//214
f 4671//214 5427//214 5430//214
f 4665//214 4671//214 5430//214
f 4665//214 5430//214 5433//214
f 5436//214 5405//214 1253//214
f 5439//214 5436//214 1253//214
f 4659//214 4665//214 5433//214
f 4659//214 5433//214 5442//214
f 5445//214 5439//214 1253//214
f 5448//214 5445//214 1253//214
f 4659//214 5442//214 5451//214
f 4659//214 5451//214 5454//214
f 5457//214 5448//214 1253//214
f 5460//214 5457//214 1253//214
f 4659//214 5454//214 5463//214
f 4659//214 5463//214 5466//214
f 5469//214 5460//214 1253//214
f 5472//214 5469//214 1253//214
f 4659//214 5466//214 5475//214
f 4659//214 5475//214 5478//214
f 5481//214 5472//214 1253//214
f 5484//214 5481//214 1253//214
f 4659//214 5478//214 5487//214
f 4659//214 5487//214 5490//214
f 5493//214 5484//214 1253//214
f 5496//214 5493//214 1253//214
f 4659//214 5490//214 5499//214
f 1253//214 4659//214 5499//214
f 5503//214 5496//214 1253//214
f 5506//214 5503//214 1253//214
f 1255//215 5500//215 5510//215
f 1254//216 5509//216 5514//216
f 5517//214 5506//214 1253//214
f 5520//214 5517//214 1253//214
f 1253//214 5513//214 5523//214
f 1253//214 5523//214 5526//214
f 5529//214 5520//214 1253//214
f 5526//214 5529//214 1253//214
f 5533//223 5537//223 2966//223
f 5533//223 2966//223 2962//223
f 5540//223 5542//223 5227//223
f 5540//223 5227//223 5231//223
f 5545//224 5534//224 2963//224
f 5545//224 2963//224 2956//224
f 5543//224 5548//224 5218//224
f 5543//224 5218//224 5228//224
f 5551//225 5546//225 2957//225
f 5551//225 2957//225 2950//225
f 5549//225 5554//225 5215//225
f 5549//225 5215//225 5219//225
f 5557//226 5552//226 2951//226
f 5557//226 2951//226 2944//226
f 5555//226 5560//226 5206//226
f 5555//226 5206//226 5216//226
f 5564//227 5558//227 2945//227
f 5564//227 2945//227 2939//227
f 5561//227 5567//227 5203//227
f 5561//227 5203//227 5207//227
f 5572//228 5565//228 2941//228
f 5571//229 2940//229 2935//229
f 5568//229 5576//229 5192//229
f 5569//228 5193//228 5204//228
f 5581//230 5573//230 2936//230
f 5581//230 2936//230 2932//230
f 5577//230 5584//230 5189//230
f 5577//230 5189//230 5194//230
f 5587//231 5582//231 2933//231
f 5587//231 2933//231 2929//231
f 5585//231 5591//231 5180//231
f 5585//231 5180//231 5190//231
f 5596//232 5588//232 2930//232
f 5596//232 2930//232 2926//232
f 5592//232 5599//232 5177//232
f 5592//232 5177//232 5181//232
f 5602//233 5597//233 2927//233
f 5602//233 2927//233 2923//233
f 5600//233 5607//233 5168//233
f 5600//233 5168//233 5178//233
s 1
f 5611//234 5603//234 2924//234
s 0
f 5611//234 2924//234 2920//234
f 5608//234 5614//234 5165//234
f 5608//234 5165//234 5169//234
f 5617//235 5612//235 2921//235
f 5617//235 2921//235 2917//235
f 5615//235 5622//235 5156//235
f 5615//235 5156//235 5166//235
f 5157//236 5623//236 5625//236
f 5157//236 5625//236 5153//236
f 5629//236 5618//236 2918//236
f 5629//236 2918//236 2914//236
f 5154//237 5626//237 5634//237
f 5154//237 5634//237 5144//237
f 5637//237 5630//237 2915//237
s 1
f 5637//237 2915//237 2911//237
s 0
f 5145//238 5635//238 5640//238
f 5145//238 5640//238 5141//238
f 5644//238 5638//238 2912//238
f 5644//238 2912//238 2908//238
f 5142//239 5641//239 5648//239
f 5142//239 5648//239 5132//239
f 5651//239 5645//239 2909//239
f 5651//239 2909//239 2905//239
f 5133//240 5649//240 5654//240
f 5133//240 5654//240 5129//240
f 5658//240 5652//240 2906//240
f 5658//240 2906//240 2902//240
f 5130//241 5655//241 5661//241
f 5130//241 5661//241 5118//241
f 5664//241 5659//241 2903//241
f 5664//241 2903//241 2898//241
f 5120//242 5662//242 5668//242
f 5119//243 5667//243 5115//243
f 5673//242 5665//242 2900//242
f 5672//243 2899//243 2895//243
f 5116//244 5669//244 5677//244
f 5116//244 5677//244 5106//244
f 5680//244 5674//244 2896//244
f 5680//244 2896//244 2892//244
f 5107//245 5678//245 5683//245
f 5107//245 5683//245 5103//245
f 5688//245 5681//245 2893//245
f 5688//245 2893//245 2885//245
f 5104//246 5684//246 5692//246
f 5104//246 5692//246 5094//246
f 5695//246 5689//246 2886//246
f 5695//246 2886//246 2882//246
f 5095//247 5693//247 5698//247
f 5095//247 5698//247 5091//247
f 5703//247 5696//247 2883//247
f 5703//247 2883//247 2879//247
f 5092//248 5699//248 5707//248
f 5092//248 5707//248 5082//248
f 5710//248 5704//248 2880//248
f 5710//248 2880//248 2876//248
f 5083//249 5708//249 5714//249
f 5083//249 5714//249 5080//249
f 5719//249 5711//249 2877//249
f 5719//249 2877//249 2868//249
f 5079//250 5713//250 5723//250
f 5079//250 5723//250 5071//250
f 5726//250 5718//250 2867//250
f 5726//250 2867//250 2865//250
f 5070//251 5722//251 5729//251
f 5070//251 5729//251 5068//251
f 5734//251 5725//251 2864//251
f 5734//251 2864//251 2856//251
f 5067//252 5728//252 5738//252
f 5067//252 5738//252 5059//252
f 5741//252 5733//252 2855//252
f 5741//252 2855//252 2853//252
f 5058//253 5737//253 5744//253
f 5058//253 5744//253 5052//253
f 5747//253 5740//253 2852//253
f 5747//253 2852//253 2843//253
f 5050//254 5743//254 5750//254
f 5051//255 5751//255 5045//255
f 5754//254 5746//254 2841//254
f 5755//255 2842//255 2839//255
f 5044//256 5749//256 5758//256
f 5044//256 5758//256 5042//256
f 5762//256 5753//256 2838//256
f 5762//256 2838//256 2830//256
f 5041//257 5757//257 5766//257
f 5041//257 5766//257 5237//257
f 5769//257 5761//257 2829//257
f 5769//257 2829//257 2827//257
f 5236//258 5765//258 5772//258
f 5236//258 5772//258 5240//258
f 5776//258 5768//258 2826//258
s 1
f 5776//258 2826//258 2817//258
s 0
f 5239//259 5771//259 5781//259
f 5239//259 5781//259 5249//259
f 5784//259 5775//259 2816//259
f 5784//259 2816//259 2814//259
f 5248//260 5780//260 5787//260
f 5248//260 5787//260 5252//260
f 5791//260 5783//260 2813//260
f 5791//260 2813//260 2804//260
f 5251//261 5786//261 5796//261
f 5251//261 5796//261 5261//261
f 5799//261 5790//261 2803//261
f 5799//261 2803//261 2801//261
f 5260//262 5795//262 5802//262
f 5260//262 5802//262 5264//262
f 5806//262 5798//262 2800//262
f 5806//262 2800//262 2792//262
f 5263//263 5801//263 5811//263
f 5263//263 5811//263 5273//263
s 1
f 5814//263 5805//263 2791//263
s 0
f 5814//263 2791//263 2789//263
f 5272//264 5810//264 5817//264
f 5272//264 5817//264 5276//264
f 5822//264 5813//264 2788//264
f 5822//264 2788//264 2780//264
f 5275//265 5816//265 5826//265
f 5275//265 5826//265 5285//265
f 5829//265 5821//265 2779//265
f 5829//265 2779//265 2771//265
f 5284//266 5825//266 5832//266
f 5284//266 5832//266 5289//266
f 5837//266 5828//266 2770//266
f 5837//266 2770//266 2765//266
f 5288//267 5831//267 5840//267
f 5288//267 5840//267 5301//267
f 5843//267 5836//267 2764//267
f 5843//267 2764//267 2762//267
f 5299//268 5839//268 5846//268
f 5300//269 5847//269 5310//269
f 5852//269 5842//269 2761//269
f 5851//268 2760//268 2755//268
f 5309//270 5845//270 5855//270
f 5309//270 5855//270 5313//270
f 5858//270 5850//270 2754//270
f 5858//270 2754//270 2752//270
f 5312//271 5854//271 5861//271
f 5312//271 5861//271 5322//271
f 5864//271 5857//271 2751//271
f 5864//271 2751//271 2749//271
f 5321//272 5860//272 5867//272
f 5321//272 5867//272 5325//272
f 5870//272 5863//272 2748//272
f 5870//272 2748//272 3092//272
f 5324//273 5866//273 5873//273
f 5324//273 5873//273 5328//273
f 5876//273 5869//273 3091//273
f 5876//273 3091//273 3095//273
f 5327//274 5872//274 5879//274
f 5327//274 5879//274 5319//274
f 5882//274 5875//274 3094//274
f 5882//274 3094//274 3104//274
f 5318//275 5878//275 5884//275
f 5318//275 5884//275 5315//275
f 5887//275 5881//275 3103//275
f 5887//275 3103//275 3106//275
f 5316//276 5885//276 5890//276
f 5316//276 5890//276 5306//276
f 5893//276 5888//276 3107//276
f 5893//276 3107//276 3115//276
f 5307//277 5891//277 5896//277
f 5307//277 5896//277 5303//277
f 5899//277 5894//277 3116//277
f 5899//277 3116//277 3118//277
f 5304//278 5897//278 5902//278
f 5304//278 5902//278 5295//278
f 5905//278 5900//278 3119//278
f 5905//278 3119//278 3127//278
f 5296//279 5903//279 5908//279
f 5296//279 5908//279 5291//279
f 5911//279 5906//279 3128//279
f 5911//279 3128//279 3130//279
f 5292//280 5909//280 5915//280
f 5293//281 5916//281 5281//281
f 5920//281 5912//281 3132//281
f 5919//280 3131//280 3140//280
f 5282//282 5917//282 5923//282
f 5282//282 5923//282 5278//282
f 5928//282 5921//282 3141//282
f 5928//282 3141//282 3143//282
f 5279//283 5924//283 5932//283
f 5279//283 5932//283 5269//283
f 5936//283 5929//283 3144//283
f 5936//283 3144//283 3152//283
f 5270//284 5933//284 5938//284
f 5270//284 5938//284 5266//284
f 5944//284 5937//284 3153//284
f 5944//284 3153//284 3155//284
f 5267//285 5939//285 5948//285
f 5267//285 5948//285 5257//285
f 5952//285 5945//285 3156//285
f 5952//285 3156//285 3161//285
f 5258//286 5949//286 5955//286
f 5258//286 5955//286 5254//286
s 1
f 5959//286 5953//286 3162//286
s 0
f 5959//286 3162//286 3167//286
f 5255//287 5956//287 5963//287
f 5255//287 5963//287 5245//287
f 5967//287 5960//287 3168//287
f 5967//287 3168//287 3173//287
f 5971//288 5968//288 3174//288
f 5971//288 3174//288 3179//288
f 5964//288 5973//288 5242//288
f 5964//288 5242//288 5246//288
f 5977//289 5972//289 3180//289
s 1
f 5977//289 3180//289 3185//289
s 0
f 5974//289 5981//289 5233//289
f 5974//289 5233//289 5243//289
f 5985//290 5978//290 3186//290
f 5985//290 3186//290 3191//290
f 5982//290 5989//290 5032//290
f 5982//290 5032//290 5234//290
f 5991//291 5986//291 3192//291
f 5991//291 3192//291 3197//291
f 5990//291 5996//291 5035//291
f 5990//291 5035//291 5033//291
f 5999//292 5992//292 3198//292
f 5999//292 3198//292 3203//292
f 5997//292 6003//292 5038//292
f 5997//292 5038//292 5036//292
f 6006//293 6000//293 3204//293
f 6006//293 3204//293 3209//293
f 6004//293 6009//293 5047//293
f 6004//293 5047//293 5039//293
f 6015//294 6007//294 3211//294
f 6014//295 3210//295 3217//295
f 6010//295 6018//295 5054//295
f 6011//294 5055//294 5048//294
f 6021//296 6016//296 3218//296
f 6021//296 3218//296 3225//296
f 6019//296 6024//296 5061//296
f 6019//296 5061//296 5056//296
f 6029//297 6022//297 3226//297
f 6029//297 3226//297 3231//297
f 6025//297 6032//297 5064//297
f 6025//297 5064//297 5062//297
f 6035//298 6030//298 3232//298
f 6035//298 3232//298 3238//298
f 6033//298 6039//298 5073//298
f 6033//298 5073//298 5065//298
f 6044//299 6036//299 3239//299
f 6044//299 3239//299 3246//299
f 6040//299 6047//299 5076//299
f 6040//299 5076//299 5074//299
f 6052//300 6045//300 3247//300
f 6052//300 3247//300 3265//300
f 6048//300 6055//300 5086//300
f 6048//300 5086//300 5077//300
f 6060//301 6051//301 3264//301
f 6060//301 3264//301 3309//301
f 6054//301 6063//301 5089//301
f 6054//301 5089//301 5085//301
f 6066//302 6059//302 3308//302
f 6066//302 3308//302 3300//302
f 6062//302 6070//302 5098//302
f 6062//302 5098//302 5088//302
f 6075//303 6065//303 3299//303
f 6075//303 3299//303 3297//303
f 6069//303 6078//303 5101//303
f 6069//303 5101//303 5097//303
f 6082//304 6074//304 3296//304
f 6082//304 3296//304 3286//304
f 6077//304 6085//304 5110//304
f 6077//304 5110//304 5100//304
f 6089//305 6081//305 3285//305
f 6089//305 3285//305 3029//305
f 6084//305 6093//305 5113//305
f 6084//305 5113//305 5109//305
f 6096//306 6088//306 3027//306
f 6097//307 3028//307 3025//307
f 6092//307 6100//307 5124//307
f 6091//306 5123//306 5112//306
f 6103//308 6095//308 3024//308
f 6103//308 3024//308 3018//308
f 6099//308 6107//308 5127//308
f 6099//308 5127//308 5122//308
f 6109//309 6102//309 3017//309
f 6109//309 3017//309 3015//309
f 6106//309 6114//309 5136//309
f 6106//309 5136//309 5126//309
f 6117//310 6108//310 3014//310
s 1
f 6117//310 3014//310 3012//310
s 0
f 6113//310 6121//310 5139//310
f 6113//310 5139//310 5135//310
f 6124//311 6116//311 3011//311
f 6124//311 3011//311 3009//311
f 6120//311 6128//311 5148//311
f 6120//311 5148//311 5138//311
f 6133//312 6123//312 3008//312
f 6133//312 3008//312 3006//312
f 6127//312 6135//312 5151//312
f 6127//312 5151//312 5147//312
f 6139//313 6132//313 3005//313
f 6139//313 3005//313 3003//313
f 6134//313 6143//313 5160//313
f 6134//313 5160//313 5150//313
f 6148//314 6138//314 3002//314
f 6148//314 3002//314 3000//314
f 6142//314 6151//314 5163//314
f 6142//314 5163//314 5159//314
s 1
f 6154//315 6147//315 2999//315
s 0
f 6154//315 2999//315 2997//315
f 6150//315 6158//315 5172//315
f 6150//315 5172//315 5162//315
f 6164//316 6153//316 2996//316
f 6164//316 2996//316 2994//316
f 6157//316 6166//316 5175//316
f 6157//316 5175//316 5171//316
f 6170//317 6163//317 2993//317
f 6170//317 2993//317 2991//317
f 6165//317 6173//317 5184//317
f 6165//317 5184//317 5174//317
f 6178//318 6169//318 2990//318
f 6178//318 2990//318 2988//318
f 6172//318 6182//318 5187//318
f 6172//318 5187//318 5183//318
f 6184//319 6177//319 2987//319
f 6184//319 2987//319 2985//319
f 6181//319 6189//319 5197//319
f 6181//319 5197//319 5186//319
f 6193//320 6183//320 2984//320
f 6192//321 2983//321 2981//321
f 6187//321 6197//321 5200//321
f 6188//320 5201//320 5196//320
f 6200//322 6191//322 2980//322
f 6200//322 2980//322 2978//322
f 6196//322 6203//322 5210//322
f 6196//322 5210//322 5199//322
f 6206//323 6199//323 2977//323
f 6206//323 2977//323 2975//323
f 6202//323 6209//323 5213//323
f 6202//323 5213//323 5209//323
f 6212//324 6205//324 2974//324
f 6212//324 2974//324 2972//324
f 6208//324 6215//324 5222//324
f 6208//324 5222//324 5212//324
f 6218//325 6211//325 2971//325
f 6218//325 2971//325 2969//325
f 6214//325 6221//325 5225//325
f 6214//325 5225//325 5221//325
f 5536//326 6217//326 2968//326
f 5536//326 2968//326 2965//326
f 6220//326 5539//326 5230//326
f 6220//326 5230//326 5224//326
f 6223//1 6226//1 6229//1
f 6223//1 6229//1 6232//1
f 6227//2 6235//2 6238//2
f 6227//2 6238//2 6230//2
f 6236//3 6241//3 6244//3
f 6236//3 6244//3 6239//3
f 6242//4 6247//4 6250//4
f 6242//4 6250//4 6245//4
f 6248//5 6253//5 6256//5
f 6248//5 6256//5 6251//5
f 6254//6 6259//6 6262//6
f 6254//6 6262//6 6257//6
f 6260//7 6265//7 6268//7
f 6260//7 6268//7 6263//7
f 6266//8 6271//8 6274//8
f 6266//8 6274//8 6269//8
f 6272//9 6277//9 6280//9
f 6272//9 6280//9 6275//9
f 6278//10 6283//10 6286//10
f 6278//10 6286//10 6281//10
f 6284//11 6289//11 6292//11
f 6284//11 6292//11 6287//11
f 6290//12 6295//12 6298//12
s 1
f 6290//12 6298//12 6293//12
s 0
f 6296//13 6301//13 6304//13
f 6296//13 6304//13 6299//13
f 6302//14 6307//14 6310//14
f 6302//14 6310//14 6305//14
f 6308//15 6313//15 6316//15
f 6308//15 6316//15 6311//15
f 6314//16 6319//16 6322//16
f 6314//16 6322//16 6317//16
s 1
f 6320//17 6325//17 6328//17
f 6320//17 6328//17 6323//17
s 0
f 6326//18 6331//18 6334//18
f 6326//18 6334//18 6329//18
f 6332//19 6337//19 6340//19
f 6332//19 6340//19 6335//19
f 6338//20 6343//20 6346//20
f 6338//20 6346//20 6341//20
f 6344//21 6350//21 6353//21
f 6344//21 6353//21 6347//21
f 6351//22 6356//22 6359//22
f 6351//22 6359//22 6354//22
f 6357//24 6363//24 6366//24
f 6357//24 6366//24 6360//24
f 6364//25 6369//25 6372//25
s 1
f 6364//25 6372//25 6367//25
s 0
f 6370//26 6376//26 6378//26
f 6370//26 6378//26 6373//26
f 6377//28 6382//28 6385//28
f 6377//28 6385//28 6379//28
s 1
f 6383//29 6390//29 6393//29
s 0
f 6383//29 6393//29 6386//29
f 6391//30 6396//30 6399//30
f 6391//30 6399//30 6394//30
f 6397//31 6404//31 6406//31
f 6397//31 6406//31 6400//31
f 6405//32 6410//32 6414//32
f 6405//32 6414//32 6407//32
f 6411//33 6418//33 6421//33
f 6411//33 6421//33 6415//33
f 6419//35 6424//35 6428//35
f 6419//35 6428//35 6422//35
f 6425//36 6431//36 6434//36
f 6425//36 6434//36 6429//36
s 1
f 6432//37 6437//37 6440//37
s 0
f 6432//37 6440//37 6435//37
f 6438//38 6443//38 6446//38
f 6438//38 6446//38 6441//38
f 6444//39 6449//39 6452//39
f 6444//39 6452//39 6447//39
f 6450//41 6456//41 6459//41
f 6450//41 6459//41 6453//41
f 6457//42 6462//42 6465//42
f 6457//42 6465//42 6460//42
f 6463//43 6469//43 6472//43
f 6463//43 6472//43 6466//43
f 6470//44 6475//44 6478//44
f 6470//44 6478//44 6473//44
f 6476//45 6482//45 6484//45
s 1
f 6476//45 6484//45 6479//45
s 0
f 6483//46 6488//46 6492//46
f 6483//46 6492//46 6485//46
f 6489//47 6496//47 6499//47
f 6489//47 6499//47 6493//47
f 6497//48 6502//48 6506//48
f 6497//48 6506//48 6500//48
f 6503//49 6509//49 6513//49
f 6503//49 6513//49 6507//49
f 6510//50 6515//50 6519//50
f 6510//50 6519//50 6514//50
f 6516//51 6522//51 6526//51
f 6516//51 6526//51 6520//51
f 6523//52 6530//52 6533//52
f 6523//52 6533//52 6527//52
f 6529//53 6536//53 6540//53
f 6529//53 6540//53 6532//53
f 6535//54 6542//54 6546//54
f 6535//54 6546//54 6539//54
f 6541//55 6549//55 6553//55
f 6541//55 6553//55 6545//55
f 6548//56 6556//56 6560//56
f 6548//56 6560//56 6552//56
f 6555//57 6563//57 6566//57
f 6555//57 6566//57 6559//57
f 6562//58 6569//58 6573//58
f 6562//58 6573//58 6565//58
f 6568//59 6577//59 6579//59
f 6568//59 6579//59 6572//59
f 6576//60 6583//60 6586//60
s 1
f 6576//60 6586//60 6578//60
s 0
f 6582//61 6591//61 6594//61
f 6582//61 6594//61 6585//61
f 6590//62 6597//62 6600//62
f 6590//62 6600//62 6593//62
f 6596//63 6604//63 6607//63
f 6596//63 6607//63 6599//63
f 6603//64 6610//64 6613//64
f 6603//64 6613//64 6606//64
f 6609//65 6616//65 6619//65
f 6609//65 6619//65 6612//65
f 6615//67 6622//67 6625//67
f 6615//67 6625//67 6618//67
f 6621//68 6628//68 6631//68
s 1
f 6621//68 6631//68 6624//68
s 0
f 6627//69 6634//69 6638//69
f 6627//69 6638//69 6630//69
f 6633//70 6641//70 6644//70
f 6633//70 6644//70 6637//70
f 6640//71 6647//71 6651//71
f 6640//71 6651//71 6643//71
f 6646//73 6656//73 6658//73
f 6646//73 6658//73 6650//73
f 6655//74 6662//74 6665//74
f 6655//74 6665//74 6657//74
f 6661//75 6670//75 6673//75
f 6661//75 6673//75 6664//75
f 6669//76 6676//76 6679//76
f 6669//76 6679//76 6672//76
f 6675//77 6683//77 6685//77
f 6675//77 6685//77 6678//77
f 6682//79 6689//79 6692//79
f 6682//79 6692//79 6684//79
f 6688//80 6697//80 6700//80
f 6688//80 6700//80 6691//80
f 6696//81 6703//81 6706//81
f 6696//81 6706//81 6699//81
f 6702//83 6710//83 6713//83
f 6702//83 6713//83 6705//83
f 6709//84 6716//84 6719//84
f 6709//84 6719//84 6712//84
f 6715//85 6723//85 6726//85
f 6715//85 6726//85 6718//85
f 6722//86 6729//86 6732//86
f 6722//86 6732//86 6725//86
f 6728//87 6735//87 6738//87
f 6728//87 6738//87 6731//87
s 1
f 6734//88 6741//88 6744//88
f 6734//88 6744//88 6737//88
s 0
f 6740//89 6747//89 6750//89
f 6740//89 6750//89 6743//89
f 6746//90 6753//90 6756//90
f 6746//90 6756//90 6749//90
f 6752//91 6759//91 6762//91
f 6752//91 6762//91 6755//91
f 6758//92 6765//92 6768//92
f 6758//92 6768//92 6761//92
s 1
f 6764//93 6771//93 6774//93
s 0
f 6764//93 6774//93 6767//93
f 6770//94 6777//94 6780//94
f 6770//94 6780//94 6773//94
f 6776//95 6783//95 6786//95
f 6776//95 6786//95 6779//95
f 6782//96 6789//96 6792//96
f 6782//96 6792//96 6785//96
f 6788//97 6795//97 6798//97
f 6788//97 6798//97 6791//97
f 6794//98 6801//98 6804//98
f 6794//98 6804//98 6797//98
f 6800//99 6807//99 6810//99
f 6800//99 6810//99 6803//99
f 6806//100 6813//100 6816//100
f 6806//100 6816//100 6809//100
f 6812//101 6819//101 6822//101
f 6812//101 6822//101 6815//101
f 6818//102 6825//102 6828//102
f 6818//102 6828//102 6821//102
f 6824//103 6831//103 6834//103
f 6824//103 6834//103 6827//103
f 6830//104 6836//104 6839//104
f 6830//104 6839//104 6833//104
f 6837//105 6842//105 6845//105
f 6837//105 6845//105 6840//105
f 6843//106 6848//106 6851//106
f 6843//106 6851//106 6846//106
f 6849//107 6854//107 6857//107
f 6849//107 6857//107 6852//107
f 6855//108 6860//108 6863//108
f 6855//108 6863//108 6858//108
f 6861//109 6866//109 6869//109
f 6861//109 6869//109 6864//109
f 6867//110 6872//110 6875//110
f 6867//110 6875//110 6870//110
f 6873//111 6878//111 6881//111
f 6873//111 6881//111 6876//111
f 6879//112 6884//112 6887//112
f 6879//112 6887//112 6882//112
f 6885//113 6890//113 6893//113
f 6885//113 6893//113 6888//113
f 6891//114 6896//114 6899//114
f 6891//114 6899//114 6894//114
f 6897//115 6902//115 6905//115
f 6897//115 6905//115 6900//115
f 6903//116 6908//116 6911//116
s 1
f 6903//116 6911//116 6906//116
s 0
f 6909//117 6914//117 6917//117
f 6909//117 6917//117 6912//117
f 6915//118 6920//118 6923//118
f 6915//118 6923//118 6918//118
f 6921//119 6926//119 6929//119
f 6921//119 6929//119 6924//119
f 6927//120 6932//120 6935//120
f 6927//120 6935//120 6930//120
s 1
f 6933//121 6938//121 6941//121
f 6933//121 6941//121 6936//121
s 0
f 6939//122 6944//122 6947//122
f 6939//122 6947//122 6942//122
f 6945//123 6950//123 6953//123
f 6945//123 6953//123 6948//123
f 6951//124 6956//124 6959//124
f 6951//124 6959//124 6954//124
f 6957//125 6963//125 6966//125
f 6957//125 6966//125 6960//125
f 6964//126 6969//126 6972//126
f 6964//126 6972//126 6967//126
f 6970//128 6976//128 6979//128
f 6970//128 6979//128 6973//128
f 6977//129 6982//129 6986//129
s 1
f 6977//129 6986//129 6980//129
s 0
f 6983//130 6989//130 6992//130
f 6983//130 6992//130 6987//130
f 6990//132 6995//132 6999//132
f 6990//132 6999//132 6993//132
s 1
f 6996//133 7003//133 7006//133
s 0
f 6996//133 7006//133 7000//133
f 7004//134 7009//134 7013//134
f 7004//134 7013//134 7007//134
f 7010//135 7017//135 7020//135
f 7010//135 7020//135 7014//135
f 7018//136 7023//136 7028//136
f 7018//136 7028//136 7021//136
f 7024//138 7031//138 7034//138
f 7024//138 7034//138 7029//138
f 7032//139 7037//139 7041//139
f 7032//139 7041//139 7035//139
f 7038//140 7044//140 7047//140
f 7038//140 7047//140 7042//140
s 1
f 7045//141 7050//141 7053//141
s 0
f 7045//141 7053//141 7048//141
f 7051//142 7056//142 7059//142
f 7051//142 7059//142 7054//142
f 7057//143 7062//143 7065//143
f 7057//143 7065//143 7060//143
f 7063//145 7069//145 7072//145
f 7063//145 7072//145 7066//145
f 7070//146 7075//146 7078//146
f 7070//146 7078//146 7073//146
f 7076//147 7082//147 7085//147
f 7076//147 7085//147 7079//147
f 7083//148 7088//148 7092//148
f 7083//148 7092//148 7086//148
f 7089//149 7095//149 7098//149
s 1
f 7089//149 7098//149 7093//149
s 0
f 7096//150 7101//150 7106//150
f 7096//150 7106//150 7099//150
f 7102//151 7109//151 7112//151
f 7102//151 7112//151 7107//151
f 7110//152 7115//152 7119//152
f 7110//152 7119//152 7113//152
f 7116//153 7123//153 7126//153
f 7116//153 7126//153 7120//153
f 7124//154 7129//154 7132//154
f 7124//154 7132//154 7127//154
f 7130//155 7136//155 7139//155
f 7130//155 7139//155 7133//155
f 7137//156 7142//156 7145//156
f 7137//156 7145//156 7140//156
f 7143//157 7150//157 7153//157
f 7143//157 7153//157 7146//157
f 7149//158 7156//158 7159//158
f 7149//158 7159//158 7152//158
f 7155//159 7163//159 7166//159
f 7155//159 7166//159 7158//159
f 7162//160 7169//160 7173//160
f 7162//160 7173//160 7165//160
f 7168//161 7176//161 7179//161
f 7168//161 7179//161 7172//161
f 7175//162 7182//162 7187//162
f 7175//162 7187//162 7178//162
f 7181//163 7190//163 7193//163
f 7181//163 7193//163 7186//163
f 7189//164 7196//164 7200//164
s 1
f 7189//164 7200//164 7192//164
s 0
f 7195//165 7204//165 7207//165
f 7195//165 7207//165 7199//165
f 7203//166 7210//166 7213//166
f 7203//166 7213//166 7206//166
f 7209//167 7217//167 7220//167
f 7209//167 7220//167 7212//167
f 7216//168 7223//168 7226//168
f 7216//168 7226//168 7219//168
f 7222//169 7229//169 7232//169
f 7222//169 7232//169 7225//169
f 7228//171 7235//171 7238//171
f 7228//171 7238//171 7231//171
f 7234//172 7241//172 7244//172
s 1
f 7234//172 7244//172 7237//172
s 0
f 7240//173 7247//173 7251//173
f 7240//173 7251//173 7243//173
f 7246//174 7254//174 7257//174
f 7246//174 7257//174 7250//174
f 7253//176 7260//176 7265//176
f 7253//176 7265//176 7256//176
f 7259//177 7269//177 7272//177
f 7259//177 7272//177 7264//177
f 7268//178 7275//178 7279//178
f 7268//178 7279//178 7271//178
f 7274//179 7283//179 7286//179
f 7274//179 7286//179 7278//179
f 7282//180 7289//180 7293//180
f 7282//180 7293//180 7285//180
f 7288//181 7296//181 7299//181
f 7288//181 7299//181 7292//181
f 7295//183 7302//183 7306//183
f 7295//183 7306//183 7298//183
f 7301//184 7310//184 7313//184
f 7301//184 7313//184 7305//184
f 7309//185 7316//185 7319//185
f 7309//185 7319//185 7312//185
f 7315//187 7323//187 7326//187
f 7315//187 7326//187 7318//187
f 7322//188 7329//188 7332//188
f 7322//188 7332//188 7325//188
f 7328//189 7336//189 7339//189
f 7328//189 7339//189 7331//189
f 7335//190 7342//190 7345//190
f 7335//190 7345//190 7338//190
f 7341//191 7348//191 7351//191
f 7341//191 7351//191 7344//191
s 1
f 7347//192 7354//192 7357//192
f 7347//192 7357//192 7350//192
s 0
f 7353//193 7360//193 7363//193
f 7353//193 7363//193 7356//193
f 7359//194 7366//194 7369//194
f 7359//194 7369//194 7362//194
f 7365//195 7372//195 7375//195
f 7365//195 7375//195 7368//195
f 7371//196 7378//196 7381//196
f 7371//196 7381//196 7374//196
s 1
f 7377//197 7384//197 7387//197
s 0
f 7377//197 7387//197 7380//197
f 7383//198 7390//198 7393//198
f 7383//198 7393//198 7386//198
f 7389//199 7396//199 7399//199
f 7389//199 7399//199 7392//199
f 7395//200 7402//200 7405//200
f 7395//200 7405//200 7398//200
f 7401//201 7408//201 7411//201
f 7401//201 7411//201 7404//201
f 7407//202 7414//202 7417//202
f 7407//202 7417//202 7410//202
f 7413//203 7420//203 7423//203
f 7413//203 7423//203 7416//203
f 7419//204 7426//204 7429//204
f 7419//204 7429//204 7422//204
f 7425//205 7432//205 7435//205
f 7425//205 7435//205 7428//205
f 7431//206 7438//206 7441//206
f 7431//206 7441//206 7434//206
f 37//208 25//208 6237//208
f 6237//208 6243//208 6249//208
f 6249//208 6255//208 6261//208
f 6261//208 6267//208 6273//208
f 6273//208 6279//208 6285//208
f 6285//208 6291//208 6297//208
f 6297//208 6303//208 6309//208
f 6309//208 6315//208 6321//208
f 6321//208 6327//208 6333//208
f 6333//208 6339//208 6345//208
f 6345//208 6352//208 6358//208
f 6358//208 6365//208 6371//208
f 6374//209 6380//209 6387//209
f 6384//208 6392//208 6398//208
f 6401//209 6408//209 6416//209
f 6413//210 6420//210 6427//210
f 6426//208 6433//208 6439//208
f 6439//208 6445//208 6451//208
f 6451//208 6458//208 6464//208
f 6464//208 6471//208 6477//208
f 6480//209 6486//209 6494//209
f 6491//210 6498//210 6505//210
f 6504//208 6512//208 6518//208
f 6518//208 6525//208 6531//208
f 6531//208 6538//208 6544//208
f 6544//208 641//208 628//208
f 6544//208 628//208 616//208
f 6518//208 6531//208 6544//208
f 6490//208 6504//208 6518//208
f 6464//208 6477//208 6490//208
f 6439//208 6451//208 6464//208
f 6412//208 6426//208 6439//208
f 6384//208 6398//208 6412//208
f 6358//208 6371//208 6384//208
f 6333//208 6345//208 6358//208
f 6309//208 6321//208 6333//208
f 6285//208 6297//208 6309//208
f 6261//208 6273//208 6285//208
f 6237//208 6249//208 6261//208
f 49//208 37//208 6237//208
f 61//208 49//208 6237//208
f 6237//208 6261//208 6285//208
f 6285//208 6309//208 6333//208
f 6333//208 6358//208 6384//208
f 6384//208 6412//208 6439//208
f 6439//208 6464//208 6490//208
f 6490//208 6518//208 6544//208
f 6544//208 616//208 603//208
f 6544//208 603//208 591//208
f 61//208 6237//208 6285//208
f 73//208 61//208 6285//208
f 6490//208 6544//208 591//208
f 6490//208 591//208 577//208
f 85//208 73//208 6285//208
f 97//208 85//208 6285//208
f 6490//208 577//208 565//208
f 6490//208 565//208 551//208
f 109//208 97//208 6285//208
f 121//208 109//208 6285//208
f 6490//208 551//208 538//208
f 6490//208 538//208 525//208
f 133//208 121//208 6285//208
f 145//208 133//208 6285//208
f 6490//208 525//208 512//208
f 6490//208 512//208 499//208
f 145//208 6285//208 6333//208
f 157//208 145//208 6333//208
f 6439//208 6490//208 499//208
f 6439//208 499//208 487//208
f 170//208 157//208 6333//208
f 182//208 170//208 6333//208
f 6439//208 487//208 474//208
f 6439//208 474//208 461//208
f 196//208 182//208 6333//208
f 208//208 196//208 6333//208
f 6439//208 461//208 448//208
f 6439//208 448//208 435//208
f 221//208 208//208 6333//208
f 233//208 221//208 6333//208
f 6439//208 435//208 423//208
f 6439//208 423//208 410//208
f 247//208 233//208 6333//208
f 259//208 247//208 6333//208
f 6384//208 6439//208 410//208
f 6384//208 410//208 394//208
f 259//208 6333//208 6384//208
f 272//208 259//208 6384//208
f 6384//208 394//208 381//208
f 6384//208 381//208 367//208
f 286//208 272//208 6384//208
f 302//208 286//208 6384//208
f 6384//208 367//208 355//208
f 6384//208 355//208 342//208
f 314//208 302//208 6384//208
f 6384//208 342//208 329//208
f 329//208 314//208 6384//208
f 6104//209 6110//209 6118//209
f 6115//208 6122//208 6130//208
f 6131//210 6137//210 6146//210
f 6146//210 6152//210 6161//210
f 6162//327 6168//327 6176//327
f 6179//209 6185//209 6194//209
f 6190//208 6198//208 6204//208
f 6204//208 6210//208 6216//208
f 6216//208 5535//208 5532//208
f 5532//208 5544//208 5550//208
f 5550//208 5556//208 5562//208
f 5563//210 5570//210 5579//210
f 5580//328 5586//328 5595//328
f 5594//209 5601//209 5610//209
f 5610//209 5616//209 5628//209
f 5627//208 5636//208 5642//208
f 5643//210 5650//210 5657//210
f 5656//208 5663//208 5670//208
f 5670//208 5679//208 5685//208
f 5686//327 5694//327 5701//327
f 5700//208 5709//208 5715//208
f 5716//327 5724//327 5731//327
f 5730//208 5739//208 5745//208
f 5745//208 5752//208 5759//208
f 5760//210 5767//210 5774//210
f 5773//208 5782//208 5788//208
f 5789//209 5797//209 5804//209
f 5804//209 5812//209 5819//209
f 5820//328 5827//328 5835//328
f 5834//210 5841//210 5849//210
f 5848//208 5856//208 5862//208
f 5862//208 5868//208 5874//208
f 5874//208 5880//208 5886//208
f 5886//208 5892//208 5898//208
f 5898//208 5904//208 5910//208
f 5913//209 5922//209 5930//209
f 5927//327 5935//327 5943//327
f 5942//210 5951//210 5958//210
f 5958//210 5966//210 5970//210
f 5969//208 5976//208 5984//208
f 5987//209 5993//209 6001//209
f 5998//208 6005//208 6012//208
f 6012//208 6020//208 6027//208
f 6031//328 6037//328 6046//328
f 6042//208 6050//208 6057//208
f 6061//328 6067//328 6076//328
f 6072//208 6080//208 6087//208
f 6087//208 6094//208 6101//208
f 6101//208 6115//208 6130//208
f 6130//208 6145//208 6160//208
f 6160//208 6175//208 6190//208
f 6190//208 6204//208 6216//208
f 6216//208 5532//208 5550//208
f 5550//208 5562//208 5578//208
f 5578//208 5593//208 5609//208
f 5609//208 5627//208 5642//208
f 5642//208 5656//208 5670//208
f 5671//209 5687//209 5702//209
f 5702//209 5717//209 5732//209
f 5730//208 5745//208 5759//208
f 5759//208 5773//208 5788//208
f 5788//208 5803//208 5818//208
f 5818//208 5833//208 5848//208
f 5848//208 5862//208 5874//208
f 5874//208 5886//208 5898//208
f 5898//208 5910//208 5926//208
f 5926//208 5941//208 5957//208
f 5957//208 5969//208 5984//208
f 5984//208 5998//208 6012//208
f 6013//210 6028//210 6043//210
f 6043//210 6058//210 6073//210
f 6072//208 6087//208 6101//208
f 6101//208 6130//208 6160//208
f 6160//208 6190//208 6216//208
f 6216//208 5550//208 5578//208
f 5578//208 5609//208 5642//208
f 5642//208 5670//208 5700//208
f 5700//208 5730//208 5759//208
f 5759//208 5788//208 5818//208
f 5818//208 5848//208 5874//208
f 5874//208 5898//208 5926//208
f 5926//208 5957//208 5984//208
f 5984//208 6012//208 6042//208
f 6042//208 6072//208 6101//208
f 6101//208 6160//208 6216//208
f 6216//208 5578//208 5642//208
f 5642//208 5700//208 5759//208
f 5759//208 5818//208 5874//208
f 5874//208 5926//208 5984//208
f 5984//208 6042//208 6101//208
f 6101//208 6216//208 5642//208
f 5642//208 5759//208 5874//208
f 5874//208 5984//208 6101//208
f 5642//208 5874//208 6101//208
f 653//208 641//208 6544//208
f 6544//208 6551//208 6557//208
f 6558//210 6564//210 6571//210
f 6574//209 6580//209 6587//209
f 6584//208 6592//208 6598//208
f 6598//208 6605//208 6611//208
f 6611//208 6617//208 6623//208
f 6623//208 6629//208 6635//208
f 6636//210 6642//210 6649//210
f 6652//209 6659//209 6666//209
f 6663//208 6671//208 6677//208
f 6680//209 6686//209 6693//209
f 6690//208 6698//208 6704//208
f 6704//208 6711//208 6717//208
f 6717//208 6724//208 6730//208
f 6730//208 6736//208 6742//208
f 6742//208 6748//208 6754//208
f 6754//208 6760//208 6766//208
f 6766//208 6772//208 6778//208
f 6778//208 6784//208 6790//208
f 6790//208 6796//208 6802//208
f 6802//208 6808//208 6814//208
f 6814//208 6820//208 6826//208
f 6826//208 6832//208 6838//208
f 6838//208 6844//208 6850//208
f 6850//208 6856//208 6862//208
f 6862//208 6868//208 6874//208
f 6874//208 6880//208 6886//208
f 6886//208 6892//208 6898//208
f 6898//208 6904//208 6910//208
f 6910//208 6916//208 6922//208
f 6922//208 6928//208 6934//208
f 6934//208 6940//208 6946//208
f 6946//208 6952//208 6958//208
f 6958//208 6965//208 6971//208
f 6971//208 6978//208 6984//208
f 6985//210 6991//210 6998//210
f 6997//208 7005//208 7011//208
f 7012//210 7019//210 7026//210
f 7027//209 7033//209 7040//209
f 7039//208 7046//208 7052//208
f 7052//208 7058//208 7064//208
f 7064//208 7071//208 7077//208
f 7077//208 7084//208 7090//208
f 7091//210 7097//210 7104//210
f 7105//209 7111//209 7118//209
f 7117//208 7125//208 7131//208
f 7131//208 7138//208 7144//208
f 7144//208 7151//208 7157//208
f 7157//208 7164//208 7170//208
f 7171//209 7177//209 7185//209
f 7184//210 7191//210 7198//210
f 7197//208 7205//208 7211//208
f 7211//208 7218//208 7224//208
f 7224//208 7230//208 7236//208
f 7236//208 7242//208 7248//208
f 7249//209 7255//209 7263//209
f 7262//210 7270//210 7277//210
f 7276//208 7284//208 7290//208
f 7291//210 7297//210 7304//210
f 7303//208 7311//208 7317//208
f 7317//208 7324//208 7330//208
f 7330//208 7337//208 7343//208
f 7343//208 7349//208 7355//208
f 7355//208 7361//208 7367//208
f 7367//208 7373//208 7379//208
f 7379//208 7385//208 7391//208
f 7391//208 7397//208 7403//208
f 7403//208 7409//208 7415//208
f 7415//208 7421//208 7427//208
f 7427//208 7433//208 7439//208
f 7439//208 7442//208 6231//208
f 6231//208 6228//208 6237//208
f 6237//208 25//208 7//208
f 6237//208 7//208 4//208
f 7439//208 6231//208 6237//208
f 7415//208 7427//208 7439//208
f 7391//208 7403//208 7415//208
f 7367//208 7379//208 7391//208
f 7343//208 7355//208 7367//208
f 7317//208 7330//208 7343//208
f 7290//208 7303//208 7317//208
f 7261//208 7276//208 7290//208
f 7236//208 7248//208 7261//208
f 7211//208 7224//208 7236//208
f 7183//208 7197//208 7211//208
f 7157//208 7170//208 7183//208
f 7131//208 7144//208 7157//208
f 7103//208 7117//208 7131//208
f 7077//208 7090//208 7103//208
f 7052//208 7064//208 7077//208
f 7025//208 7039//208 7052//208
f 6997//208 7011//208 7025//208
f 6971//208 6984//208 6997//208
f 6946//208 6958//208 6971//208
f 6922//208 6934//208 6946//208
f 6898//208 6910//208 6922//208
f 6874//208 6886//208 6898//208
f 6850//208 6862//208 6874//208
f 6826//208 6838//208 6850//208
f 6802//208 6814//208 6826//208
f 6778//208 6790//208 6802//208
f 6754//208 6766//208 6778//208
f 6730//208 6742//208 6754//208
f 6704//208 6717//208 6730//208
f 6677//208 6690//208 6704//208
f 6648//208 6663//208 6677//208
f 6623//208 6635//208 6648//208
f 6598//208 6611//208 6623//208
f 6570//208 6584//208 6598//208
f 6544//208 6557//208 6570//208
f 667//208 653//208 6544//208
f 679//208 667//208 6544//208
f 6544//208 6570//208 6598//208
f 6598//208 6623//208 6648//208
f 6648//208 6677//208 6704//208
f 6704//208 6730//208 6754//208
f 6754//208 6778//208 6802//208
f 6802//208 6826//208 6850//208
f 6850//208 6874//208 6898//208
f 6898//208 6922//208 6946//208
f 6946//208 6971//208 6997//208
f 6997//208 7025//208 7052//208
f 7052//208 7077//208 7103//208
f 7103//208 7131//208 7157//208
f 7157//208 7183//208 7211//208
f 7211//208 7236//208 7261//208
f 7261//208 7290//208 7317//208
f 7317//208 7343//208 7367//208
f 7367//208 7391//208 7415//208
f 7415//208 7439//208 6237//208
f 6237//208 4//208 3379//208
f 6237//208 3379//208 2444//208
f 679//208 6544//208 6598//208
f 692//208 679//208 6598//208
f 7415//208 6237//208 2444//208
f 7415//208 2444//208 2432//208
f 705//208 692//208 6598//208
f 718//208 705//208 6598//208
f 7415//208 2432//208 2420//208
f 7415//208 2420//208 2406//208
f 731//208 718//208 6598//208
f 744//208 731//208 6598//208
f 7415//208 2406//208 2394//208
f 7415//208 2394//208 2382//208
f 756//208 744//208 6598//208
f 770//208 756//208 6598//208
f 7415//208 2382//208 2370//208
f 7415//208 2370//208 2358//208
f 770//208 6598//208 6648//208
f 783//208 770//208 6648//208
f 7367//208 7415//208 2358//208
f 7367//208 2358//208 2346//208
f 796//208 783//208 6648//208
f 809//208 796//208 6648//208
f 7367//208 2346//208 2334//208
f 7367//208 2334//208 2322//208
f 821//208 809//208 6648//208
f 834//208 821//208 6648//208
f 7367//208 2322//208 2309//208
f 7367//208 2309//208 2297//208
f 848//208 834//208 6648//208
f 861//208 848//208 6648//208
f 7367//208 2297//208 2283//208
f 7367//208 2283//208 2271//208
f 874//208 861//208 6648//208
f 886//208 874//208 6648//208
f 7317//208 7367//208 2271//208
f 7317//208 2271//208 2258//208
f 886//208 6648//208 6704//208
f 898//208 886//208 6704//208
f 7317//208 2258//208 2246//208
f 7317//208 2246//208 2232//208
f 912//208 898//208 6704//208
f 926//208 912//208 6704//208
f 7317//208 2232//208 2220//208
f 7317//208 2220//208 2207//208
f 939//208 926//208 6704//208
f 953//208 939//208 6704//208
f 7317//208 2207//208 2194//208
f 7317//208 2194//208 2179//208
f 967//208 953//208 6704//208
f 980//208 967//208 6704//208
f 7317//208 2179//208 2167//208
f 7317//208 2167//208 2152//208
f 980//208 6704//208 6754//208
f 992//208 980//208 6754//208
f 7261//208 7317//208 2152//208
f 7261//208 2152//208 2139//208
f 1006//208 992//208 6754//208
f 1018//208 1006//208 6754//208
f 7261//208 2139//208 2126//208
f 7261//208 2126//208 2114//208
f 1031//208 1018//208 6754//208
f 1043//208 1031//208 6754//208
f 7261//208 2114//208 2100//208
f 7261//208 2100//208 2087//208
f 1057//208 1043//208 6754//208
f 1069//208 1057//208 6754//208
f 7261//208 2087//208 2072//208
f 7261//208 2072//208 2059//208
f 1082//208 1069//208 6754//208
f 1094//208 1082//208 6754//208
f 7211//208 7261//208 2059//208
f 7211//208 2059//208 2047//208
f 1094//208 6754//208 6802//208
f 1106//208 1094//208 6802//208
f 7211//208 2047//208 2034//208
f 7211//208 2034//208 2021//208
f 1118//208 1106//208 6802//208
f 1130//208 1118//208 6802//208
f 7211//208 2021//208 2008//208
f 7211//208 2008//208 1995//208
f 1154//208 1130//208 6802//208
f 1160//208 1154//208 6802//208
f 7211//208 1995//208 1983//208
f 7211//208 1983//208 1970//208
f 1172//208 1160//208 6802//208
f 1184//208 1172//208 6802//208
f 7211//208 1970//208 1957//208
f 7211//208 1957//208 1943//208
f 1184//208 6802//208 6850//208
f 1196//208 1184//208 6850//208
f 7157//208 7211//208 1943//208
f 7157//208 1943//208 1930//208
f 1208//208 1196//208 6850//208
f 1220//208 1208//208 6850//208
f 7157//208 1930//208 1917//208
f 7157//208 1917//208 1905//208
f 1232//208 1220//208 6850//208
f 1244//208 1232//208 6850//208
f 7157//208 1905//208 1891//208
f 7157//208 1891//208 1879//208
f 1258//208 1244//208 6850//208
f 1270//208 1258//208 6850//208
f 7157//208 1879//208 1866//208
f 7157//208 1866//208 1853//208
f 1282//208 1270//208 6850//208
f 1294//208 1282//208 6850//208
f 7103//208 7157//208 1853//208
f 7105//209 1854//209 1840//209
f 1294//208 6850//208 6898//208
f 1306//208 1294//208 6898//208
f 7103//208 1839//208 1827//208
f 7103//208 1827//208 1813//208
f 1318//208 1306//208 6898//208
f 1330//208 1318//208 6898//208
f 7103//208 1813//208 1801//208
f 7103//208 1801//208 1787//208
f 1348//208 1330//208 6898//208
f 1360//208 1348//208 6898//208
f 7103//208 1787//208 1774//208
f 7103//208 1774//208 1761//208
f 1372//208 1360//208 6898//208
f 1384//208 1372//208 6898//208
f 7103//208 1761//208 1748//208
f 7103//208 1748//208 1735//208
f 1384//208 6898//208 6946//208
f 1396//208 1384//208 6946//208
f 7052//208 7103//208 1735//208
f 7052//208 1735//208 1723//208
f 1409//208 1396//208 6946//208
f 1421//208 1409//208 6946//208
f 7052//208 1723//208 1710//208
f 7052//208 1710//208 1697//208
f 1435//208 1421//208 6946//208
f 1447//208 1435//208 6946//208
f 7052//208 1697//208 1684//208
f 7052//208 1684//208 1671//208
f 1460//208 1447//208 6946//208
f 1472//208 1460//208 6946//208
f 7052//208 1671//208 1659//208
f 7052//208 1659//208 1646//208
f 1486//208 1472//208 6946//208
f 1498//208 1486//208 6946//208
f 6997//208 7052//208 1646//208
f 6997//208 1646//208 1632//208
f 1498//208 6946//208 6997//208
f 1511//208 1498//208 6997//208
f 6997//208 1632//208 1619//208
f 6997//208 1619//208 1606//208
f 1526//208 1511//208 6997//208
f 1541//208 1526//208 6997//208
f 6997//208 1606//208 1594//208
f 6997//208 1594//208 1582//208
f 1554//208 1541//208 6997//208
f 6997//208 1582//208 1568//208
f 1568//208 1554//208 6997//208
f 7437//212 7447//212 7444//212
f 7437//212 7444//212 7440//212
f 7446//213 6224//213 6233//213
f 7446//213 6233//213 7443//213
f 1214//214 1226//214 6829//214
f 6829//214 6823//214 6817//214
f 6817//214 6811//214 6805//214
f 6805//214 6799//214 6793//214
f 6793//214 6787//214 6781//214
f 6781//214 6775//214 6769//214
f 6769//214 6763//214 6757//214
f 6757//214 6751//214 6745//214
f 6745//214 6739//214 6733//214
f 6733//214 6727//214 6720//214
f 6721//216 6714//216 6708//216
f 6708//216 6701//216 6695//216
f 6694//214 6687//214 6681//214
f 6681//214 6674//214 6667//214
f 6668//216 6660//216 6654//216
f 6653//214 6645//214 6639//214
f 6639//214 6632//214 6626//214
f 6626//214 6620//214 6614//214
f 6614//214 6608//214 6601//214
f 6602//216 6595//216 6589//216
f 6588//214 6581//214 6575//214
f 6575//214 6567//214 6561//214
f 6561//214 6554//214 6547//214
f 6550//329 6543//329 6537//329
f 6534//214 6528//214 6521//214
f 6524//329 6517//329 6511//329
f 6508//214 6501//214 6495//214
f 6495//214 6487//214 6481//214
f 6481//214 6474//214 6467//214
f 6468//216 6461//216 6455//216
f 6454//214 6448//214 6442//214
f 6442//214 6436//214 6430//214
f 6430//214 6423//214 6417//214
f 6417//214 6409//214 6402//214
f 6403//216 6395//216 6389//216
f 6388//214 6381//214 6375//214
f 6375//214 6368//214 6361//214
f 6362//216 6355//216 6349//216
f 6348//214 6342//214 6336//214
f 6336//214 6330//214 6324//214
f 6324//214 6318//214 6312//214
f 6312//214 6306//214 6300//214
f 6300//214 6294//214 6288//214
f 6288//214 6282//214 6276//214
f 6276//214 6270//214 6264//214
f 6264//214 6258//214 6252//214
f 6252//214 6246//214 6240//214
f 6240//214 6234//214 6225//214
f 6225//214 6222//214 7445//214
f 7445//214 7436//214 7430//214
f 7430//214 7424//214 7418//214
f 7418//214 7412//214 7406//214
f 7406//214 7400//214 7394//214
f 7394//214 7388//214 7382//214
f 7382//214 7376//214 7370//214
f 7370//214 7364//214 7358//214
f 7358//214 7352//214 7346//214
f 7346//214 7340//214 7333//214
f 7334//215 7327//215 7321//215
f 7321//215 7314//215 7308//215
f 7307//214 7300//214 7294//214
f 7294//214 7287//214 7280//214
f 7281//215 7273//215 7267//215
f 7266//214 7258//214 7252//214
f 7252//214 7245//214 7239//214
f 7239//214 7233//214 7227//214
f 7227//214 7221//214 7214//214
f 7215//215 7208//215 7202//215
f 7201//214 7194//214 7188//214
f 7188//214 7180//214 7174//214
f 7174//214 7167//214 7160//214
f 7161//220 7154//220 7148//220
f 7147//214 7141//214 7134//214
f 7134//214 1850//214 1863//214
f 7134//214 1863//214 1876//214
f 7160//214 7147//214 7134//214
f 7188//214 7174//214 7160//214
f 7214//214 7201//214 7188//214
f 7239//214 7227//214 7214//214
f 7266//214 7252//214 7239//214
f 7294//214 7280//214 7266//214
f 7320//214 7307//214 7294//214
f 7346//214 7333//214 7320//214
f 7370//214 7358//214 7346//214
f 7394//214 7382//214 7370//214
f 7418//214 7406//214 7394//214
f 7445//214 7430//214 7418//214
f 6240//214 6225//214 7445//214
f 6264//214 6252//214 6240//214
f 6288//214 6276//214 6264//214
f 6312//214 6300//214 6288//214
f 6336//214 6324//214 6312//214
f 6361//214 6348//214 6336//214
f 6388//214 6375//214 6361//214
f 6417//214 6402//214 6388//214
f 6442//214 6430//214 6417//214
f 6467//214 6454//214 6442//214
f 6495//214 6481//214 6467//214
f 6521//214 6508//214 6495//214
f 6547//214 6534//214 6521//214
f 6575//214 6561//214 6547//214
f 6601//214 6588//214 6575//214
f 6626//214 6614//214 6601//214
f 6653//214 6639//214 6626//214
f 6681//214 6667//214 6653//214
f 6707//214 6694//214 6681//214
f 6733//214 6720//214 6707//214
f 6757//214 6745//214 6733//214
f 6781//214 6769//214 6757//214
f 6805//214 6793//214 6781//214
f 6829//214 6817//214 6805//214
f 1202//214 1214//214 6829//214
f 1190//214 1202//214 6829//214
f 6829//214 6805//214 6781//214
f 6781//214 6757//214 6733//214
f 6733//214 6707//214 6681//214
f 6681//214 6653//214 6626//214
f 6626//214 6601//214 6575//214
f 6575//214 6547//214 6521//214
f 6521//214 6495//214 6467//214
f 6467//214 6442//214 6417//214
f 6417//214 6388//214 6361//214
f 6361//214 6336//214 6312//214
f 6312//214 6288//214 6264//214
f 6264//214 6240//214 7445//214
f 7445//214 7418//214 7394//214
f 7394//214 7370//214 7346//214
f 7346//214 7320//214 7294//214
f 7294//214 7266//214 7239//214
f 7239//214 7214//214 7188//214
f 7188//214 7160//214 7134//214
f 7134//214 1876//214 1888//214
f 7134//214 1888//214 1902//214
f 1190//214 6829//214 6781//214
f 1178//214 1190//214 6781//214
f 7188//214 7134//214 1902//214
f 7188//214 1902//214 1914//214
f 1166//214 1178//214 6781//214
f 1151//214 1166//214 6781//214
f 7188//214 1914//214 1927//214
f 7188//214 1927//214 1940//214
f 1136//214 1151//214 6781//214
f 1124//214 1136//214 6781//214
f 7188//214 1940//214 1954//214
f 7188//214 1954//214 1967//214
f 1112//214 1124//214 6781//214
f 1100//214 1112//214 6781//214
f 7188//214 1967//214 1980//214
f 7188//214 1980//214 1992//214
f 1100//214 6781//214 6733//214
f 1088//214 1100//214 6733//214
f 7239//214 7188//214 1992//214
f 7239//214 1992//214 2005//214
f 1075//214 1088//214 6733//214
f 1063//214 1075//214 6733//214
f 7239//214 2005//214 2017//214
f 7239//214 2017//214 2031//214
f 1049//214 1063//214 6733//214
f 1037//214 1049//214 6733//214
f 7239//214 2031//214 2044//214
f 7239//214 2044//214 2056//214
f 1024//214 1037//214 6733//214
f 1012//214 1024//214 6733//214
f 7239//214 2056//214 2069//214
f 7239//214 2069//214 2083//214
f 998//214 1012//214 6733//214
f 986//214 998//214 6733//214
f 7294//214 7239//214 2083//214
f 7294//214 2083//214 2097//214
f 986//214 6733//214 6681//214
f 973//214 986//214 6681//214
f 7294//214 2097//214 2111//214
f 7294//214 2111//214 2123//214
f 960//214 973//214 6681//214
f 945//214 960//214 6681//214
f 7294//214 2123//214 2136//214
f 7294//214 2136//214 2149//214
f 933//214 945//214 6681//214
f 919//214 933//214 6681//214
f 7294//214 2149//214 2164//214
f 7294//214 2164//214 2176//214
f 906//214 919//214 6681//214
f 892//214 906//214 6681//214
f 7294//214 2176//214 2190//214
f 7294//214 2190//214 2204//214
f 892//214 6681//214 6626//214
f 880//214 892//214 6626//214
f 7346//214 7294//214 2204//214
f 7346//214 2204//214 2217//214
f 867//214 880//214 6626//214
f 854//214 867//214 6626//214
f 7346//214 2217//214 2229//214
f 7346//214 2229//214 2243//214
f 840//214 854//214 6626//214
f 828//214 840//214 6626//214
f 7346//214 2243//214 2255//214
f 7346//214 2255//214 2268//214
f 815//214 828//214 6626//214
f 803//214 815//214 6626//214
f 7346//214 2268//214 2280//214
f 7346//214 2280//214 2294//214
f 789//214 803//214 6626//214
f 776//214 789//214 6626//214
f 7394//214 7346//214 2294//214
f 7394//214 2294//214 2306//214
f 776//214 6626//214 6575//214
f 762//214 776//214 6575//214
f 7394//214 2306//214 2319//214
f 7394//214 2319//214 2331//214
f 750//214 762//214 6575//214
f 737//214 750//214 6575//214
f 7394//214 2331//214 2343//214
f 7394//214 2343//214 2355//214
f 725//214 737//214 6575//214
f 711//214 725//214 6575//214
f 7394//214 2355//214 2367//214
f 7394//214 2367//214 2379//214
f 699//214 711//214 6575//214
f 685//214 699//214 6575//214
f 7394//214 2379//214 2391//214
f 7394//214 2391//214 2403//214
f 685//214 6575//214 6521//214
f 673//214 685//214 6521//214
f 7445//214 7394//214 2403//214
f 7445//214 2403//214 2417//214
f 659//214 673//214 6521//214
f 647//214 659//214 6521//214
f 7445//214 2417//214 2429//214
f 7445//214 2429//214 2441//214
f 634//214 647//214 6521//214
f 622//214 634//214 6521//214
f 7445//214 2441//214 2453//214
f 7445//214 2453//214 3385//214
f 609//214 622//214 6521//214
f 597//214 609//214 6521//214
f 7445//214 3385//214 19//214
f 7445//214 19//214 16//214
f 583//214 597//214 6521//214
f 571//214 583//214 6521//214
f 6264//214 7445//214 16//214
f 6264//214 16//214 34//214
f 571//214 6521//214 6467//214
f 557//214 571//214 6467//214
f 6264//214 34//214 46//214
f 6264//214 46//214 58//214
f 545//214 557//214 6467//214
f 531//214 545//214 6467//214
f 6264//214 58//214 70//214
f 6264//214 70//214 82//214
f 519//214 531//214 6467//214
f 505//214 519//214 6467//214
f 6264//214 82//214 94//214
f 6264//214 94//214 106//214
f 493//214 505//214 6467//214
f 480//214 493//214 6467//214
f 6264//214 106//214 118//214
f 6264//214 118//214 130//214
f 480//214 6467//214 6417//214
f 467//214 480//214 6417//214
f 6312//214 6264//214 130//214
f 6312//214 130//214 142//214
f 454//214 467//214 6417//214
f 442//214 454//214 6417//214
f 6312//214 142//214 154//214
f 6312//214 154//214 167//214
f 429//214 442//214 6417//214
f 417//214 429//214 6417//214
f 6312//214 167//214 179//214
f 6312//214 179//214 193//214
f 402//214 417//214 6417//214
f 387//214 402//214 6417//214
f 6312//214 193//214 205//214
f 6312//214 205//214 218//214
f 374//214 387//214 6417//214
f 361//214 374//214 6417//214
f 6361//214 6312//214 218//214
f 6361//214 218//214 230//214
f 361//214 6417//214 6361//214
f 349//214 361//214 6361//214
f 6361//214 230//214 244//214
f 6361//214 244//214 256//214
f 336//214 349//214 6361//214
f 322//214 336//214 6361//214
f 6361//214 256//214 269//214
f 6361//214 269//214 282//214
f 311//214 322//214 6361//214
f 6361//214 282//214 299//214
f 299//214 311//214 6361//214
f 1836//214 1850//214 7134//214
f 7135//220 7128//220 7122//220
f 7121//214 7114//214 7108//214
f 7108//214 7100//214 7094//214
f 7094//214 7087//214 7080//214
f 7081//215 7074//215 7068//215
f 7067//214 7061//214 7055//214
f 7055//214 7049//214 7043//214
f 7043//214 7036//214 7030//214
f 7030//214 7022//214 7015//214
f 7016//215 7008//215 7002//215
f 7001//214 6994//214 6988//214
f 6988//214 6981//214 6974//214
f 6975//215 6968//215 6962//215
f 6961//214 6955//214 6949//214
f 6949//214 6943//214 6937//214
f 6937//214 6931//214 6925//214
f 6925//214 6919//214 6913//214
f 6913//214 6907//214 6901//214
f 6901//214 6895//214 6889//214
f 6889//214 6883//214 6877//214
f 6877//214 6871//214 6865//214
f 6865//214 6859//214 6853//214
f 6853//214 6847//214 6841//214
f 6841//214 6835//214 6829//214
f 6829//214 1226//214 1238//214
f 6829//214 1238//214 1250//214
f 6853//214 6841//214 6829//214
f 6877//214 6865//214 6853//214
f 6901//214 6889//214 6877//214
f 6925//214 6913//214 6901//214
f 6949//214 6937//214 6925//214
f 6974//214 6961//214 6949//214
f 7001//214 6988//214 6974//214
f 7030//214 7015//214 7001//214
f 7055//214 7043//214 7030//214
f 7080//214 7067//214 7055//214
f 7108//214 7094//214 7080//214
f 7134//214 7121//214 7108//214
f 1824//214 1836//214 7134//214
f 1810//214 1824//214 7134//214
f 7134//214 7108//214 7080//214
f 7080//214 7055//214 7030//214
f 7030//214 7001//214 6974//214
f 6974//214 6949//214 6925//214
f 6925//214 6901//214 6877//214
f 6877//214 6853//214 6829//214
f 6829//214 1250//214 1264//214
f 6829//214 1264//214 1276//214
f 1810//214 7134//214 7080//214
f 1798//214 1810//214 7080//214
f 6877//214 6829//214 1276//214
f 6877//214 1276//214 1288//214
f 1784//214 1798//214 7080//214
f 1771//214 1784//214 7080//214
f 6877//214 1288//214 1300//214
f 6877//214 1300//214 1312//214
f 1758//214 1771//214 7080//214
f 1745//214 1758//214 7080//214
f 6877//214 1312//214 1324//214
f 6877//214 1324//214 1336//214
f 1732//214 1745//214 7080//214
f 1720//214 1732//214 7080//214
f 6877//214 1336//214 1354//214
f 6877//214 1354//214 1366//214
f 1720//214 7080//214 7030//214
f 1707//214 1720//214 7030//214
f 6925//214 6877//214 1366//214
f 6925//214 1366//214 1378//214
f 1693//214 1707//214 7030//214
f 1681//214 1693//214 7030//214
f 6925//214 1378//214 1390//214
f 6925//214 1390//214 1402//214
f 1668//214 1681//214 7030//214
f 1656//214 1668//214 7030//214
f 6925//214 1402//214 1415//214
f 6925//214 1415//214 1427//214
f 1643//214 1656//214 7030//214
f 1628//214 1643//214 7030//214
f 6925//214 1427//214 1441//214
f 6925//214 1441//214 1453//214
f 1616//214 1628//214 7030//214
f 1603//214 1616//214 7030//214
f 6974//214 6925//214 1453//214
f 6974//214 1453//214 1466//214
f 1603//214 7030//214 6974//214
f 1591//214 1603//214 6974//214
f 6974//214 1466//214 1478//214
f 6974//214 1478//214 1492//214
f 1579//214 1591//214 6974//214
f 1565//214 1579//214 6974//214
f 6974//214 1492//214 1504//214
f 6974//214 1504//214 1519//214
f 1548//214 1565//214 6974//214
f 6974//214 1519//214 1533//214
f 1533//214 1548//214 6974//214
f 5538//214 6219//214 6213//214
f 6213//214 6207//214 6201//214
f 6201//214 6195//214 6186//214
f 6186//214 6180//214 6171//214
f 6174//215 6167//215 6159//215
f 6156//216 6149//216 6141//216
f 6144//215 6136//215 6129//215
f 6126//216 6119//216 6112//216
f 6111//214 6105//214 6098//214
f 6098//214 6090//214 6083//214
f 6086//329 6079//329 6071//329
f 6071//329 6064//329 6056//329
f 6056//329 6049//329 6041//329
f 6041//329 6034//329 6026//329
f 6023//214 6017//214 6008//214
f 6008//214 6002//214 5994//214
f 5995//216 5988//216 5980//216
f 5983//215 5975//215 5965//215
f 5962//216 5954//216 5947//216
f 5950//215 5940//215 5934//215
f 5934//215 5925//215 5918//215
f 5914//214 5907//214 5901//214
f 5901//214 5895//214 5889//214
f 5889//214 5883//214 5877//214
f 5877//214 5871//214 5865//214
f 5865//214 5859//214 5853//214
f 5853//214 5844//214 5838//214
f 5838//214 5830//214 5823//214
f 5824//216 5815//216 5808//216
f 5809//215 5800//215 5794//215
f 5793//216 5785//216 5778//216
f 5779//215 5770//215 5764//215
f 5763//214 5756//214 5748//214
f 5748//214 5742//214 5735//214
f 5736//220 5727//220 5721//220
f 5721//220 5712//220 5706//220
f 5706//220 5697//220 5691//220
f 5691//220 5682//220 5676//220
f 5675//214 5666//214 5660//214
f 5660//214 5653//214 5646//214
f 5647//215 5639//215 5633//215
f 5632//216 5624//216 5620//216
f 5621//215 5613//215 5606//215
f 5605//216 5598//216 5590//216
f 5590//216 5583//216 5575//216
f 5574//214 5566//214 5559//214
f 5559//214 5553//214 5547//214
f 5547//214 5541//214 5538//214
f 5538//214 6213//214 6201//214
f 6201//214 6186//214 6171//214
f 6171//214 6155//214 6140//214
f 6140//214 6125//214 6111//214
f 6111//214 6098//214 6083//214
f 6083//214 6068//214 6053//214
f 6053//214 6038//214 6023//214
f 6023//214 6008//214 5994//214
f 5994//214 5979//214 5961//214
f 5961//214 5946//214 5931//214
f 5931//214 5914//214 5901//214
f 5901//214 5889//214 5877//214
f 5877//214 5865//214 5853//214
f 5853//214 5838//214 5823//214
f 5823//214 5807//214 5792//214
f 5792//214 5777//214 5763//214
f 5763//214 5748//214 5735//214
f 5735//214 5720//214 5705//214
f 5705//214 5690//214 5675//214
f 5675//214 5660//214 5646//214
f 5646//214 5631//214 5619//214
f 5619//214 5604//214 5589//214
f 5589//214 5574//214 5559//214
f 5559//214 5547//214 5538//214
f 5538//214 6201//214 6171//214
f 6171//214 6140//214 6111//214
f 6111//214 6083//214 6053//214
f 6053//214 6023//214 5994//214
f 5994//214 5961//214 5931//214
f 5931//214 5901//214 5877//214
f 5877//214 5853//214 5823//214
f 5823//214 5792//214 5763//214
f 5763//214 5735//214 5705//214
f 5705//214 5675//214 5646//214
f 5646//214 5619//214 5589//214
f 5589//214 5559//214 5538//214
f 5538//214 6171//214 6111//214
f 6111//214 6053//214 5994//214
f 5994//214 5931//214 5877//214
f 5877//214 5823//214 5763//214
f 5763//214 5705//214 5646//214
f 5646//214 5589//214 5538//214
f 5538//214 6111//214 5994//214
f 5994//214 5877//214 5763//214
f 5763//214 5646//214 5538//214
f 5994//214 5763//214 5538//214
f 7450//106 7452//106 3505//106
f 7450//106 3505//106 3503//106
f 7453//109 7455//109 3988//109
f 7453//109 3988//109 3506//109
f 7456//112 7458//112 4000//112
f 7456//112 4000//112 3989//112
f 7459//115 7461//115 4003//115
f 7459//115 4003//115 4001//115
f 7463//118 7465//118 4010//118
f 7462//330 4009//330 4004//330
f 7466//121 7468//121 4013//121
f 7466//121 4013//121 4011//121
f 7469//124 7471//124 4022//124
f 7469//124 4022//124 4014//124
f 7472//127 7474//127 4025//127
f 7472//127 4025//127 4023//127
f 4026//131 7475//131 7477//131
f 4027//331 7478//331 4035//331
f 4036//135 7479//135 7481//135
f 4036//135 7481//135 4038//135
f 4039//139 7482//139 7484//139
f 4039//139 7484//139 4047//139
f 4048//142 7485//142 7487//142
f 4048//142 7487//142 4050//142
f 4051//146 7488//146 7490//146
f 4051//146 7490//146 4059//146
f 4060//149 7491//149 7493//149
f 4060//149 7493//149 4062//149
f 4064//152 7494//152 7497//152
f 4063//332 7496//332 4070//332
f 4071//155 7498//155 7500//155
f 4071//155 7500//155 4074//155
f 4075//158 7501//158 7504//158
f 4075//158 7504//158 3986//158
f 3984//333 7503//333 7507//333
f 3985//161 7508//161 3981//161
f 3980//164 7506//164 7511//164
f 3980//164 7511//164 3977//164
f 3976//167 7510//167 7514//167
f 3976//167 7514//167 3973//167
f 3972//171 7513//171 7517//171
f 3972//171 7517//171 3969//171
f 3968//174 7516//174 7520//174
f 3968//174 7520//174 3960//174
f 3959//178 7519//178 7523//178
f 3959//178 7523//178 3956//178
f 3955//334 7522//334 7527//334
f 3954//182 7526//182 3952//182
f 3951//186 7525//186 7530//186
f 3951//186 7530//186 3948//186
f 3947//189 7529//189 7533//189
f 3947//189 7533//189 3944//189
f 3943//192 7532//192 7536//192
f 3943//192 7536//192 3935//192
f 3934//195 7535//195 7540//195
f 3933//335 7539//335 3926//335
f 3925//198 7538//198 7543//198
f 3925//198 7543//198 3920//198
f 3919//201 7542//201 7546//201
f 3919//201 7546//201 3914//201
f 3913//204 7545//204 7549//204
f 3913//204 7549//204 3908//204
f 3907//212 7548//212 7552//212
f 3907//212 7552//212 3902//212
f 3901//2 7551//2 7554//2
f 3901//2 7554//2 3895//2
f 3896//5 7555//5 7557//5
f 3896//5 7557//5 3889//5
f 3890//8 7558//8 7560//8
f 3890//8 7560//8 3883//8
f 3884//11 7561//11 7563//11
f 3884//11 7563//11 3876//11
f 3877//336 7564//336 7566//336
f 3878//14 7567//14 3870//14
f 3871//17 7568//17 7570//17
f 3871//17 7570//17 3864//17
f 3865//20 7571//20 7573//20
f 3865//20 7573//20 3858//20
f 3859//23 7574//23 7576//23
f 3859//23 7576//23 3852//23
f 7578//337 7580//337 3846//337
f 7577//27 3845//27 3853//27
f 7581//31 7583//31 3839//31
f 7581//31 3839//31 3847//31
f 7584//35 7586//35 3833//35
f 7584//35 3833//35 3840//35
f 7587//38 7589//38 3827//38
f 7587//38 3827//38 3834//38
f 7590//42 7592//42 3392//42
f 7590//42 3392//42 3828//42
f 7593//45 7595//45 3395//45
f 7593//45 3395//45 3393//45
f 7596//338 7599//338 3398//338
f 7597//48 3399//48 3396//48
f 7600//51 7603//51 3406//51
f 7600//51 3406//51 3400//51
f 7602//54 7607//54 3412//54
f 7602//54 3412//54 3405//54
f 7606//57 7610//57 3419//57
f 7605//339 3418//339 3411//339
f 7609//60 7613//60 3425//60
f 7609//60 3425//60 3417//60
f 7612//63 7616//63 3432//63
f 7612//63 3432//63 3424//63
f 7615//67 7619//67 3438//67
f 7615//67 3438//67 3431//67
f 7618//70 7622//70 3444//70
f 7618//70 3444//70 3437//70
f 7621//74 7626//74 3450//74
f 7621//74 3450//74 3443//74
f 7624//78 7629//78 3456//78
f 7625//340 3457//340 3449//340
f 7628//82 7632//82 3463//82
f 7628//82 3463//82 3455//82
f 7631//85 7635//85 3469//85
f 7631//85 3469//85 3462//85
f 7634//88 7639//88 3475//88
f 7634//88 3475//88 3468//88
f 7637//341 7642//341 3481//341
f 7638//91 3482//91 3474//91
f 7641//94 7645//94 3488//94
f 7641//94 3488//94 3480//94
f 7644//97 7648//97 3494//97
f 7644//97 3494//97 3487//97
f 7647//100 7651//100 3500//100
f 7647//100 3500//100 3493//100
f 7650//103 7449//103 3502//103
f 7650//103 3502//103 3499//103
f 2534//106 2530//106 7653//106
f 2534//106 7653//106 7657//106
f 2531//109 2524//109 7659//109
f 2531//109 7659//109 7654//109
f 2525//112 2521//112 7662//112
f 2525//112 7662//112 7660//112
f 2522//115 2512//115 7665//115
f 2522//115 7665//115 7663//115
f 2513//118 2506//118 7668//118
f 2513//118 7668//118 7666//118
f 2507//121 2500//121 7671//121
f 2507//121 7671//121 7669//121
f 2501//124 2496//124 7674//124
f 2501//124 7674//124 7672//124
f 2462//342 2458//342 7677//342
s 1
f 7678//128 7675//128 2497//128
s 0
f 2463//127 7679//127 2498//127
f 7680//131 2459//131 2470//131
f 7681//132 2471//132 7683//132
f 7684//135 2472//135 2467//135
f 7684//135 2467//135 7686//135
s 1
f 2465//139 2744//139 7690//139
f 7690//139 7687//139 2468//139
s 0
f 2465//139 7690//139 2468//139
f 2746//343 2757//343 7694//343
s 1
f 2745//142 7693//142 7691//142
s 0
f 7695//146 2758//146 2767//146
f 7695//146 2767//146 7698//146
f 2768//149 2773//149 7701//149
f 2768//149 7701//149 7699//149
f 7702//152 2774//152 2776//152
f 7702//152 2776//152 7704//152
f 7705//155 2777//155 2782//155
f 7705//155 2782//155 7708//155
f 2783//158 2786//158 7712//158
f 2783//158 7712//158 7709//158
f 7711//161 2785//161 2795//161
f 7711//161 2795//161 7716//161
f 7715//164 2794//164 2798//164
f 7715//164 2798//164 7719//164
f 2797//167 2807//167 7724//167
f 2797//167 7724//167 7718//167
f 7723//344 2806//344 2811//344
s 1
f 7722//171 2810//171 7727//171
f 2809//174 2820//174 7730//174
s 0
f 2809//174 7730//174 7726//174
f 2819//178 2824//178 7733//178
f 2819//178 7733//178 7729//178
f 2822//182 2833//182 7736//182
f 2823//181 7737//181 7732//181
f 2832//185 2836//185 7740//185
s 1
f 2832//185 7740//185 7735//185
s 0
f 2835//189 2846//189 7743//189
f 2835//189 7743//189 7739//189
f 2845//192 2850//192 7746//192
f 2845//192 7746//192 7742//192
f 2848//335 2859//335 7749//335
f 2849//195 7750//195 7745//195
f 2858//198 2862//198 7753//198
f 2858//198 7753//198 7748//198
f 2861//201 2871//201 7756//201
f 2861//201 7756//201 7752//201
f 7755//204 2870//204 2874//204
f 7755//204 2874//204 7759//204
f 7758//212 2873//212 2742//212
f 7758//212 2742//212 7762//212
f 7761//2 2741//2 2735//2
f 7761//2 2735//2 7764//2
f 7765//5 2736//5 2729//5
f 7765//5 2729//5 7767//5
f 7768//8 2730//8 2723//8
f 7768//8 2723//8 7770//8
f 7771//11 2724//11 2717//11
f 7771//11 2717//11 7773//11
f 7774//336 2718//336 2709//336
f 7775//14 2710//14 7777//14
f 7778//17 2711//17 2703//17
f 7778//17 2703//17 7780//17
f 7781//20 2704//20 2696//20
f 7781//20 2696//20 7783//20
f 2698//23 2689//23 7787//23
s 1
f 2697//24 7786//24 7784//24
s 0
f 2691//28 2682//28 7791//28
f 2690//27 7790//27 7788//27
f 2683//31 2669//31 7794//31
f 2683//31 7794//31 7792//31
s 1
f 2670//35 2666//35 7798//35
f 2670//35 7798//35 7795//35
f 2667//38 2657//38 7801//38
f 2667//38 7801//38 7799//38
s 0
f 2658//42 2654//42 7805//42
f 2658//42 7805//42 7802//42
f 2655//45 2645//45 7808//45
f 2655//45 7808//45 7806//45
f 2646//48 2642//48 7811//48
f 2646//48 7811//48 7809//48
f 2643//51 2634//51 7816//51
f 2643//51 7816//51 7812//51
f 2633//54 2631//54 7819//54
f 2633//54 7819//54 7815//54
f 2630//57 2622//57 7823//57
f 2630//57 7823//57 7818//57
f 2621//60 2619//60 7826//60
f 2621//60 7826//60 7822//60
f 2618//63 2610//63 7830//63
f 2618//63 7830//63 7825//63
s 1
f 2609//67 2607//67 7833//67
f 2609//67 7833//67 7829//67
f 2606//70 2598//70 7836//70
f 2606//70 7836//70 7832//70
s 0
f 2597//74 2595//74 7839//74
f 2597//74 7839//74 7835//74
f 2593//78 2583//78 7842//78
f 2594//77 7843//77 7838//77
f 2581//81 2579//81 7846//81
f 2582//82 7847//82 7841//82
f 2578//85 2570//85 7850//85
f 2578//85 7850//85 7845//85
f 2569//88 2567//88 7853//88
f 2569//88 7853//88 7849//88
f 2566//91 2558//91 7856//91
f 2566//91 7856//91 7852//91
f 2557//94 2555//94 7859//94
f 2557//94 7859//94 7855//94
f 2554//97 2546//97 7862//97
f 2554//97 7862//97 7858//97
f 2545//100 2543//100 7865//100
f 2545//100 7865//100 7861//100
f 2542//103 2533//103 7656//103
f 2542//103 7656//103 7864//103
f 7789//208 7793//208 7796//208
f 7797//210 7800//210 7804//210
f 7803//208 7807//208 7810//208
f 7810//208 7598//208 7594//208
f 7810//208 7594//208 7591//208
f 7796//208 7803//208 7810//208
f 7785//208 7789//208 7796//208
f 7779//208 7782//208 7785//208
f 7772//208 7776//208 7779//208
f 7766//208 7769//208 7772//208
f 7760//208 7763//208 7766//208
f 7754//208 7757//208 7760//208
f 7747//208 7751//208 7754//208
f 7741//208 7744//208 7747//208
f 7734//208 7738//208 7741//208
f 7728//208 7731//208 7734//208
f 7720//208 7725//208 7728//208
f 7714//209 7717//209 7721//209
f 7707//209 7710//209 7714//209
f 7495//208 7703//208 7706//208
f 7499//208 7495//208 7706//208
f 7706//208 7713//208 7720//208
f 7720//208 7728//208 7734//208
f 7734//208 7741//208 7747//208
f 7747//208 7754//208 7760//208
f 7760//208 7766//208 7772//208
f 7772//208 7779//208 7785//208
f 7785//208 7796//208 7810//208
f 7810//208 7591//208 7588//208
f 7810//208 7588//208 7585//208
f 7772//208 7785//208 7810//208
f 7747//208 7760//208 7772//208
f 7720//208 7734//208 7747//208
f 7499//208 7706//208 7720//208
f 7502//208 7499//208 7720//208
f 7720//208 7747//208 7772//208
f 7772//208 7810//208 7585//208
f 7772//208 7585//208 7582//208
f 7505//208 7502//208 7720//208
f 7509//208 7505//208 7720//208
f 7772//208 7582//208 7579//208
f 7772//208 7579//208 7575//208
f 7512//208 7509//208 7720//208
f 7515//208 7512//208 7720//208
f 7772//208 7575//208 7572//208
f 7772//208 7572//208 7569//208
f 7518//208 7515//208 7720//208
f 7521//208 7518//208 7720//208
f 7772//208 7569//208 7565//208
f 7772//208 7565//208 7562//208
f 7524//208 7521//208 7720//208
f 7528//208 7524//208 7720//208
f 7772//208 7562//208 7559//208
f 7772//208 7559//208 7556//208
f 7531//208 7528//208 7720//208
f 7534//208 7531//208 7720//208
f 7772//208 7556//208 7553//208
f 7772//208 7553//208 7550//208
f 7534//208 7720//208 7772//208
f 7537//208 7534//208 7772//208
f 7772//208 7550//208 7547//208
f 7772//208 7547//208 7544//208
f 7541//208 7537//208 7772//208
f 7544//208 7541//208 7772//208
f 7682//208 7685//208 7688//208
f 7689//209 7692//209 7697//209
f 7696//208 7700//208 7703//208
f 7703//208 7495//208 7492//208
f 7703//208 7492//208 7489//208
f 7688//208 7696//208 7703//208
f 7676//208 7682//208 7688//208
f 7670//208 7673//208 7676//208
f 7664//208 7667//208 7670//208
f 7658//208 7661//208 7664//208
f 7655//208 7652//208 7658//208
f 7860//208 7863//208 7655//208
f 7854//208 7857//208 7860//208
f 7848//208 7851//208 7854//208
f 7840//208 7844//208 7848//208
f 7834//208 7837//208 7840//208
f 7827//208 7831//208 7834//208
f 7821//210 7824//210 7828//210
f 7814//210 7817//210 7821//210
f 7598//208 7810//208 7813//208
f 7601//208 7598//208 7813//208
f 7813//208 7820//208 7827//208
f 7827//208 7834//208 7840//208
f 7840//208 7848//208 7854//208
f 7854//208 7860//208 7655//208
f 7655//208 7658//208 7664//208
f 7664//208 7670//208 7676//208
f 7676//208 7688//208 7703//208
f 7703//208 7489//208 7486//208
f 7703//208 7486//208 7483//208
f 7664//208 7676//208 7703//208
f 7854//208 7655//208 7664//208
f 7827//208 7840//208 7854//208
f 7601//208 7813//208 7827//208
f 7604//208 7601//208 7827//208
f 7827//208 7854//208 7664//208
f 7664//208 7703//208 7483//208
f 7664//208 7483//208 7480//208
f 7608//208 7604//208 7827//208
f 7611//208 7608//208 7827//208
f 7664//208 7480//208 7476//208
f 7664//208 7476//208 7473//208
f 7614//208 7611//208 7827//208
f 7617//208 7614//208 7827//208
f 7664//208 7473//208 7470//208
f 7664//208 7470//208 7467//208
f 7620//208 7617//208 7827//208
f 7623//208 7620//208 7827//208
f 7664//208 7467//208 7464//208
f 7664//208 7464//208 7460//208
f 7627//208 7623//208 7827//208
f 7630//208 7627//208 7827//208
f 7664//208 7460//208 7457//208
f 7664//208 7457//208 7454//208
f 7633//208 7630//208 7827//208
f 7636//208 7633//208 7827//208
f 7664//208 7454//208 7451//208
f 7664//208 7451//208 7448//208
f 7636//208 7827//208 7664//208
f 7640//208 7636//208 7664//208
f 7664//208 7448//208 7649//208
f 7664//208 7649//208 7646//208
f 7643//208 7640//208 7664//208
f 7646//208 7643//208 7664//208
f 7868//106 7870//106 3642//106
f 7868//106 3642//106 3634//106
f 7871//109 7873//109 3645//109
f 7871//109 3645//109 3643//109
f 7874//112 7876//112 3654//112
f 7874//112 3654//112 3646//112
f 7877//115 7879//115 3657//115
f 7877//115 3657//115 3655//115
f 7881//118 7883//118 3667//118
f 7880//330 3666//330 3658//330
f 7884//121 7886//121 3670//121
f 7884//121 3670//121 3668//121
f 7887//124 7889//124 3679//124
f 7887//124 3679//124 3671//124
f 7890//127 7892//127 3682//127
f 7890//127 3682//127 3680//127
f 3683//131 7893//131 7895//131
f 3684//331 7896//331 3692//331
f 3693//135 7897//135 7899//135
f 3693//135 7899//135 3695//135
f 3696//139 7900//139 7902//139
f 3696//139 7902//139 3704//139
f 3705//142 7903//142 7905//142
f 3705//142 7905//142 3707//142
f 3708//146 7906//146 7908//146
f 3708//146 7908//146 3716//146
f 3717//149 7909//149 7911//149
f 3717//149 7911//149 3719//149
f 3721//152 7912//152 7915//152
f 3720//332 7914//332 3729//332
f 3730//155 7916//155 7918//155
f 3730//155 7918//155 3732//155
f 3733//158 7919//158 7922//158
f 3733//158 7922//158 3743//158
f 3741//333 7921//333 7925//333
f 3742//161 7926//161 3746//161
f 3745//164 7924//164 7929//164
f 3745//164 7929//164 3755//164
f 3754//167 7928//167 7932//167
f 3754//167 7932//167 3758//167
f 3757//171 7931//171 7935//171
f 3757//171 7935//171 3768//171
f 3767//174 7934//174 7938//174
f 3767//174 7938//174 3772//174
f 3771//178 7937//178 7942//178
f 3771//178 7942//178 3779//178
f 3778//334 7941//334 7947//334
f 3777//182 7946//182 3785//182
f 3784//186 7945//186 7950//186
f 3784//186 7950//186 3791//186
f 3790//189 7949//189 7953//189
f 3790//189 7953//189 3797//189
f 3796//192 7952//192 7956//192
f 3796//192 7956//192 3805//192
f 3804//195 7955//195 7960//195
f 3803//335 7959//335 3811//335
f 3810//198 7958//198 7963//198
f 3810//198 7963//198 3822//198
f 3821//201 7962//201 7966//201
f 3821//201 7966//201 3825//201
f 7965//204 7969//204 4158//204
f 3813//204 3824//204 7965//204
f 4158//204 3813//204 7965//204
f 4157//212 7968//212 7972//212
f 4157//212 7972//212 4149//212
f 4148//2 7971//2 7974//2
f 4148//2 7974//2 4145//2
f 4146//5 7975//5 7977//5
f 4146//5 7977//5 4136//5
f 4137//8 7978//8 7980//8
f 4137//8 7980//8 4133//8
f 4134//11 7981//11 7983//11
f 4134//11 7983//11 4123//11
f 4124//336 7984//336 7986//336
f 4125//14 7987//14 4120//14
f 4121//17 7988//17 7990//17
f 4121//17 7990//17 4111//17
f 4112//20 7991//20 7993//20
f 4112//20 7993//20 4108//20
f 4109//23 7994//23 7996//23
f 4109//23 7996//23 4102//23
f 7998//337 8000//337 4093//337
f 7997//27 4092//27 4103//27
f 8001//31 8003//31 4089//31
f 8001//31 4089//31 4094//31
f 8004//35 8006//35 4077//35
f 8004//35 4077//35 4090//35
f 4078//38 8007//38 8009//38
f 8010//345 3511//345 3509//345
f 8009//38 3508//38 4078//38
f 8011//42 8013//42 3514//42
f 8011//42 3514//42 3512//42
f 8014//45 8016//45 3520//45
f 8014//45 3520//45 3515//45
f 8017//338 8020//338 3523//338
f 8018//48 3524//48 3521//48
f 8021//51 8024//51 3534//51
f 8021//51 3534//51 3525//51
f 8023//54 8028//54 3537//54
f 8023//54 3537//54 3533//54
f 8027//57 8031//57 3544//57
f 8026//339 3543//339 3536//339
f 8030//60 8034//60 3547//60
f 8030//60 3547//60 3542//60
f 8033//63 8037//63 3556//63
f 8033//63 3556//63 3546//63
f 8036//67 8040//67 3559//67
f 8036//67 3559//67 3555//67
f 8039//70 8043//70 3568//70
f 8039//70 3568//70 3558//70
f 8042//74 8047//74 3571//74
f 8042//74 3571//74 3567//74
f 8045//78 8050//78 3580//78
f 8046//340 3581//340 3570//340
f 8049//82 8053//82 3584//82
f 8049//82 3584//82 3579//82
f 8052//85 8056//85 3593//85
f 8052//85 3593//85 3583//85
f 8055//88 8060//88 3603//88
f 8055//88 3603//88 3592//88
f 8058//341 8063//341 3607//341
f 8059//91 3608//91 3602//91
f 8062//94 8066//94 3617//94
f 8062//94 3617//94 3606//94
f 8065//97 8069//97 3621//97
f 8065//97 3621//97 3616//97
f 8068//100 8072//100 3631//100
f 8068//100 3631//100 3620//100
f 8071//103 7867//103 3633//103
f 8071//103 3633//103 3630//103
f 2540//106 2548//106 8074//106
f 2540//106 8074//106 8078//106
f 2549//109 2551//109 8080//109
f 2549//109 8080//109 8075//109
f 2552//112 2560//112 8083//112
f 2552//112 8083//112 8081//112
f 2561//115 2563//115 8086//115
f 2561//115 8086//115 8084//115
s 1
f 2564//118 2572//118 8089//118
s 0
f 2564//118 8089//118 8087//118
f 2573//121 2575//121 8092//121
f 2573//121 8092//121 8090//121
f 2576//124 2585//124 8095//124
f 2576//124 8095//124 8093//124
f 2587//127 2589//127 8099//127
s 1
f 2586//128 8098//128 8096//128
s 0
f 2591//132 2600//132 8103//132
f 2590//131 8102//131 8100//131
f 2601//135 2603//135 8106//135
f 2601//135 8106//135 8104//135
s 1
f 8107//139 2604//139 2612//139
f 8107//139 2612//139 8110//139
f 8111//142 2613//142 2615//142
f 8111//142 2615//142 8113//142
s 0
f 8114//146 2616//146 2624//146
f 8114//146 2624//146 8117//146
f 8118//149 2625//149 2627//149
f 8118//149 2627//149 8120//149
f 8121//152 2628//152 2636//152
f 8121//152 2636//152 8123//152
f 8124//155 2637//155 2639//155
f 8124//155 2639//155 8126//155
f 8127//158 2640//158 2649//158
f 8127//158 2649//158 8130//158
f 8129//161 2648//161 2652//161
f 8129//161 2652//161 8133//161
f 2651//164 2661//164 8137//164
f 2651//164 8137//164 8132//164
f 2660//167 2664//167 8140//167
f 2660//167 8140//167 8136//167
s 1
f 8139//171 2663//171 2673//171
f 8139//171 2673//171 8144//171
f 8143//174 2672//174 2676//174
f 8143//174 2676//174 8147//174
s 0
f 2675//178 2680//178 8151//178
f 2675//178 8151//178 8146//178
f 2678//182 2687//182 8154//182
f 2679//181 8155//181 8150//181
f 2685//185 2694//185 8159//185
f 2686//186 8160//186 8153//186
f 2693//189 2701//189 8163//189
f 2693//189 8163//189 8158//189
f 8162//192 2700//192 2707//192
f 8162//192 2707//192 8168//192
f 8167//195 2706//195 2715//195
f 8166//335 2714//335 8171//335
f 8170//198 2713//198 2721//198
f 8170//198 2721//198 8175//198
f 8174//201 2720//201 2727//201
f 8174//201 2727//201 8178//201
f 8177//204 2726//204 2733//204
f 8177//204 2733//204 8182//204
f 8181//212 2732//212 2739//212
f 8181//212 2739//212 8185//212
f 8184//2 2738//2 2889//2
f 8184//2 2889//2 8187//2
f 8188//5 2890//5 2947//5
f 8188//5 2947//5 8190//5
f 8191//8 2948//8 2953//8
f 8191//8 2953//8 8193//8
f 8194//11 2954//11 2959//11
f 8194//11 2959//11 8196//11
f 8197//336 2960//336 3020//336
f 8198//14 3021//14 8200//14
f 8201//17 3022//17 3038//17
f 8201//17 3038//17 8203//17
f 8204//20 3039//20 3044//20
f 8204//20 3044//20 8206//20
f 3045//24 3047//24 8209//24
s 1
f 3045//24 8209//24 8207//24
s 0
f 3049//28 3057//28 8213//28
f 3048//27 8212//27 8210//27
f 3058//31 3060//31 8216//31
f 3058//31 8216//31 8214//31
f 3061//35 3069//35 8219//35
s 1
f 3061//35 8219//35 8217//35
s 0
f 3071//345 3073//345 8224//345
s 1
f 3070//38 8223//38 8220//38
s 0
f 3074//42 3079//42 8227//42
f 3074//42 8227//42 8225//42
f 3080//45 3076//45 8231//45
f 3080//45 8231//45 8228//45
f 3077//48 3066//48 8234//48
f 3077//48 8234//48 8232//48
f 3067//51 3064//51 8239//51
f 3067//51 8239//51 8235//51
f 3063//54 3055//54 8242//54
f 3063//54 8242//54 8238//54
f 3054//57 3052//57 8246//57
f 3054//57 8246//57 8241//57
f 3051//60 3042//60 8249//60
f 3051//60 8249//60 8245//60
f 3041//63 3036//63 8253//63
f 3041//63 8253//63 8248//63
s 1
f 3034//67 3032//67 8256//67
s 0
f 3035//346 8257//346 8252//346
f 2477//70 2475//70 8260//70
f 8260//70 8255//70 3031//70
f 2477//70 8260//70 3031//70
f 2474//74 2488//74 8263//74
f 2474//74 8263//74 8259//74
f 2486//78 2484//78 8266//78
f 2487//77 8267//77 8262//77
f 2479//81 2491//81 8270//81
s 1
f 8270//81 8265//81 2482//81
s 0
f 2480//347 8271//347 2483//347
f 2490//85 2504//85 8274//85
f 2490//85 8274//85 8269//85
f 2503//88 2510//88 8277//88
f 2503//88 8277//88 8273//88
f 2509//91 2516//91 8280//91
f 2509//91 8280//91 8276//91
f 2515//94 2519//94 8283//94
f 2515//94 8283//94 8279//94
f 2518//97 2528//97 8286//97
f 2518//97 8286//97 8282//97
f 2527//100 2537//100 8289//100
f 2527//100 8289//100 8285//100
f 2536//103 2539//103 8077//103
f 2536//103 8077//103 8288//103
f 8183//208 8186//208 8189//208
f 8189//208 8192//208 8195//208
f 8195//208 8199//208 8202//208
f 8202//208 8205//208 8208//208
f 8208//208 8211//208 8215//208
f 8215//208 8218//208 8221//208
f 8222//210 8226//210 8230//210
f 8229//208 8233//208 8019//208
f 8229//208 8019//208 8015//208
f 8215//208 8221//208 8229//208
f 8202//208 8208//208 8215//208
f 8189//208 8195//208 8202//208
f 8179//208 8183//208 8189//208
f 8172//208 8176//208 8179//208
f 8165//209 8169//209 8173//209
f 8156//208 8161//208 8164//208
f 8149//209 8152//209 8157//209
f 8141//208 8145//208 8148//208
f 8135//209 8138//209 8142//209
f 8128//208 8131//208 8134//208
f 8122//208 8125//208 8128//208
f 7917//208 7913//208 8122//208
f 7920//208 7917//208 8122//208
f 8122//208 8128//208 8134//208
f 8134//208 8141//208 8148//208
f 8148//208 8156//208 8164//208
f 8164//208 8172//208 8179//208
f 8179//208 8189//208 8202//208
f 8202//208 8215//208 8229//208
f 8229//208 8015//208 8012//208
f 8229//208 8012//208 8008//208
f 8179//208 8202//208 8229//208
f 8148//208 8164//208 8179//208
f 8122//208 8134//208 8148//208
f 7923//208 7920//208 8122//208
f 7927//208 7923//208 8122//208
f 8122//208 8148//208 8179//208
f 8229//208 8008//208 8005//208
f 8229//208 8005//208 8002//208
f 7930//208 7927//208 8122//208
f 7933//208 7930//208 8122//208
f 8229//208 8002//208 7999//208
f 8229//208 7999//208 7995//208
f 7933//208 8122//208 8179//208
f 7936//208 7933//208 8179//208
f 8179//208 8229//208 7995//208
f 8179//208 7995//208 7992//208
f 7939//208 7936//208 8179//208
f 7944//209 7940//209 8180//209
f 8179//208 7992//208 7989//208
f 8179//208 7989//208 7985//208
f 7948//208 7943//208 8179//208
f 7951//208 7948//208 8179//208
f 8179//208 7985//208 7982//208
f 8179//208 7982//208 7979//208
f 7954//208 7951//208 8179//208
f 7957//208 7954//208 8179//208
f 8179//208 7979//208 7976//208
f 8179//208 7976//208 7973//208
f 7961//208 7957//208 8179//208
f 7964//208 7961//208 8179//208
f 8179//208 7973//208 7970//208
f 7967//208 7964//208 8179//208
f 7970//208 7967//208 8179//208
f 8101//208 8105//208 8108//208
f 8109//209 8112//209 8116//209
f 8115//208 8119//208 8122//208
f 8122//208 7913//208 7910//208
f 8122//208 7910//208 7907//208
f 8108//208 8115//208 8122//208
f 8097//208 8101//208 8108//208
f 8091//208 8094//208 8097//208
f 8085//208 8088//208 8091//208
f 8079//208 8082//208 8085//208
f 8076//208 8073//208 8079//208
f 8284//208 8287//208 8076//208
f 8278//208 8281//208 8284//208
f 8272//208 8275//208 8278//208
f 8264//208 8268//208 8272//208
f 8258//208 8261//208 8264//208
f 8250//208 8254//208 8258//208
f 8244//210 8247//210 8251//210
f 8237//210 8240//210 8244//210
f 8019//208 8233//208 8236//208
f 8022//208 8019//208 8236//208
f 8236//208 8243//208 8250//208
f 8250//208 8258//208 8264//208
f 8264//208 8272//208 8278//208
f 8278//208 8284//208 8076//208
f 8076//208 8079//208 8085//208
f 8085//208 8091//208 8097//208
f 8097//208 8108//208 8122//208
f 8122//208 7907//208 7904//208
f 8122//208 7904//208 7901//208
f 8085//208 8097//208 8122//208
f 8278//208 8076//208 8085//208
f 8250//208 8264//208 8278//208
f 8022//208 8236//208 8250//208
f 8025//208 8022//208 8250//208
f 8250//208 8278//208 8085//208
f 8085//208 8122//208 7901//208
f 8085//208 7901//208 7898//208
f 8029//208 8025//208 8250//208
f 8032//208 8029//208 8250//208
f 8085//208 7898//208 7894//208
f 8085//208 7894//208 7891//208
f 8035//208 8032//208 8250//208
f 8038//208 8035//208 8250//208
f 8085//208 7891//208 7888//208
f 8085//208 7888//208 7885//208
f 8041//208 8038//208 8250//208
f 8044//208 8041//208 8250//208
f 8085//208 7885//208 7882//208
f 8085//208 7882//208 7878//208
f 8048//208 8044//208 8250//208
f 8051//208 8048//208 8250//208
f 8085//208 7878//208 7875//208
f 8085//208 7875//208 7872//208
f 8054//208 8051//208 8250//208
f 8057//208 8054//208 8250//208
f 8085//208 7872//208 7869//208
f 8085//208 7869//208 7866//208
f 8057//208 8250//208 8085//208
f 8061//208 8057//208 8085//208
f 8085//208 7866//208 8070//208
f 8085//208 8070//208 8067//208
f 8064//208 8061//208 8085//208
f 8067//208 8064//208 8085//208
f 8292//106 8294//106 5355//106
f 8292//106 5355//106 5365//106
f 8295//109 8297//109 5352//109
f 8295//109 5352//109 5356//109
f 8298//112 8300//112 5343//112
f 8298//112 5343//112 5353//112
f 5344//115 8301//115 8304//115
f 8303//348 5410//348 5340//348
f 8304//115 5341//115 5344//115
f 8305//118 8307//118 5413//118
f 8305//118 5413//118 5411//118
f 8308//121 8310//121 5416//121
f 8308//121 5416//121 5414//121
f 8311//124 8313//124 5419//124
f 8311//124 5419//124 5417//124
s 1
f 8314//128 8316//128 5422//128
s 0
f 8314//128 5422//128 5420//128
f 5423//131 8317//131 8319//131
f 5423//131 8319//131 5425//131
f 5426//135 8320//135 8322//135
f 5426//135 8322//135 5428//135
f 5429//139 8323//139 8325//139
f 5429//139 8325//139 5431//139
f 5432//142 8326//142 8328//142
f 5432//142 8328//142 5434//142
f 5435//146 8329//146 8331//146
f 5435//146 8331//146 5443//146
f 5444//149 8332//149 8334//149
f 5444//149 8334//149 5452//149
f 5453//152 8335//152 8337//152
f 5453//152 8337//152 5455//152
f 5456//155 8338//155 8340//155
f 5456//155 8340//155 5464//155
f 5465//158 8341//158 8344//158
f 5465//158 8344//158 5468//158
f 5467//161 8343//161 8347//161
f 5467//161 8347//161 5477//161
f 5476//164 8346//164 8350//164
f 5476//164 8350//164 5480//164
f 5479//167 8349//167 8353//167
f 5479//167 8353//167 5489//167
f 5488//171 8352//171 8356//171
f 5488//171 8356//171 5492//171
f 5491//174 8355//174 8359//174
f 5491//174 8359//174 5502//174
f 5501//178 8358//178 8362//178
f 5501//178 8362//178 5512//178
f 5511//182 8361//182 8365//182
f 5511//182 8365//182 5516//182
s 1
f 5515//185 8364//185 8368//185
s 0
f 5515//185 8368//185 5525//185
f 5524//189 8367//189 8371//189
f 5524//189 8371//189 5528//189
f 5527//192 8370//192 8374//192
f 5527//192 8374//192 5531//192
f 5530//195 8373//195 8377//195
f 5530//195 8377//195 5522//195
f 5521//198 8376//198 8380//198
f 5521//198 8380//198 5519//198
f 5518//201 8379//201 8383//201
f 5518//201 8383//201 5508//201
f 5507//204 8382//204 8386//204
f 5507//204 8386//204 5505//204
f 5504//212 8385//212 8389//212
f 5504//212 8389//212 5498//212
f 5497//2 8388//2 8391//2
f 5497//2 8391//2 5494//2
f 5495//5 8392//5 8394//5
f 5495//5 8394//5 5485//5
f 5486//8 8395//8 8397//8
f 5486//8 8397//8 5482//8
f 5483//11 8398//11 8400//11
f 5483//11 8400//11 5473//11
f 5474//14 8401//14 8403//14
f 5474//14 8403//14 5470//14
f 5471//17 8404//17 8406//17
f 5471//17 8406//17 5461//17
f 5462//20 8407//20 8409//20
f 5462//20 8409//20 5458//20
f 5459//24 8410//24 8412//24
s 1
f 5459//24 8412//24 5449//24
s 0
f 8413//27 8415//27 5446//27
f 8413//27 5446//27 5450//27
f 8416//31 8418//31 5440//31
f 8416//31 5440//31 5447//31
f 8419//35 8421//35 5437//35
f 8419//35 5437//35 5441//35
f 8422//38 8424//38 5406//38
f 8422//38 5406//38 5438//38
f 8425//42 8427//42 5403//42
f 8425//42 5403//42 5407//42
f 8428//45 8430//45 5398//45
f 8428//45 5398//45 5404//45
f 8431//48 8433//48 5394//48
f 8431//48 5394//48 5399//48
f 8434//51 8437//51 5392//51
f 8434//51 5392//51 5395//51
f 8436//54 8440//54 5389//54
f 8436//54 5389//54 5391//54
f 8439//57 8443//57 5386//57
f 8439//57 5386//57 5388//57
f 8442//60 8446//60 5383//60
f 8442//60 5383//60 5385//60
f 8445//63 8449//63 5380//63
f 8445//63 5380//63 5382//63
f 8448//67 8452//67 5377//67
f 8448//67 5377//67 5379//67
f 8451//70 8455//70 5374//70
f 8451//70 5374//70 5376//70
f 8454//74 8458//74 5331//74
f 8454//74 5331//74 5373//74
f 8457//78 8461//78 5334//78
f 8457//78 5334//78 5330//78
f 8460//81 8464//81 5337//81
s 1
f 8460//81 5337//81 5333//81
s 0
f 8463//85 8467//85 5347//85
f 8463//85 5347//85 5336//85
f 8466//88 8470//88 5350//88
f 8466//88 5350//88 5346//88
f 8469//91 8473//91 5359//91
f 8469//91 5359//91 5349//91
f 8472//94 8476//94 5362//94
f 8472//94 5362//94 5358//94
f 8475//97 8479//97 5371//97
f 8475//97 5371//97 5361//97
f 8478//100 8482//100 5368//100
f 8478//100 5368//100 5370//100
f 8481//103 8291//103 5364//103
f 8481//103 5364//103 5367//103
f 3207//106 3200//106 8484//106
f 3207//106 8484//106 8488//106
f 3201//109 3194//109 8490//109
f 3201//109 8490//109 8485//109
f 3195//112 3188//112 8493//112
f 3195//112 8493//112 8491//112
f 3189//115 3182//115 8497//115
f 3189//115 8497//115 8494//115
f 3183//118 3176//118 8500//118
f 3183//118 8500//118 8498//118
f 3177//121 3170//121 8505//121
f 3177//121 8505//121 8501//121
s 1
f 3171//124 3164//124 8508//124
s 0
f 3171//124 8508//124 8506//124
f 3165//127 3158//127 8512//127
f 3165//127 8512//127 8509//127
f 8513//131 3159//131 3149//131
f 8513//131 3149//131 8515//131
f 8516//135 3150//135 3146//135
f 8516//135 3146//135 8519//135
f 8520//139 3147//139 3137//139
f 8520//139 3137//139 8522//139
f 8523//142 3138//142 3134//142
f 8523//142 3134//142 8526//142
f 8527//146 3135//146 3124//146
f 8527//146 3124//146 8529//146
f 8530//149 3125//149 3121//149
f 8530//149 3121//149 8533//149
f 8534//152 3122//152 3112//152
f 8534//152 3112//152 8536//152
f 8537//155 3113//155 3109//155
f 8537//155 3109//155 8540//155
f 8541//158 3110//158 3101//158
f 8541//158 3101//158 8544//158
f 8543//161 3100//161 3098//161
f 8543//161 3098//161 8548//161
f 3097//164 3089//164 8551//164
f 3097//164 8551//164 8547//164
f 3088//167 3086//167 8555//167
f 3088//167 8555//167 8550//167
f 8554//171 3085//171 3082//171
f 3083//344 3321//344 8559//344
f 3082//171 8558//171 8554//171
f 8557//174 3320//174 3330//174
f 8557//174 3330//174 8563//174
f 3329//178 3333//178 8566//178
f 3329//178 8566//178 8562//178
f 3332//182 3342//182 8570//182
f 3332//182 8570//182 8565//182
f 3341//186 3345//186 8573//186
f 3341//186 8573//186 8569//186
s 1
f 8572//189 3344//189 3354//189
s 0
f 8572//189 3354//189 8578//189
f 8577//192 3353//192 3357//192
f 8577//192 3357//192 8581//192
f 8580//195 3356//195 3366//195
f 8580//195 3366//195 8585//195
f 8584//198 3365//198 3369//198
f 8584//198 3369//198 8588//198
f 8587//201 3368//201 3375//201
f 8587//201 3375//201 8591//201
f 8590//204 3374//204 3378//204
f 8590//204 3378//204 8594//204
f 8593//212 3377//212 3372//212
f 8593//212 3372//212 8597//212
f 8596//2 3371//2 3362//2
f 8596//2 3362//2 8599//2
f 8600//5 3363//5 3359//5
f 8600//5 3359//5 8602//5
f 8603//8 3360//8 3350//8
f 8603//8 3350//8 8605//8
f 8606//11 3351//11 3347//11
f 8606//11 3347//11 8609//11
f 8610//14 3348//14 3338//14
f 8610//14 3338//14 8612//14
f 8613//17 3339//17 3335//17
f 8613//17 3335//17 8616//17
f 8617//20 3336//20 3326//20
f 8617//20 3326//20 8619//20
f 8620//23 3327//23 3323//23
f 8620//23 3323//23 8623//23
f 3324//27 3317//27 8627//27
f 3324//27 8627//27 8624//27
f 3318//31 3314//31 8631//31
f 3318//31 8631//31 8628//31
f 8632//35 3315//35 3291//35
f 3291//35 3288//35 8634//35
f 3291//35 8634//35 8632//35
f 3289//38 3293//38 8638//38
f 3289//38 8638//38 8635//38
f 3294//42 3302//42 8641//42
f 3294//42 8641//42 8639//42
f 3303//45 3305//45 8645//45
f 3303//45 8645//45 8642//45
f 3306//48 3311//48 8648//48
f 3306//48 8648//48 8646//48
f 3312//51 3283//51 8653//51
f 3312//51 8653//51 8649//51
f 3282//54 3280//54 8656//54
f 3282//54 8656//54 8652//54
f 3279//57 3277//57 8660//57
f 3279//57 8660//57 8655//57
f 3276//60 3274//60 8663//60
f 3276//60 8663//60 8659//60
f 3273//63 3271//63 8667//63
f 3273//63 8667//63 8662//63
f 3270//67 3268//67 8670//67
f 3270//67 8670//67 8666//67
f 3267//70 3262//70 8674//70
f 3267//70 8674//70 8669//70
f 3261//74 3259//74 8677//74
f 3261//74 8677//74 8673//74
f 3258//78 3256//78 8680//78
f 3258//78 8680//78 8676//78
f 3255//82 3253//82 8683//82
f 3255//82 8683//82 8679//82
f 3252//85 3250//85 8688//85
f 3252//85 8688//85 8682//85
f 3249//88 3243//88 8692//88
f 3249//88 8692//88 8687//88
f 3242//91 3235//91 8696//91
f 3242//91 8696//91 8691//91
f 3234//94 3229//94 8699//94
f 3234//94 8699//94 8695//94
f 3228//97 3222//97 8702//97
f 3228//97 8702//97 8698//97
f 3221//100 3214//100 8705//100
f 3221//100 8705//100 8701//100
f 3213//103 3206//103 8487//103
f 3213//103 8487//103 8704//103
f 8532//209 8535//209 8539//209
f 8539//209 8542//209 8546//209
f 8545//208 8549//208 8552//208
f 8553//209 8556//209 8561//209
f 8560//208 8564//208 8567//208
f 8568//210 8571//210 8575//210
f 8576//209 8579//209 8583//209
f 8582//208 8586//208 8589//208
f 8589//208 8592//208 8384//208
f 8589//208 8384//208 8381//208
f 8574//208 8582//208 8589//208
f 8560//208 8567//208 8574//208
f 8545//208 8552//208 8560//208
f 8531//208 8538//208 8545//208
f 8524//208 8528//208 8531//208
f 8518//209 8521//209 8525//209
f 8510//208 8514//208 8517//208
f 8503//210 8507//210 8511//210
f 8496//209 8499//209 8504//209
f 8489//208 8492//208 8495//208
f 8486//208 8483//208 8489//208
f 8480//208 8703//208 8486//208
f 8290//208 8480//208 8486//208
f 8486//208 8489//208 8495//208
f 8495//208 8502//208 8510//208
f 8510//208 8517//208 8524//208
f 8524//208 8531//208 8545//208
f 8545//208 8560//208 8574//208
f 8574//208 8589//208 8381//208
f 8574//208 8381//208 8378//208
f 8524//208 8545//208 8574//208
f 8495//208 8510//208 8524//208
f 8290//208 8486//208 8495//208
f 8293//208 8290//208 8495//208
f 8574//208 8378//208 8375//208
f 8574//208 8375//208 8372//208
f 8296//208 8293//208 8495//208
f 8299//208 8296//208 8495//208
f 8574//208 8372//208 8369//208
f 8574//208 8369//208 8366//208
f 8299//208 8495//208 8524//208
f 8302//208 8299//208 8524//208
f 8574//208 8366//208 8363//208
f 8574//208 8363//208 8360//208
f 8306//208 8302//208 8524//208
f 8309//208 8306//208 8524//208
f 8574//208 8360//208 8357//208
f 8574//208 8357//208 8354//208
f 8312//208 8309//208 8524//208
f 8315//208 8312//208 8524//208
f 8524//208 8574//208 8354//208
f 8524//208 8354//208 8351//208
f 8318//208 8315//208 8524//208
f 8321//208 8318//208 8524//208
f 8524//208 8351//208 8348//208
f 8524//208 8348//208 8345//208
f 8324//208 8321//208 8524//208
f 8327//208 8324//208 8524//208
f 8524//208 8345//208 8342//208
f 8524//208 8342//208 8339//208
f 8330//208 8327//208 8524//208
f 8333//208 8330//208 8524//208
f 8524//208 8339//208 8336//208
f 8336//208 8333//208 8524//208
f 8644//210 8647//210 8651//210
f 8651//210 8654//210 8658//210
f 8657//208 8661//208 8664//208
f 8665//210 8668//210 8672//210
f 8671//208 8675//208 8678//208
f 8681//209 8684//209 8689//209
f 8686//210 8690//210 8694//210
f 8693//208 8697//208 8700//208
f 8700//208 8703//208 8480//208
f 8700//208 8480//208 8477//208
f 8685//208 8693//208 8700//208
f 8671//208 8678//208 8685//208
f 8657//208 8664//208 8671//208
f 8643//208 8650//208 8657//208
f 8636//208 8640//208 8643//208
f 8630//210 8633//210 8637//210
f 8622//208 8626//208 8629//208
f 8618//209 8621//209 8625//209
f 8608//210 8611//210 8615//210
f 8601//208 8604//208 8607//208
f 8595//208 8598//208 8601//208
f 8384//208 8592//208 8595//208
f 8387//208 8384//208 8595//208
f 8595//208 8601//208 8607//208
f 8607//208 8614//208 8622//208
f 8622//208 8629//208 8636//208
f 8636//208 8643//208 8657//208
f 8657//208 8671//208 8685//208
f 8685//208 8700//208 8477//208
f 8685//208 8477//208 8474//208
f 8636//208 8657//208 8685//208
f 8607//208 8622//208 8636//208
f 8387//208 8595//208 8607//208
f 8390//208 8387//208 8607//208
f 8685//208 8474//208 8471//208
f 8685//208 8471//208 8468//208
f 8393//208 8390//208 8607//208
f 8396//208 8393//208 8607//208
f 8685//208 8468//208 8465//208
f 8685//208 8465//208 8462//208
f 8396//208 8607//208 8636//208
f 8399//208 8396//208 8636//208
f 8685//208 8462//208 8459//208
f 8685//208 8459//208 8456//208
f 8402//208 8399//208 8636//208
f 8405//208 8402//208 8636//208
f 8685//208 8456//208 8453//208
f 8685//208 8453//208 8450//208
f 8408//208 8405//208 8636//208
f 8411//208 8408//208 8636//208
f 8636//208 8685//208 8450//208
f 8636//208 8450//208 8447//208
f 8414//208 8411//208 8636//208
f 8417//208 8414//208 8636//208
f 8636//208 8447//208 8444//208
f 8636//208 8444//208 8441//208
f 8420//208 8417//208 8636//208
f 8423//208 8420//208 8636//208
f 8636//208 8441//208 8438//208
f 8636//208 8438//208 8435//208
f 8426//208 8423//208 8636//208
f 8429//208 8426//208 8636//208
f 8636//208 8435//208 8432//208
f 8432//208 8429//208 8636//208
