# Blender 5.1.2
# www.blender.org
o 03_rotating_cap_assembly
v 0.000000 34.700001 4.349999
v 0.000000 34.700001 4.349999
v 0.000000 34.700001 4.349999
v -0.566075 34.592857 4.349999
v -0.566075 34.592857 4.349999
v -0.566075 34.592857 4.349999
v -1.123901 34.331608 4.349999
v -1.123901 34.331608 4.349999
v -1.123901 34.331608 4.349999
v -1.673331 34.061436 4.349999
v -1.673331 34.061436 4.349999
v -1.673331 34.061436 4.349999
v 1.123901 34.331608 4.349999
v 1.123901 34.331608 4.349999
v 1.123901 34.331608 4.349999
v 0.566075 34.592857 4.349999
v 0.566075 34.592857 4.349999
v 0.566075 34.592857 4.349999
v 1.673331 34.061436 4.349999
v 1.673331 34.061436 4.349999
v 1.673331 34.061436 4.349999
v 2.223706 33.927204 4.349999
v 2.223706 33.927204 4.349999
v 2.223706 33.927204 4.349999
v -2.223706 33.927204 4.349999
v -2.223706 33.927204 4.349999
v -2.223706 33.927204 4.349999
v 3.954042 34.370796 4.349999
v 3.954042 34.370796 4.349999
v 3.954042 34.370796 4.349999
v 3.366889 34.184597 4.349999
v 3.366889 34.184597 4.349999
v 3.366889 34.184597 4.349999
v 2.786894 33.988449 4.349999
v 2.786894 33.988449 4.349999
v 2.786894 33.988449 4.349999
v 4.529259 34.403137 4.349999
v 4.529259 34.403137 4.349999
v 4.529259 34.403137 4.349999
v 5.595459 33.891197 4.349999
v 5.595459 33.891197 4.349999
v 5.595459 33.891197 4.349999
v 5.076506 34.223022 4.349999
v 5.076506 34.223022 4.349999
v 5.076506 34.223022 4.349999
v 6.104925 33.551620 4.349999
v 6.104925 33.551620 4.349999
v 6.104925 33.551620 4.349999
v 6.633071 33.346699 4.349999
v 6.633071 33.346699 4.349999
v 6.633071 33.346699 4.349999
v 8.406504 33.560642 4.349999
v 8.406504 33.560642 4.349999
v 8.406504 33.560642 4.349999
v 7.800070 33.452675 4.349999
v 7.800070 33.452675 4.349999
v 7.800070 33.452675 4.349999
v 7.199434 33.333908 4.349999
v 7.199434 33.333908 4.349999
v 7.199434 33.333908 4.349999
v 8.981021 33.517628 4.349999
v 8.981021 33.517628 4.349999
v 8.981021 33.517628 4.349999
v 9.500076 33.267624 4.349999
v 9.500076 33.267624 4.349999
v 9.500076 33.267624 4.349999
v 10.432061 32.467728 4.349999
v 10.432061 32.467728 4.349999
v 10.432061 32.467728 4.349999
v 9.971278 32.870899 4.349999
v 9.971278 32.870899 4.349999
v 9.971278 32.870899 4.349999
v 10.928942 32.195625 4.349999
v 10.928942 32.195625 4.349999
v 10.928942 32.195625 4.349999
v 12.715128 32.176258 4.349999
v 12.715128 32.176258 4.349999
v 12.715128 32.176258 4.349999
v 12.099790 32.148369 4.349999
v 12.099790 32.148369 4.349999
v 12.099790 32.148369 4.349999
v 11.488791 32.109020 4.349999
v 11.488791 32.109020 4.349999
v 11.488791 32.109020 4.349999
v -2.786894 33.988449 4.349999
v -2.786894 33.988449 4.349999
v -2.786894 33.988449 4.349999
v -3.366889 34.184597 4.349999
v -3.366889 34.184597 4.349999
v -3.366889 34.184597 4.349999
v -3.954042 34.370796 4.349999
v -3.954042 34.370796 4.349999
v -3.954042 34.370796 4.349999
v 13.279115 32.058620 4.349999
v 13.279115 32.058620 4.349999
v 13.279115 32.058620 4.349999
v 14.176486 31.288172 4.349999
v 14.176486 31.288172 4.349999
v 14.176486 31.288172 4.349999
v 13.761098 31.743004 4.349999
v 13.761098 31.743004 4.349999
v 13.761098 31.743004 4.349999
v 14.580703 30.828306 4.349999
v 14.580703 30.828306 4.349999
v 14.580703 30.828306 4.349999
v 15.037815 30.493673 4.349999
v 15.037815 30.493673 4.349999
v 15.037815 30.493673 4.349999
v -4.529259 34.403137 4.349999
v -4.529259 34.403137 4.349999
v -4.529259 34.403137 4.349999
v 16.806192 30.241329 4.349999
v 16.806192 30.241329 4.349999
v 16.806192 30.241329 4.349999
v 16.192478 30.293995 4.349999
v 16.192478 30.293995 4.349999
v 16.192478 30.293995 4.349999
v 15.581571 30.334734 4.349999
v 15.581571 30.334734 4.349999
v 15.581571 30.334734 4.349999
v -5.076506 34.223022 4.349999
v -5.076506 34.223022 4.349999
v -5.076506 34.223022 4.349999
v -5.595459 33.891197 4.349999
v -5.595459 33.891197 4.349999
v -5.595459 33.891197 4.349999
v -6.104925 33.551620 4.349999
v -6.104925 33.551620 4.349999
v -6.104925 33.551620 4.349999
v -6.633071 33.346699 4.349999
v -6.633071 33.346699 4.349999
v -6.633071 33.346699 4.349999
v -6.330681 31.826483 4.349999
v -6.330681 31.826483 4.349999
v -6.330681 31.826483 4.349999
v -5.285958 32.016575 4.349999
v -5.285958 32.016575 4.349999
v -5.285958 32.016575 4.349999
v 17.350000 30.051081 4.349999
v 17.350000 30.051081 4.349999
v 17.350000 30.051081 4.349999
v -4.235575 32.172386 4.349999
v -4.235575 32.172386 4.349999
v -4.235575 32.172386 4.349999
v 17.786663 29.675255 4.349999
v 17.786663 29.675255 4.349999
v 17.786663 29.675255 4.349999
v -3.180656 32.293743 4.349999
v -3.180656 32.293743 4.349999
v -3.180656 32.293743 4.349999
v -2.122332 32.380524 4.349999
v -2.122332 32.380524 4.349999
v -2.122332 32.380524 4.349999
v 18.479864 28.661402 4.349999
v 18.479864 28.661402 4.349999
v 18.479864 28.661402 4.349999
v 18.139132 29.170095 4.349999
v 18.139132 29.170095 4.349999
v 18.139132 29.170095 4.349999
v -1.061734 32.432625 4.349999
v -1.061734 32.432625 4.349999
v -1.061734 32.432625 4.349999
v 0.000000 32.450001 4.349999
v 0.000000 32.450001 4.349999
v 0.000000 32.450001 4.349999
v 20.609699 27.788963 4.349999
v 20.609699 27.788963 4.349999
v 20.609699 27.788963 4.349999
v 20.008108 27.921284 4.349999
v 20.008108 27.921284 4.349999
v 20.008108 27.921284 4.349999
v 19.407745 28.041412 4.349999
v 19.407745 28.041412 4.349999
v 19.407745 28.041412 4.349999
v 21.507895 27.099754 4.349999
v 21.507895 27.099754 4.349999
v 21.507895 27.099754 4.349999
v 21.507895 27.099754 4.349999
v 21.124022 27.529362 4.349999
v 21.124022 27.529362 4.349999
v 21.124022 27.529362 4.349999
v 22.062830 26.004093 4.349999
v 22.062830 26.004093 4.349999
v 22.062830 26.004093 4.349999
v 22.062830 26.004093 4.349999
v 21.791409 26.552910 4.349999
v 21.791409 26.552910 4.349999
v 21.791409 26.552910 4.349999
v 22.417757 25.562553 4.349999
v 22.417757 25.562553 4.349999
v 22.417757 25.562553 4.349999
v 18.889387 28.269966 4.349999
v 18.889387 28.269966 4.349999
v 18.889387 28.269966 4.349999
v 24.060568 24.861118 4.349999
v 24.060568 24.861118 4.349999
v 24.060568 24.861118 4.349999
v 23.481396 25.070831 4.349999
v 23.481396 25.070831 4.349999
v 23.481396 25.070831 4.349999
v 22.901848 25.268295 4.349999
v 22.901848 25.268295 4.349999
v 22.901848 25.268295 4.349999
v 24.536606 24.536606 4.349999
v 24.536606 24.536606 4.349999
v 24.536606 24.536606 4.349999
v 25.070831 23.481396 4.349999
v 25.070831 23.481396 4.349999
v 25.070831 23.481396 4.349999
v 24.861118 24.060568 4.349999
v 24.861118 24.060568 4.349999
v 24.861118 24.060568 4.349999
v 25.268295 22.901848 4.349999
v 25.268295 22.901848 4.349999
v 25.268295 22.901848 4.349999
v 25.562553 22.417757 4.349999
v 25.562553 22.417757 4.349999
v 25.562553 22.417757 4.349999
v 27.099754 21.507895 4.349999
v 27.099754 21.507895 4.349999
v 27.099754 21.507895 4.349999
v 26.552910 21.791409 4.349999
v 26.552910 21.791409 4.349999
v 26.552910 21.791409 4.349999
v 26.004093 22.062830 4.349999
v 26.004093 22.062830 4.349999
v 26.004093 22.062830 4.349999
v 27.529362 21.124022 4.349999
v 27.529362 21.124022 4.349999
v 27.529362 21.124022 4.349999
v 27.788963 20.609699 4.349999
v 27.788963 20.609699 4.349999
v 27.788963 20.609699 4.349999
v 27.788963 20.609699 4.349999
v 28.041412 19.407745 4.349999
v 28.041412 19.407745 4.349999
v 28.041412 19.407745 4.349999
v 28.041412 19.407745 4.349999
v 27.921284 20.008108 4.349999
v 27.921284 20.008108 4.349999
v 27.921284 20.008108 4.349999
v 28.269966 18.889387 4.349999
v 28.269966 18.889387 4.349999
v 28.269966 18.889387 4.349999
v 29.675255 17.786663 4.349999
v 29.675255 17.786663 4.349999
v 29.675255 17.786663 4.349999
v 29.170095 18.139132 4.349999
v 29.170095 18.139132 4.349999
v 29.170095 18.139132 4.349999
v 28.661402 18.479864 4.349999
v 28.661402 18.479864 4.349999
v 28.661402 18.479864 4.349999
v 30.051081 17.350000 4.349999
v 30.051081 17.350000 4.349999
v 30.051081 17.350000 4.349999
v 30.293995 16.192478 4.349999
v 30.293995 16.192478 4.349999
v 30.293995 16.192478 4.349999
v 30.241329 16.806192 4.349999
v 30.241329 16.806192 4.349999
v 30.241329 16.806192 4.349999
v 30.334734 15.581571 4.349999
v 30.334734 15.581571 4.349999
v 30.334734 15.581571 4.349999
v 30.493673 15.037815 4.349999
v 30.493673 15.037815 4.349999
v 30.493673 15.037815 4.349999
v 31.743004 13.761098 4.349999
v 31.743004 13.761098 4.349999
v 31.743004 13.761098 4.349999
v 31.288172 14.176486 4.349999
v 31.288172 14.176486 4.349999
v 31.288172 14.176486 4.349999
v 30.828306 14.580703 4.349999
v 30.828306 14.580703 4.349999
v 30.828306 14.580703 4.349999
v 1.061734 32.432625 4.349999
v 1.061734 32.432625 4.349999
v 1.061734 32.432625 4.349999
v 2.122332 32.380524 4.349999
v 2.122332 32.380524 4.349999
v 2.122332 32.380524 4.349999
v 32.058620 13.279115 4.349999
v 32.058620 13.279115 4.349999
v 32.058620 13.279115 4.349999
v 32.148369 12.099790 4.349999
v 32.148369 12.099790 4.349999
v 32.148369 12.099790 4.349999
v 32.176258 12.715128 4.349999
v 32.176258 12.715128 4.349999
v 32.176258 12.715128 4.349999
v 32.109020 11.488791 4.349999
v 32.109020 11.488791 4.349999
v 32.109020 11.488791 4.349999
v 32.195625 10.928942 4.349999
v 32.195625 10.928942 4.349999
v 32.195625 10.928942 4.349999
v 33.267624 9.500076 4.349999
v 33.267624 9.500076 4.349999
v 33.267624 9.500076 4.349999
v 33.267624 9.500076 4.349999
v 32.870899 9.971278 4.349999
v 32.870899 9.971278 4.349999
v 32.870899 9.971278 4.349999
v 32.467728 10.432061 4.349999
v 32.467728 10.432061 4.349999
v 32.467728 10.432061 4.349999
v 32.467728 10.432061 4.349999
v 33.560642 8.406504 4.349999
v 33.560642 8.406504 4.349999
v 33.560642 8.406504 4.349999
v 33.517628 8.981021 4.349999
v 33.517628 8.981021 4.349999
v 33.517628 8.981021 4.349999
v 33.333908 7.199434 4.349999
v 33.333908 7.199434 4.349999
v 33.333908 7.199434 4.349999
v 33.452675 7.800070 4.349999
v 33.452675 7.800070 4.349999
v 33.452675 7.800070 4.349999
v 33.346699 6.633071 4.349999
v 33.346699 6.633071 4.349999
v 33.346699 6.633071 4.349999
v 34.223022 5.076506 4.349999
v 34.223022 5.076506 4.349999
v 34.223022 5.076506 4.349999
v 34.223022 5.076506 4.349999
v 33.891197 5.595459 4.349999
v 33.891197 5.595459 4.349999
v 33.891197 5.595459 4.349999
v 33.551620 6.104925 4.349999
v 33.551620 6.104925 4.349999
v 33.551620 6.104925 4.349999
v 33.551620 6.104925 4.349999
v 34.403137 4.529259 4.349999
v 34.403137 4.529259 4.349999
v 34.403137 4.529259 4.349999
v 34.370796 3.954042 4.349999
v 34.370796 3.954042 4.349999
v 34.370796 3.954042 4.349999
v 33.988449 2.786894 4.349999
v 33.988449 2.786894 4.349999
v 33.988449 2.786894 4.349999
v 34.184597 3.366889 4.349999
v 34.184597 3.366889 4.349999
v 34.184597 3.366889 4.349999
v 33.927204 2.223706 4.349999
v 33.927204 2.223706 4.349999
v 33.927204 2.223706 4.349999
v 3.180656 32.293743 4.349999
v 3.180656 32.293743 4.349999
v 3.180656 32.293743 4.349999
v 4.235575 32.172386 4.349999
v 4.235575 32.172386 4.349999
v 4.235575 32.172386 4.349999
v 34.592857 0.566075 4.349999
v 34.592857 0.566075 4.349999
v 34.592857 0.566075 4.349999
v 34.592857 0.566075 4.349999
v 34.331608 1.123901 4.349999
v 34.331608 1.123901 4.349999
v 34.331608 1.123901 4.349999
v 34.061436 1.673331 4.349999
v 34.061436 1.673331 4.349999
v 34.061436 1.673331 4.349999
v 34.061436 1.673331 4.349999
v 34.700001 0.000000 4.349999
v 34.700001 0.000000 4.349999
v 34.700001 0.000000 4.349999
v 34.331608 -1.123901 4.349999
v 34.331608 -1.123901 4.349999
v 34.331608 -1.123901 4.349999
v 34.592857 -0.566075 4.349999
v 34.592857 -0.566075 4.349999
v 34.592857 -0.566075 4.349999
v 34.061436 -1.673331 4.349999
v 34.061436 -1.673331 4.349999
v 34.061436 -1.673331 4.349999
v 33.927204 -2.223706 4.349999
v 33.927204 -2.223706 4.349999
v 33.927204 -2.223706 4.349999
v 5.285958 32.016575 4.349999
v 5.285958 32.016575 4.349999
v 5.285958 32.016575 4.349999
v 6.330681 31.826483 4.349999
v 6.330681 31.826483 4.349999
v 6.330681 31.826483 4.349999
v 34.370796 -3.954042 4.349999
v 34.370796 -3.954042 4.349999
v 34.370796 -3.954042 4.349999
v 34.184597 -3.366889 4.349999
v 34.184597 -3.366889 4.349999
v 34.184597 -3.366889 4.349999
v 33.988449 -2.786894 4.349999
v 33.988449 -2.786894 4.349999
v 33.988449 -2.786894 4.349999
v 33.988449 -2.786894 4.349999
v 34.403137 -4.529259 4.349999
v 34.403137 -4.529259 4.349999
v 34.403137 -4.529259 4.349999
v 33.891197 -5.595459 4.349999
v 33.891197 -5.595459 4.349999
v 33.891197 -5.595459 4.349999
v 34.223022 -5.076506 4.349999
v 34.223022 -5.076506 4.349999
v 34.223022 -5.076506 4.349999
v 33.551620 -6.104925 4.349999
v 33.551620 -6.104925 4.349999
v 33.551620 -6.104925 4.349999
v 33.346699 -6.633071 4.349999
v 33.346699 -6.633071 4.349999
v 33.346699 -6.633071 4.349999
v 7.368625 31.602308 4.349999
v 7.368625 31.602308 4.349999
v 7.368625 31.602308 4.349999
v 8.398678 31.344294 4.349999
v 8.398678 31.344294 4.349999
v 8.398678 31.344294 4.349999
v 9.419739 31.052715 4.349999
v 9.419739 31.052715 4.349999
v 9.419739 31.052715 4.349999
v 10.430711 30.727882 4.349999
v 10.430711 30.727882 4.349999
v 10.430711 30.727882 4.349999
v 33.560642 -8.406504 4.349999
v 33.560642 -8.406504 4.349999
v 33.560642 -8.406504 4.349999
v 33.452675 -7.800070 4.349999
v 33.452675 -7.800070 4.349999
v 33.452675 -7.800070 4.349999
v 33.333908 -7.199434 4.349999
v 33.333908 -7.199434 4.349999
v 33.333908 -7.199434 4.349999
v 33.267624 -9.500076 4.349999
v 33.267624 -9.500076 4.349999
v 33.267624 -9.500076 4.349999
v 33.267624 -9.500076 4.349999
v 33.517628 -8.981021 4.349999
v 33.517628 -8.981021 4.349999
v 33.517628 -8.981021 4.349999
v 32.467728 -10.432061 4.349999
v 32.467728 -10.432061 4.349999
v 32.467728 -10.432061 4.349999
v 32.467728 -10.432061 4.349999
v 32.870899 -9.971278 4.349999
v 32.870899 -9.971278 4.349999
v 32.870899 -9.971278 4.349999
v 32.195625 -10.928942 4.349999
v 32.195625 -10.928942 4.349999
v 32.195625 -10.928942 4.349999
v 32.176258 -12.715128 4.349999
v 32.176258 -12.715128 4.349999
v 32.176258 -12.715128 4.349999
v 32.148369 -12.099790 4.349999
v 32.148369 -12.099790 4.349999
v 32.148369 -12.099790 4.349999
v 32.109020 -11.488791 4.349999
v 32.109020 -11.488791 4.349999
v 32.109020 -11.488791 4.349999
v 32.058620 -13.279115 4.349999
v 32.058620 -13.279115 4.349999
v 32.058620 -13.279115 4.349999
v 31.743004 -13.761098 4.349999
v 31.743004 -13.761098 4.349999
v 31.743004 -13.761098 4.349999
v 30.828306 -14.580703 4.349999
v 30.828306 -14.580703 4.349999
v 30.828306 -14.580703 4.349999
v 31.288172 -14.176486 4.349999
v 31.288172 -14.176486 4.349999
v 31.288172 -14.176486 4.349999
v 30.493673 -15.037815 4.349999
v 30.493673 -15.037815 4.349999
v 30.493673 -15.037815 4.349999
v 30.493673 -15.037815 4.349999
v 11.430515 30.370148 4.349999
v 11.430515 30.370148 4.349999
v 11.430515 30.370148 4.349999
v 12.418078 29.979891 4.349999
v 12.418078 29.979891 4.349999
v 12.418078 29.979891 4.349999
v 30.241329 -16.806192 4.349999
v 30.241329 -16.806192 4.349999
v 30.241329 -16.806192 4.349999
v 30.293995 -16.192478 4.349999
v 30.293995 -16.192478 4.349999
v 30.293995 -16.192478 4.349999
v 30.334734 -15.581571 4.349999
v 30.334734 -15.581571 4.349999
v 30.334734 -15.581571 4.349999
v 30.334734 -15.581571 4.349999
v 13.392344 29.557531 4.349999
v 13.392344 29.557531 4.349999
v 13.392344 29.557531 4.349999
v 14.352268 29.103521 4.349999
v 14.352268 29.103521 4.349999
v 14.352268 29.103521 4.349999
v 30.051081 -17.350000 4.349999
v 30.051081 -17.350000 4.349999
v 30.051081 -17.350000 4.349999
v 29.170095 -18.139132 4.349999
v 29.170095 -18.139132 4.349999
v 29.170095 -18.139132 4.349999
v 29.675255 -17.786663 4.349999
v 29.675255 -17.786663 4.349999
v 29.675255 -17.786663 4.349999
v 28.661402 -18.479864 4.349999
v 28.661402 -18.479864 4.349999
v 28.661402 -18.479864 4.349999
v 28.269966 -18.889387 4.349999
v 28.269966 -18.889387 4.349999
v 28.269966 -18.889387 4.349999
v 15.296824 28.618345 4.349999
v 15.296824 28.618345 4.349999
v 15.296824 28.618345 4.349999
v 16.225000 28.102524 4.349999
v 16.225000 28.102524 4.349999
v 16.225000 28.102524 4.349999
v 27.788963 -20.609699 4.349999
v 27.788963 -20.609699 4.349999
v 27.788963 -20.609699 4.349999
v 27.788963 -20.609699 4.349999
v 27.921284 -20.008108 4.349999
v 27.921284 -20.008108 4.349999
v 27.921284 -20.008108 4.349999
v 28.041412 -19.407745 4.349999
v 28.041412 -19.407745 4.349999
v 28.041412 -19.407745 4.349999
v 28.041412 -19.407745 4.349999
v 17.135801 27.556610 4.349999
v 17.135801 27.556610 4.349999
v 17.135801 27.556610 4.349999
v 18.028255 26.981190 4.349999
v 18.028255 26.981190 4.349999
v 18.028255 26.981190 4.349999
v 18.028255 26.981190 4.349999
v 27.529362 -21.124022 4.349999
v 27.529362 -21.124022 4.349999
v 27.529362 -21.124022 4.349999
v 26.552910 -21.791409 4.349999
v 26.552910 -21.791409 4.349999
v 26.552910 -21.791409 4.349999
v 27.099754 -21.507895 4.349999
v 27.099754 -21.507895 4.349999
v 27.099754 -21.507895 4.349999
v 26.004093 -22.062830 4.349999
v 26.004093 -22.062830 4.349999
v 26.004093 -22.062830 4.349999
v 25.562553 -22.417757 4.349999
v 25.562553 -22.417757 4.349999
v 25.562553 -22.417757 4.349999
v 18.901403 26.376875 4.349999
v 18.901403 26.376875 4.349999
v 18.901403 26.376875 4.349999
v 19.754309 25.744316 4.349999
v 19.754309 25.744316 4.349999
v 19.754309 25.744316 4.349999
v 24.861118 -24.060568 4.349999
v 24.861118 -24.060568 4.349999
v 24.861118 -24.060568 4.349999
v 24.861118 -24.060568 4.349999
v 25.070831 -23.481396 4.349999
v 25.070831 -23.481396 4.349999
v 25.070831 -23.481396 4.349999
v 25.268295 -22.901848 4.349999
v 25.268295 -22.901848 4.349999
v 25.268295 -22.901848 4.349999
v 25.268295 -22.901848 4.349999
v 24.060568 -24.861118 4.349999
v 24.060568 -24.861118 4.349999
v 24.060568 -24.861118 4.349999
v 24.536606 -24.536606 4.349999
v 24.536606 -24.536606 4.349999
v 24.536606 -24.536606 4.349999
v 22.901848 -25.268295 4.349999
v 22.901848 -25.268295 4.349999
v 22.901848 -25.268295 4.349999
v 23.481396 -25.070831 4.349999
v 23.481396 -25.070831 4.349999
v 23.481396 -25.070831 4.349999
v 22.417757 -25.562553 4.349999
v 22.417757 -25.562553 4.349999
v 22.417757 -25.562553 4.349999
v 21.507895 -27.099754 4.349999
v 21.507895 -27.099754 4.349999
v 21.507895 -27.099754 4.349999
v 21.507895 -27.099754 4.349999
v 21.791409 -26.552910 4.349999
v 21.791409 -26.552910 4.349999
v 21.791409 -26.552910 4.349999
v 22.062830 -26.004093 4.349999
v 22.062830 -26.004093 4.349999
v 22.062830 -26.004093 4.349999
v 22.062830 -26.004093 4.349999
v 21.124022 -27.529362 4.349999
v 21.124022 -27.529362 4.349999
v 21.124022 -27.529362 4.349999
v 20.609699 -27.788963 4.349999
v 20.609699 -27.788963 4.349999
v 20.609699 -27.788963 4.349999
v 19.407745 -28.041412 4.349999
v 19.407745 -28.041412 4.349999
v 19.407745 -28.041412 4.349999
v 20.008108 -27.921284 4.349999
v 20.008108 -27.921284 4.349999
v 20.008108 -27.921284 4.349999
v 18.889387 -28.269966 4.349999
v 18.889387 -28.269966 4.349999
v 18.889387 -28.269966 4.349999
v 20.586063 25.084188 4.349999
v 20.586063 25.084188 4.349999
v 20.586063 25.084188 4.349999
v 21.395773 24.397202 4.349999
v 21.395773 24.397202 4.349999
v 21.395773 24.397202 4.349999
v 17.786663 -29.675255 4.349999
v 17.786663 -29.675255 4.349999
v 17.786663 -29.675255 4.349999
v 18.139132 -29.170095 4.349999
v 18.139132 -29.170095 4.349999
v 18.139132 -29.170095 4.349999
v 18.479864 -28.661402 4.349999
v 18.479864 -28.661402 4.349999
v 18.479864 -28.661402 4.349999
v 22.182571 23.684090 4.349999
v 22.182571 23.684090 4.349999
v 22.182571 23.684090 4.349999
v 22.945616 22.945616 4.349999
v 22.945616 22.945616 4.349999
v 22.945616 22.945616 4.349999
v 17.350000 -30.051081 4.349999
v 17.350000 -30.051081 4.349999
v 17.350000 -30.051081 4.349999
v 16.192478 -30.293995 4.349999
v 16.192478 -30.293995 4.349999
v 16.192478 -30.293995 4.349999
v 16.806192 -30.241329 4.349999
v 16.806192 -30.241329 4.349999
v 16.806192 -30.241329 4.349999
v 15.581571 -30.334734 4.349999
v 15.581571 -30.334734 4.349999
v 15.581571 -30.334734 4.349999
v 15.037815 -30.493673 4.349999
v 15.037815 -30.493673 4.349999
v 15.037815 -30.493673 4.349999
v 23.684090 22.182571 4.349999
v 23.684090 22.182571 4.349999
v 23.684090 22.182571 4.349999
v 24.397202 21.395773 4.349999
v 24.397202 21.395773 4.349999
v 24.397202 21.395773 4.349999
v 13.761098 -31.743004 4.349999
v 13.761098 -31.743004 4.349999
v 13.761098 -31.743004 4.349999
v 14.176486 -31.288172 4.349999
v 14.176486 -31.288172 4.349999
v 14.176486 -31.288172 4.349999
v 14.580703 -30.828306 4.349999
v 14.580703 -30.828306 4.349999
v 14.580703 -30.828306 4.349999
v 25.084188 20.586063 4.349999
v 25.084188 20.586063 4.349999
v 25.084188 20.586063 4.349999
v 13.279115 -32.058620 4.349999
v 13.279115 -32.058620 4.349999
v 13.279115 -32.058620 4.349999
v 12.099790 -32.148369 4.349999
v 12.099790 -32.148369 4.349999
v 12.099790 -32.148369 4.349999
v 12.715128 -32.176258 4.349999
v 12.715128 -32.176258 4.349999
v 12.715128 -32.176258 4.349999
v 11.488791 -32.109020 4.349999
v 11.488791 -32.109020 4.349999
v 11.488791 -32.109020 4.349999
v 10.928942 -32.195625 4.349999
v 10.928942 -32.195625 4.349999
v 10.928942 -32.195625 4.349999
v 25.744316 19.754309 4.349999
v 25.744316 19.754309 4.349999
v 25.744316 19.754309 4.349999
v 26.376875 18.901403 4.349999
v 26.376875 18.901403 4.349999
v 26.376875 18.901403 4.349999
v 9.500076 -33.267624 4.349999
v 9.500076 -33.267624 4.349999
v 9.500076 -33.267624 4.349999
v 9.971278 -32.870899 4.349999
v 9.971278 -32.870899 4.349999
v 9.971278 -32.870899 4.349999
v 10.432061 -32.467728 4.349999
v 10.432061 -32.467728 4.349999
v 10.432061 -32.467728 4.349999
v 8.406504 -33.560642 4.349999
v 8.406504 -33.560642 4.349999
v 8.406504 -33.560642 4.349999
v 8.981021 -33.517628 4.349999
v 8.981021 -33.517628 4.349999
v 8.981021 -33.517628 4.349999
v 7.199434 -33.333908 4.349999
v 7.199434 -33.333908 4.349999
v 7.199434 -33.333908 4.349999
v 7.800070 -33.452675 4.349999
v 7.800070 -33.452675 4.349999
v 7.800070 -33.452675 4.349999
v 6.330681 -31.826483 4.349999
v 6.330681 -31.826483 4.349999
v 6.330681 -31.826483 4.349999
v 6.633071 -33.346699 4.349999
v 6.633071 -33.346699 4.349999
v 6.633071 -33.346699 4.349999
v 7.368625 -31.602308 4.349999
v 7.368625 -31.602308 4.349999
v 7.368625 -31.602308 4.349999
v 8.398678 -31.344294 4.349999
v 8.398678 -31.344294 4.349999
v 8.398678 -31.344294 4.349999
v 9.419739 -31.052715 4.349999
v 9.419739 -31.052715 4.349999
v 9.419739 -31.052715 4.349999
v 26.981190 18.028255 4.349999
v 26.981190 18.028255 4.349999
v 26.981190 18.028255 4.349999
v 26.981190 18.028255 4.349999
v 27.556610 17.135801 4.349999
v 27.556610 17.135801 4.349999
v 27.556610 17.135801 4.349999
v 10.430711 -30.727882 4.349999
v 10.430711 -30.727882 4.349999
v 10.430711 -30.727882 4.349999
v 11.430515 -30.370148 4.349999
v 11.430515 -30.370148 4.349999
v 11.430515 -30.370148 4.349999
v 28.102524 16.225000 4.349999
v 28.102524 16.225000 4.349999
v 28.102524 16.225000 4.349999
v 28.618345 15.296824 4.349999
v 28.618345 15.296824 4.349999
v 28.618345 15.296824 4.349999
v 12.418078 -29.979891 4.349999
v 12.418078 -29.979891 4.349999
v 12.418078 -29.979891 4.349999
v 29.103521 14.352268 4.349999
v 29.103521 14.352268 4.349999
v 29.103521 14.352268 4.349999
v 29.557531 13.392344 4.349999
v 29.557531 13.392344 4.349999
v 29.557531 13.392344 4.349999
v 29.557531 13.392344 4.349999
v 13.392344 -29.557531 4.349999
v 13.392344 -29.557531 4.349999
v 13.392344 -29.557531 4.349999
v 14.352268 -29.103521 4.349999
v 14.352268 -29.103521 4.349999
v 14.352268 -29.103521 4.349999
v 29.979891 12.418078 4.349999
v 29.979891 12.418078 4.349999
v 29.979891 12.418078 4.349999
v 30.370148 11.430515 4.349999
v 30.370148 11.430515 4.349999
v 30.370148 11.430515 4.349999
v 15.296824 -28.618345 4.349999
v 15.296824 -28.618345 4.349999
v 15.296824 -28.618345 4.349999
v 16.225000 -28.102524 4.349999
v 16.225000 -28.102524 4.349999
v 16.225000 -28.102524 4.349999
v 30.727882 10.430711 4.349999
v 30.727882 10.430711 4.349999
v 30.727882 10.430711 4.349999
v 31.052715 9.419739 4.349999
v 31.052715 9.419739 4.349999
v 31.052715 9.419739 4.349999
v 17.135801 -27.556610 4.349999
v 17.135801 -27.556610 4.349999
v 17.135801 -27.556610 4.349999
v 18.028255 -26.981190 4.349999
v 18.028255 -26.981190 4.349999
v 18.028255 -26.981190 4.349999
v 18.028255 -26.981190 4.349999
v 31.344294 8.398678 4.349999
v 31.344294 8.398678 4.349999
v 31.344294 8.398678 4.349999
v 31.602308 7.368625 4.349999
v 31.602308 7.368625 4.349999
v 31.602308 7.368625 4.349999
v 18.901403 -26.376875 4.349999
v 18.901403 -26.376875 4.349999
v 18.901403 -26.376875 4.349999
v 19.754309 -25.744316 4.349999
v 19.754309 -25.744316 4.349999
v 19.754309 -25.744316 4.349999
v 31.826483 6.330681 4.349999
v 31.826483 6.330681 4.349999
v 31.826483 6.330681 4.349999
v 20.586063 -25.084188 4.349999
v 20.586063 -25.084188 4.349999
v 20.586063 -25.084188 4.349999
v 32.016575 5.285958 4.349999
v 32.016575 5.285958 4.349999
v 32.016575 5.285958 4.349999
v 32.172386 4.235575 4.349999
v 32.172386 4.235575 4.349999
v 32.172386 4.235575 4.349999
v 21.395773 -24.397202 4.349999
v 21.395773 -24.397202 4.349999
v 21.395773 -24.397202 4.349999
v 22.182571 -23.684090 4.349999
v 22.182571 -23.684090 4.349999
v 22.182571 -23.684090 4.349999
v 32.293743 3.180656 4.349999
v 32.293743 3.180656 4.349999
v 32.293743 3.180656 4.349999
v 32.380524 2.122332 4.349999
v 32.380524 2.122332 4.349999
v 32.380524 2.122332 4.349999
v 22.945616 -22.945616 4.349999
v 22.945616 -22.945616 4.349999
v 22.945616 -22.945616 4.349999
v 23.684090 -22.182571 4.349999
v 23.684090 -22.182571 4.349999
v 23.684090 -22.182571 4.349999
v 32.432625 1.061734 4.349999
v 32.432625 1.061734 4.349999
v 32.432625 1.061734 4.349999
v 32.450001 0.000000 4.349999
v 32.450001 0.000000 4.349999
v 32.450001 0.000000 4.349999
v 24.397202 -21.395773 4.349999
v 24.397202 -21.395773 4.349999
v 24.397202 -21.395773 4.349999
v 25.084188 -20.586063 4.349999
v 25.084188 -20.586063 4.349999
v 25.084188 -20.586063 4.349999
v 32.432625 -1.061734 4.349999
v 32.432625 -1.061734 4.349999
v 32.432625 -1.061734 4.349999
v 32.380524 -2.122332 4.349999
v 32.380524 -2.122332 4.349999
v 32.380524 -2.122332 4.349999
v 25.744316 -19.754309 4.349999
v 25.744316 -19.754309 4.349999
v 25.744316 -19.754309 4.349999
v 26.376875 -18.901403 4.349999
v 26.376875 -18.901403 4.349999
v 26.376875 -18.901403 4.349999
v 32.293743 -3.180656 4.349999
v 32.293743 -3.180656 4.349999
v 32.293743 -3.180656 4.349999
v 32.172386 -4.235575 4.349999
v 32.172386 -4.235575 4.349999
v 32.172386 -4.235575 4.349999
v 26.981190 -18.028255 4.349999
v 26.981190 -18.028255 4.349999
v 26.981190 -18.028255 4.349999
v 27.556610 -17.135801 4.349999
v 27.556610 -17.135801 4.349999
v 27.556610 -17.135801 4.349999
v 27.556610 -17.135801 4.349999
v 32.016575 -5.285958 4.349999
v 32.016575 -5.285958 4.349999
v 32.016575 -5.285958 4.349999
v 31.826483 -6.330681 4.349999
v 31.826483 -6.330681 4.349999
v 31.826483 -6.330681 4.349999
v 28.102524 -16.225000 4.349999
v 28.102524 -16.225000 4.349999
v 28.102524 -16.225000 4.349999
v 28.618345 -15.296824 4.349999
v 28.618345 -15.296824 4.349999
v 28.618345 -15.296824 4.349999
v 31.602308 -7.368625 4.349999
v 31.602308 -7.368625 4.349999
v 31.602308 -7.368625 4.349999
v 31.344294 -8.398678 4.349999
v 31.344294 -8.398678 4.349999
v 31.344294 -8.398678 4.349999
v 29.103521 -14.352268 4.349999
v 29.103521 -14.352268 4.349999
v 29.103521 -14.352268 4.349999
v 29.557531 -13.392344 4.349999
v 29.557531 -13.392344 4.349999
v 29.557531 -13.392344 4.349999
v 31.052715 -9.419739 4.349999
v 31.052715 -9.419739 4.349999
v 31.052715 -9.419739 4.349999
v 30.727882 -10.430711 4.349999
v 30.727882 -10.430711 4.349999
v 30.727882 -10.430711 4.349999
v 29.979891 -12.418078 4.349999
v 29.979891 -12.418078 4.349999
v 29.979891 -12.418078 4.349999
v 29.979891 -12.418078 4.349999
v 30.370148 -11.430515 4.349999
v 30.370148 -11.430515 4.349999
v 30.370148 -11.430515 4.349999
v -13.279115 -32.058620 4.349999
v -13.279115 -32.058620 4.349999
v -13.279115 -32.058620 4.349999
v -12.715128 -32.176258 4.349999
v -12.715128 -32.176258 4.349999
v -12.715128 -32.176258 4.349999
v -12.099790 -32.148369 4.349999
v -12.099790 -32.148369 4.349999
v -12.099790 -32.148369 4.349999
v -11.488791 -32.109020 4.349999
v -11.488791 -32.109020 4.349999
v -11.488791 -32.109020 4.349999
v -14.176486 -31.288172 4.349999
v -14.176486 -31.288172 4.349999
v -14.176486 -31.288172 4.349999
v -13.761098 -31.743004 4.349999
v -13.761098 -31.743004 4.349999
v -13.761098 -31.743004 4.349999
v -14.580703 -30.828306 4.349999
v -14.580703 -30.828306 4.349999
v -14.580703 -30.828306 4.349999
v -15.037815 -30.493673 4.349999
v -15.037815 -30.493673 4.349999
v -15.037815 -30.493673 4.349999
v -10.928942 -32.195625 4.349999
v -10.928942 -32.195625 4.349999
v -10.928942 -32.195625 4.349999
v -16.806192 -30.241329 4.349999
v -16.806192 -30.241329 4.349999
v -16.806192 -30.241329 4.349999
v -16.192478 -30.293995 4.349999
v -16.192478 -30.293995 4.349999
v -16.192478 -30.293995 4.349999
v -15.581571 -30.334734 4.349999
v -15.581571 -30.334734 4.349999
v -15.581571 -30.334734 4.349999
v -17.350000 -30.051081 4.349999
v -17.350000 -30.051081 4.349999
v -17.350000 -30.051081 4.349999
v -18.139132 -29.170095 4.349999
v -18.139132 -29.170095 4.349999
v -18.139132 -29.170095 4.349999
v -17.786663 -29.675255 4.349999
v -17.786663 -29.675255 4.349999
v -17.786663 -29.675255 4.349999
v -18.479864 -28.661402 4.349999
v -18.479864 -28.661402 4.349999
v -18.479864 -28.661402 4.349999
v -18.889387 -28.269966 4.349999
v -18.889387 -28.269966 4.349999
v -18.889387 -28.269966 4.349999
v -20.609699 -27.788963 4.349999
v -20.609699 -27.788963 4.349999
v -20.609699 -27.788963 4.349999
v -20.008108 -27.921284 4.349999
v -20.008108 -27.921284 4.349999
v -20.008108 -27.921284 4.349999
v -19.407745 -28.041412 4.349999
v -19.407745 -28.041412 4.349999
v -19.407745 -28.041412 4.349999
v -21.124022 -27.529362 4.349999
v -21.124022 -27.529362 4.349999
v -21.124022 -27.529362 4.349999
v -21.507895 -27.099754 4.349999
v -21.507895 -27.099754 4.349999
v -21.507895 -27.099754 4.349999
v -21.507895 -27.099754 4.349999
v -22.062830 -26.004093 4.349999
v -22.062830 -26.004093 4.349999
v -22.062830 -26.004093 4.349999
v -22.062830 -26.004093 4.349999
v -21.791409 -26.552910 4.349999
v -21.791409 -26.552910 4.349999
v -21.791409 -26.552910 4.349999
v -22.417757 -25.562553 4.349999
v -22.417757 -25.562553 4.349999
v -22.417757 -25.562553 4.349999
v -24.060568 -24.861118 4.349999
v -24.060568 -24.861118 4.349999
v -24.060568 -24.861118 4.349999
v -23.481396 -25.070831 4.349999
v -23.481396 -25.070831 4.349999
v -23.481396 -25.070831 4.349999
v -22.901848 -25.268295 4.349999
v -22.901848 -25.268295 4.349999
v -22.901848 -25.268295 4.349999
v -10.432061 -32.467728 4.349999
v -10.432061 -32.467728 4.349999
v -10.432061 -32.467728 4.349999
v -9.971278 -32.870899 4.349999
v -9.971278 -32.870899 4.349999
v -9.971278 -32.870899 4.349999
v -9.500076 -33.267624 4.349999
v -9.500076 -33.267624 4.349999
v -9.500076 -33.267624 4.349999
v -24.536606 -24.536606 4.349999
v -24.536606 -24.536606 4.349999
v -24.536606 -24.536606 4.349999
v -25.070831 -23.481396 4.349999
v -25.070831 -23.481396 4.349999
v -25.070831 -23.481396 4.349999
v -24.861118 -24.060568 4.349999
v -24.861118 -24.060568 4.349999
v -24.861118 -24.060568 4.349999
v -25.268295 -22.901848 4.349999
v -25.268295 -22.901848 4.349999
v -25.268295 -22.901848 4.349999
v -25.562553 -22.417757 4.349999
v -25.562553 -22.417757 4.349999
v -25.562553 -22.417757 4.349999
v -8.981021 -33.517628 4.349999
v -8.981021 -33.517628 4.349999
v -8.981021 -33.517628 4.349999
v -27.099754 -21.507895 4.349999
v -27.099754 -21.507895 4.349999
v -27.099754 -21.507895 4.349999
v -26.552910 -21.791409 4.349999
v -26.552910 -21.791409 4.349999
v -26.552910 -21.791409 4.349999
v -26.004093 -22.062830 4.349999
v -26.004093 -22.062830 4.349999
v -26.004093 -22.062830 4.349999
v -26.004093 -22.062830 4.349999
v -8.406504 -33.560642 4.349999
v -8.406504 -33.560642 4.349999
v -8.406504 -33.560642 4.349999
v -7.800070 -33.452675 4.349999
v -7.800070 -33.452675 4.349999
v -7.800070 -33.452675 4.349999
v -7.199434 -33.333908 4.349999
v -7.199434 -33.333908 4.349999
v -7.199434 -33.333908 4.349999
v -27.529362 -21.124022 4.349999
v -27.529362 -21.124022 4.349999
v -27.529362 -21.124022 4.349999
v -6.633071 -33.346699 4.349999
v -6.633071 -33.346699 4.349999
v -6.633071 -33.346699 4.349999
v -6.104925 -33.551620 4.349999
v -6.104925 -33.551620 4.349999
v -6.104925 -33.551620 4.349999
v -5.595459 -33.891197 4.349999
v -5.595459 -33.891197 4.349999
v -5.595459 -33.891197 4.349999
v -5.076506 -34.223022 4.349999
v -5.076506 -34.223022 4.349999
v -5.076506 -34.223022 4.349999
v -4.529259 -34.403137 4.349999
v -4.529259 -34.403137 4.349999
v -4.529259 -34.403137 4.349999
v -3.954042 -34.370796 4.349999
v -3.954042 -34.370796 4.349999
v -3.954042 -34.370796 4.349999
v -3.366889 -34.184597 4.349999
v -3.366889 -34.184597 4.349999
v -3.366889 -34.184597 4.349999
v -2.786894 -33.988449 4.349999
v -2.786894 -33.988449 4.349999
v -2.786894 -33.988449 4.349999
v -2.223706 -33.927204 4.349999
v -2.223706 -33.927204 4.349999
v -2.223706 -33.927204 4.349999
v -1.673331 -34.061436 4.349999
v -1.673331 -34.061436 4.349999
v -1.673331 -34.061436 4.349999
v -1.123901 -34.331608 4.349999
v -1.123901 -34.331608 4.349999
v -1.123901 -34.331608 4.349999
v -0.566075 -34.592857 4.349999
v -0.566075 -34.592857 4.349999
v -0.566075 -34.592857 4.349999
v -0.000000 -34.700001 4.349999
v -0.000000 -34.700001 4.349999
v -0.000000 -34.700001 4.349999
v 0.566075 -34.592857 4.349999
v 0.566075 -34.592857 4.349999
v 0.566075 -34.592857 4.349999
v 1.123901 -34.331608 4.349999
v 1.123901 -34.331608 4.349999
v 1.123901 -34.331608 4.349999
v 1.673331 -34.061436 4.349999
v 1.673331 -34.061436 4.349999
v 1.673331 -34.061436 4.349999
v 2.223706 -33.927204 4.349999
v 2.223706 -33.927204 4.349999
v 2.223706 -33.927204 4.349999
v -27.788963 -20.609699 4.349999
v -27.788963 -20.609699 4.349999
v -27.788963 -20.609699 4.349999
v -27.788963 -20.609699 4.349999
v -28.041412 -19.407745 4.349999
v -28.041412 -19.407745 4.349999
v -28.041412 -19.407745 4.349999
v -28.041412 -19.407745 4.349999
v -27.921284 -20.008108 4.349999
v -27.921284 -20.008108 4.349999
v -27.921284 -20.008108 4.349999
v 2.786894 -33.988449 4.349999
v 2.786894 -33.988449 4.349999
v 2.786894 -33.988449 4.349999
v 3.366889 -34.184597 4.349999
v 3.366889 -34.184597 4.349999
v 3.366889 -34.184597 4.349999
v 3.954042 -34.370796 4.349999
v 3.954042 -34.370796 4.349999
v 3.954042 -34.370796 4.349999
v -28.269966 -18.889387 4.349999
v -28.269966 -18.889387 4.349999
v -28.269966 -18.889387 4.349999
v -29.675255 -17.786663 4.349999
v -29.675255 -17.786663 4.349999
v -29.675255 -17.786663 4.349999
v -29.170095 -18.139132 4.349999
v -29.170095 -18.139132 4.349999
v -29.170095 -18.139132 4.349999
v -28.661402 -18.479864 4.349999
v -28.661402 -18.479864 4.349999
v -28.661402 -18.479864 4.349999
v -30.051081 -17.350000 4.349999
v -30.051081 -17.350000 4.349999
v -30.051081 -17.350000 4.349999
v -30.293995 -16.192478 4.349999
v -30.293995 -16.192478 4.349999
v -30.293995 -16.192478 4.349999
v -30.241329 -16.806192 4.349999
v -30.241329 -16.806192 4.349999
v -30.241329 -16.806192 4.349999
v -30.334734 -15.581571 4.349999
v -30.334734 -15.581571 4.349999
v -30.334734 -15.581571 4.349999
v -30.493673 -15.037815 4.349999
v -30.493673 -15.037815 4.349999
v -30.493673 -15.037815 4.349999
v -31.743004 -13.761098 4.349999
v -31.743004 -13.761098 4.349999
v -31.743004 -13.761098 4.349999
v -31.288172 -14.176486 4.349999
v -31.288172 -14.176486 4.349999
v -31.288172 -14.176486 4.349999
v -30.828306 -14.580703 4.349999
v -30.828306 -14.580703 4.349999
v -30.828306 -14.580703 4.349999
v -32.058620 -13.279115 4.349999
v -32.058620 -13.279115 4.349999
v -32.058620 -13.279115 4.349999
v -32.176258 -12.715128 4.349999
v -32.176258 -12.715128 4.349999
v -32.176258 -12.715128 4.349999
v -32.109020 -11.488791 4.349999
v -32.109020 -11.488791 4.349999
v -32.109020 -11.488791 4.349999
v -32.148369 -12.099790 4.349999
v -32.148369 -12.099790 4.349999
v -32.148369 -12.099790 4.349999
v -32.195625 -10.928942 4.349999
v -32.195625 -10.928942 4.349999
v -32.195625 -10.928942 4.349999
v -32.195625 -10.928942 4.349999
v 4.529259 -34.403137 4.349999
v 4.529259 -34.403137 4.349999
v 4.529259 -34.403137 4.349999
v 5.076506 -34.223022 4.349999
v 5.076506 -34.223022 4.349999
v 5.076506 -34.223022 4.349999
v 5.595459 -33.891197 4.349999
v 5.595459 -33.891197 4.349999
v 5.595459 -33.891197 4.349999
v 6.104925 -33.551620 4.349999
v 6.104925 -33.551620 4.349999
v 6.104925 -33.551620 4.349999
v 5.285958 -32.016575 4.349999
v 5.285958 -32.016575 4.349999
v 5.285958 -32.016575 4.349999
v 4.235575 -32.172386 4.349999
v 4.235575 -32.172386 4.349999
v 4.235575 -32.172386 4.349999
v -33.267624 -9.500076 4.349999
v -33.267624 -9.500076 4.349999
v -33.267624 -9.500076 4.349999
v -33.267624 -9.500076 4.349999
v -32.870899 -9.971278 4.349999
v -32.870899 -9.971278 4.349999
v -32.870899 -9.971278 4.349999
v -32.467728 -10.432061 4.349999
v -32.467728 -10.432061 4.349999
v -32.467728 -10.432061 4.349999
v -32.467728 -10.432061 4.349999
v -32.467728 -10.432061 4.349999
v 3.180656 -32.293743 4.349999
v 3.180656 -32.293743 4.349999
v 3.180656 -32.293743 4.349999
v 2.122332 -32.380524 4.349999
v 2.122332 -32.380524 4.349999
v 2.122332 -32.380524 4.349999
v -33.517628 -8.981021 4.349999
v -33.517628 -8.981021 4.349999
v -33.517628 -8.981021 4.349999
v -33.452675 -7.800070 4.349999
v -33.452675 -7.800070 4.349999
v -33.452675 -7.800070 4.349999
v -33.560642 -8.406504 4.349999
v -33.560642 -8.406504 4.349999
v -33.560642 -8.406504 4.349999
v -33.333908 -7.199434 4.349999
v -33.333908 -7.199434 4.349999
v -33.333908 -7.199434 4.349999
v -33.346699 -6.633071 4.349999
v -33.346699 -6.633071 4.349999
v -33.346699 -6.633071 4.349999
v 1.061734 -32.432625 4.349999
v 1.061734 -32.432625 4.349999
v 1.061734 -32.432625 4.349999
v 0.000000 -32.450001 4.349999
v 0.000000 -32.450001 4.349999
v 0.000000 -32.450001 4.349999
v -34.223022 -5.076506 4.349999
v -34.223022 -5.076506 4.349999
v -34.223022 -5.076506 4.349999
v -34.223022 -5.076506 4.349999
v -33.891197 -5.595459 4.349999
v -33.891197 -5.595459 4.349999
v -33.891197 -5.595459 4.349999
v -33.551620 -6.104925 4.349999
v -33.551620 -6.104925 4.349999
v -33.551620 -6.104925 4.349999
v -33.551620 -6.104925 4.349999
v -33.551620 -6.104925 4.349999
v -1.061734 -32.432625 4.349999
v -1.061734 -32.432625 4.349999
v -1.061734 -32.432625 4.349999
v -34.403137 -4.529259 4.349999
v -34.403137 -4.529259 4.349999
v -34.403137 -4.529259 4.349999
v -34.184597 -3.366889 4.349999
v -34.184597 -3.366889 4.349999
v -34.184597 -3.366889 4.349999
v -34.370796 -3.954042 4.349999
v -34.370796 -3.954042 4.349999
v -34.370796 -3.954042 4.349999
v -33.988449 -2.786894 4.349999
v -33.988449 -2.786894 4.349999
v -33.988449 -2.786894 4.349999
v -33.927204 -2.223706 4.349999
v -33.927204 -2.223706 4.349999
v -33.927204 -2.223706 4.349999
v -2.122332 -32.380524 4.349999
v -2.122332 -32.380524 4.349999
v -2.122332 -32.380524 4.349999
v -3.180656 -32.293743 4.349999
v -3.180656 -32.293743 4.349999
v -3.180656 -32.293743 4.349999
v -34.592857 -0.566075 4.349999
v -34.592857 -0.566075 4.349999
v -34.592857 -0.566075 4.349999
v -34.592857 -0.566075 4.349999
v -34.331608 -1.123901 4.349999
v -34.331608 -1.123901 4.349999
v -34.331608 -1.123901 4.349999
v -34.061436 -1.673331 4.349999
v -34.061436 -1.673331 4.349999
v -34.061436 -1.673331 4.349999
v -34.061436 -1.673331 4.349999
v -34.592857 0.566075 4.349999
v -34.592857 0.566075 4.349999
v -34.592857 0.566075 4.349999
v -34.592857 0.566075 4.349999
v -34.700001 0.000000 4.349999
v -34.700001 0.000000 4.349999
v -34.700001 0.000000 4.349999
v -34.061436 1.673331 4.349999
v -34.061436 1.673331 4.349999
v -34.061436 1.673331 4.349999
v -34.061436 1.673331 4.349999
v -34.331608 1.123901 4.349999
v -34.331608 1.123901 4.349999
v -34.331608 1.123901 4.349999
v -33.927204 2.223706 4.349999
v -33.927204 2.223706 4.349999
v -33.927204 2.223706 4.349999
v -34.370796 3.954042 4.349999
v -34.370796 3.954042 4.349999
v -34.370796 3.954042 4.349999
v -34.184597 3.366889 4.349999
v -34.184597 3.366889 4.349999
v -34.184597 3.366889 4.349999
v -33.988449 2.786894 4.349999
v -33.988449 2.786894 4.349999
v -33.988449 2.786894 4.349999
v -34.403137 4.529259 4.349999
v -34.403137 4.529259 4.349999
v -34.403137 4.529259 4.349999
v -34.223022 5.076506 4.349999
v -34.223022 5.076506 4.349999
v -34.223022 5.076506 4.349999
v -34.223022 5.076506 4.349999
v -33.551620 6.104925 4.349999
v -33.551620 6.104925 4.349999
v -33.551620 6.104925 4.349999
v -33.551620 6.104925 4.349999
v -33.891197 5.595459 4.349999
v -33.891197 5.595459 4.349999
v -33.891197 5.595459 4.349999
v -33.346699 6.633071 4.349999
v -33.346699 6.633071 4.349999
v -33.346699 6.633071 4.349999
v -33.346699 6.633071 4.349999
v -4.235575 -32.172386 4.349999
v -4.235575 -32.172386 4.349999
v -4.235575 -32.172386 4.349999
v -5.285958 -32.016575 4.349999
v -5.285958 -32.016575 4.349999
v -5.285958 -32.016575 4.349999
v -33.560642 8.406504 4.349999
v -33.560642 8.406504 4.349999
v -33.560642 8.406504 4.349999
v -33.452675 7.800070 4.349999
v -33.452675 7.800070 4.349999
v -33.452675 7.800070 4.349999
v -33.333908 7.199434 4.349999
v -33.333908 7.199434 4.349999
v -33.333908 7.199434 4.349999
v -33.333908 7.199434 4.349999
v -6.330681 -31.826483 4.349999
v -6.330681 -31.826483 4.349999
v -6.330681 -31.826483 4.349999
v -7.368625 -31.602308 4.349999
v -7.368625 -31.602308 4.349999
v -7.368625 -31.602308 4.349999
v -33.517628 8.981021 4.349999
v -33.517628 8.981021 4.349999
v -33.517628 8.981021 4.349999
v -32.870899 9.971278 4.349999
v -32.870899 9.971278 4.349999
v -32.870899 9.971278 4.349999
v -33.267624 9.500076 4.349999
v -33.267624 9.500076 4.349999
v -33.267624 9.500076 4.349999
v -32.467728 10.432061 4.349999
v -32.467728 10.432061 4.349999
v -32.467728 10.432061 4.349999
v -32.195625 10.928942 4.349999
v -32.195625 10.928942 4.349999
v -32.195625 10.928942 4.349999
v -8.398678 -31.344294 4.349999
v -8.398678 -31.344294 4.349999
v -8.398678 -31.344294 4.349999
v -9.419739 -31.052715 4.349999
v -9.419739 -31.052715 4.349999
v -9.419739 -31.052715 4.349999
v -32.176258 12.715128 4.349999
v -32.176258 12.715128 4.349999
v -32.176258 12.715128 4.349999
v -32.148369 12.099790 4.349999
v -32.148369 12.099790 4.349999
v -32.148369 12.099790 4.349999
v -32.109020 11.488791 4.349999
v -32.109020 11.488791 4.349999
v -32.109020 11.488791 4.349999
v -10.430711 -30.727882 4.349999
v -10.430711 -30.727882 4.349999
v -10.430711 -30.727882 4.349999
v -11.430515 -30.370148 4.349999
v -11.430515 -30.370148 4.349999
v -11.430515 -30.370148 4.349999
v -32.058620 13.279115 4.349999
v -32.058620 13.279115 4.349999
v -32.058620 13.279115 4.349999
v -31.288172 14.176486 4.349999
v -31.288172 14.176486 4.349999
v -31.288172 14.176486 4.349999
v -31.743004 13.761098 4.349999
v -31.743004 13.761098 4.349999
v -31.743004 13.761098 4.349999
v -30.828306 14.580703 4.349999
v -30.828306 14.580703 4.349999
v -30.828306 14.580703 4.349999
v -30.493673 15.037815 4.349999
v -30.493673 15.037815 4.349999
v -30.493673 15.037815 4.349999
v -12.418078 -29.979891 4.349999
v -12.418078 -29.979891 4.349999
v -12.418078 -29.979891 4.349999
v -13.392344 -29.557531 4.349999
v -13.392344 -29.557531 4.349999
v -13.392344 -29.557531 4.349999
v -30.241329 16.806192 4.349999
v -30.241329 16.806192 4.349999
v -30.241329 16.806192 4.349999
v -30.293995 16.192478 4.349999
v -30.293995 16.192478 4.349999
v -30.293995 16.192478 4.349999
v -30.334734 15.581571 4.349999
v -30.334734 15.581571 4.349999
v -30.334734 15.581571 4.349999
v -29.675255 17.786663 4.349999
v -29.675255 17.786663 4.349999
v -29.675255 17.786663 4.349999
v -30.051081 17.350000 4.349999
v -30.051081 17.350000 4.349999
v -30.051081 17.350000 4.349999
v -28.661402 18.479864 4.349999
v -28.661402 18.479864 4.349999
v -28.661402 18.479864 4.349999
v -29.170095 18.139132 4.349999
v -29.170095 18.139132 4.349999
v -29.170095 18.139132 4.349999
v -28.269966 18.889387 4.349999
v -28.269966 18.889387 4.349999
v -28.269966 18.889387 4.349999
v -27.788963 20.609699 4.349999
v -27.788963 20.609699 4.349999
v -27.788963 20.609699 4.349999
v -27.788963 20.609699 4.349999
v -27.921284 20.008108 4.349999
v -27.921284 20.008108 4.349999
v -27.921284 20.008108 4.349999
v -28.041412 19.407745 4.349999
v -28.041412 19.407745 4.349999
v -28.041412 19.407745 4.349999
v -28.041412 19.407745 4.349999
v -27.529362 21.124022 4.349999
v -27.529362 21.124022 4.349999
v -27.529362 21.124022 4.349999
v -27.099754 21.507895 4.349999
v -27.099754 21.507895 4.349999
v -27.099754 21.507895 4.349999
v -26.004093 22.062830 4.349999
v -26.004093 22.062830 4.349999
v -26.004093 22.062830 4.349999
v -26.552910 21.791409 4.349999
v -26.552910 21.791409 4.349999
v -26.552910 21.791409 4.349999
v -25.562553 22.417757 4.349999
v -25.562553 22.417757 4.349999
v -25.562553 22.417757 4.349999
v -14.352268 -29.103521 4.349999
v -14.352268 -29.103521 4.349999
v -14.352268 -29.103521 4.349999
v -15.296824 -28.618345 4.349999
v -15.296824 -28.618345 4.349999
v -15.296824 -28.618345 4.349999
v -24.861118 24.060568 4.349999
v -24.861118 24.060568 4.349999
v -24.861118 24.060568 4.349999
v -24.861118 24.060568 4.349999
v -25.070831 23.481396 4.349999
v -25.070831 23.481396 4.349999
v -25.070831 23.481396 4.349999
v -25.268295 22.901848 4.349999
v -25.268295 22.901848 4.349999
v -25.268295 22.901848 4.349999
v -25.268295 22.901848 4.349999
v -16.225000 -28.102524 4.349999
v -16.225000 -28.102524 4.349999
v -16.225000 -28.102524 4.349999
v -17.135801 -27.556610 4.349999
v -17.135801 -27.556610 4.349999
v -17.135801 -27.556610 4.349999
v -17.135801 -27.556610 4.349999
v -24.536606 24.536606 4.349999
v -24.536606 24.536606 4.349999
v -24.536606 24.536606 4.349999
v -23.481396 25.070831 4.349999
v -23.481396 25.070831 4.349999
v -23.481396 25.070831 4.349999
v -24.060568 24.861118 4.349999
v -24.060568 24.861118 4.349999
v -24.060568 24.861118 4.349999
v -22.901848 25.268295 4.349999
v -22.901848 25.268295 4.349999
v -22.901848 25.268295 4.349999
v -22.417757 25.562553 4.349999
v -22.417757 25.562553 4.349999
v -22.417757 25.562553 4.349999
v -18.028255 -26.981190 4.349999
v -18.028255 -26.981190 4.349999
v -18.028255 -26.981190 4.349999
v -21.507895 27.099754 4.349999
v -21.507895 27.099754 4.349999
v -21.507895 27.099754 4.349999
v -21.507895 27.099754 4.349999
v -21.791409 26.552910 4.349999
v -21.791409 26.552910 4.349999
v -21.791409 26.552910 4.349999
v -22.062830 26.004093 4.349999
v -22.062830 26.004093 4.349999
v -22.062830 26.004093 4.349999
v -22.062830 26.004093 4.349999
v -18.901403 -26.376875 4.349999
v -18.901403 -26.376875 4.349999
v -18.901403 -26.376875 4.349999
v -19.754309 -25.744316 4.349999
v -19.754309 -25.744316 4.349999
v -19.754309 -25.744316 4.349999
v -21.124022 27.529362 4.349999
v -21.124022 27.529362 4.349999
v -21.124022 27.529362 4.349999
v -20.008108 27.921284 4.349999
v -20.008108 27.921284 4.349999
v -20.008108 27.921284 4.349999
v -20.609699 27.788963 4.349999
v -20.609699 27.788963 4.349999
v -20.609699 27.788963 4.349999
v -19.407745 28.041412 4.349999
v -19.407745 28.041412 4.349999
v -19.407745 28.041412 4.349999
v -18.889387 28.269966 4.349999
v -18.889387 28.269966 4.349999
v -18.889387 28.269966 4.349999
v -20.586063 -25.084188 4.349999
v -20.586063 -25.084188 4.349999
v -20.586063 -25.084188 4.349999
v -21.395773 -24.397202 4.349999
v -21.395773 -24.397202 4.349999
v -21.395773 -24.397202 4.349999
v -17.786663 29.675255 4.349999
v -17.786663 29.675255 4.349999
v -17.786663 29.675255 4.349999
v -18.139132 29.170095 4.349999
v -18.139132 29.170095 4.349999
v -18.139132 29.170095 4.349999
v -18.479864 28.661402 4.349999
v -18.479864 28.661402 4.349999
v -18.479864 28.661402 4.349999
v -16.806192 30.241329 4.349999
v -16.806192 30.241329 4.349999
v -16.806192 30.241329 4.349999
v -17.350000 30.051081 4.349999
v -17.350000 30.051081 4.349999
v -17.350000 30.051081 4.349999
v -15.581571 30.334734 4.349999
v -15.581571 30.334734 4.349999
v -15.581571 30.334734 4.349999
v -16.192478 30.293995 4.349999
v -16.192478 30.293995 4.349999
v -16.192478 30.293995 4.349999
v -15.037815 30.493673 4.349999
v -15.037815 30.493673 4.349999
v -15.037815 30.493673 4.349999
v -13.761098 31.743004 4.349999
v -13.761098 31.743004 4.349999
v -13.761098 31.743004 4.349999
v -14.176486 31.288172 4.349999
v -14.176486 31.288172 4.349999
v -14.176486 31.288172 4.349999
v -14.580703 30.828306 4.349999
v -14.580703 30.828306 4.349999
v -14.580703 30.828306 4.349999
v -13.279115 32.058620 4.349999
v -13.279115 32.058620 4.349999
v -13.279115 32.058620 4.349999
v -12.715128 32.176258 4.349999
v -12.715128 32.176258 4.349999
v -12.715128 32.176258 4.349999
v -11.488791 32.109020 4.349999
v -11.488791 32.109020 4.349999
v -11.488791 32.109020 4.349999
v -12.099790 32.148369 4.349999
v -12.099790 32.148369 4.349999
v -12.099790 32.148369 4.349999
v -10.928942 32.195625 4.349999
v -10.928942 32.195625 4.349999
v -10.928942 32.195625 4.349999
v -22.182571 -23.684090 4.349999
v -22.182571 -23.684090 4.349999
v -22.182571 -23.684090 4.349999
v -22.945616 -22.945616 4.349999
v -22.945616 -22.945616 4.349999
v -22.945616 -22.945616 4.349999
v -9.500076 33.267624 4.349999
v -9.500076 33.267624 4.349999
v -9.500076 33.267624 4.349999
v -9.971278 32.870899 4.349999
v -9.971278 32.870899 4.349999
v -9.971278 32.870899 4.349999
v -10.432061 32.467728 4.349999
v -10.432061 32.467728 4.349999
v -10.432061 32.467728 4.349999
v -23.684090 -22.182571 4.349999
v -23.684090 -22.182571 4.349999
v -23.684090 -22.182571 4.349999
v -24.397202 -21.395773 4.349999
v -24.397202 -21.395773 4.349999
v -24.397202 -21.395773 4.349999
v -8.981021 33.517628 4.349999
v -8.981021 33.517628 4.349999
v -8.981021 33.517628 4.349999
v -7.800070 33.452675 4.349999
v -7.800070 33.452675 4.349999
v -7.800070 33.452675 4.349999
v -8.406504 33.560642 4.349999
v -8.406504 33.560642 4.349999
v -8.406504 33.560642 4.349999
v -7.199434 33.333908 4.349999
v -7.199434 33.333908 4.349999
v -7.199434 33.333908 4.349999
v -7.368625 31.602308 4.349999
v -7.368625 31.602308 4.349999
v -7.368625 31.602308 4.349999
v -8.398678 31.344294 4.349999
v -8.398678 31.344294 4.349999
v -8.398678 31.344294 4.349999
v -25.084188 -20.586063 4.349999
v -25.084188 -20.586063 4.349999
v -25.084188 -20.586063 4.349999
v -25.744316 -19.754309 4.349999
v -25.744316 -19.754309 4.349999
v -25.744316 -19.754309 4.349999
v -9.419739 31.052715 4.349999
v -9.419739 31.052715 4.349999
v -9.419739 31.052715 4.349999
v -10.430711 30.727882 4.349999
v -10.430711 30.727882 4.349999
v -10.430711 30.727882 4.349999
v -26.376875 -18.901403 4.349999
v -26.376875 -18.901403 4.349999
v -26.376875 -18.901403 4.349999
v -26.981190 -18.028255 4.349999
v -26.981190 -18.028255 4.349999
v -26.981190 -18.028255 4.349999
v -11.430515 30.370148 4.349999
v -11.430515 30.370148 4.349999
v -11.430515 30.370148 4.349999
v -12.418078 29.979891 4.349999
v -12.418078 29.979891 4.349999
v -12.418078 29.979891 4.349999
v -27.556610 -17.135801 4.349999
v -27.556610 -17.135801 4.349999
v -27.556610 -17.135801 4.349999
v -27.556610 -17.135801 4.349999
v -28.102524 -16.225000 4.349999
v -28.102524 -16.225000 4.349999
v -28.102524 -16.225000 4.349999
v -13.392344 29.557531 4.349999
v -13.392344 29.557531 4.349999
v -13.392344 29.557531 4.349999
v -28.618345 -15.296824 4.349999
v -28.618345 -15.296824 4.349999
v -28.618345 -15.296824 4.349999
v -29.103521 -14.352268 4.349999
v -29.103521 -14.352268 4.349999
v -29.103521 -14.352268 4.349999
v -14.352268 29.103521 4.349999
v -14.352268 29.103521 4.349999
v -14.352268 29.103521 4.349999
v -15.296824 28.618345 4.349999
v -15.296824 28.618345 4.349999
v -15.296824 28.618345 4.349999
v -29.557531 -13.392344 4.349999
v -29.557531 -13.392344 4.349999
v -29.557531 -13.392344 4.349999
v -16.225000 28.102524 4.349999
v -16.225000 28.102524 4.349999
v -16.225000 28.102524 4.349999
v -17.135801 27.556610 4.349999
v -17.135801 27.556610 4.349999
v -17.135801 27.556610 4.349999
v -17.135801 27.556610 4.349999
v -29.979891 -12.418078 4.349999
v -29.979891 -12.418078 4.349999
v -29.979891 -12.418078 4.349999
v -29.979891 -12.418078 4.349999
v -30.370148 -11.430515 4.349999
v -30.370148 -11.430515 4.349999
v -30.370148 -11.430515 4.349999
v -18.028255 26.981190 4.349999
v -18.028255 26.981190 4.349999
v -18.028255 26.981190 4.349999
v -18.901403 26.376875 4.349999
v -18.901403 26.376875 4.349999
v -18.901403 26.376875 4.349999
v -30.727882 -10.430711 4.349999
v -30.727882 -10.430711 4.349999
v -30.727882 -10.430711 4.349999
v -31.052715 -9.419739 4.349999
v -31.052715 -9.419739 4.349999
v -31.052715 -9.419739 4.349999
v -19.754309 25.744316 4.349999
v -19.754309 25.744316 4.349999
v -19.754309 25.744316 4.349999
v -20.586063 25.084188 4.349999
v -20.586063 25.084188 4.349999
v -20.586063 25.084188 4.349999
v -31.344294 -8.398678 4.349999
v -31.344294 -8.398678 4.349999
v -31.344294 -8.398678 4.349999
v -31.602308 -7.368625 4.349999
v -31.602308 -7.368625 4.349999
v -31.602308 -7.368625 4.349999
v -21.395773 24.397202 4.349999
v -21.395773 24.397202 4.349999
v -21.395773 24.397202 4.349999
v -22.182571 23.684090 4.349999
v -22.182571 23.684090 4.349999
v -22.182571 23.684090 4.349999
v -31.826483 -6.330681 4.349999
v -31.826483 -6.330681 4.349999
v -31.826483 -6.330681 4.349999
v -32.016575 -5.285958 4.349999
v -32.016575 -5.285958 4.349999
v -32.016575 -5.285958 4.349999
v -22.945616 22.945616 4.349999
v -22.945616 22.945616 4.349999
v -22.945616 22.945616 4.349999
v -23.684090 22.182571 4.349999
v -23.684090 22.182571 4.349999
v -23.684090 22.182571 4.349999
v -32.172386 -4.235575 4.349999
v -32.172386 -4.235575 4.349999
v -32.172386 -4.235575 4.349999
v -32.293743 -3.180656 4.349999
v -32.293743 -3.180656 4.349999
v -32.293743 -3.180656 4.349999
v -24.397202 21.395773 4.349999
v -24.397202 21.395773 4.349999
v -24.397202 21.395773 4.349999
v -25.084188 20.586063 4.349999
v -25.084188 20.586063 4.349999
v -25.084188 20.586063 4.349999
v -32.380524 -2.122332 4.349999
v -32.380524 -2.122332 4.349999
v -32.380524 -2.122332 4.349999
v -32.432625 -1.061734 4.349999
v -32.432625 -1.061734 4.349999
v -32.432625 -1.061734 4.349999
v -25.744316 19.754309 4.349999
v -25.744316 19.754309 4.349999
v -25.744316 19.754309 4.349999
v -26.376875 18.901403 4.349999
v -26.376875 18.901403 4.349999
v -26.376875 18.901403 4.349999
v -32.450001 0.000000 4.349999
v -32.450001 0.000000 4.349999
v -32.450001 0.000000 4.349999
v -32.432625 1.061734 4.349999
v -32.432625 1.061734 4.349999
v -32.432625 1.061734 4.349999
v -26.981190 18.028255 4.349999
v -26.981190 18.028255 4.349999
v -26.981190 18.028255 4.349999
v -26.981190 18.028255 4.349999
v -32.380524 2.122332 4.349999
v -32.380524 2.122332 4.349999
v -32.380524 2.122332 4.349999
v -27.556610 17.135801 4.349999
v -27.556610 17.135801 4.349999
v -27.556610 17.135801 4.349999
v -28.102524 16.225000 4.349999
v -28.102524 16.225000 4.349999
v -28.102524 16.225000 4.349999
v -32.293743 3.180656 4.349999
v -32.293743 3.180656 4.349999
v -32.293743 3.180656 4.349999
v -32.172386 4.235575 4.349999
v -32.172386 4.235575 4.349999
v -32.172386 4.235575 4.349999
v -28.618345 15.296824 4.349999
v -28.618345 15.296824 4.349999
v -28.618345 15.296824 4.349999
v -29.103521 14.352268 4.349999
v -29.103521 14.352268 4.349999
v -29.103521 14.352268 4.349999
v -32.016575 5.285958 4.349999
v -32.016575 5.285958 4.349999
v -32.016575 5.285958 4.349999
v -31.826483 6.330681 4.349999
v -31.826483 6.330681 4.349999
v -31.826483 6.330681 4.349999
v -29.557531 13.392344 4.349999
v -29.557531 13.392344 4.349999
v -29.557531 13.392344 4.349999
v -29.557531 13.392344 4.349999
v -29.979891 12.418078 4.349999
v -29.979891 12.418078 4.349999
v -29.979891 12.418078 4.349999
v -31.602308 7.368625 4.349999
v -31.602308 7.368625 4.349999
v -31.602308 7.368625 4.349999
v -31.344294 8.398678 4.349999
v -31.344294 8.398678 4.349999
v -31.344294 8.398678 4.349999
v -30.370148 11.430515 4.349999
v -30.370148 11.430515 4.349999
v -30.370148 11.430515 4.349999
v -30.727882 10.430711 4.349999
v -30.727882 10.430711 4.349999
v -30.727882 10.430711 4.349999
v -31.052715 9.419739 4.349999
v -31.052715 9.419739 4.349999
v -31.052715 9.419739 4.349999
v 34.592857 -0.566075 -6.450000
v 34.592857 -0.566075 -6.450000
v 34.592857 -0.566075 -6.450000
v 34.592857 -0.566075 -6.450000
v 34.331608 -1.123901 -6.450000
v 34.331608 -1.123901 -6.450000
v 34.331608 -1.123901 -6.450000
v 34.061436 -1.673331 -6.450000
v 34.061436 -1.673331 -6.450000
v 34.061436 -1.673331 -6.450000
v 34.061436 -1.673331 -6.450000
v 34.700001 0.000000 -6.450000
v 34.700001 0.000000 -6.450000
v 34.700001 0.000000 -6.450000
v 34.331608 1.123901 -6.450000
v 34.331608 1.123901 -6.450000
v 34.331608 1.123901 -6.450000
v 34.592857 0.566075 -6.450000
v 34.592857 0.566075 -6.450000
v 34.592857 0.566075 -6.450000
v 34.061436 1.673331 -6.450000
v 34.061436 1.673331 -6.450000
v 34.061436 1.673331 -6.450000
v 33.927204 2.223706 -6.450000
v 33.927204 2.223706 -6.450000
v 33.927204 2.223706 -6.450000
v 33.927204 -2.223706 -6.450000
v 33.927204 -2.223706 -6.450000
v 33.927204 -2.223706 -6.450000
v 33.927204 -2.223706 -6.450000
v 34.370796 3.954042 -6.450000
v 34.370796 3.954042 -6.450000
v 34.370796 3.954042 -6.450000
v 34.370796 3.954042 -6.450000
v 34.184597 3.366889 -6.450000
v 34.184597 3.366889 -6.450000
v 34.184597 3.366889 -6.450000
v 33.988449 2.786894 -6.450000
v 33.988449 2.786894 -6.450000
v 33.988449 2.786894 -6.450000
v 33.988449 2.786894 -6.450000
v 34.403137 4.529259 -6.450000
v 34.403137 4.529259 -6.450000
v 34.403137 4.529259 -6.450000
v 33.891197 5.595459 -6.450000
v 33.891197 5.595459 -6.450000
v 33.891197 5.595459 -6.450000
v 34.223022 5.076506 -6.450000
v 34.223022 5.076506 -6.450000
v 34.223022 5.076506 -6.450000
v 33.551620 6.104925 -6.450000
v 33.551620 6.104925 -6.450000
v 33.551620 6.104925 -6.450000
v 33.346699 6.633071 -6.450000
v 33.346699 6.633071 -6.450000
v 33.346699 6.633071 -6.450000
v 33.560642 8.406504 -6.450000
v 33.560642 8.406504 -6.450000
v 33.560642 8.406504 -6.450000
v 33.452675 7.800070 -6.450000
v 33.452675 7.800070 -6.450000
v 33.452675 7.800070 -6.450000
v 33.333908 7.199434 -6.450000
v 33.333908 7.199434 -6.450000
v 33.333908 7.199434 -6.450000
v 33.517628 8.981021 -6.450000
v 33.517628 8.981021 -6.450000
v 33.517628 8.981021 -6.450000
v 33.267624 9.500076 -6.450000
v 33.267624 9.500076 -6.450000
v 33.267624 9.500076 -6.450000
v 33.267624 9.500076 -6.450000
v 32.467728 10.432061 -6.450000
v 32.467728 10.432061 -6.450000
v 32.467728 10.432061 -6.450000
v 32.467728 10.432061 -6.450000
v 32.870899 9.971278 -6.450000
v 32.870899 9.971278 -6.450000
v 32.870899 9.971278 -6.450000
v 32.195625 10.928942 -6.450000
v 32.195625 10.928942 -6.450000
v 32.195625 10.928942 -6.450000
v 32.195625 10.928942 -6.450000
v 32.176258 12.715128 -6.450000
v 32.176258 12.715128 -6.450000
v 32.176258 12.715128 -6.450000
v 32.148369 12.099790 -6.450000
v 32.148369 12.099790 -6.450000
v 32.148369 12.099790 -6.450000
v 32.109020 11.488791 -6.450000
v 32.109020 11.488791 -6.450000
v 32.109020 11.488791 -6.450000
v 32.109020 11.488791 -6.450000
v 33.988449 -2.786894 -6.450000
v 33.988449 -2.786894 -6.450000
v 33.988449 -2.786894 -6.450000
v 33.988449 -2.786894 -6.450000
v 34.184597 -3.366889 -6.450000
v 34.184597 -3.366889 -6.450000
v 34.184597 -3.366889 -6.450000
v 34.370796 -3.954042 -6.450000
v 34.370796 -3.954042 -6.450000
v 34.370796 -3.954042 -6.450000
v 34.370796 -3.954042 -6.450000
v 32.058620 13.279115 -6.450000
v 32.058620 13.279115 -6.450000
v 32.058620 13.279115 -6.450000
v 31.288172 14.176486 -6.450000
v 31.288172 14.176486 -6.450000
v 31.288172 14.176486 -6.450000
v 31.743004 13.761098 -6.450000
v 31.743004 13.761098 -6.450000
v 31.743004 13.761098 -6.450000
v 30.828306 14.580703 -6.450000
v 30.828306 14.580703 -6.450000
v 30.828306 14.580703 -6.450000
v 30.493673 15.037815 -6.450000
v 30.493673 15.037815 -6.450000
v 30.493673 15.037815 -6.450000
v 34.403137 -4.529259 -6.450000
v 34.403137 -4.529259 -6.450000
v 34.403137 -4.529259 -6.450000
v 30.241329 16.806192 -6.450000
v 30.241329 16.806192 -6.450000
v 30.241329 16.806192 -6.450000
v 30.293995 16.192478 -6.450000
v 30.293995 16.192478 -6.450000
v 30.293995 16.192478 -6.450000
v 30.334734 15.581571 -6.450000
v 30.334734 15.581571 -6.450000
v 30.334734 15.581571 -6.450000
v 34.223022 -5.076506 -6.450000
v 34.223022 -5.076506 -6.450000
v 34.223022 -5.076506 -6.450000
v 34.223022 -5.076506 -6.450000
v 33.891197 -5.595459 -6.450000
v 33.891197 -5.595459 -6.450000
v 33.891197 -5.595459 -6.450000
v 33.551620 -6.104925 -6.450000
v 33.551620 -6.104925 -6.450000
v 33.551620 -6.104925 -6.450000
v 33.551620 -6.104925 -6.450000
v 30.051081 17.350000 -6.450000
v 30.051081 17.350000 -6.450000
v 30.051081 17.350000 -6.450000
v 33.346699 -6.633071 -6.450000
v 33.346699 -6.633071 -6.450000
v 33.346699 -6.633071 -6.450000
v 29.675255 17.786663 -6.450000
v 29.675255 17.786663 -6.450000
v 29.675255 17.786663 -6.450000
v 28.661402 18.479864 -6.450000
v 28.661402 18.479864 -6.450000
v 28.661402 18.479864 -6.450000
v 29.170095 18.139132 -6.450000
v 29.170095 18.139132 -6.450000
v 29.170095 18.139132 -6.450000
v 33.333908 -7.199434 -6.450000
v 33.333908 -7.199434 -6.450000
v 33.333908 -7.199434 -6.450000
v 33.452675 -7.800070 -6.450000
v 33.452675 -7.800070 -6.450000
v 33.452675 -7.800070 -6.450000
v 33.560642 -8.406504 -6.450000
v 33.560642 -8.406504 -6.450000
v 33.560642 -8.406504 -6.450000
v 33.517628 -8.981021 -6.450000
v 33.517628 -8.981021 -6.450000
v 33.517628 -8.981021 -6.450000
v 33.267624 -9.500076 -6.450000
v 33.267624 -9.500076 -6.450000
v 33.267624 -9.500076 -6.450000
v 33.267624 -9.500076 -6.450000
v 32.870899 -9.971278 -6.450000
v 32.870899 -9.971278 -6.450000
v 32.870899 -9.971278 -6.450000
v 32.467728 -10.432061 -6.450000
v 32.467728 -10.432061 -6.450000
v 32.467728 -10.432061 -6.450000
v 32.467728 -10.432061 -6.450000
v 32.195625 -10.928942 -6.450000
v 32.195625 -10.928942 -6.450000
v 32.195625 -10.928942 -6.450000
v 28.269966 18.889387 -6.450000
v 28.269966 18.889387 -6.450000
v 28.269966 18.889387 -6.450000
v 27.788963 20.609699 -6.450000
v 27.788963 20.609699 -6.450000
v 27.788963 20.609699 -6.450000
v 27.921284 20.008108 -6.450000
v 27.921284 20.008108 -6.450000
v 27.921284 20.008108 -6.450000
v 28.041412 19.407745 -6.450000
v 28.041412 19.407745 -6.450000
v 28.041412 19.407745 -6.450000
v 27.529362 21.124022 -6.450000
v 27.529362 21.124022 -6.450000
v 27.529362 21.124022 -6.450000
v 26.552910 21.791409 -6.450000
v 26.552910 21.791409 -6.450000
v 26.552910 21.791409 -6.450000
v 27.099754 21.507895 -6.450000
v 27.099754 21.507895 -6.450000
v 27.099754 21.507895 -6.450000
v 26.004093 22.062830 -6.450000
v 26.004093 22.062830 -6.450000
v 26.004093 22.062830 -6.450000
v 32.109020 -11.488791 -6.450000
v 32.109020 -11.488791 -6.450000
v 32.109020 -11.488791 -6.450000
v 32.148369 -12.099790 -6.450000
v 32.148369 -12.099790 -6.450000
v 32.148369 -12.099790 -6.450000
v 32.176258 -12.715128 -6.450000
v 32.176258 -12.715128 -6.450000
v 32.176258 -12.715128 -6.450000
v 32.058620 -13.279115 -6.450000
v 32.058620 -13.279115 -6.450000
v 32.058620 -13.279115 -6.450000
v 31.743004 -13.761098 -6.450000
v 31.743004 -13.761098 -6.450000
v 31.743004 -13.761098 -6.450000
v 31.288172 -14.176486 -6.450000
v 31.288172 -14.176486 -6.450000
v 31.288172 -14.176486 -6.450000
v 30.828306 -14.580703 -6.450000
v 30.828306 -14.580703 -6.450000
v 30.828306 -14.580703 -6.450000
v 25.562553 22.417757 -6.450000
v 25.562553 22.417757 -6.450000
v 25.562553 22.417757 -6.450000
v 24.861118 24.060568 -6.450000
v 24.861118 24.060568 -6.450000
v 24.861118 24.060568 -6.450000
v 25.070831 23.481396 -6.450000
v 25.070831 23.481396 -6.450000
v 25.070831 23.481396 -6.450000
v 25.268295 22.901848 -6.450000
v 25.268295 22.901848 -6.450000
v 25.268295 22.901848 -6.450000
v 30.493673 -15.037815 -6.450000
v 30.493673 -15.037815 -6.450000
v 30.493673 -15.037815 -6.450000
v 24.536606 24.536606 -6.450000
v 24.536606 24.536606 -6.450000
v 24.536606 24.536606 -6.450000
v 23.481396 25.070831 -6.450000
v 23.481396 25.070831 -6.450000
v 23.481396 25.070831 -6.450000
v 24.060568 24.861118 -6.450000
v 24.060568 24.861118 -6.450000
v 24.060568 24.861118 -6.450000
v 22.901848 25.268295 -6.450000
v 22.901848 25.268295 -6.450000
v 22.901848 25.268295 -6.450000
v 30.334734 -15.581571 -6.450000
v 30.334734 -15.581571 -6.450000
v 30.334734 -15.581571 -6.450000
v 30.293995 -16.192478 -6.450000
v 30.293995 -16.192478 -6.450000
v 30.293995 -16.192478 -6.450000
v 30.241329 -16.806192 -6.450000
v 30.241329 -16.806192 -6.450000
v 30.241329 -16.806192 -6.450000
v 30.051081 -17.350000 -6.450000
v 30.051081 -17.350000 -6.450000
v 30.051081 -17.350000 -6.450000
v 29.675255 -17.786663 -6.450000
v 29.675255 -17.786663 -6.450000
v 29.675255 -17.786663 -6.450000
v 29.170095 -18.139132 -6.450000
v 29.170095 -18.139132 -6.450000
v 29.170095 -18.139132 -6.450000
v 28.661402 -18.479864 -6.450000
v 28.661402 -18.479864 -6.450000
v 28.661402 -18.479864 -6.450000
v 22.417757 25.562553 -6.450000
v 22.417757 25.562553 -6.450000
v 22.417757 25.562553 -6.450000
v 21.507895 27.099754 -6.450000
v 21.507895 27.099754 -6.450000
v 21.507895 27.099754 -6.450000
v 21.791409 26.552910 -6.450000
v 21.791409 26.552910 -6.450000
v 21.791409 26.552910 -6.450000
v 22.062830 26.004093 -6.450000
v 22.062830 26.004093 -6.450000
v 22.062830 26.004093 -6.450000
v 28.269966 -18.889387 -6.450000
v 28.269966 -18.889387 -6.450000
v 28.269966 -18.889387 -6.450000
v 21.124022 27.529362 -6.450000
v 21.124022 27.529362 -6.450000
v 21.124022 27.529362 -6.450000
v 20.008108 27.921284 -6.450000
v 20.008108 27.921284 -6.450000
v 20.008108 27.921284 -6.450000
v 20.609699 27.788963 -6.450000
v 20.609699 27.788963 -6.450000
v 20.609699 27.788963 -6.450000
v 19.407745 28.041412 -6.450000
v 19.407745 28.041412 -6.450000
v 19.407745 28.041412 -6.450000
v 28.041412 -19.407745 -6.450000
v 28.041412 -19.407745 -6.450000
v 28.041412 -19.407745 -6.450000
v 27.921284 -20.008108 -6.450000
v 27.921284 -20.008108 -6.450000
v 27.921284 -20.008108 -6.450000
v 27.788963 -20.609699 -6.450000
v 27.788963 -20.609699 -6.450000
v 27.788963 -20.609699 -6.450000
v 27.529362 -21.124022 -6.450000
v 27.529362 -21.124022 -6.450000
v 27.529362 -21.124022 -6.450000
v 27.099754 -21.507895 -6.450000
v 27.099754 -21.507895 -6.450000
v 27.099754 -21.507895 -6.450000
v 26.552910 -21.791409 -6.450000
v 26.552910 -21.791409 -6.450000
v 26.552910 -21.791409 -6.450000
v 26.004093 -22.062830 -6.450000
v 26.004093 -22.062830 -6.450000
v 26.004093 -22.062830 -6.450000
v 18.889387 28.269966 -6.450000
v 18.889387 28.269966 -6.450000
v 18.889387 28.269966 -6.450000
v 17.786663 29.675255 -6.450000
v 17.786663 29.675255 -6.450000
v 17.786663 29.675255 -6.450000
v 17.786663 29.675255 -6.450000
v 18.139132 29.170095 -6.450000
v 18.139132 29.170095 -6.450000
v 18.139132 29.170095 -6.450000
v 18.479864 28.661402 -6.450000
v 18.479864 28.661402 -6.450000
v 18.479864 28.661402 -6.450000
v 18.479864 28.661402 -6.450000
v 25.562553 -22.417757 -6.450000
v 25.562553 -22.417757 -6.450000
v 25.562553 -22.417757 -6.450000
v 17.350000 30.051081 -6.450000
v 17.350000 30.051081 -6.450000
v 17.350000 30.051081 -6.450000
v 16.192478 30.293995 -6.450000
v 16.192478 30.293995 -6.450000
v 16.192478 30.293995 -6.450000
v 16.806192 30.241329 -6.450000
v 16.806192 30.241329 -6.450000
v 16.806192 30.241329 -6.450000
v 15.581571 30.334734 -6.450000
v 15.581571 30.334734 -6.450000
v 15.581571 30.334734 -6.450000
v 25.268295 -22.901848 -6.450000
v 25.268295 -22.901848 -6.450000
v 25.268295 -22.901848 -6.450000
v 25.070831 -23.481396 -6.450000
v 25.070831 -23.481396 -6.450000
v 25.070831 -23.481396 -6.450000
v 24.861118 -24.060568 -6.450000
v 24.861118 -24.060568 -6.450000
v 24.861118 -24.060568 -6.450000
v 24.536606 -24.536606 -6.450000
v 24.536606 -24.536606 -6.450000
v 24.536606 -24.536606 -6.450000
v 24.060568 -24.861118 -6.450000
v 24.060568 -24.861118 -6.450000
v 24.060568 -24.861118 -6.450000
v 23.481396 -25.070831 -6.450000
v 23.481396 -25.070831 -6.450000
v 23.481396 -25.070831 -6.450000
v 22.901848 -25.268295 -6.450000
v 22.901848 -25.268295 -6.450000
v 22.901848 -25.268295 -6.450000
v 15.037815 30.493673 -6.450000
v 15.037815 30.493673 -6.450000
v 15.037815 30.493673 -6.450000
v 13.761098 31.743004 -6.450000
v 13.761098 31.743004 -6.450000
v 13.761098 31.743004 -6.450000
v 13.761098 31.743004 -6.450000
v 14.176486 31.288172 -6.450000
v 14.176486 31.288172 -6.450000
v 14.176486 31.288172 -6.450000
v 14.580703 30.828306 -6.450000
v 14.580703 30.828306 -6.450000
v 14.580703 30.828306 -6.450000
v 14.580703 30.828306 -6.450000
v 22.417757 -25.562553 -6.450000
v 22.417757 -25.562553 -6.450000
v 22.417757 -25.562553 -6.450000
v 13.279115 32.058620 -6.450000
v 13.279115 32.058620 -6.450000
v 13.279115 32.058620 -6.450000
v 12.099790 32.148369 -6.450000
v 12.099790 32.148369 -6.450000
v 12.099790 32.148369 -6.450000
v 12.715128 32.176258 -6.450000
v 12.715128 32.176258 -6.450000
v 12.715128 32.176258 -6.450000
v 11.488791 32.109020 -6.450000
v 11.488791 32.109020 -6.450000
v 11.488791 32.109020 -6.450000
v 22.062830 -26.004093 -6.450000
v 22.062830 -26.004093 -6.450000
v 22.062830 -26.004093 -6.450000
v 21.791409 -26.552910 -6.450000
v 21.791409 -26.552910 -6.450000
v 21.791409 -26.552910 -6.450000
v 21.507895 -27.099754 -6.450000
v 21.507895 -27.099754 -6.450000
v 21.507895 -27.099754 -6.450000
v 21.124022 -27.529362 -6.450000
v 21.124022 -27.529362 -6.450000
v 21.124022 -27.529362 -6.450000
v 20.609699 -27.788963 -6.450000
v 20.609699 -27.788963 -6.450000
v 20.609699 -27.788963 -6.450000
v 20.008108 -27.921284 -6.450000
v 20.008108 -27.921284 -6.450000
v 20.008108 -27.921284 -6.450000
v 19.407745 -28.041412 -6.450000
v 19.407745 -28.041412 -6.450000
v 19.407745 -28.041412 -6.450000
v 10.928942 32.195625 -6.450000
v 10.928942 32.195625 -6.450000
v 10.928942 32.195625 -6.450000
v 9.500076 33.267624 -6.450000
v 9.500076 33.267624 -6.450000
v 9.500076 33.267624 -6.450000
v 9.971278 32.870899 -6.450000
v 9.971278 32.870899 -6.450000
v 9.971278 32.870899 -6.450000
v 10.432061 32.467728 -6.450000
v 10.432061 32.467728 -6.450000
v 10.432061 32.467728 -6.450000
v 18.889387 -28.269966 -6.450000
v 18.889387 -28.269966 -6.450000
v 18.889387 -28.269966 -6.450000
v 8.981021 33.517628 -6.450000
v 8.981021 33.517628 -6.450000
v 8.981021 33.517628 -6.450000
v 7.800070 33.452675 -6.450000
v 7.800070 33.452675 -6.450000
v 7.800070 33.452675 -6.450000
v 8.406504 33.560642 -6.450000
v 8.406504 33.560642 -6.450000
v 8.406504 33.560642 -6.450000
v 7.199434 33.333908 -6.450000
v 7.199434 33.333908 -6.450000
v 7.199434 33.333908 -6.450000
v 18.479864 -28.661402 -6.450000
v 18.479864 -28.661402 -6.450000
v 18.479864 -28.661402 -6.450000
v 18.479864 -28.661402 -6.450000
v 18.139132 -29.170095 -6.450000
v 18.139132 -29.170095 -6.450000
v 18.139132 -29.170095 -6.450000
v 17.786663 -29.675255 -6.450000
v 17.786663 -29.675255 -6.450000
v 17.786663 -29.675255 -6.450000
v 17.786663 -29.675255 -6.450000
v 17.350000 -30.051081 -6.450000
v 17.350000 -30.051081 -6.450000
v 17.350000 -30.051081 -6.450000
v 16.806192 -30.241329 -6.450000
v 16.806192 -30.241329 -6.450000
v 16.806192 -30.241329 -6.450000
v 16.192478 -30.293995 -6.450000
v 16.192478 -30.293995 -6.450000
v 16.192478 -30.293995 -6.450000
v 15.581571 -30.334734 -6.450000
v 15.581571 -30.334734 -6.450000
v 15.581571 -30.334734 -6.450000
v 6.633071 33.346699 -6.450000
v 6.633071 33.346699 -6.450000
v 6.633071 33.346699 -6.450000
v 5.076506 34.223022 -6.450000
v 5.076506 34.223022 -6.450000
v 5.076506 34.223022 -6.450000
v 5.595459 33.891197 -6.450000
v 5.595459 33.891197 -6.450000
v 5.595459 33.891197 -6.450000
v 6.104925 33.551620 -6.450000
v 6.104925 33.551620 -6.450000
v 6.104925 33.551620 -6.450000
v 15.037815 -30.493673 -6.450000
v 15.037815 -30.493673 -6.450000
v 15.037815 -30.493673 -6.450000
v 4.529259 34.403137 -6.450000
v 4.529259 34.403137 -6.450000
v 4.529259 34.403137 -6.450000
v 3.366889 34.184597 -6.450000
v 3.366889 34.184597 -6.450000
v 3.366889 34.184597 -6.450000
v 3.954042 34.370796 -6.450000
v 3.954042 34.370796 -6.450000
v 3.954042 34.370796 -6.450000
v 2.786894 33.988449 -6.450000
v 2.786894 33.988449 -6.450000
v 2.786894 33.988449 -6.450000
v 14.580703 -30.828306 -6.450000
v 14.580703 -30.828306 -6.450000
v 14.580703 -30.828306 -6.450000
v 14.580703 -30.828306 -6.450000
v 14.176486 -31.288172 -6.450000
v 14.176486 -31.288172 -6.450000
v 14.176486 -31.288172 -6.450000
v 13.761098 -31.743004 -6.450000
v 13.761098 -31.743004 -6.450000
v 13.761098 -31.743004 -6.450000
v 13.761098 -31.743004 -6.450000
v 13.279115 -32.058620 -6.450000
v 13.279115 -32.058620 -6.450000
v 13.279115 -32.058620 -6.450000
v 12.715128 -32.176258 -6.450000
v 12.715128 -32.176258 -6.450000
v 12.715128 -32.176258 -6.450000
v 12.099790 -32.148369 -6.450000
v 12.099790 -32.148369 -6.450000
v 12.099790 -32.148369 -6.450000
v 11.488791 -32.109020 -6.450000
v 11.488791 -32.109020 -6.450000
v 11.488791 -32.109020 -6.450000
v 2.223706 33.927204 -6.450000
v 2.223706 33.927204 -6.450000
v 2.223706 33.927204 -6.450000
v 0.566075 34.592857 -6.450000
v 0.566075 34.592857 -6.450000
v 0.566075 34.592857 -6.450000
v 1.123901 34.331608 -6.450000
v 1.123901 34.331608 -6.450000
v 1.123901 34.331608 -6.450000
v 1.673331 34.061436 -6.450000
v 1.673331 34.061436 -6.450000
v 1.673331 34.061436 -6.450000
v 10.928942 -32.195625 -6.450000
v 10.928942 -32.195625 -6.450000
v 10.928942 -32.195625 -6.450000
v 0.000000 34.700001 -6.450000
v 0.000000 34.700001 -6.450000
v 0.000000 34.700001 -6.450000
v -1.123901 34.331608 -6.450000
v -1.123901 34.331608 -6.450000
v -1.123901 34.331608 -6.450000
v -0.566075 34.592857 -6.450000
v -0.566075 34.592857 -6.450000
v -0.566075 34.592857 -6.450000
v -1.673331 34.061436 -6.450000
v -1.673331 34.061436 -6.450000
v -1.673331 34.061436 -6.450000
v 10.432061 -32.467728 -6.450000
v 10.432061 -32.467728 -6.450000
v 10.432061 -32.467728 -6.450000
v 9.971278 -32.870899 -6.450000
v 9.971278 -32.870899 -6.450000
v 9.971278 -32.870899 -6.450000
v 9.500076 -33.267624 -6.450000
v 9.500076 -33.267624 -6.450000
v 9.500076 -33.267624 -6.450000
v 8.981021 -33.517628 -6.450000
v 8.981021 -33.517628 -6.450000
v 8.981021 -33.517628 -6.450000
v 8.406504 -33.560642 -6.450000
v 8.406504 -33.560642 -6.450000
v 8.406504 -33.560642 -6.450000
v 7.800070 -33.452675 -6.450000
v 7.800070 -33.452675 -6.450000
v 7.800070 -33.452675 -6.450000
v 7.199434 -33.333908 -6.450000
v 7.199434 -33.333908 -6.450000
v 7.199434 -33.333908 -6.450000
v -2.223706 33.927204 -6.450000
v -2.223706 33.927204 -6.450000
v -2.223706 33.927204 -6.450000
v -3.954042 34.370796 -6.450000
v -3.954042 34.370796 -6.450000
v -3.954042 34.370796 -6.450000
v -3.366889 34.184597 -6.450000
v -3.366889 34.184597 -6.450000
v -3.366889 34.184597 -6.450000
v -2.786894 33.988449 -6.450000
v -2.786894 33.988449 -6.450000
v -2.786894 33.988449 -6.450000
v 6.633071 -33.346699 -6.450000
v 6.633071 -33.346699 -6.450000
v 6.633071 -33.346699 -6.450000
v -4.529259 34.403137 -6.450000
v -4.529259 34.403137 -6.450000
v -4.529259 34.403137 -6.450000
v -5.595459 33.891197 -6.450000
v -5.595459 33.891197 -6.450000
v -5.595459 33.891197 -6.450000
v -5.076506 34.223022 -6.450000
v -5.076506 34.223022 -6.450000
v -5.076506 34.223022 -6.450000
v -6.104925 33.551620 -6.450000
v -6.104925 33.551620 -6.450000
v -6.104925 33.551620 -6.450000
v 6.104925 -33.551620 -6.450000
v 6.104925 -33.551620 -6.450000
v 6.104925 -33.551620 -6.450000
v 5.595459 -33.891197 -6.450000
v 5.595459 -33.891197 -6.450000
v 5.595459 -33.891197 -6.450000
v 5.076506 -34.223022 -6.450000
v 5.076506 -34.223022 -6.450000
v 5.076506 -34.223022 -6.450000
v 4.529259 -34.403137 -6.450000
v 4.529259 -34.403137 -6.450000
v 4.529259 -34.403137 -6.450000
v 3.954042 -34.370796 -6.450000
v 3.954042 -34.370796 -6.450000
v 3.954042 -34.370796 -6.450000
v 3.366889 -34.184597 -6.450000
v 3.366889 -34.184597 -6.450000
v 3.366889 -34.184597 -6.450000
v 2.786894 -33.988449 -6.450000
v 2.786894 -33.988449 -6.450000
v 2.786894 -33.988449 -6.450000
v -6.633071 33.346699 -6.450000
v -6.633071 33.346699 -6.450000
v -6.633071 33.346699 -6.450000
v -8.406504 33.560642 -6.450000
v -8.406504 33.560642 -6.450000
v -8.406504 33.560642 -6.450000
v -7.800070 33.452675 -6.450000
v -7.800070 33.452675 -6.450000
v -7.800070 33.452675 -6.450000
v -7.199434 33.333908 -6.450000
v -7.199434 33.333908 -6.450000
v -7.199434 33.333908 -6.450000
v 2.223706 -33.927204 -6.450000
v 2.223706 -33.927204 -6.450000
v 2.223706 -33.927204 -6.450000
v -8.981021 33.517628 -6.450000
v -8.981021 33.517628 -6.450000
v -8.981021 33.517628 -6.450000
v -9.971278 32.870899 -6.450000
v -9.971278 32.870899 -6.450000
v -9.971278 32.870899 -6.450000
v -9.500076 33.267624 -6.450000
v -9.500076 33.267624 -6.450000
v -9.500076 33.267624 -6.450000
v -10.432061 32.467728 -6.450000
v -10.432061 32.467728 -6.450000
v -10.432061 32.467728 -6.450000
v 1.673331 -34.061436 -6.450000
v 1.673331 -34.061436 -6.450000
v 1.673331 -34.061436 -6.450000
v 1.123901 -34.331608 -6.450000
v 1.123901 -34.331608 -6.450000
v 1.123901 -34.331608 -6.450000
v 0.566075 -34.592857 -6.450000
v 0.566075 -34.592857 -6.450000
v 0.566075 -34.592857 -6.450000
v -0.000000 -34.700001 -6.450000
v -0.000000 -34.700001 -6.450000
v -0.000000 -34.700001 -6.450000
v -0.566075 -34.592857 -6.450000
v -0.566075 -34.592857 -6.450000
v -0.566075 -34.592857 -6.450000
v -1.123901 -34.331608 -6.450000
v -1.123901 -34.331608 -6.450000
v -1.123901 -34.331608 -6.450000
v -1.673331 -34.061436 -6.450000
v -1.673331 -34.061436 -6.450000
v -1.673331 -34.061436 -6.450000
v -10.928942 32.195625 -6.450000
v -10.928942 32.195625 -6.450000
v -10.928942 32.195625 -6.450000
v -12.715128 32.176258 -6.450000
v -12.715128 32.176258 -6.450000
v -12.715128 32.176258 -6.450000
v -12.099790 32.148369 -6.450000
v -12.099790 32.148369 -6.450000
v -12.099790 32.148369 -6.450000
v -11.488791 32.109020 -6.450000
v -11.488791 32.109020 -6.450000
v -11.488791 32.109020 -6.450000
v -2.223706 -33.927204 -6.450000
v -2.223706 -33.927204 -6.450000
v -2.223706 -33.927204 -6.450000
v -13.279115 32.058620 -6.450000
v -13.279115 32.058620 -6.450000
v -13.279115 32.058620 -6.450000
v -14.176486 31.288172 -6.450000
v -14.176486 31.288172 -6.450000
v -14.176486 31.288172 -6.450000
v -13.761098 31.743004 -6.450000
v -13.761098 31.743004 -6.450000
v -13.761098 31.743004 -6.450000
v -14.580703 30.828306 -6.450000
v -14.580703 30.828306 -6.450000
v -14.580703 30.828306 -6.450000
v -2.786894 -33.988449 -6.450000
v -2.786894 -33.988449 -6.450000
v -2.786894 -33.988449 -6.450000
v -3.366889 -34.184597 -6.450000
v -3.366889 -34.184597 -6.450000
v -3.366889 -34.184597 -6.450000
v -3.954042 -34.370796 -6.450000
v -3.954042 -34.370796 -6.450000
v -3.954042 -34.370796 -6.450000
v -4.529259 -34.403137 -6.450000
v -4.529259 -34.403137 -6.450000
v -4.529259 -34.403137 -6.450000
v -5.076506 -34.223022 -6.450000
v -5.076506 -34.223022 -6.450000
v -5.076506 -34.223022 -6.450000
v -5.595459 -33.891197 -6.450000
v -5.595459 -33.891197 -6.450000
v -5.595459 -33.891197 -6.450000
v -6.104925 -33.551620 -6.450000
v -6.104925 -33.551620 -6.450000
v -6.104925 -33.551620 -6.450000
v -15.037815 30.493673 -6.450000
v -15.037815 30.493673 -6.450000
v -15.037815 30.493673 -6.450000
v -16.806192 30.241329 -6.450000
v -16.806192 30.241329 -6.450000
v -16.806192 30.241329 -6.450000
v -16.192478 30.293995 -6.450000
v -16.192478 30.293995 -6.450000
v -16.192478 30.293995 -6.450000
v -15.581571 30.334734 -6.450000
v -15.581571 30.334734 -6.450000
v -15.581571 30.334734 -6.450000
v -6.633071 -33.346699 -6.450000
v -6.633071 -33.346699 -6.450000
v -6.633071 -33.346699 -6.450000
v -17.350000 30.051081 -6.450000
v -17.350000 30.051081 -6.450000
v -17.350000 30.051081 -6.450000
v -18.139132 29.170095 -6.450000
v -18.139132 29.170095 -6.450000
v -18.139132 29.170095 -6.450000
v -17.786663 29.675255 -6.450000
v -17.786663 29.675255 -6.450000
v -17.786663 29.675255 -6.450000
v -18.479864 28.661402 -6.450000
v -18.479864 28.661402 -6.450000
v -18.479864 28.661402 -6.450000
v -7.199434 -33.333908 -6.450000
v -7.199434 -33.333908 -6.450000
v -7.199434 -33.333908 -6.450000
v -7.800070 -33.452675 -6.450000
v -7.800070 -33.452675 -6.450000
v -7.800070 -33.452675 -6.450000
v -8.406504 -33.560642 -6.450000
v -8.406504 -33.560642 -6.450000
v -8.406504 -33.560642 -6.450000
v -8.981021 -33.517628 -6.450000
v -8.981021 -33.517628 -6.450000
v -8.981021 -33.517628 -6.450000
v -9.500076 -33.267624 -6.450000
v -9.500076 -33.267624 -6.450000
v -9.500076 -33.267624 -6.450000
v -9.971278 -32.870899 -6.450000
v -9.971278 -32.870899 -6.450000
v -9.971278 -32.870899 -6.450000
v -10.432061 -32.467728 -6.450000
v -10.432061 -32.467728 -6.450000
v -10.432061 -32.467728 -6.450000
v -18.889387 28.269966 -6.450000
v -18.889387 28.269966 -6.450000
v -18.889387 28.269966 -6.450000
v -20.609699 27.788963 -6.450000
v -20.609699 27.788963 -6.450000
v -20.609699 27.788963 -6.450000
v -20.008108 27.921284 -6.450000
v -20.008108 27.921284 -6.450000
v -20.008108 27.921284 -6.450000
v -19.407745 28.041412 -6.450000
v -19.407745 28.041412 -6.450000
v -19.407745 28.041412 -6.450000
v -10.928942 -32.195625 -6.450000
v -10.928942 -32.195625 -6.450000
v -10.928942 -32.195625 -6.450000
v -21.124022 27.529362 -6.450000
v -21.124022 27.529362 -6.450000
v -21.124022 27.529362 -6.450000
v -21.791409 26.552910 -6.450000
v -21.791409 26.552910 -6.450000
v -21.791409 26.552910 -6.450000
v -21.507895 27.099754 -6.450000
v -21.507895 27.099754 -6.450000
v -21.507895 27.099754 -6.450000
v -22.062830 26.004093 -6.450000
v -22.062830 26.004093 -6.450000
v -22.062830 26.004093 -6.450000
v -11.488791 -32.109020 -6.450000
v -11.488791 -32.109020 -6.450000
v -11.488791 -32.109020 -6.450000
v -12.099790 -32.148369 -6.450000
v -12.099790 -32.148369 -6.450000
v -12.099790 -32.148369 -6.450000
v -12.715128 -32.176258 -6.450000
v -12.715128 -32.176258 -6.450000
v -12.715128 -32.176258 -6.450000
v -13.279115 -32.058620 -6.450000
v -13.279115 -32.058620 -6.450000
v -13.279115 -32.058620 -6.450000
v -13.761098 -31.743004 -6.450000
v -13.761098 -31.743004 -6.450000
v -13.761098 -31.743004 -6.450000
v -14.176486 -31.288172 -6.450000
v -14.176486 -31.288172 -6.450000
v -14.176486 -31.288172 -6.450000
v -14.580703 -30.828306 -6.450000
v -14.580703 -30.828306 -6.450000
v -14.580703 -30.828306 -6.450000
v -22.417757 25.562553 -6.450000
v -22.417757 25.562553 -6.450000
v -22.417757 25.562553 -6.450000
v -24.060568 24.861118 -6.450000
v -24.060568 24.861118 -6.450000
v -24.060568 24.861118 -6.450000
v -23.481396 25.070831 -6.450000
v -23.481396 25.070831 -6.450000
v -23.481396 25.070831 -6.450000
v -22.901848 25.268295 -6.450000
v -22.901848 25.268295 -6.450000
v -22.901848 25.268295 -6.450000
v -15.037815 -30.493673 -6.450000
v -15.037815 -30.493673 -6.450000
v -15.037815 -30.493673 -6.450000
v -24.536606 24.536606 -6.450000
v -24.536606 24.536606 -6.450000
v -24.536606 24.536606 -6.450000
v -25.070831 23.481396 -6.450000
v -25.070831 23.481396 -6.450000
v -25.070831 23.481396 -6.450000
v -24.861118 24.060568 -6.450000
v -24.861118 24.060568 -6.450000
v -24.861118 24.060568 -6.450000
v -25.268295 22.901848 -6.450000
v -25.268295 22.901848 -6.450000
v -25.268295 22.901848 -6.450000
v -15.581571 -30.334734 -6.450000
v -15.581571 -30.334734 -6.450000
v -15.581571 -30.334734 -6.450000
v -16.192478 -30.293995 -6.450000
v -16.192478 -30.293995 -6.450000
v -16.192478 -30.293995 -6.450000
v -16.806192 -30.241329 -6.450000
v -16.806192 -30.241329 -6.450000
v -16.806192 -30.241329 -6.450000
v -17.350000 -30.051081 -6.450000
v -17.350000 -30.051081 -6.450000
v -17.350000 -30.051081 -6.450000
v -17.786663 -29.675255 -6.450000
v -17.786663 -29.675255 -6.450000
v -17.786663 -29.675255 -6.450000
v -18.139132 -29.170095 -6.450000
v -18.139132 -29.170095 -6.450000
v -18.139132 -29.170095 -6.450000
v -18.479864 -28.661402 -6.450000
v -18.479864 -28.661402 -6.450000
v -18.479864 -28.661402 -6.450000
v -25.562553 22.417757 -6.450000
v -25.562553 22.417757 -6.450000
v -25.562553 22.417757 -6.450000
v -27.099754 21.507895 -6.450000
v -27.099754 21.507895 -6.450000
v -27.099754 21.507895 -6.450000
v -26.552910 21.791409 -6.450000
v -26.552910 21.791409 -6.450000
v -26.552910 21.791409 -6.450000
v -26.004093 22.062830 -6.450000
v -26.004093 22.062830 -6.450000
v -26.004093 22.062830 -6.450000
v -18.889387 -28.269966 -6.450000
v -18.889387 -28.269966 -6.450000
v -18.889387 -28.269966 -6.450000
v -27.529362 21.124022 -6.450000
v -27.529362 21.124022 -6.450000
v -27.529362 21.124022 -6.450000
v -27.921284 20.008108 -6.450000
v -27.921284 20.008108 -6.450000
v -27.921284 20.008108 -6.450000
v -27.788963 20.609699 -6.450000
v -27.788963 20.609699 -6.450000
v -27.788963 20.609699 -6.450000
v -28.041412 19.407745 -6.450000
v -28.041412 19.407745 -6.450000
v -28.041412 19.407745 -6.450000
v -19.407745 -28.041412 -6.450000
v -19.407745 -28.041412 -6.450000
v -19.407745 -28.041412 -6.450000
v -20.008108 -27.921284 -6.450000
v -20.008108 -27.921284 -6.450000
v -20.008108 -27.921284 -6.450000
v -20.609699 -27.788963 -6.450000
v -20.609699 -27.788963 -6.450000
v -20.609699 -27.788963 -6.450000
v -21.124022 -27.529362 -6.450000
v -21.124022 -27.529362 -6.450000
v -21.124022 -27.529362 -6.450000
v -21.507895 -27.099754 -6.450000
v -21.507895 -27.099754 -6.450000
v -21.507895 -27.099754 -6.450000
v -21.791409 -26.552910 -6.450000
v -21.791409 -26.552910 -6.450000
v -21.791409 -26.552910 -6.450000
v -22.062830 -26.004093 -6.450000
v -22.062830 -26.004093 -6.450000
v -22.062830 -26.004093 -6.450000
v -28.269966 18.889387 -6.450000
v -28.269966 18.889387 -6.450000
v -28.269966 18.889387 -6.450000
v -29.675255 17.786663 -6.450000
v -29.675255 17.786663 -6.450000
v -29.675255 17.786663 -6.450000
v -29.170095 18.139132 -6.450000
v -29.170095 18.139132 -6.450000
v -29.170095 18.139132 -6.450000
v -28.661402 18.479864 -6.450000
v -28.661402 18.479864 -6.450000
v -28.661402 18.479864 -6.450000
v -22.417757 -25.562553 -6.450000
v -22.417757 -25.562553 -6.450000
v -22.417757 -25.562553 -6.450000
v -30.051081 17.350000 -6.450000
v -30.051081 17.350000 -6.450000
v -30.051081 17.350000 -6.450000
v -30.293995 16.192478 -6.450000
v -30.293995 16.192478 -6.450000
v -30.293995 16.192478 -6.450000
v -30.241329 16.806192 -6.450000
v -30.241329 16.806192 -6.450000
v -30.241329 16.806192 -6.450000
v -30.334734 15.581571 -6.450000
v -30.334734 15.581571 -6.450000
v -30.334734 15.581571 -6.450000
v -22.901848 -25.268295 -6.450000
v -22.901848 -25.268295 -6.450000
v -22.901848 -25.268295 -6.450000
v -23.481396 -25.070831 -6.450000
v -23.481396 -25.070831 -6.450000
v -23.481396 -25.070831 -6.450000
v -24.060568 -24.861118 -6.450000
v -24.060568 -24.861118 -6.450000
v -24.060568 -24.861118 -6.450000
v -24.536606 -24.536606 -6.450000
v -24.536606 -24.536606 -6.450000
v -24.536606 -24.536606 -6.450000
v -24.861118 -24.060568 -6.450000
v -24.861118 -24.060568 -6.450000
v -24.861118 -24.060568 -6.450000
v -25.070831 -23.481396 -6.450000
v -25.070831 -23.481396 -6.450000
v -25.070831 -23.481396 -6.450000
v -25.268295 -22.901848 -6.450000
v -25.268295 -22.901848 -6.450000
v -25.268295 -22.901848 -6.450000
v -30.493673 15.037815 -6.450000
v -30.493673 15.037815 -6.450000
v -30.493673 15.037815 -6.450000
v -31.743004 13.761098 -6.450000
v -31.743004 13.761098 -6.450000
v -31.743004 13.761098 -6.450000
v -31.743004 13.761098 -6.450000
v -31.288172 14.176486 -6.450000
v -31.288172 14.176486 -6.450000
v -31.288172 14.176486 -6.450000
v -30.828306 14.580703 -6.450000
v -30.828306 14.580703 -6.450000
v -30.828306 14.580703 -6.450000
v -30.828306 14.580703 -6.450000
v -25.562553 -22.417757 -6.450000
v -25.562553 -22.417757 -6.450000
v -25.562553 -22.417757 -6.450000
v -32.058620 13.279115 -6.450000
v -32.058620 13.279115 -6.450000
v -32.058620 13.279115 -6.450000
v -32.148369 12.099790 -6.450000
v -32.148369 12.099790 -6.450000
v -32.148369 12.099790 -6.450000
v -32.176258 12.715128 -6.450000
v -32.176258 12.715128 -6.450000
v -32.176258 12.715128 -6.450000
v -32.109020 11.488791 -6.450000
v -32.109020 11.488791 -6.450000
v -32.109020 11.488791 -6.450000
v -26.004093 -22.062830 -6.450000
v -26.004093 -22.062830 -6.450000
v -26.004093 -22.062830 -6.450000
v -26.552910 -21.791409 -6.450000
v -26.552910 -21.791409 -6.450000
v -26.552910 -21.791409 -6.450000
v -27.099754 -21.507895 -6.450000
v -27.099754 -21.507895 -6.450000
v -27.099754 -21.507895 -6.450000
v -27.529362 -21.124022 -6.450000
v -27.529362 -21.124022 -6.450000
v -27.529362 -21.124022 -6.450000
v -27.788963 -20.609699 -6.450000
v -27.788963 -20.609699 -6.450000
v -27.788963 -20.609699 -6.450000
v -27.921284 -20.008108 -6.450000
v -27.921284 -20.008108 -6.450000
v -27.921284 -20.008108 -6.450000
v -28.041412 -19.407745 -6.450000
v -28.041412 -19.407745 -6.450000
v -28.041412 -19.407745 -6.450000
v -32.195625 10.928942 -6.450000
v -32.195625 10.928942 -6.450000
v -32.195625 10.928942 -6.450000
v -33.267624 9.500076 -6.450000
v -33.267624 9.500076 -6.450000
v -33.267624 9.500076 -6.450000
v -33.267624 9.500076 -6.450000
v -32.870899 9.971278 -6.450000
v -32.870899 9.971278 -6.450000
v -32.870899 9.971278 -6.450000
v -32.467728 10.432061 -6.450000
v -32.467728 10.432061 -6.450000
v -32.467728 10.432061 -6.450000
v -32.467728 10.432061 -6.450000
v -28.269966 -18.889387 -6.450000
v -28.269966 -18.889387 -6.450000
v -28.269966 -18.889387 -6.450000
v -33.517628 8.981021 -6.450000
v -33.517628 8.981021 -6.450000
v -33.517628 8.981021 -6.450000
v -33.452675 7.800070 -6.450000
v -33.452675 7.800070 -6.450000
v -33.452675 7.800070 -6.450000
v -33.560642 8.406504 -6.450000
v -33.560642 8.406504 -6.450000
v -33.560642 8.406504 -6.450000
v -33.333908 7.199434 -6.450000
v -33.333908 7.199434 -6.450000
v -33.333908 7.199434 -6.450000
v -28.661402 -18.479864 -6.450000
v -28.661402 -18.479864 -6.450000
v -28.661402 -18.479864 -6.450000
v -29.170095 -18.139132 -6.450000
v -29.170095 -18.139132 -6.450000
v -29.170095 -18.139132 -6.450000
v -29.675255 -17.786663 -6.450000
v -29.675255 -17.786663 -6.450000
v -29.675255 -17.786663 -6.450000
v -30.051081 -17.350000 -6.450000
v -30.051081 -17.350000 -6.450000
v -30.051081 -17.350000 -6.450000
v -30.241329 -16.806192 -6.450000
v -30.241329 -16.806192 -6.450000
v -30.241329 -16.806192 -6.450000
v -30.293995 -16.192478 -6.450000
v -30.293995 -16.192478 -6.450000
v -30.293995 -16.192478 -6.450000
v -30.334734 -15.581571 -6.450000
v -30.334734 -15.581571 -6.450000
v -30.334734 -15.581571 -6.450000
v -33.346699 6.633071 -6.450000
v -33.346699 6.633071 -6.450000
v -33.346699 6.633071 -6.450000
v -34.223022 5.076506 -6.450000
v -34.223022 5.076506 -6.450000
v -34.223022 5.076506 -6.450000
v -34.223022 5.076506 -6.450000
v -33.891197 5.595459 -6.450000
v -33.891197 5.595459 -6.450000
v -33.891197 5.595459 -6.450000
v -33.551620 6.104925 -6.450000
v -33.551620 6.104925 -6.450000
v -33.551620 6.104925 -6.450000
v -33.551620 6.104925 -6.450000
v -30.493673 -15.037815 -6.450000
v -30.493673 -15.037815 -6.450000
v -30.493673 -15.037815 -6.450000
v -34.403137 4.529259 -6.450000
v -34.403137 4.529259 -6.450000
v -34.403137 4.529259 -6.450000
v -34.184597 3.366889 -6.450000
v -34.184597 3.366889 -6.450000
v -34.184597 3.366889 -6.450000
v -34.370796 3.954042 -6.450000
v -34.370796 3.954042 -6.450000
v -34.370796 3.954042 -6.450000
v -33.988449 2.786894 -6.450000
v -33.988449 2.786894 -6.450000
v -33.988449 2.786894 -6.450000
v -30.828306 -14.580703 -6.450000
v -30.828306 -14.580703 -6.450000
v -30.828306 -14.580703 -6.450000
v -30.828306 -14.580703 -6.450000
v -31.288172 -14.176486 -6.450000
v -31.288172 -14.176486 -6.450000
v -31.288172 -14.176486 -6.450000
v -31.743004 -13.761098 -6.450000
v -31.743004 -13.761098 -6.450000
v -31.743004 -13.761098 -6.450000
v -31.743004 -13.761098 -6.450000
v -32.058620 -13.279115 -6.450000
v -32.058620 -13.279115 -6.450000
v -32.058620 -13.279115 -6.450000
v -32.176258 -12.715128 -6.450000
v -32.176258 -12.715128 -6.450000
v -32.176258 -12.715128 -6.450000
v -32.148369 -12.099790 -6.450000
v -32.148369 -12.099790 -6.450000
v -32.148369 -12.099790 -6.450000
v -32.109020 -11.488791 -6.450000
v -32.109020 -11.488791 -6.450000
v -32.109020 -11.488791 -6.450000
v -33.927204 2.223706 -6.450000
v -33.927204 2.223706 -6.450000
v -33.927204 2.223706 -6.450000
v -32.195625 -10.928942 -6.450000
v -32.195625 -10.928942 -6.450000
v -32.195625 -10.928942 -6.450000
v -32.467728 -10.432061 -6.450000
v -32.467728 -10.432061 -6.450000
v -32.467728 -10.432061 -6.450000
v -32.467728 -10.432061 -6.450000
v -32.870899 -9.971278 -6.450000
v -32.870899 -9.971278 -6.450000
v -32.870899 -9.971278 -6.450000
v -33.267624 -9.500076 -6.450000
v -33.267624 -9.500076 -6.450000
v -33.267624 -9.500076 -6.450000
v -33.267624 -9.500076 -6.450000
v -34.592857 0.566075 -6.450000
v -34.592857 0.566075 -6.450000
v -34.592857 0.566075 -6.450000
v -34.592857 0.566075 -6.450000
v -34.331608 1.123901 -6.450000
v -34.331608 1.123901 -6.450000
v -34.331608 1.123901 -6.450000
v -34.061436 1.673331 -6.450000
v -34.061436 1.673331 -6.450000
v -34.061436 1.673331 -6.450000
v -34.061436 1.673331 -6.450000
v -33.517628 -8.981021 -6.450000
v -33.517628 -8.981021 -6.450000
v -33.517628 -8.981021 -6.450000
v -33.560642 -8.406504 -6.450000
v -33.560642 -8.406504 -6.450000
v -33.560642 -8.406504 -6.450000
v -33.452675 -7.800070 -6.450000
v -33.452675 -7.800070 -6.450000
v -33.452675 -7.800070 -6.450000
v -33.333908 -7.199434 -6.450000
v -33.333908 -7.199434 -6.450000
v -33.333908 -7.199434 -6.450000
v -34.700001 0.000000 -6.450000
v -34.700001 0.000000 -6.450000
v -34.700001 0.000000 -6.450000
v -34.331608 -1.123901 -6.450000
v -34.331608 -1.123901 -6.450000
v -34.331608 -1.123901 -6.450000
v -34.592857 -0.566075 -6.450000
v -34.592857 -0.566075 -6.450000
v -34.592857 -0.566075 -6.450000
v -34.061436 -1.673331 -6.450000
v -34.061436 -1.673331 -6.450000
v -34.061436 -1.673331 -6.450000
v -33.346699 -6.633071 -6.450000
v -33.346699 -6.633071 -6.450000
v -33.346699 -6.633071 -6.450000
v -33.927204 -2.223706 -6.450000
v -33.927204 -2.223706 -6.450000
v -33.927204 -2.223706 -6.450000
v -33.551620 -6.104925 -6.450000
v -33.551620 -6.104925 -6.450000
v -33.551620 -6.104925 -6.450000
v -33.551620 -6.104925 -6.450000
v -33.891197 -5.595459 -6.450000
v -33.891197 -5.595459 -6.450000
v -33.891197 -5.595459 -6.450000
v -34.223022 -5.076506 -6.450000
v -34.223022 -5.076506 -6.450000
v -34.223022 -5.076506 -6.450000
v -34.223022 -5.076506 -6.450000
v -34.403137 -4.529259 -6.450000
v -34.403137 -4.529259 -6.450000
v -34.403137 -4.529259 -6.450000
v -34.370796 -3.954042 -6.450000
v -34.370796 -3.954042 -6.450000
v -34.370796 -3.954042 -6.450000
v -34.184597 -3.366889 -6.450000
v -34.184597 -3.366889 -6.450000
v -34.184597 -3.366889 -6.450000
v -33.988449 -2.786894 -6.450000
v -33.988449 -2.786894 -6.450000
v -33.988449 -2.786894 -6.450000
v 1.061734 32.432625 3.150000
v 1.061734 32.432625 3.150000
v 1.061734 32.432625 3.150000
v 0.000000 32.450001 3.150000
v 0.000000 32.450001 3.150000
v 0.000000 32.450001 3.150000
v 0.000000 32.450001 -4.650001
v 0.000000 32.450001 -4.650001
v 0.000000 32.450001 -4.650001
v 1.061734 32.432625 -4.650001
v 1.061734 32.432625 -4.650001
v 1.061734 32.432625 -4.650001
v 0.000000 32.450001 3.999999
v 0.000000 32.450001 3.999999
v 0.000000 32.450001 3.999999
v 1.061734 32.432625 3.999999
v 1.061734 32.432625 3.999999
v 1.061734 32.432625 3.999999
v 2.122332 32.380524 3.150000
v 2.122332 32.380524 3.150000
v 2.122332 32.380524 3.150000
v 2.122332 32.380524 -4.650001
v 2.122332 32.380524 -4.650001
v 2.122332 32.380524 -4.650001
v 2.122332 32.380524 3.999999
v 2.122332 32.380524 3.999999
v 2.122332 32.380524 3.999999
v 3.180656 32.293743 3.150000
v 3.180656 32.293743 3.150000
v 3.180656 32.293743 3.150000
v 3.180656 32.293743 -4.650001
v 3.180656 32.293743 -4.650001
v 3.180656 32.293743 -4.650001
v 3.180656 32.293743 3.999999
v 3.180656 32.293743 3.999999
v 3.180656 32.293743 3.999999
v 4.235575 32.172386 3.150000
v 4.235575 32.172386 3.150000
v 4.235575 32.172386 3.150000
v 4.235575 32.172386 -4.650001
v 4.235575 32.172386 -4.650001
v 4.235575 32.172386 -4.650001
v 4.235575 32.172386 3.999999
v 4.235575 32.172386 3.999999
v 4.235575 32.172386 3.999999
v 5.285958 32.016575 3.150000
v 5.285958 32.016575 3.150000
v 5.285958 32.016575 3.150000
v 5.285958 32.016575 -4.650001
v 5.285958 32.016575 -4.650001
v 5.285958 32.016575 -4.650001
v 5.285958 32.016575 3.999999
v 5.285958 32.016575 3.999999
v 5.285958 32.016575 3.999999
v 6.330681 31.826483 3.150000
v 6.330681 31.826483 3.150000
v 6.330681 31.826483 3.150000
v 6.330681 31.826483 -4.650001
v 6.330681 31.826483 -4.650001
v 6.330681 31.826483 -4.650001
v 6.330681 31.826483 3.999999
v 6.330681 31.826483 3.999999
v 6.330681 31.826483 3.999999
v 7.368625 31.602308 3.150000
v 7.368625 31.602308 3.150000
v 7.368625 31.602308 3.150000
v 7.368625 31.602308 -4.650001
v 7.368625 31.602308 -4.650001
v 7.368625 31.602308 -4.650001
v 7.368625 31.602308 3.999999
v 7.368625 31.602308 3.999999
v 7.368625 31.602308 3.999999
v 8.398678 31.344294 3.150000
v 8.398678 31.344294 3.150000
v 8.398678 31.344294 3.150000
v 8.398678 31.344294 -4.650001
v 8.398678 31.344294 -4.650001
v 8.398678 31.344294 -4.650001
v 8.398678 31.344294 3.999999
v 8.398678 31.344294 3.999999
v 8.398678 31.344294 3.999999
v 9.419739 31.052715 3.150000
v 9.419739 31.052715 3.150000
v 9.419739 31.052715 3.150000
v 9.419739 31.052715 -4.650001
v 9.419739 31.052715 -4.650001
v 9.419739 31.052715 -4.650001
v 9.419739 31.052715 3.999999
v 9.419739 31.052715 3.999999
v 9.419739 31.052715 3.999999
v 10.430711 30.727882 3.150000
v 10.430711 30.727882 3.150000
v 10.430711 30.727882 3.150000
v 10.430711 30.727882 -4.650001
v 10.430711 30.727882 -4.650001
v 10.430711 30.727882 -4.650001
v 10.430711 30.727882 3.999999
v 10.430711 30.727882 3.999999
v 10.430711 30.727882 3.999999
v 11.430515 30.370148 3.150000
v 11.430515 30.370148 3.150000
v 11.430515 30.370148 3.150000
v 11.430515 30.370148 -4.650001
v 11.430515 30.370148 -4.650001
v 11.430515 30.370148 -4.650001
v 11.430515 30.370148 3.999999
v 11.430515 30.370148 3.999999
v 11.430515 30.370148 3.999999
v 12.418078 29.979891 3.150000
v 12.418078 29.979891 3.150000
v 12.418078 29.979891 3.150000
v 12.418078 29.979891 -4.650001
v 12.418078 29.979891 -4.650001
v 12.418078 29.979891 -4.650001
v 12.418078 29.979891 3.999999
v 12.418078 29.979891 3.999999
v 12.418078 29.979891 3.999999
v 13.392344 29.557531 3.150000
v 13.392344 29.557531 3.150000
v 13.392344 29.557531 3.150000
v 13.392344 29.557531 -4.650001
v 13.392344 29.557531 -4.650001
v 13.392344 29.557531 -4.650001
v 13.392344 29.557531 3.999999
v 13.392344 29.557531 3.999999
v 13.392344 29.557531 3.999999
v 14.352268 29.103521 3.150000
v 14.352268 29.103521 3.150000
v 14.352268 29.103521 3.150000
v 14.352268 29.103521 -4.650001
v 14.352268 29.103521 -4.650001
v 14.352268 29.103521 -4.650001
v 14.352268 29.103521 3.999999
v 14.352268 29.103521 3.999999
v 14.352268 29.103521 3.999999
v 15.296824 28.618345 3.150000
v 15.296824 28.618345 3.150000
v 15.296824 28.618345 3.150000
v 15.296824 28.618345 -4.650001
v 15.296824 28.618345 -4.650001
v 15.296824 28.618345 -4.650001
v 15.296824 28.618345 3.999999
v 15.296824 28.618345 3.999999
v 15.296824 28.618345 3.999999
v 16.225000 28.102524 3.150000
v 16.225000 28.102524 3.150000
v 16.225000 28.102524 3.150000
v 16.225000 28.102524 -4.650001
v 16.225000 28.102524 -4.650001
v 16.225000 28.102524 -4.650001
v 16.225000 28.102524 3.999999
v 16.225000 28.102524 3.999999
v 16.225000 28.102524 3.999999
v 17.135801 27.556610 3.150000
v 17.135801 27.556610 3.150000
v 17.135801 27.556610 3.150000
v 17.135801 27.556610 -4.650001
v 17.135801 27.556610 -4.650001
v 17.135801 27.556610 -4.650001
v 17.135801 27.556610 3.999999
v 17.135801 27.556610 3.999999
v 17.135801 27.556610 3.999999
v 17.135801 27.556610 3.999999
v 18.028255 26.981190 3.150000
v 18.028255 26.981190 3.150000
v 18.028255 26.981190 3.150000
v 18.028255 26.981190 -4.650001
v 18.028255 26.981190 -4.650001
v 18.028255 26.981190 -4.650001
v 18.028255 26.981190 3.999999
v 18.028255 26.981190 3.999999
v 18.028255 26.981190 3.999999
v 18.901403 26.376875 3.150000
v 18.901403 26.376875 3.150000
v 18.901403 26.376875 3.150000
v 18.901403 26.376875 -4.650001
v 18.901403 26.376875 -4.650001
v 18.901403 26.376875 -4.650001
v 18.901403 26.376875 3.999999
v 18.901403 26.376875 3.999999
v 18.901403 26.376875 3.999999
v 19.754309 25.744316 3.150000
v 19.754309 25.744316 3.150000
v 19.754309 25.744316 3.150000
v 19.754309 25.744316 -4.650001
v 19.754309 25.744316 -4.650001
v 19.754309 25.744316 -4.650001
v 19.754309 25.744316 3.999999
v 19.754309 25.744316 3.999999
v 19.754309 25.744316 3.999999
v 20.586063 25.084188 3.150000
v 20.586063 25.084188 3.150000
v 20.586063 25.084188 3.150000
v 20.586063 25.084188 -4.650001
v 20.586063 25.084188 -4.650001
v 20.586063 25.084188 -4.650001
v 20.586063 25.084188 3.999999
v 20.586063 25.084188 3.999999
v 20.586063 25.084188 3.999999
v 21.395773 24.397202 3.150000
v 21.395773 24.397202 3.150000
v 21.395773 24.397202 3.150000
v 21.395773 24.397202 -4.650001
v 21.395773 24.397202 -4.650001
v 21.395773 24.397202 -4.650001
v 21.395773 24.397202 -4.650001
v 21.395773 24.397202 3.999999
v 21.395773 24.397202 3.999999
v 21.395773 24.397202 3.999999
v 22.182571 23.684090 3.150000
v 22.182571 23.684090 3.150000
v 22.182571 23.684090 3.150000
v 22.182571 23.684090 3.150000
v 22.182571 23.684090 -4.650001
v 22.182571 23.684090 -4.650001
v 22.182571 23.684090 -4.650001
v 22.182571 23.684090 3.999999
v 22.182571 23.684090 3.999999
v 22.182571 23.684090 3.999999
v 22.945616 22.945616 3.150000
v 22.945616 22.945616 3.150000
v 22.945616 22.945616 3.150000
v 22.945616 22.945616 -4.650001
v 22.945616 22.945616 -4.650001
v 22.945616 22.945616 -4.650001
v 22.945616 22.945616 3.999999
v 22.945616 22.945616 3.999999
v 22.945616 22.945616 3.999999
v 23.684090 22.182571 3.999999
v 23.684090 22.182571 3.999999
v 23.684090 22.182571 3.999999
v 23.684090 22.182571 3.150000
v 23.684090 22.182571 3.150000
v 23.684090 22.182571 3.150000
v 23.684090 22.182571 -4.650001
v 23.684090 22.182571 -4.650001
v 23.684090 22.182571 -4.650001
v 24.397202 21.395773 3.150000
v 24.397202 21.395773 3.150000
v 24.397202 21.395773 3.150000
v 24.397202 21.395773 -4.650001
v 24.397202 21.395773 -4.650001
v 24.397202 21.395773 -4.650001
v 24.397202 21.395773 3.999999
v 24.397202 21.395773 3.999999
v 24.397202 21.395773 3.999999
v 25.084188 20.586063 3.150000
v 25.084188 20.586063 3.150000
v 25.084188 20.586063 3.150000
v 25.084188 20.586063 -4.650001
v 25.084188 20.586063 -4.650001
v 25.084188 20.586063 -4.650001
v 25.084188 20.586063 3.999999
v 25.084188 20.586063 3.999999
v 25.084188 20.586063 3.999999
v 25.744316 19.754309 3.150000
v 25.744316 19.754309 3.150000
v 25.744316 19.754309 3.150000
v 25.744316 19.754309 -4.650001
v 25.744316 19.754309 -4.650001
v 25.744316 19.754309 -4.650001
v 25.744316 19.754309 3.999999
v 25.744316 19.754309 3.999999
v 25.744316 19.754309 3.999999
v 26.376875 18.901403 3.999999
v 26.376875 18.901403 3.999999
v 26.376875 18.901403 3.999999
v 26.376875 18.901403 -4.650001
v 26.376875 18.901403 -4.650001
v 26.376875 18.901403 -4.650001
v 26.376875 18.901403 3.150000
v 26.376875 18.901403 3.150000
v 26.376875 18.901403 3.150000
v 26.981190 18.028255 3.999999
v 26.981190 18.028255 3.999999
v 26.981190 18.028255 3.999999
v 26.981190 18.028255 -4.650001
v 26.981190 18.028255 -4.650001
v 26.981190 18.028255 -4.650001
v 26.981190 18.028255 3.150000
v 26.981190 18.028255 3.150000
v 26.981190 18.028255 3.150000
v 27.556610 17.135801 3.150000
v 27.556610 17.135801 3.150000
v 27.556610 17.135801 3.150000
v 27.556610 17.135801 -4.650001
v 27.556610 17.135801 -4.650001
v 27.556610 17.135801 -4.650001
v 27.556610 17.135801 3.999999
v 27.556610 17.135801 3.999999
v 27.556610 17.135801 3.999999
v 27.556610 17.135801 3.999999
v 28.102524 16.225000 3.150000
v 28.102524 16.225000 3.150000
v 28.102524 16.225000 3.150000
v 28.102524 16.225000 -4.650001
v 28.102524 16.225000 -4.650001
v 28.102524 16.225000 -4.650001
v 28.102524 16.225000 3.999999
v 28.102524 16.225000 3.999999
v 28.102524 16.225000 3.999999
v 28.618345 15.296824 -4.650001
v 28.618345 15.296824 -4.650001
v 28.618345 15.296824 -4.650001
v 28.618345 15.296824 3.150000
v 28.618345 15.296824 3.150000
v 28.618345 15.296824 3.150000
v 28.618345 15.296824 3.999999
v 28.618345 15.296824 3.999999
v 28.618345 15.296824 3.999999
v 29.103521 14.352268 3.999999
v 29.103521 14.352268 3.999999
v 29.103521 14.352268 3.999999
v 29.103521 14.352268 -4.650001
v 29.103521 14.352268 -4.650001
v 29.103521 14.352268 -4.650001
v 29.103521 14.352268 3.150000
v 29.103521 14.352268 3.150000
v 29.103521 14.352268 3.150000
v 29.557531 13.392344 3.999999
v 29.557531 13.392344 3.999999
v 29.557531 13.392344 3.999999
v 29.557531 13.392344 3.150000
v 29.557531 13.392344 3.150000
v 29.557531 13.392344 3.150000
v 29.557531 13.392344 -4.650001
v 29.557531 13.392344 -4.650001
v 29.557531 13.392344 -4.650001
v 29.979891 12.418078 3.999999
v 29.979891 12.418078 3.999999
v 29.979891 12.418078 3.999999
v 29.979891 12.418078 3.999999
v 29.979891 12.418078 3.150000
v 29.979891 12.418078 3.150000
v 29.979891 12.418078 3.150000
v 29.979891 12.418078 -4.650001
v 29.979891 12.418078 -4.650001
v 29.979891 12.418078 -4.650001
v 30.370148 11.430515 3.150000
v 30.370148 11.430515 3.150000
v 30.370148 11.430515 3.150000
v 30.370148 11.430515 -4.650001
v 30.370148 11.430515 -4.650001
v 30.370148 11.430515 -4.650001
v 30.370148 11.430515 3.999999
v 30.370148 11.430515 3.999999
v 30.370148 11.430515 3.999999
v 30.727882 10.430711 3.150000
v 30.727882 10.430711 3.150000
v 30.727882 10.430711 3.150000
v 30.727882 10.430711 -4.650001
v 30.727882 10.430711 -4.650001
v 30.727882 10.430711 -4.650001
v 30.727882 10.430711 3.999999
v 30.727882 10.430711 3.999999
v 30.727882 10.430711 3.999999
v 31.052715 9.419739 3.150000
v 31.052715 9.419739 3.150000
v 31.052715 9.419739 3.150000
v 31.052715 9.419739 -4.650001
v 31.052715 9.419739 -4.650001
v 31.052715 9.419739 -4.650001
v 31.052715 9.419739 3.999999
v 31.052715 9.419739 3.999999
v 31.052715 9.419739 3.999999
v 31.344294 8.398678 3.999999
v 31.344294 8.398678 3.999999
v 31.344294 8.398678 3.999999
v 31.344294 8.398678 3.150000
v 31.344294 8.398678 3.150000
v 31.344294 8.398678 3.150000
v 31.344294 8.398678 -4.650001
v 31.344294 8.398678 -4.650001
v 31.344294 8.398678 -4.650001
v 31.602308 7.368625 3.999999
v 31.602308 7.368625 3.999999
v 31.602308 7.368625 3.999999
v 31.602308 7.368625 3.150000
v 31.602308 7.368625 3.150000
v 31.602308 7.368625 3.150000
v 31.602308 7.368625 -4.650001
v 31.602308 7.368625 -4.650001
v 31.602308 7.368625 -4.650001
v 31.826483 6.330681 3.150000
v 31.826483 6.330681 3.150000
v 31.826483 6.330681 3.150000
v 31.826483 6.330681 -4.650001
v 31.826483 6.330681 -4.650001
v 31.826483 6.330681 -4.650001
v 31.826483 6.330681 3.999999
v 31.826483 6.330681 3.999999
v 31.826483 6.330681 3.999999
v 32.016575 5.285958 3.150000
v 32.016575 5.285958 3.150000
v 32.016575 5.285958 3.150000
v 32.016575 5.285958 -4.650001
v 32.016575 5.285958 -4.650001
v 32.016575 5.285958 -4.650001
v 32.016575 5.285958 3.999999
v 32.016575 5.285958 3.999999
v 32.016575 5.285958 3.999999
v 32.172386 4.235575 3.150000
v 32.172386 4.235575 3.150000
v 32.172386 4.235575 3.150000
v 32.172386 4.235575 -4.650001
v 32.172386 4.235575 -4.650001
v 32.172386 4.235575 -4.650001
v 32.172386 4.235575 3.999999
v 32.172386 4.235575 3.999999
v 32.172386 4.235575 3.999999
v 32.293743 3.180656 3.150000
v 32.293743 3.180656 3.150000
v 32.293743 3.180656 3.150000
v 32.293743 3.180656 -4.650001
v 32.293743 3.180656 -4.650001
v 32.293743 3.180656 -4.650001
v 32.293743 3.180656 3.999999
v 32.293743 3.180656 3.999999
v 32.293743 3.180656 3.999999
v 32.380524 2.122332 3.150000
v 32.380524 2.122332 3.150000
v 32.380524 2.122332 3.150000
v 32.380524 2.122332 -4.650001
v 32.380524 2.122332 -4.650001
v 32.380524 2.122332 -4.650001
v 32.380524 2.122332 3.999999
v 32.380524 2.122332 3.999999
v 32.380524 2.122332 3.999999
v 32.432625 1.061734 3.999999
v 32.432625 1.061734 3.999999
v 32.432625 1.061734 3.999999
v 32.432625 1.061734 3.150000
v 32.432625 1.061734 3.150000
v 32.432625 1.061734 3.150000
v 32.432625 1.061734 -4.650001
v 32.432625 1.061734 -4.650001
v 32.432625 1.061734 -4.650001
v 32.450001 0.000000 3.150000
v 32.450001 0.000000 3.150000
v 32.450001 0.000000 3.150000
v 32.450001 0.000000 -4.650001
v 32.450001 0.000000 -4.650001
v 32.450001 0.000000 -4.650001
v 32.450001 0.000000 3.999999
v 32.450001 0.000000 3.999999
v 32.450001 0.000000 3.999999
v 32.432625 -1.061734 3.999999
v 32.432625 -1.061734 3.999999
v 32.432625 -1.061734 3.999999
v 32.432625 -1.061734 3.150000
v 32.432625 -1.061734 3.150000
v 32.432625 -1.061734 3.150000
v 32.432625 -1.061734 -4.650001
v 32.432625 -1.061734 -4.650001
v 32.432625 -1.061734 -4.650001
v 32.380524 -2.122332 3.999999
v 32.380524 -2.122332 3.999999
v 32.380524 -2.122332 3.999999
v 32.380524 -2.122332 -4.650001
v 32.380524 -2.122332 -4.650001
v 32.380524 -2.122332 -4.650001
v 32.380524 -2.122332 3.150000
v 32.380524 -2.122332 3.150000
v 32.380524 -2.122332 3.150000
v 32.293743 -3.180656 3.999999
v 32.293743 -3.180656 3.999999
v 32.293743 -3.180656 3.999999
v 32.293743 -3.180656 3.150000
v 32.293743 -3.180656 3.150000
v 32.293743 -3.180656 3.150000
v 32.293743 -3.180656 -4.650001
v 32.293743 -3.180656 -4.650001
v 32.293743 -3.180656 -4.650001
v 32.172386 -4.235575 3.150000
v 32.172386 -4.235575 3.150000
v 32.172386 -4.235575 3.150000
v 32.172386 -4.235575 -4.650001
v 32.172386 -4.235575 -4.650001
v 32.172386 -4.235575 -4.650001
v 32.172386 -4.235575 3.999999
v 32.172386 -4.235575 3.999999
v 32.172386 -4.235575 3.999999
v 32.016575 -5.285958 3.150000
v 32.016575 -5.285958 3.150000
v 32.016575 -5.285958 3.150000
v 32.016575 -5.285958 -4.650001
v 32.016575 -5.285958 -4.650001
v 32.016575 -5.285958 -4.650001
v 32.016575 -5.285958 3.999999
v 32.016575 -5.285958 3.999999
v 32.016575 -5.285958 3.999999
v 31.826483 -6.330681 3.150000
v 31.826483 -6.330681 3.150000
v 31.826483 -6.330681 3.150000
v 31.826483 -6.330681 -4.650001
v 31.826483 -6.330681 -4.650001
v 31.826483 -6.330681 -4.650001
v 31.826483 -6.330681 3.999999
v 31.826483 -6.330681 3.999999
v 31.826483 -6.330681 3.999999
v 31.602308 -7.368625 3.999999
v 31.602308 -7.368625 3.999999
v 31.602308 -7.368625 3.999999
v 31.602308 -7.368625 3.150000
v 31.602308 -7.368625 3.150000
v 31.602308 -7.368625 3.150000
v 31.602308 -7.368625 -4.650001
v 31.602308 -7.368625 -4.650001
v 31.602308 -7.368625 -4.650001
v 31.344294 -8.398678 3.999999
v 31.344294 -8.398678 3.999999
v 31.344294 -8.398678 3.999999
v 31.344294 -8.398678 3.150000
v 31.344294 -8.398678 3.150000
v 31.344294 -8.398678 3.150000
v 31.344294 -8.398678 -4.650001
v 31.344294 -8.398678 -4.650001
v 31.344294 -8.398678 -4.650001
v 31.052715 -9.419739 3.999999
v 31.052715 -9.419739 3.999999
v 31.052715 -9.419739 3.999999
v 31.052715 -9.419739 3.150000
v 31.052715 -9.419739 3.150000
v 31.052715 -9.419739 3.150000
v 31.052715 -9.419739 -4.650001
v 31.052715 -9.419739 -4.650001
v 31.052715 -9.419739 -4.650001
v 30.727882 -10.430711 3.150000
v 30.727882 -10.430711 3.150000
v 30.727882 -10.430711 3.150000
v 30.727882 -10.430711 -4.650001
v 30.727882 -10.430711 -4.650001
v 30.727882 -10.430711 -4.650001
v 30.727882 -10.430711 3.999999
v 30.727882 -10.430711 3.999999
v 30.727882 -10.430711 3.999999
v 30.370148 -11.430515 3.999999
v 30.370148 -11.430515 3.999999
v 30.370148 -11.430515 3.999999
v 30.370148 -11.430515 3.150000
v 30.370148 -11.430515 3.150000
v 30.370148 -11.430515 3.150000
v 30.370148 -11.430515 -4.650001
v 30.370148 -11.430515 -4.650001
v 30.370148 -11.430515 -4.650001
v 29.979891 -12.418078 3.999999
v 29.979891 -12.418078 3.999999
v 29.979891 -12.418078 3.999999
v 29.979891 -12.418078 3.150000
v 29.979891 -12.418078 3.150000
v 29.979891 -12.418078 3.150000
v 29.979891 -12.418078 -4.650001
v 29.979891 -12.418078 -4.650001
v 29.979891 -12.418078 -4.650001
v 29.557531 -13.392344 3.999999
v 29.557531 -13.392344 3.999999
v 29.557531 -13.392344 3.999999
v 29.557531 -13.392344 3.999999
v 29.557531 -13.392344 -4.650001
v 29.557531 -13.392344 -4.650001
v 29.557531 -13.392344 -4.650001
v 29.557531 -13.392344 3.150000
v 29.557531 -13.392344 3.150000
v 29.557531 -13.392344 3.150000
v 29.103521 -14.352268 3.999999
v 29.103521 -14.352268 3.999999
v 29.103521 -14.352268 3.999999
v 29.103521 -14.352268 -4.650001
v 29.103521 -14.352268 -4.650001
v 29.103521 -14.352268 -4.650001
v 29.103521 -14.352268 3.150000
v 29.103521 -14.352268 3.150000
v 29.103521 -14.352268 3.150000
v 28.618345 -15.296824 3.150000
v 28.618345 -15.296824 3.150000
v 28.618345 -15.296824 3.150000
v 28.618345 -15.296824 -4.650001
v 28.618345 -15.296824 -4.650001
v 28.618345 -15.296824 -4.650001
v 28.618345 -15.296824 3.999999
v 28.618345 -15.296824 3.999999
v 28.618345 -15.296824 3.999999
v 28.102524 -16.225000 3.999999
v 28.102524 -16.225000 3.999999
v 28.102524 -16.225000 3.999999
v 28.102524 -16.225000 -4.650001
v 28.102524 -16.225000 -4.650001
v 28.102524 -16.225000 -4.650001
v 28.102524 -16.225000 3.150000
v 28.102524 -16.225000 3.150000
v 28.102524 -16.225000 3.150000
v 27.556610 -17.135801 -4.650001
v 27.556610 -17.135801 -4.650001
v 27.556610 -17.135801 -4.650001
v 27.556610 -17.135801 3.150000
v 27.556610 -17.135801 3.150000
v 27.556610 -17.135801 3.150000
v 27.556610 -17.135801 3.999999
v 27.556610 -17.135801 3.999999
v 27.556610 -17.135801 3.999999
v 26.981190 -18.028255 3.999999
v 26.981190 -18.028255 3.999999
v 26.981190 -18.028255 3.999999
v 26.981190 -18.028255 3.999999
v 26.981190 -18.028255 -4.650001
v 26.981190 -18.028255 -4.650001
v 26.981190 -18.028255 -4.650001
v 26.981190 -18.028255 3.150000
v 26.981190 -18.028255 3.150000
v 26.981190 -18.028255 3.150000
v 26.376875 -18.901403 3.150000
v 26.376875 -18.901403 3.150000
v 26.376875 -18.901403 3.150000
v 26.376875 -18.901403 -4.650001
v 26.376875 -18.901403 -4.650001
v 26.376875 -18.901403 -4.650001
v 26.376875 -18.901403 3.999999
v 26.376875 -18.901403 3.999999
v 26.376875 -18.901403 3.999999
v 25.744316 -19.754309 3.150000
v 25.744316 -19.754309 3.150000
v 25.744316 -19.754309 3.150000
v 25.744316 -19.754309 -4.650001
v 25.744316 -19.754309 -4.650001
v 25.744316 -19.754309 -4.650001
v 25.744316 -19.754309 3.999999
v 25.744316 -19.754309 3.999999
v 25.744316 -19.754309 3.999999
v 25.084188 -20.586063 3.150000
v 25.084188 -20.586063 3.150000
v 25.084188 -20.586063 3.150000
v 25.084188 -20.586063 -4.650001
v 25.084188 -20.586063 -4.650001
v 25.084188 -20.586063 -4.650001
v 25.084188 -20.586063 3.999999
v 25.084188 -20.586063 3.999999
v 25.084188 -20.586063 3.999999
v 24.397202 -21.395773 3.999999
v 24.397202 -21.395773 3.999999
v 24.397202 -21.395773 3.999999
v 24.397202 -21.395773 3.150000
v 24.397202 -21.395773 3.150000
v 24.397202 -21.395773 3.150000
v 24.397202 -21.395773 -4.650001
v 24.397202 -21.395773 -4.650001
v 24.397202 -21.395773 -4.650001
v 23.684090 -22.182571 3.999999
v 23.684090 -22.182571 3.999999
v 23.684090 -22.182571 3.999999
v 23.684090 -22.182571 3.150000
v 23.684090 -22.182571 3.150000
v 23.684090 -22.182571 3.150000
v 23.684090 -22.182571 -4.650001
v 23.684090 -22.182571 -4.650001
v 23.684090 -22.182571 -4.650001
v 22.945616 -22.945616 3.150000
v 22.945616 -22.945616 3.150000
v 22.945616 -22.945616 3.150000
v 22.945616 -22.945616 -4.650001
v 22.945616 -22.945616 -4.650001
v 22.945616 -22.945616 -4.650001
v 22.945616 -22.945616 3.999999
v 22.945616 -22.945616 3.999999
v 22.945616 -22.945616 3.999999
v 22.182571 -23.684090 3.999999
v 22.182571 -23.684090 3.999999
v 22.182571 -23.684090 3.999999
v 22.182571 -23.684090 3.999999
v 22.182571 -23.684090 3.150000
v 22.182571 -23.684090 3.150000
v 22.182571 -23.684090 3.150000
v 22.182571 -23.684090 -4.650001
v 22.182571 -23.684090 -4.650001
v 22.182571 -23.684090 -4.650001
v 22.182571 -23.684090 -4.650001
v 21.395773 -24.397202 3.150000
v 21.395773 -24.397202 3.150000
v 21.395773 -24.397202 3.150000
v 21.395773 -24.397202 3.150000
v 21.395773 -24.397202 -4.650001
v 21.395773 -24.397202 -4.650001
v 21.395773 -24.397202 -4.650001
v 21.395773 -24.397202 3.999999
v 21.395773 -24.397202 3.999999
v 21.395773 -24.397202 3.999999
v 21.395773 -24.397202 3.999999
v 20.586063 -25.084188 3.999999
v 20.586063 -25.084188 3.999999
v 20.586063 -25.084188 3.999999
v 20.586063 -25.084188 3.150000
v 20.586063 -25.084188 3.150000
v 20.586063 -25.084188 3.150000
v 20.586063 -25.084188 -4.650001
v 20.586063 -25.084188 -4.650001
v 20.586063 -25.084188 -4.650001
v 19.754309 -25.744316 3.150000
v 19.754309 -25.744316 3.150000
v 19.754309 -25.744316 3.150000
v 19.754309 -25.744316 -4.650001
v 19.754309 -25.744316 -4.650001
v 19.754309 -25.744316 -4.650001
v 19.754309 -25.744316 3.999999
v 19.754309 -25.744316 3.999999
v 19.754309 -25.744316 3.999999
v 18.901403 -26.376875 3.999999
v 18.901403 -26.376875 3.999999
v 18.901403 -26.376875 3.999999
v 18.901403 -26.376875 -4.650001
v 18.901403 -26.376875 -4.650001
v 18.901403 -26.376875 -4.650001
v 18.901403 -26.376875 3.150000
v 18.901403 -26.376875 3.150000
v 18.901403 -26.376875 3.150000
v 18.028255 -26.981190 3.150000
v 18.028255 -26.981190 3.150000
v 18.028255 -26.981190 3.150000
v 18.028255 -26.981190 -4.650001
v 18.028255 -26.981190 -4.650001
v 18.028255 -26.981190 -4.650001
v 18.028255 -26.981190 3.999999
v 18.028255 -26.981190 3.999999
v 18.028255 -26.981190 3.999999
v 17.135801 -27.556610 3.150000
v 17.135801 -27.556610 3.150000
v 17.135801 -27.556610 3.150000
v 17.135801 -27.556610 -4.650001
v 17.135801 -27.556610 -4.650001
v 17.135801 -27.556610 -4.650001
v 17.135801 -27.556610 3.999999
v 17.135801 -27.556610 3.999999
v 17.135801 -27.556610 3.999999
v 17.135801 -27.556610 3.999999
v 16.225000 -28.102524 3.999999
v 16.225000 -28.102524 3.999999
v 16.225000 -28.102524 3.999999
v 16.225000 -28.102524 -4.650001
v 16.225000 -28.102524 -4.650001
v 16.225000 -28.102524 -4.650001
v 16.225000 -28.102524 3.150000
v 16.225000 -28.102524 3.150000
v 16.225000 -28.102524 3.150000
v 15.296824 -28.618345 3.999999
v 15.296824 -28.618345 3.999999
v 15.296824 -28.618345 3.999999
v 15.296824 -28.618345 3.150000
v 15.296824 -28.618345 3.150000
v 15.296824 -28.618345 3.150000
v 15.296824 -28.618345 -4.650001
v 15.296824 -28.618345 -4.650001
v 15.296824 -28.618345 -4.650001
v 14.352268 -29.103521 3.999999
v 14.352268 -29.103521 3.999999
v 14.352268 -29.103521 3.999999
v 14.352268 -29.103521 -4.650001
v 14.352268 -29.103521 -4.650001
v 14.352268 -29.103521 -4.650001
v 14.352268 -29.103521 3.150000
v 14.352268 -29.103521 3.150000
v 14.352268 -29.103521 3.150000
v 13.392344 -29.557531 3.999999
v 13.392344 -29.557531 3.999999
v 13.392344 -29.557531 3.999999
v 13.392344 -29.557531 3.150000
v 13.392344 -29.557531 3.150000
v 13.392344 -29.557531 3.150000
v 13.392344 -29.557531 -4.650001
v 13.392344 -29.557531 -4.650001
v 13.392344 -29.557531 -4.650001
v 12.418078 -29.979891 3.999999
v 12.418078 -29.979891 3.999999
v 12.418078 -29.979891 3.999999
v 12.418078 -29.979891 3.150000
v 12.418078 -29.979891 3.150000
v 12.418078 -29.979891 3.150000
v 12.418078 -29.979891 -4.650001
v 12.418078 -29.979891 -4.650001
v 12.418078 -29.979891 -4.650001
v 11.430515 -30.370148 3.150000
v 11.430515 -30.370148 3.150000
v 11.430515 -30.370148 3.150000
v 11.430515 -30.370148 -4.650001
v 11.430515 -30.370148 -4.650001
v 11.430515 -30.370148 -4.650001
v 11.430515 -30.370148 3.999999
v 11.430515 -30.370148 3.999999
v 11.430515 -30.370148 3.999999
v 10.430711 -30.727882 3.150000
v 10.430711 -30.727882 3.150000
v 10.430711 -30.727882 3.150000
v 10.430711 -30.727882 -4.650001
v 10.430711 -30.727882 -4.650001
v 10.430711 -30.727882 -4.650001
v 10.430711 -30.727882 3.999999
v 10.430711 -30.727882 3.999999
v 10.430711 -30.727882 3.999999
v 9.419739 -31.052715 3.999999
v 9.419739 -31.052715 3.999999
v 9.419739 -31.052715 3.999999
v 9.419739 -31.052715 3.150000
v 9.419739 -31.052715 3.150000
v 9.419739 -31.052715 3.150000
v 9.419739 -31.052715 -4.650001
v 9.419739 -31.052715 -4.650001
v 9.419739 -31.052715 -4.650001
v 8.398678 -31.344294 3.999999
v 8.398678 -31.344294 3.999999
v 8.398678 -31.344294 3.999999
v 8.398678 -31.344294 3.150000
v 8.398678 -31.344294 3.150000
v 8.398678 -31.344294 3.150000
v 8.398678 -31.344294 -4.650001
v 8.398678 -31.344294 -4.650001
v 8.398678 -31.344294 -4.650001
v 7.368625 -31.602308 3.150000
v 7.368625 -31.602308 3.150000
v 7.368625 -31.602308 3.150000
v 7.368625 -31.602308 -4.650001
v 7.368625 -31.602308 -4.650001
v 7.368625 -31.602308 -4.650001
v 7.368625 -31.602308 3.999999
v 7.368625 -31.602308 3.999999
v 7.368625 -31.602308 3.999999
v 6.330681 -31.826483 3.150000
v 6.330681 -31.826483 3.150000
v 6.330681 -31.826483 3.150000
v 6.330681 -31.826483 -4.650001
v 6.330681 -31.826483 -4.650001
v 6.330681 -31.826483 -4.650001
v 6.330681 -31.826483 3.999999
v 6.330681 -31.826483 3.999999
v 6.330681 -31.826483 3.999999
v 5.285958 -32.016575 3.999999
v 5.285958 -32.016575 3.999999
v 5.285958 -32.016575 3.999999
v 5.285958 -32.016575 3.150000
v 5.285958 -32.016575 3.150000
v 5.285958 -32.016575 3.150000
v 5.285958 -32.016575 -4.650001
v 5.285958 -32.016575 -4.650001
v 5.285958 -32.016575 -4.650001
v 4.235575 -32.172386 3.150000
v 4.235575 -32.172386 3.150000
v 4.235575 -32.172386 3.150000
v 4.235575 -32.172386 -4.650001
v 4.235575 -32.172386 -4.650001
v 4.235575 -32.172386 -4.650001
v 4.235575 -32.172386 3.999999
v 4.235575 -32.172386 3.999999
v 4.235575 -32.172386 3.999999
v 3.180656 -32.293743 3.999999
v 3.180656 -32.293743 3.999999
v 3.180656 -32.293743 3.999999
v 3.180656 -32.293743 -4.650001
v 3.180656 -32.293743 -4.650001
v 3.180656 -32.293743 -4.650001
v 3.180656 -32.293743 3.150000
v 3.180656 -32.293743 3.150000
v 3.180656 -32.293743 3.150000
v 2.122332 -32.380524 3.999999
v 2.122332 -32.380524 3.999999
v 2.122332 -32.380524 3.999999
v 2.122332 -32.380524 -4.650001
v 2.122332 -32.380524 -4.650001
v 2.122332 -32.380524 -4.650001
v 2.122332 -32.380524 3.150000
v 2.122332 -32.380524 3.150000
v 2.122332 -32.380524 3.150000
v 1.061734 -32.432625 3.150000
v 1.061734 -32.432625 3.150000
v 1.061734 -32.432625 3.150000
v 1.061734 -32.432625 -4.650001
v 1.061734 -32.432625 -4.650001
v 1.061734 -32.432625 -4.650001
v 1.061734 -32.432625 3.999999
v 1.061734 -32.432625 3.999999
v 1.061734 -32.432625 3.999999
v 0.000000 -32.450001 3.150000
v 0.000000 -32.450001 3.150000
v 0.000000 -32.450001 3.150000
v 0.000000 -32.450001 -4.650001
v 0.000000 -32.450001 -4.650001
v 0.000000 -32.450001 -4.650001
v 0.000000 -32.450001 3.999999
v 0.000000 -32.450001 3.999999
v 0.000000 -32.450001 3.999999
v -1.061734 -32.432625 3.999999
v -1.061734 -32.432625 3.999999
v -1.061734 -32.432625 3.999999
v -1.061734 -32.432625 -4.650001
v -1.061734 -32.432625 -4.650001
v -1.061734 -32.432625 -4.650001
v -1.061734 -32.432625 3.150000
v -1.061734 -32.432625 3.150000
v -1.061734 -32.432625 3.150000
v -2.122332 -32.380524 3.999999
v -2.122332 -32.380524 3.999999
v -2.122332 -32.380524 3.999999
v -2.122332 -32.380524 -4.650001
v -2.122332 -32.380524 -4.650001
v -2.122332 -32.380524 -4.650001
v -2.122332 -32.380524 3.150000
v -2.122332 -32.380524 3.150000
v -2.122332 -32.380524 3.150000
v -3.180656 -32.293743 3.150000
v -3.180656 -32.293743 3.150000
v -3.180656 -32.293743 3.150000
v -3.180656 -32.293743 -4.650001
v -3.180656 -32.293743 -4.650001
v -3.180656 -32.293743 -4.650001
v -3.180656 -32.293743 3.999999
v -3.180656 -32.293743 3.999999
v -3.180656 -32.293743 3.999999
v -4.235575 -32.172386 3.150000
v -4.235575 -32.172386 3.150000
v -4.235575 -32.172386 3.150000
v -4.235575 -32.172386 -4.650001
v -4.235575 -32.172386 -4.650001
v -4.235575 -32.172386 -4.650001
v -4.235575 -32.172386 3.999999
v -4.235575 -32.172386 3.999999
v -4.235575 -32.172386 3.999999
v -5.285958 -32.016575 3.999999
v -5.285958 -32.016575 3.999999
v -5.285958 -32.016575 3.999999
v -5.285958 -32.016575 -4.650001
v -5.285958 -32.016575 -4.650001
v -5.285958 -32.016575 -4.650001
v -5.285958 -32.016575 3.150000
v -5.285958 -32.016575 3.150000
v -5.285958 -32.016575 3.150000
v -6.330681 -31.826483 3.150000
v -6.330681 -31.826483 3.150000
v -6.330681 -31.826483 3.150000
v -6.330681 -31.826483 -4.650001
v -6.330681 -31.826483 -4.650001
v -6.330681 -31.826483 -4.650001
v -6.330681 -31.826483 3.999999
v -6.330681 -31.826483 3.999999
v -6.330681 -31.826483 3.999999
v -7.368625 -31.602308 3.150000
v -7.368625 -31.602308 3.150000
v -7.368625 -31.602308 3.150000
v -7.368625 -31.602308 -4.650001
v -7.368625 -31.602308 -4.650001
v -7.368625 -31.602308 -4.650001
v -7.368625 -31.602308 3.999999
v -7.368625 -31.602308 3.999999
v -7.368625 -31.602308 3.999999
v -8.398678 -31.344294 3.999999
v -8.398678 -31.344294 3.999999
v -8.398678 -31.344294 3.999999
v -8.398678 -31.344294 3.150000
v -8.398678 -31.344294 3.150000
v -8.398678 -31.344294 3.150000
v -8.398678 -31.344294 -4.650001
v -8.398678 -31.344294 -4.650001
v -8.398678 -31.344294 -4.650001
v -9.419739 -31.052715 3.999999
v -9.419739 -31.052715 3.999999
v -9.419739 -31.052715 3.999999
v -9.419739 -31.052715 3.150000
v -9.419739 -31.052715 3.150000
v -9.419739 -31.052715 3.150000
v -9.419739 -31.052715 -4.650001
v -9.419739 -31.052715 -4.650001
v -9.419739 -31.052715 -4.650001
v -10.430711 -30.727882 3.150000
v -10.430711 -30.727882 3.150000
v -10.430711 -30.727882 3.150000
v -10.430711 -30.727882 -4.650001
v -10.430711 -30.727882 -4.650001
v -10.430711 -30.727882 -4.650001
v -10.430711 -30.727882 3.999999
v -10.430711 -30.727882 3.999999
v -10.430711 -30.727882 3.999999
v -11.430515 -30.370148 3.150000
v -11.430515 -30.370148 3.150000
v -11.430515 -30.370148 3.150000
v -11.430515 -30.370148 -4.650001
v -11.430515 -30.370148 -4.650001
v -11.430515 -30.370148 -4.650001
v -11.430515 -30.370148 3.999999
v -11.430515 -30.370148 3.999999
v -11.430515 -30.370148 3.999999
v -12.418078 -29.979891 3.999999
v -12.418078 -29.979891 3.999999
v -12.418078 -29.979891 3.999999
v -12.418078 -29.979891 3.150000
v -12.418078 -29.979891 3.150000
v -12.418078 -29.979891 3.150000
v -12.418078 -29.979891 -4.650001
v -12.418078 -29.979891 -4.650001
v -12.418078 -29.979891 -4.650001
v -13.392344 -29.557531 3.150000
v -13.392344 -29.557531 3.150000
v -13.392344 -29.557531 3.150000
v -13.392344 -29.557531 -4.650001
v -13.392344 -29.557531 -4.650001
v -13.392344 -29.557531 -4.650001
v -13.392344 -29.557531 3.999999
v -13.392344 -29.557531 3.999999
v -13.392344 -29.557531 3.999999
v -14.352268 -29.103521 3.999999
v -14.352268 -29.103521 3.999999
v -14.352268 -29.103521 3.999999
v -14.352268 -29.103521 3.150000
v -14.352268 -29.103521 3.150000
v -14.352268 -29.103521 3.150000
v -14.352268 -29.103521 -4.650001
v -14.352268 -29.103521 -4.650001
v -14.352268 -29.103521 -4.650001
v -15.296824 -28.618345 3.999999
v -15.296824 -28.618345 3.999999
v -15.296824 -28.618345 3.999999
v -15.296824 -28.618345 3.150000
v -15.296824 -28.618345 3.150000
v -15.296824 -28.618345 3.150000
v -15.296824 -28.618345 -4.650001
v -15.296824 -28.618345 -4.650001
v -15.296824 -28.618345 -4.650001
v -16.225000 -28.102524 3.150000
v -16.225000 -28.102524 3.150000
v -16.225000 -28.102524 3.150000
v -16.225000 -28.102524 -4.650001
v -16.225000 -28.102524 -4.650001
v -16.225000 -28.102524 -4.650001
v -16.225000 -28.102524 3.999999
v -16.225000 -28.102524 3.999999
v -16.225000 -28.102524 3.999999
v -17.135801 -27.556610 3.150000
v -17.135801 -27.556610 3.150000
v -17.135801 -27.556610 3.150000
v -17.135801 -27.556610 -4.650001
v -17.135801 -27.556610 -4.650001
v -17.135801 -27.556610 -4.650001
v -17.135801 -27.556610 3.999999
v -17.135801 -27.556610 3.999999
v -17.135801 -27.556610 3.999999
v -18.028255 -26.981190 3.999999
v -18.028255 -26.981190 3.999999
v -18.028255 -26.981190 3.999999
v -18.028255 -26.981190 3.999999
v -18.028255 -26.981190 -4.650001
v -18.028255 -26.981190 -4.650001
v -18.028255 -26.981190 -4.650001
v -18.028255 -26.981190 3.150000
v -18.028255 -26.981190 3.150000
v -18.028255 -26.981190 3.150000
v -18.901403 -26.376875 3.999999
v -18.901403 -26.376875 3.999999
v -18.901403 -26.376875 3.999999
v -18.901403 -26.376875 3.150000
v -18.901403 -26.376875 3.150000
v -18.901403 -26.376875 3.150000
v -18.901403 -26.376875 -4.650001
v -18.901403 -26.376875 -4.650001
v -18.901403 -26.376875 -4.650001
v -19.754309 -25.744316 3.999999
v -19.754309 -25.744316 3.999999
v -19.754309 -25.744316 3.999999
v -19.754309 -25.744316 3.150000
v -19.754309 -25.744316 3.150000
v -19.754309 -25.744316 3.150000
v -19.754309 -25.744316 -4.650001
v -19.754309 -25.744316 -4.650001
v -19.754309 -25.744316 -4.650001
v -20.586063 -25.084188 3.999999
v -20.586063 -25.084188 3.999999
v -20.586063 -25.084188 3.999999
v -20.586063 -25.084188 -4.650001
v -20.586063 -25.084188 -4.650001
v -20.586063 -25.084188 -4.650001
v -20.586063 -25.084188 3.150000
v -20.586063 -25.084188 3.150000
v -20.586063 -25.084188 3.150000
v -21.395773 -24.397202 3.150000
v -21.395773 -24.397202 3.150000
v -21.395773 -24.397202 3.150000
v -21.395773 -24.397202 -4.650001
v -21.395773 -24.397202 -4.650001
v -21.395773 -24.397202 -4.650001
v -21.395773 -24.397202 -4.650001
v -21.395773 -24.397202 3.999999
v -21.395773 -24.397202 3.999999
v -21.395773 -24.397202 3.999999
v -22.182571 -23.684090 3.999999
v -22.182571 -23.684090 3.999999
v -22.182571 -23.684090 3.999999
v -22.182571 -23.684090 3.150000
v -22.182571 -23.684090 3.150000
v -22.182571 -23.684090 3.150000
v -22.182571 -23.684090 3.150000
v -22.182571 -23.684090 -4.650001
v -22.182571 -23.684090 -4.650001
v -22.182571 -23.684090 -4.650001
v -22.945616 -22.945616 3.150000
v -22.945616 -22.945616 3.150000
v -22.945616 -22.945616 3.150000
v -22.945616 -22.945616 -4.650001
v -22.945616 -22.945616 -4.650001
v -22.945616 -22.945616 -4.650001
v -22.945616 -22.945616 3.999999
v -22.945616 -22.945616 3.999999
v -22.945616 -22.945616 3.999999
v -23.684090 -22.182571 3.150000
v -23.684090 -22.182571 3.150000
v -23.684090 -22.182571 3.150000
v -23.684090 -22.182571 -4.650001
v -23.684090 -22.182571 -4.650001
v -23.684090 -22.182571 -4.650001
v -23.684090 -22.182571 3.999999
v -23.684090 -22.182571 3.999999
v -23.684090 -22.182571 3.999999
v -24.397202 -21.395773 3.150000
v -24.397202 -21.395773 3.150000
v -24.397202 -21.395773 3.150000
v -24.397202 -21.395773 -4.650001
v -24.397202 -21.395773 -4.650001
v -24.397202 -21.395773 -4.650001
v -24.397202 -21.395773 3.999999
v -24.397202 -21.395773 3.999999
v -24.397202 -21.395773 3.999999
v -25.084188 -20.586063 3.150000
v -25.084188 -20.586063 3.150000
v -25.084188 -20.586063 3.150000
v -25.084188 -20.586063 -4.650001
v -25.084188 -20.586063 -4.650001
v -25.084188 -20.586063 -4.650001
v -25.084188 -20.586063 3.999999
v -25.084188 -20.586063 3.999999
v -25.084188 -20.586063 3.999999
v -25.744316 -19.754309 3.150000
v -25.744316 -19.754309 3.150000
v -25.744316 -19.754309 3.150000
v -25.744316 -19.754309 -4.650001
v -25.744316 -19.754309 -4.650001
v -25.744316 -19.754309 -4.650001
v -25.744316 -19.754309 3.999999
v -25.744316 -19.754309 3.999999
v -25.744316 -19.754309 3.999999
v -26.376875 -18.901403 3.150000
v -26.376875 -18.901403 3.150000
v -26.376875 -18.901403 3.150000
v -26.376875 -18.901403 -4.650001
v -26.376875 -18.901403 -4.650001
v -26.376875 -18.901403 -4.650001
v -26.376875 -18.901403 3.999999
v -26.376875 -18.901403 3.999999
v -26.376875 -18.901403 3.999999
v -26.981190 -18.028255 3.150000
v -26.981190 -18.028255 3.150000
v -26.981190 -18.028255 3.150000
v -26.981190 -18.028255 -4.650001
v -26.981190 -18.028255 -4.650001
v -26.981190 -18.028255 -4.650001
v -26.981190 -18.028255 3.999999
v -26.981190 -18.028255 3.999999
v -26.981190 -18.028255 3.999999
v -26.981190 -18.028255 3.999999
v -27.556610 -17.135801 3.150000
v -27.556610 -17.135801 3.150000
v -27.556610 -17.135801 3.150000
v -27.556610 -17.135801 -4.650001
v -27.556610 -17.135801 -4.650001
v -27.556610 -17.135801 -4.650001
v -27.556610 -17.135801 3.999999
v -27.556610 -17.135801 3.999999
v -27.556610 -17.135801 3.999999
v -28.102524 -16.225000 3.150000
v -28.102524 -16.225000 3.150000
v -28.102524 -16.225000 3.150000
v -28.102524 -16.225000 -4.650001
v -28.102524 -16.225000 -4.650001
v -28.102524 -16.225000 -4.650001
v -28.102524 -16.225000 3.999999
v -28.102524 -16.225000 3.999999
v -28.102524 -16.225000 3.999999
v -28.618345 -15.296824 3.150000
v -28.618345 -15.296824 3.150000
v -28.618345 -15.296824 3.150000
v -28.618345 -15.296824 -4.650001
v -28.618345 -15.296824 -4.650001
v -28.618345 -15.296824 -4.650001
v -28.618345 -15.296824 3.999999
v -28.618345 -15.296824 3.999999
v -28.618345 -15.296824 3.999999
v -29.103521 -14.352268 3.150000
v -29.103521 -14.352268 3.150000
v -29.103521 -14.352268 3.150000
v -29.103521 -14.352268 -4.650001
v -29.103521 -14.352268 -4.650001
v -29.103521 -14.352268 -4.650001
v -29.103521 -14.352268 3.999999
v -29.103521 -14.352268 3.999999
v -29.103521 -14.352268 3.999999
v -29.557531 -13.392344 3.150000
v -29.557531 -13.392344 3.150000
v -29.557531 -13.392344 3.150000
v -29.557531 -13.392344 -4.650001
v -29.557531 -13.392344 -4.650001
v -29.557531 -13.392344 -4.650001
v -29.557531 -13.392344 3.999999
v -29.557531 -13.392344 3.999999
v -29.557531 -13.392344 3.999999
v -29.557531 -13.392344 3.999999
v -29.979891 -12.418078 3.150000
v -29.979891 -12.418078 3.150000
v -29.979891 -12.418078 3.150000
v -29.979891 -12.418078 -4.650001
v -29.979891 -12.418078 -4.650001
v -29.979891 -12.418078 -4.650001
v -29.979891 -12.418078 3.999999
v -29.979891 -12.418078 3.999999
v -29.979891 -12.418078 3.999999
v -30.370148 -11.430515 3.150000
v -30.370148 -11.430515 3.150000
v -30.370148 -11.430515 3.150000
v -30.370148 -11.430515 -4.650001
v -30.370148 -11.430515 -4.650001
v -30.370148 -11.430515 -4.650001
v -30.370148 -11.430515 3.999999
v -30.370148 -11.430515 3.999999
v -30.370148 -11.430515 3.999999
v -30.727882 -10.430711 3.150000
v -30.727882 -10.430711 3.150000
v -30.727882 -10.430711 3.150000
v -30.727882 -10.430711 -4.650001
v -30.727882 -10.430711 -4.650001
v -30.727882 -10.430711 -4.650001
v -30.727882 -10.430711 3.999999
v -30.727882 -10.430711 3.999999
v -30.727882 -10.430711 3.999999
v -31.052715 -9.419739 3.150000
v -31.052715 -9.419739 3.150000
v -31.052715 -9.419739 3.150000
v -31.052715 -9.419739 -4.650001
v -31.052715 -9.419739 -4.650001
v -31.052715 -9.419739 -4.650001
v -31.052715 -9.419739 3.999999
v -31.052715 -9.419739 3.999999
v -31.052715 -9.419739 3.999999
v -31.344294 -8.398678 3.150000
v -31.344294 -8.398678 3.150000
v -31.344294 -8.398678 3.150000
v -31.344294 -8.398678 -4.650001
v -31.344294 -8.398678 -4.650001
v -31.344294 -8.398678 -4.650001
v -31.344294 -8.398678 3.999999
v -31.344294 -8.398678 3.999999
v -31.344294 -8.398678 3.999999
v -31.602308 -7.368625 3.150000
v -31.602308 -7.368625 3.150000
v -31.602308 -7.368625 3.150000
v -31.602308 -7.368625 -4.650001
v -31.602308 -7.368625 -4.650001
v -31.602308 -7.368625 -4.650001
v -31.602308 -7.368625 3.999999
v -31.602308 -7.368625 3.999999
v -31.602308 -7.368625 3.999999
v -31.826483 -6.330681 3.150000
v -31.826483 -6.330681 3.150000
v -31.826483 -6.330681 3.150000
v -31.826483 -6.330681 -4.650001
v -31.826483 -6.330681 -4.650001
v -31.826483 -6.330681 -4.650001
v -31.826483 -6.330681 3.999999
v -31.826483 -6.330681 3.999999
v -31.826483 -6.330681 3.999999
v -32.016575 -5.285958 3.150000
v -32.016575 -5.285958 3.150000
v -32.016575 -5.285958 3.150000
v -32.016575 -5.285958 -4.650001
v -32.016575 -5.285958 -4.650001
v -32.016575 -5.285958 -4.650001
v -32.016575 -5.285958 3.999999
v -32.016575 -5.285958 3.999999
v -32.016575 -5.285958 3.999999
v -32.172386 -4.235575 3.150000
v -32.172386 -4.235575 3.150000
v -32.172386 -4.235575 3.150000
v -32.172386 -4.235575 -4.650001
v -32.172386 -4.235575 -4.650001
v -32.172386 -4.235575 -4.650001
v -32.172386 -4.235575 3.999999
v -32.172386 -4.235575 3.999999
v -32.172386 -4.235575 3.999999
v -32.293743 -3.180656 3.150000
v -32.293743 -3.180656 3.150000
v -32.293743 -3.180656 3.150000
v -32.293743 -3.180656 -4.650001
v -32.293743 -3.180656 -4.650001
v -32.293743 -3.180656 -4.650001
v -32.293743 -3.180656 3.999999
v -32.293743 -3.180656 3.999999
v -32.293743 -3.180656 3.999999
v -32.380524 -2.122332 3.150000
v -32.380524 -2.122332 3.150000
v -32.380524 -2.122332 3.150000
v -32.380524 -2.122332 -4.650001
v -32.380524 -2.122332 -4.650001
v -32.380524 -2.122332 -4.650001
v -32.380524 -2.122332 3.999999
v -32.380524 -2.122332 3.999999
v -32.380524 -2.122332 3.999999
v -32.432625 -1.061734 3.150000
v -32.432625 -1.061734 3.150000
v -32.432625 -1.061734 3.150000
v -32.432625 -1.061734 -4.650001
v -32.432625 -1.061734 -4.650001
v -32.432625 -1.061734 -4.650001
v -32.432625 -1.061734 3.999999
v -32.432625 -1.061734 3.999999
v -32.432625 -1.061734 3.999999
v -32.450001 0.000000 3.150000
v -32.450001 0.000000 3.150000
v -32.450001 0.000000 3.150000
v -32.450001 0.000000 -4.650001
v -32.450001 0.000000 -4.650001
v -32.450001 0.000000 -4.650001
v -32.450001 0.000000 3.999999
v -32.450001 0.000000 3.999999
v -32.450001 0.000000 3.999999
v -32.432625 1.061734 3.150000
v -32.432625 1.061734 3.150000
v -32.432625 1.061734 3.150000
v -32.432625 1.061734 -4.650001
v -32.432625 1.061734 -4.650001
v -32.432625 1.061734 -4.650001
v -32.432625 1.061734 3.999999
v -32.432625 1.061734 3.999999
v -32.432625 1.061734 3.999999
v -32.380524 2.122332 3.150000
v -32.380524 2.122332 3.150000
v -32.380524 2.122332 3.150000
v -32.380524 2.122332 -4.650001
v -32.380524 2.122332 -4.650001
v -32.380524 2.122332 -4.650001
v -32.380524 2.122332 3.999999
v -32.380524 2.122332 3.999999
v -32.380524 2.122332 3.999999
v -32.293743 3.180656 3.150000
v -32.293743 3.180656 3.150000
v -32.293743 3.180656 3.150000
v -32.293743 3.180656 -4.650001
v -32.293743 3.180656 -4.650001
v -32.293743 3.180656 -4.650001
v -32.293743 3.180656 3.999999
v -32.293743 3.180656 3.999999
v -32.293743 3.180656 3.999999
v -32.172386 4.235575 3.150000
v -32.172386 4.235575 3.150000
v -32.172386 4.235575 3.150000
v -32.172386 4.235575 -4.650001
v -32.172386 4.235575 -4.650001
v -32.172386 4.235575 -4.650001
v -32.172386 4.235575 3.999999
v -32.172386 4.235575 3.999999
v -32.172386 4.235575 3.999999
v -32.016575 5.285958 3.150000
v -32.016575 5.285958 3.150000
v -32.016575 5.285958 3.150000
v -32.016575 5.285958 -4.650001
v -32.016575 5.285958 -4.650001
v -32.016575 5.285958 -4.650001
v -32.016575 5.285958 3.999999
v -32.016575 5.285958 3.999999
v -32.016575 5.285958 3.999999
v -31.826483 6.330681 3.150000
v -31.826483 6.330681 3.150000
v -31.826483 6.330681 3.150000
v -31.826483 6.330681 -4.650001
v -31.826483 6.330681 -4.650001
v -31.826483 6.330681 -4.650001
v -31.826483 6.330681 3.999999
v -31.826483 6.330681 3.999999
v -31.826483 6.330681 3.999999
v -31.602308 7.368625 3.150000
v -31.602308 7.368625 3.150000
v -31.602308 7.368625 3.150000
v -31.602308 7.368625 -4.650001
v -31.602308 7.368625 -4.650001
v -31.602308 7.368625 -4.650001
v -31.602308 7.368625 3.999999
v -31.602308 7.368625 3.999999
v -31.602308 7.368625 3.999999
v -31.344294 8.398678 3.150000
v -31.344294 8.398678 3.150000
v -31.344294 8.398678 3.150000
v -31.344294 8.398678 -4.650001
v -31.344294 8.398678 -4.650001
v -31.344294 8.398678 -4.650001
v -31.344294 8.398678 3.999999
v -31.344294 8.398678 3.999999
v -31.344294 8.398678 3.999999
v -31.052715 9.419739 3.150000
v -31.052715 9.419739 3.150000
v -31.052715 9.419739 3.150000
v -31.052715 9.419739 -4.650001
v -31.052715 9.419739 -4.650001
v -31.052715 9.419739 -4.650001
v -31.052715 9.419739 3.999999
v -31.052715 9.419739 3.999999
v -31.052715 9.419739 3.999999
v -30.727882 10.430711 3.150000
v -30.727882 10.430711 3.150000
v -30.727882 10.430711 3.150000
v -30.727882 10.430711 -4.650001
v -30.727882 10.430711 -4.650001
v -30.727882 10.430711 -4.650001
v -30.727882 10.430711 3.999999
v -30.727882 10.430711 3.999999
v -30.727882 10.430711 3.999999
v -30.370148 11.430515 3.150000
v -30.370148 11.430515 3.150000
v -30.370148 11.430515 3.150000
v -30.370148 11.430515 -4.650001
v -30.370148 11.430515 -4.650001
v -30.370148 11.430515 -4.650001
v -30.370148 11.430515 3.999999
v -30.370148 11.430515 3.999999
v -30.370148 11.430515 3.999999
v -29.979891 12.418078 3.150000
v -29.979891 12.418078 3.150000
v -29.979891 12.418078 3.150000
v -29.979891 12.418078 -4.650001
v -29.979891 12.418078 -4.650001
v -29.979891 12.418078 -4.650001
v -29.979891 12.418078 3.999999
v -29.979891 12.418078 3.999999
v -29.979891 12.418078 3.999999
v -29.979891 12.418078 3.999999
v -29.557531 13.392344 3.150000
v -29.557531 13.392344 3.150000
v -29.557531 13.392344 3.150000
v -29.557531 13.392344 -4.650001
v -29.557531 13.392344 -4.650001
v -29.557531 13.392344 -4.650001
v -29.557531 13.392344 3.999999
v -29.557531 13.392344 3.999999
v -29.557531 13.392344 3.999999
v -29.103521 14.352268 3.150000
v -29.103521 14.352268 3.150000
v -29.103521 14.352268 3.150000
v -29.103521 14.352268 -4.650001
v -29.103521 14.352268 -4.650001
v -29.103521 14.352268 -4.650001
v -29.103521 14.352268 3.999999
v -29.103521 14.352268 3.999999
v -29.103521 14.352268 3.999999
v -28.618345 15.296824 3.150000
v -28.618345 15.296824 3.150000
v -28.618345 15.296824 3.150000
v -28.618345 15.296824 -4.650001
v -28.618345 15.296824 -4.650001
v -28.618345 15.296824 -4.650001
v -28.618345 15.296824 3.999999
v -28.618345 15.296824 3.999999
v -28.618345 15.296824 3.999999
v -28.102524 16.225000 3.150000
v -28.102524 16.225000 3.150000
v -28.102524 16.225000 3.150000
v -28.102524 16.225000 -4.650001
v -28.102524 16.225000 -4.650001
v -28.102524 16.225000 -4.650001
v -28.102524 16.225000 3.999999
v -28.102524 16.225000 3.999999
v -28.102524 16.225000 3.999999
v -27.556610 17.135801 3.150000
v -27.556610 17.135801 3.150000
v -27.556610 17.135801 3.150000
v -27.556610 17.135801 -4.650001
v -27.556610 17.135801 -4.650001
v -27.556610 17.135801 -4.650001
v -27.556610 17.135801 3.999999
v -27.556610 17.135801 3.999999
v -27.556610 17.135801 3.999999
v -27.556610 17.135801 3.999999
v -26.981190 18.028255 3.150000
v -26.981190 18.028255 3.150000
v -26.981190 18.028255 3.150000
v -26.981190 18.028255 -4.650001
v -26.981190 18.028255 -4.650001
v -26.981190 18.028255 -4.650001
v -26.981190 18.028255 3.999999
v -26.981190 18.028255 3.999999
v -26.981190 18.028255 3.999999
v -26.376875 18.901403 3.150000
v -26.376875 18.901403 3.150000
v -26.376875 18.901403 3.150000
v -26.376875 18.901403 -4.650001
v -26.376875 18.901403 -4.650001
v -26.376875 18.901403 -4.650001
v -26.376875 18.901403 3.999999
v -26.376875 18.901403 3.999999
v -26.376875 18.901403 3.999999
v -25.744316 19.754309 3.150000
v -25.744316 19.754309 3.150000
v -25.744316 19.754309 3.150000
v -25.744316 19.754309 -4.650001
v -25.744316 19.754309 -4.650001
v -25.744316 19.754309 -4.650001
v -25.744316 19.754309 3.999999
v -25.744316 19.754309 3.999999
v -25.744316 19.754309 3.999999
v -25.084188 20.586063 3.150000
v -25.084188 20.586063 3.150000
v -25.084188 20.586063 3.150000
v -25.084188 20.586063 -4.650001
v -25.084188 20.586063 -4.650001
v -25.084188 20.586063 -4.650001
v -25.084188 20.586063 3.999999
v -25.084188 20.586063 3.999999
v -25.084188 20.586063 3.999999
v -24.397202 21.395773 3.150000
v -24.397202 21.395773 3.150000
v -24.397202 21.395773 3.150000
v -24.397202 21.395773 -4.650001
v -24.397202 21.395773 -4.650001
v -24.397202 21.395773 -4.650001
v -24.397202 21.395773 3.999999
v -24.397202 21.395773 3.999999
v -24.397202 21.395773 3.999999
v -23.684090 22.182571 3.150000
v -23.684090 22.182571 3.150000
v -23.684090 22.182571 3.150000
v -23.684090 22.182571 -4.650001
v -23.684090 22.182571 -4.650001
v -23.684090 22.182571 -4.650001
v -23.684090 22.182571 3.999999
v -23.684090 22.182571 3.999999
v -23.684090 22.182571 3.999999
v -22.945616 22.945616 3.150000
v -22.945616 22.945616 3.150000
v -22.945616 22.945616 3.150000
v -22.945616 22.945616 -4.650001
v -22.945616 22.945616 -4.650001
v -22.945616 22.945616 -4.650001
v -22.945616 22.945616 3.999999
v -22.945616 22.945616 3.999999
v -22.945616 22.945616 3.999999
v -22.182571 23.684090 3.150000
v -22.182571 23.684090 3.150000
v -22.182571 23.684090 3.150000
v -22.182571 23.684090 -4.650001
v -22.182571 23.684090 -4.650001
v -22.182571 23.684090 -4.650001
v -22.182571 23.684090 -4.650001
v -22.182571 23.684090 3.999999
v -22.182571 23.684090 3.999999
v -22.182571 23.684090 3.999999
v -22.182571 23.684090 3.999999
v -21.395773 24.397202 3.150000
v -21.395773 24.397202 3.150000
v -21.395773 24.397202 3.150000
v -21.395773 24.397202 3.150000
v -21.395773 24.397202 -4.650001
v -21.395773 24.397202 -4.650001
v -21.395773 24.397202 -4.650001
v -21.395773 24.397202 3.999999
v -21.395773 24.397202 3.999999
v -21.395773 24.397202 3.999999
v -21.395773 24.397202 3.999999
v -20.586063 25.084188 3.150000
v -20.586063 25.084188 3.150000
v -20.586063 25.084188 3.150000
v -20.586063 25.084188 -4.650001
v -20.586063 25.084188 -4.650001
v -20.586063 25.084188 -4.650001
v -20.586063 25.084188 3.999999
v -20.586063 25.084188 3.999999
v -20.586063 25.084188 3.999999
v -19.754309 25.744316 3.150000
v -19.754309 25.744316 3.150000
v -19.754309 25.744316 3.150000
v -19.754309 25.744316 -4.650001
v -19.754309 25.744316 -4.650001
v -19.754309 25.744316 -4.650001
v -19.754309 25.744316 3.999999
v -19.754309 25.744316 3.999999
v -19.754309 25.744316 3.999999
v -18.901403 26.376875 3.150000
v -18.901403 26.376875 3.150000
v -18.901403 26.376875 3.150000
v -18.901403 26.376875 -4.650001
v -18.901403 26.376875 -4.650001
v -18.901403 26.376875 -4.650001
v -18.901403 26.376875 3.999999
v -18.901403 26.376875 3.999999
v -18.901403 26.376875 3.999999
v -18.028255 26.981190 3.150000
v -18.028255 26.981190 3.150000
v -18.028255 26.981190 3.150000
v -18.028255 26.981190 -4.650001
v -18.028255 26.981190 -4.650001
v -18.028255 26.981190 -4.650001
v -18.028255 26.981190 3.999999
v -18.028255 26.981190 3.999999
v -18.028255 26.981190 3.999999
v -18.028255 26.981190 3.999999
v -17.135801 27.556610 3.150000
v -17.135801 27.556610 3.150000
v -17.135801 27.556610 3.150000
v -17.135801 27.556610 -4.650001
v -17.135801 27.556610 -4.650001
v -17.135801 27.556610 -4.650001
v -17.135801 27.556610 3.999999
v -17.135801 27.556610 3.999999
v -17.135801 27.556610 3.999999
v -16.225000 28.102524 3.150000
v -16.225000 28.102524 3.150000
v -16.225000 28.102524 3.150000
v -16.225000 28.102524 -4.650001
v -16.225000 28.102524 -4.650001
v -16.225000 28.102524 -4.650001
v -16.225000 28.102524 3.999999
v -16.225000 28.102524 3.999999
v -16.225000 28.102524 3.999999
v -15.296824 28.618345 3.150000
v -15.296824 28.618345 3.150000
v -15.296824 28.618345 3.150000
v -15.296824 28.618345 -4.650001
v -15.296824 28.618345 -4.650001
v -15.296824 28.618345 -4.650001
v -15.296824 28.618345 3.999999
v -15.296824 28.618345 3.999999
v -15.296824 28.618345 3.999999
v -14.352268 29.103521 3.150000
v -14.352268 29.103521 3.150000
v -14.352268 29.103521 3.150000
v -14.352268 29.103521 -4.650001
v -14.352268 29.103521 -4.650001
v -14.352268 29.103521 -4.650001
v -14.352268 29.103521 3.999999
v -14.352268 29.103521 3.999999
v -14.352268 29.103521 3.999999
v -13.392344 29.557531 3.150000
v -13.392344 29.557531 3.150000
v -13.392344 29.557531 3.150000
v -13.392344 29.557531 -4.650001
v -13.392344 29.557531 -4.650001
v -13.392344 29.557531 -4.650001
v -13.392344 29.557531 3.999999
v -13.392344 29.557531 3.999999
v -13.392344 29.557531 3.999999
v -12.418078 29.979891 3.150000
v -12.418078 29.979891 3.150000
v -12.418078 29.979891 3.150000
v -12.418078 29.979891 -4.650001
v -12.418078 29.979891 -4.650001
v -12.418078 29.979891 -4.650001
v -12.418078 29.979891 3.999999
v -12.418078 29.979891 3.999999
v -12.418078 29.979891 3.999999
v -11.430515 30.370148 3.150000
v -11.430515 30.370148 3.150000
v -11.430515 30.370148 3.150000
v -11.430515 30.370148 -4.650001
v -11.430515 30.370148 -4.650001
v -11.430515 30.370148 -4.650001
v -11.430515 30.370148 3.999999
v -11.430515 30.370148 3.999999
v -11.430515 30.370148 3.999999
v -10.430711 30.727882 3.150000
v -10.430711 30.727882 3.150000
v -10.430711 30.727882 3.150000
v -10.430711 30.727882 -4.650001
v -10.430711 30.727882 -4.650001
v -10.430711 30.727882 -4.650001
v -10.430711 30.727882 3.999999
v -10.430711 30.727882 3.999999
v -10.430711 30.727882 3.999999
v -9.419739 31.052715 3.150000
v -9.419739 31.052715 3.150000
v -9.419739 31.052715 3.150000
v -9.419739 31.052715 -4.650001
v -9.419739 31.052715 -4.650001
v -9.419739 31.052715 -4.650001
v -9.419739 31.052715 3.999999
v -9.419739 31.052715 3.999999
v -9.419739 31.052715 3.999999
v -8.398678 31.344294 3.150000
v -8.398678 31.344294 3.150000
v -8.398678 31.344294 3.150000
v -8.398678 31.344294 -4.650001
v -8.398678 31.344294 -4.650001
v -8.398678 31.344294 -4.650001
v -8.398678 31.344294 3.999999
v -8.398678 31.344294 3.999999
v -8.398678 31.344294 3.999999
v -7.368625 31.602308 3.150000
v -7.368625 31.602308 3.150000
v -7.368625 31.602308 3.150000
v -7.368625 31.602308 -4.650001
v -7.368625 31.602308 -4.650001
v -7.368625 31.602308 -4.650001
v -7.368625 31.602308 3.999999
v -7.368625 31.602308 3.999999
v -7.368625 31.602308 3.999999
v -6.330681 31.826483 3.150000
v -6.330681 31.826483 3.150000
v -6.330681 31.826483 3.150000
v -6.330681 31.826483 -4.650001
v -6.330681 31.826483 -4.650001
v -6.330681 31.826483 -4.650001
v -6.330681 31.826483 3.999999
v -6.330681 31.826483 3.999999
v -6.330681 31.826483 3.999999
v -5.285958 32.016575 3.150000
v -5.285958 32.016575 3.150000
v -5.285958 32.016575 3.150000
v -5.285958 32.016575 -4.650001
v -5.285958 32.016575 -4.650001
v -5.285958 32.016575 -4.650001
v -5.285958 32.016575 3.999999
v -5.285958 32.016575 3.999999
v -5.285958 32.016575 3.999999
v -4.235575 32.172386 3.150000
v -4.235575 32.172386 3.150000
v -4.235575 32.172386 3.150000
v -4.235575 32.172386 -4.650001
v -4.235575 32.172386 -4.650001
v -4.235575 32.172386 -4.650001
v -4.235575 32.172386 3.999999
v -4.235575 32.172386 3.999999
v -4.235575 32.172386 3.999999
v -3.180656 32.293743 3.150000
v -3.180656 32.293743 3.150000
v -3.180656 32.293743 3.150000
v -3.180656 32.293743 -4.650001
v -3.180656 32.293743 -4.650001
v -3.180656 32.293743 -4.650001
v -3.180656 32.293743 3.999999
v -3.180656 32.293743 3.999999
v -3.180656 32.293743 3.999999
v -2.122332 32.380524 3.150000
v -2.122332 32.380524 3.150000
v -2.122332 32.380524 3.150000
v -2.122332 32.380524 -4.650001
v -2.122332 32.380524 -4.650001
v -2.122332 32.380524 -4.650001
v -2.122332 32.380524 3.999999
v -2.122332 32.380524 3.999999
v -2.122332 32.380524 3.999999
v -1.061734 32.432625 -4.650001
v -1.061734 32.432625 -4.650001
v -1.061734 32.432625 -4.650001
v -1.953954 -1.305590 -4.650001
v -1.953954 -1.305590 -4.650001
v -1.953954 -1.305590 -4.650001
v -2.035160 -1.175000 -4.650001
v -2.035160 -1.175000 -4.650001
v -2.035160 -1.175000 -4.650001
v -2.107651 -1.039378 -4.650001
v -2.107651 -1.039378 -4.650001
v -2.107651 -1.039378 -4.650001
v 2.107651 -1.039378 -4.650001
v 2.107651 -1.039378 -4.650001
v 2.107651 -1.039378 -4.650001
v 2.171117 -0.899306 -4.650001
v 2.171117 -0.899306 -4.650001
v 2.171117 -0.899306 -4.650001
v 2.171117 -0.899306 -4.650001
v -2.171117 -0.899306 -4.650001
v -2.171117 -0.899306 -4.650001
v -2.171117 -0.899306 -4.650001
v -2.171117 -0.899306 -4.650001
v 2.225286 -0.755383 -4.650001
v 2.225286 -0.755383 -4.650001
v 2.225286 -0.755383 -4.650001
v -2.225286 -0.755383 -4.650001
v -2.225286 -0.755383 -4.650001
v -2.225286 -0.755383 -4.650001
v 2.269926 -0.608225 -4.650001
v 2.269926 -0.608225 -4.650001
v 2.269926 -0.608225 -4.650001
v -2.269926 -0.608225 -4.650001
v -2.269926 -0.608225 -4.650001
v -2.269926 -0.608225 -4.650001
v -2.304845 -0.458462 -4.650001
v -2.304845 -0.458462 -4.650001
v -2.304845 -0.458462 -4.650001
v 2.304845 -0.458462 -4.650001
v 2.304845 -0.458462 -4.650001
v 2.304845 -0.458462 -4.650001
v 2.329895 -0.306737 -4.650001
v 2.329895 -0.306737 -4.650001
v 2.329895 -0.306737 -4.650001
v -2.329895 -0.306737 -4.650001
v -2.329895 -0.306737 -4.650001
v -2.329895 -0.306737 -4.650001
v -2.344968 -0.153697 -4.650001
v -2.344968 -0.153697 -4.650001
v -2.344968 -0.153697 -4.650001
v 2.344968 -0.153697 -4.650001
v 2.344968 -0.153697 -4.650001
v 2.344968 -0.153697 -4.650001
v 2.350000 0.000000 -4.650001
v 2.350000 0.000000 -4.650001
v 2.350000 0.000000 -4.650001
v -2.350000 0.000000 -4.650001
v -2.350000 0.000000 -4.650001
v -2.350000 0.000000 -4.650001
v -2.344968 0.153697 -4.650001
v -2.344968 0.153697 -4.650001
v -2.344968 0.153697 -4.650001
v 2.344968 0.153697 -4.650001
v 2.344968 0.153697 -4.650001
v 2.344968 0.153697 -4.650001
v 2.329895 0.306737 -4.650001
v 2.329895 0.306737 -4.650001
v 2.329895 0.306737 -4.650001
v -2.329895 0.306737 -4.650001
v -2.329895 0.306737 -4.650001
v -2.329895 0.306737 -4.650001
v -2.304845 0.458462 -4.650001
v -2.304845 0.458462 -4.650001
v -2.304845 0.458462 -4.650001
v 2.304845 0.458462 -4.650001
v 2.304845 0.458462 -4.650001
v 2.304845 0.458462 -4.650001
v 2.269926 0.608225 -4.650001
v 2.269926 0.608225 -4.650001
v 2.269926 0.608225 -4.650001
v -2.269926 0.608225 -4.650001
v -2.269926 0.608225 -4.650001
v -2.269926 0.608225 -4.650001
v -2.225286 0.755383 -4.650001
v -2.225286 0.755383 -4.650001
v -2.225286 0.755383 -4.650001
v -2.225286 0.755383 -4.650001
v 2.225286 0.755383 -4.650001
v 2.225286 0.755383 -4.650001
v 2.225286 0.755383 -4.650001
v 2.225286 0.755383 -4.650001
v 2.171117 0.899306 -4.650001
v 2.171117 0.899306 -4.650001
v 2.171117 0.899306 -4.650001
v -2.171117 0.899306 -4.650001
v -2.171117 0.899306 -4.650001
v -2.171117 0.899306 -4.650001
v -2.107651 1.039378 -4.650001
v -2.107651 1.039378 -4.650001
v -2.107651 1.039378 -4.650001
v 2.107651 1.039378 -4.650001
v 2.107651 1.039378 -4.650001
v 2.107651 1.039378 -4.650001
v 2.035160 1.175000 -4.650001
v 2.035160 1.175000 -4.650001
v 2.035160 1.175000 -4.650001
v -2.035160 1.175000 -4.650001
v -2.035160 1.175000 -4.650001
v -2.035160 1.175000 -4.650001
v -1.953954 1.305590 -4.650001
v -1.953954 1.305590 -4.650001
v -1.953954 1.305590 -4.650001
v 1.953954 1.305590 -4.650001
v 1.953954 1.305590 -4.650001
v 1.953954 1.305590 -4.650001
v 1.864380 1.430589 -4.650001
v 1.864380 1.430589 -4.650001
v 1.864380 1.430589 -4.650001
v -1.864380 1.430589 -4.650001
v -1.864380 1.430589 -4.650001
v -1.864380 1.430589 -4.650001
v -1.766823 1.549463 -4.650001
v -1.766823 1.549463 -4.650001
v -1.766823 1.549463 -4.650001
v 1.766823 1.549463 -4.650001
v 1.766823 1.549463 -4.650001
v 1.766823 1.549463 -4.650001
v 1.661701 1.661701 -4.650001
v 1.661701 1.661701 -4.650001
v 1.661701 1.661701 -4.650001
v -1.661701 1.661701 -4.650001
v -1.661701 1.661701 -4.650001
v -1.661701 1.661701 -4.650001
v -1.549463 1.766823 -4.650001
v -1.549463 1.766823 -4.650001
v -1.549463 1.766823 -4.650001
v 1.549463 1.766823 -4.650001
v 1.549463 1.766823 -4.650001
v 1.549463 1.766823 -4.650001
v 1.430589 1.864380 -4.650001
v 1.430589 1.864380 -4.650001
v 1.430589 1.864380 -4.650001
v -1.430589 1.864380 -4.650001
v -1.430589 1.864380 -4.650001
v -1.430589 1.864380 -4.650001
v -1.305590 1.953954 -4.650001
v -1.305590 1.953954 -4.650001
v -1.305590 1.953954 -4.650001
v 1.305590 1.953954 -4.650001
v 1.305590 1.953954 -4.650001
v 1.305590 1.953954 -4.650001
v 1.175000 2.035160 -4.650001
v 1.175000 2.035160 -4.650001
v 1.175000 2.035160 -4.650001
v -1.175000 2.035160 -4.650001
v -1.175000 2.035160 -4.650001
v -1.175000 2.035160 -4.650001
v -1.039378 2.107651 -4.650001
v -1.039378 2.107651 -4.650001
v -1.039378 2.107651 -4.650001
v 1.039378 2.107651 -4.650001
v 1.039378 2.107651 -4.650001
v 1.039378 2.107651 -4.650001
v 0.899306 2.171117 -4.650001
v 0.899306 2.171117 -4.650001
v 0.899306 2.171117 -4.650001
v -0.899306 2.171117 -4.650001
v -0.899306 2.171117 -4.650001
v -0.899306 2.171117 -4.650001
v -0.755383 2.225286 -4.650001
v -0.755383 2.225286 -4.650001
v -0.755383 2.225286 -4.650001
v 0.755383 2.225286 -4.650001
v 0.755383 2.225286 -4.650001
v 0.755383 2.225286 -4.650001
v 0.608225 2.269926 -4.650001
v 0.608225 2.269926 -4.650001
v 0.608225 2.269926 -4.650001
v -0.608225 2.269926 -4.650001
v -0.608225 2.269926 -4.650001
v -0.608225 2.269926 -4.650001
v -0.458462 2.304845 -4.650001
v -0.458462 2.304845 -4.650001
v -0.458462 2.304845 -4.650001
v 0.458462 2.304845 -4.650001
v 0.458462 2.304845 -4.650001
v 0.458462 2.304845 -4.650001
v 0.306737 2.329895 -4.650001
v 0.306737 2.329895 -4.650001
v 0.306737 2.329895 -4.650001
v -0.306737 2.329895 -4.650001
v -0.306737 2.329895 -4.650001
v -0.306737 2.329895 -4.650001
v -0.153697 2.344968 -4.650001
v -0.153697 2.344968 -4.650001
v -0.153697 2.344968 -4.650001
v 0.153697 2.344968 -4.650001
v 0.153697 2.344968 -4.650001
v 0.153697 2.344968 -4.650001
v 0.000000 2.350000 -4.650001
v 0.000000 2.350000 -4.650001
v 0.000000 2.350000 -4.650001
v -1.864380 -1.430589 -4.650001
v -1.864380 -1.430589 -4.650001
v -1.864380 -1.430589 -4.650001
v 2.035160 -1.175000 -4.650001
v 2.035160 -1.175000 -4.650001
v 2.035160 -1.175000 -4.650001
v 1.953954 -1.305590 -4.650001
v 1.953954 -1.305590 -4.650001
v 1.953954 -1.305590 -4.650001
v -1.766823 -1.549463 -4.650001
v -1.766823 -1.549463 -4.650001
v -1.766823 -1.549463 -4.650001
v -1.661701 -1.661701 -4.650001
v -1.661701 -1.661701 -4.650001
v -1.661701 -1.661701 -4.650001
v 1.864380 -1.430589 -4.650001
v 1.864380 -1.430589 -4.650001
v 1.864380 -1.430589 -4.650001
v 1.766823 -1.549463 -4.650001
v 1.766823 -1.549463 -4.650001
v 1.766823 -1.549463 -4.650001
v -1.549463 -1.766823 -4.650001
v -1.549463 -1.766823 -4.650001
v -1.549463 -1.766823 -4.650001
v -1.430589 -1.864380 -4.650001
v -1.430589 -1.864380 -4.650001
v -1.430589 -1.864380 -4.650001
v 1.661701 -1.661701 -4.650001
v 1.661701 -1.661701 -4.650001
v 1.661701 -1.661701 -4.650001
v 1.549463 -1.766823 -4.650001
v 1.549463 -1.766823 -4.650001
v 1.549463 -1.766823 -4.650001
v -1.305590 -1.953954 -4.650001
v -1.305590 -1.953954 -4.650001
v -1.305590 -1.953954 -4.650001
v -1.175000 -2.035160 -4.650001
v -1.175000 -2.035160 -4.650001
v -1.175000 -2.035160 -4.650001
v 1.430589 -1.864380 -4.650001
v 1.430589 -1.864380 -4.650001
v 1.430589 -1.864380 -4.650001
v 1.305590 -1.953954 -4.650001
v 1.305590 -1.953954 -4.650001
v 1.305590 -1.953954 -4.650001
v -1.039378 -2.107651 -4.650001
v -1.039378 -2.107651 -4.650001
v -1.039378 -2.107651 -4.650001
v -0.899306 -2.171117 -4.650001
v -0.899306 -2.171117 -4.650001
v -0.899306 -2.171117 -4.650001
v 1.175000 -2.035160 -4.650001
v 1.175000 -2.035160 -4.650001
v 1.175000 -2.035160 -4.650001
v 1.039378 -2.107651 -4.650001
v 1.039378 -2.107651 -4.650001
v 1.039378 -2.107651 -4.650001
v -0.755383 -2.225286 -4.650001
v -0.755383 -2.225286 -4.650001
v -0.755383 -2.225286 -4.650001
v 0.899306 -2.171117 -4.650001
v 0.899306 -2.171117 -4.650001
v 0.899306 -2.171117 -4.650001
v 0.755383 -2.225286 -4.650001
v 0.755383 -2.225286 -4.650001
v 0.755383 -2.225286 -4.650001
v -0.608225 -2.269926 -4.650001
v -0.608225 -2.269926 -4.650001
v -0.608225 -2.269926 -4.650001
v -0.458462 -2.304845 -4.650001
v -0.458462 -2.304845 -4.650001
v -0.458462 -2.304845 -4.650001
v 0.608225 -2.269926 -4.650001
v 0.608225 -2.269926 -4.650001
v 0.608225 -2.269926 -4.650001
v 0.458462 -2.304845 -4.650001
v 0.458462 -2.304845 -4.650001
v 0.458462 -2.304845 -4.650001
v -0.306737 -2.329895 -4.650001
v -0.306737 -2.329895 -4.650001
v -0.306737 -2.329895 -4.650001
v -0.153697 -2.344968 -4.650001
v -0.153697 -2.344968 -4.650001
v -0.153697 -2.344968 -4.650001
v 0.306737 -2.329895 -4.650001
v 0.306737 -2.329895 -4.650001
v 0.306737 -2.329895 -4.650001
v 0.153697 -2.344968 -4.650001
v 0.153697 -2.344968 -4.650001
v 0.153697 -2.344968 -4.650001
v 0.000000 -2.350000 -4.650001
v 0.000000 -2.350000 -4.650001
v 0.000000 -2.350000 -4.650001
v -1.061734 32.432625 3.150000
v -1.061734 32.432625 3.150000
v -1.061734 32.432625 3.150000
v -1.061734 32.432625 3.999999
v -1.061734 32.432625 3.999999
v -1.061734 32.432625 3.999999
v 0.000000 33.049999 3.999999
v 0.000000 33.049999 3.999999
v 0.000000 33.049999 3.999999
v 0.000000 33.049999 3.150000
v 0.000000 33.049999 3.150000
v 0.000000 33.049999 3.150000
v 1.081366 33.032303 3.150000
v 1.081366 33.032303 3.150000
v 1.081366 33.032303 3.150000
v 1.081366 33.032303 3.999999
v 1.081366 33.032303 3.999999
v 1.081366 33.032303 3.999999
v 2.161573 32.979237 3.150000
v 2.161573 32.979237 3.150000
v 2.161573 32.979237 3.150000
v 2.161573 32.979237 3.999999
v 2.161573 32.979237 3.999999
v 2.161573 32.979237 3.999999
v 3.239466 32.890854 3.150000
v 3.239466 32.890854 3.150000
v 3.239466 32.890854 3.150000
v 3.239466 32.890854 3.999999
v 3.239466 32.890854 3.999999
v 3.239466 32.890854 3.999999
v 4.313891 32.767254 3.150000
v 4.313891 32.767254 3.150000
v 4.313891 32.767254 3.150000
v 4.313891 32.767254 3.999999
v 4.313891 32.767254 3.999999
v 4.313891 32.767254 3.999999
v 5.383695 32.608562 3.150000
v 5.383695 32.608562 3.150000
v 5.383695 32.608562 3.150000
v 5.383695 32.608562 3.999999
v 5.383695 32.608562 3.999999
v 5.383695 32.608562 3.999999
v 6.447735 32.414951 3.150000
v 6.447735 32.414951 3.150000
v 6.447735 32.414951 3.150000
v 6.447735 32.414951 3.999999
v 6.447735 32.414951 3.999999
v 6.447735 32.414951 3.999999
v 7.504870 32.186634 3.150000
v 7.504870 32.186634 3.150000
v 7.504870 32.186634 3.150000
v 7.504870 32.186634 3.999999
v 7.504870 32.186634 3.999999
v 7.504870 32.186634 3.999999
v 8.553969 31.923847 3.150000
v 8.553969 31.923847 3.150000
v 8.553969 31.923847 3.150000
v 8.553969 31.923847 3.999999
v 8.553969 31.923847 3.999999
v 8.553969 31.923847 3.999999
v 9.593909 31.626879 3.150000
v 9.593909 31.626879 3.150000
v 9.593909 31.626879 3.150000
v 9.593909 31.626879 3.999999
v 9.593909 31.626879 3.999999
v 9.593909 31.626879 3.999999
v 10.623574 31.296040 3.150000
v 10.623574 31.296040 3.150000
v 10.623574 31.296040 3.150000
v 10.623574 31.296040 3.999999
v 10.623574 31.296040 3.999999
v 10.623574 31.296040 3.999999
v 11.641865 30.931690 3.150000
v 11.641865 30.931690 3.150000
v 11.641865 30.931690 3.150000
v 11.641865 30.931690 3.999999
v 11.641865 30.931690 3.999999
v 11.641865 30.931690 3.999999
v 12.647688 30.534218 3.150000
v 12.647688 30.534218 3.150000
v 12.647688 30.534218 3.150000
v 12.647688 30.534218 3.999999
v 12.647688 30.534218 3.999999
v 12.647688 30.534218 3.999999
v 13.639968 30.104048 3.150000
v 13.639968 30.104048 3.150000
v 13.639968 30.104048 3.150000
v 13.639968 30.104048 3.999999
v 13.639968 30.104048 3.999999
v 13.639968 30.104048 3.999999
v 14.617641 29.641644 3.150000
v 14.617641 29.641644 3.150000
v 14.617641 29.641644 3.150000
v 14.617641 29.641644 3.999999
v 14.617641 29.641644 3.999999
v 14.617641 29.641644 3.999999
v 15.579662 29.147495 3.150000
v 15.579662 29.147495 3.150000
v 15.579662 29.147495 3.150000
v 15.579662 29.147495 3.999999
v 15.579662 29.147495 3.999999
v 15.579662 29.147495 3.999999
v 16.525000 28.622139 3.150000
v 16.525000 28.622139 3.150000
v 16.525000 28.622139 3.150000
v 16.525000 28.622139 3.999999
v 16.525000 28.622139 3.999999
v 16.525000 28.622139 3.999999
v 17.452641 28.066130 3.150000
v 17.452641 28.066130 3.150000
v 17.452641 28.066130 3.150000
v 17.452641 28.066130 3.150000
v 17.452641 28.066130 3.999999
v 17.452641 28.066130 3.999999
v 17.452641 28.066130 3.999999
v 18.361597 27.480070 3.150000
v 18.361597 27.480070 3.150000
v 18.361597 27.480070 3.150000
v 18.361597 27.480070 3.999999
v 18.361597 27.480070 3.999999
v 18.361597 27.480070 3.999999
v 18.361597 27.480070 3.999999
v 19.250889 26.864582 3.150000
v 19.250889 26.864582 3.150000
v 19.250889 26.864582 3.150000
v 19.250889 26.864582 3.999999
v 19.250889 26.864582 3.999999
v 19.250889 26.864582 3.999999
v 20.119564 26.220327 3.150000
v 20.119564 26.220327 3.150000
v 20.119564 26.220327 3.150000
v 20.119564 26.220327 3.999999
v 20.119564 26.220327 3.999999
v 20.119564 26.220327 3.999999
v 20.966700 25.547995 3.150000
v 20.966700 25.547995 3.150000
v 20.966700 25.547995 3.150000
v 20.966700 25.547995 3.999999
v 20.966700 25.547995 3.999999
v 20.966700 25.547995 3.999999
v 21.791380 24.848303 3.150000
v 21.791380 24.848303 3.150000
v 21.791380 24.848303 3.150000
v 21.791380 24.848303 3.999999
v 21.791380 24.848303 3.999999
v 21.791380 24.848303 3.999999
v 22.592726 24.122007 3.150000
v 22.592726 24.122007 3.150000
v 22.592726 24.122007 3.150000
v 22.592726 24.122007 3.999999
v 22.592726 24.122007 3.999999
v 22.592726 24.122007 3.999999
v 23.369879 23.369879 3.150000
v 23.369879 23.369879 3.150000
v 23.369879 23.369879 3.150000
v 23.369879 23.369879 3.999999
v 23.369879 23.369879 3.999999
v 23.369879 23.369879 3.999999
v 24.122007 22.592726 3.150000
v 24.122007 22.592726 3.150000
v 24.122007 22.592726 3.150000
v 24.122007 22.592726 3.999999
v 24.122007 22.592726 3.999999
v 24.122007 22.592726 3.999999
v 24.848303 21.791380 3.150000
v 24.848303 21.791380 3.150000
v 24.848303 21.791380 3.150000
v 24.848303 21.791380 3.999999
v 24.848303 21.791380 3.999999
v 24.848303 21.791380 3.999999
v 25.547995 20.966700 3.150000
v 25.547995 20.966700 3.150000
v 25.547995 20.966700 3.150000
v 25.547995 20.966700 3.999999
v 25.547995 20.966700 3.999999
v 25.547995 20.966700 3.999999
v 26.220327 20.119564 3.150000
v 26.220327 20.119564 3.150000
v 26.220327 20.119564 3.150000
v 26.220327 20.119564 3.999999
v 26.220327 20.119564 3.999999
v 26.220327 20.119564 3.999999
v 26.864582 19.250889 3.150000
v 26.864582 19.250889 3.150000
v 26.864582 19.250889 3.150000
v 26.864582 19.250889 3.999999
v 26.864582 19.250889 3.999999
v 26.864582 19.250889 3.999999
v 27.480070 18.361597 3.150000
v 27.480070 18.361597 3.150000
v 27.480070 18.361597 3.150000
v 27.480070 18.361597 3.999999
v 27.480070 18.361597 3.999999
v 27.480070 18.361597 3.999999
v 28.066130 17.452641 3.150000
v 28.066130 17.452641 3.150000
v 28.066130 17.452641 3.150000
v 28.066130 17.452641 3.999999
v 28.066130 17.452641 3.999999
v 28.066130 17.452641 3.999999
v 28.622139 16.525000 3.150000
v 28.622139 16.525000 3.150000
v 28.622139 16.525000 3.150000
v 28.622139 16.525000 3.999999
v 28.622139 16.525000 3.999999
v 28.622139 16.525000 3.999999
v 29.147495 15.579662 3.150000
v 29.147495 15.579662 3.150000
v 29.147495 15.579662 3.150000
v 29.147495 15.579662 3.999999
v 29.147495 15.579662 3.999999
v 29.147495 15.579662 3.999999
v 29.641644 14.617641 3.150000
v 29.641644 14.617641 3.150000
v 29.641644 14.617641 3.150000
v 29.641644 14.617641 3.999999
v 29.641644 14.617641 3.999999
v 29.641644 14.617641 3.999999
v 30.104048 13.639968 3.150000
v 30.104048 13.639968 3.150000
v 30.104048 13.639968 3.150000
v 30.104048 13.639968 3.999999
v 30.104048 13.639968 3.999999
v 30.104048 13.639968 3.999999
v 30.104048 13.639968 3.999999
v 30.534218 12.647688 3.150000
v 30.534218 12.647688 3.150000
v 30.534218 12.647688 3.150000
v 30.534218 12.647688 3.150000
v 30.534218 12.647688 3.999999
v 30.534218 12.647688 3.999999
v 30.534218 12.647688 3.999999
v 30.931690 11.641865 3.150000
v 30.931690 11.641865 3.150000
v 30.931690 11.641865 3.150000
v 30.931690 11.641865 3.999999
v 30.931690 11.641865 3.999999
v 30.931690 11.641865 3.999999
v 31.296040 10.623574 3.150000
v 31.296040 10.623574 3.150000
v 31.296040 10.623574 3.150000
v 31.296040 10.623574 3.999999
v 31.296040 10.623574 3.999999
v 31.296040 10.623574 3.999999
v 31.626879 9.593909 3.150000
v 31.626879 9.593909 3.150000
v 31.626879 9.593909 3.150000
v 31.626879 9.593909 3.999999
v 31.626879 9.593909 3.999999
v 31.626879 9.593909 3.999999
v 31.923847 8.553969 3.150000
v 31.923847 8.553969 3.150000
v 31.923847 8.553969 3.150000
v 31.923847 8.553969 3.999999
v 31.923847 8.553969 3.999999
v 31.923847 8.553969 3.999999
v 32.186634 7.504870 3.150000
v 32.186634 7.504870 3.150000
v 32.186634 7.504870 3.150000
v 32.186634 7.504870 3.999999
v 32.186634 7.504870 3.999999
v 32.186634 7.504870 3.999999
v 32.414951 6.447735 3.150000
v 32.414951 6.447735 3.150000
v 32.414951 6.447735 3.150000
v 32.414951 6.447735 3.999999
v 32.414951 6.447735 3.999999
v 32.414951 6.447735 3.999999
v 32.608562 5.383695 3.150000
v 32.608562 5.383695 3.150000
v 32.608562 5.383695 3.150000
v 32.608562 5.383695 3.999999
v 32.608562 5.383695 3.999999
v 32.608562 5.383695 3.999999
v 32.767254 4.313891 3.150000
v 32.767254 4.313891 3.150000
v 32.767254 4.313891 3.150000
v 32.767254 4.313891 3.999999
v 32.767254 4.313891 3.999999
v 32.767254 4.313891 3.999999
v 32.890854 3.239466 3.150000
v 32.890854 3.239466 3.150000
v 32.890854 3.239466 3.150000
v 32.890854 3.239466 3.999999
v 32.890854 3.239466 3.999999
v 32.890854 3.239466 3.999999
v 32.979237 2.161573 3.150000
v 32.979237 2.161573 3.150000
v 32.979237 2.161573 3.150000
v 32.979237 2.161573 3.999999
v 32.979237 2.161573 3.999999
v 32.979237 2.161573 3.999999
v 33.032303 1.081366 3.150000
v 33.032303 1.081366 3.150000
v 33.032303 1.081366 3.150000
v 33.032303 1.081366 3.999999
v 33.032303 1.081366 3.999999
v 33.032303 1.081366 3.999999
v 33.049999 0.000000 3.150000
v 33.049999 0.000000 3.150000
v 33.049999 0.000000 3.150000
v 33.049999 0.000000 3.999999
v 33.049999 0.000000 3.999999
v 33.049999 0.000000 3.999999
v 33.032303 -1.081366 3.150000
v 33.032303 -1.081366 3.150000
v 33.032303 -1.081366 3.150000
v 33.032303 -1.081366 3.999999
v 33.032303 -1.081366 3.999999
v 33.032303 -1.081366 3.999999
v 32.979237 -2.161573 3.150000
v 32.979237 -2.161573 3.150000
v 32.979237 -2.161573 3.150000
v 32.979237 -2.161573 3.999999
v 32.979237 -2.161573 3.999999
v 32.979237 -2.161573 3.999999
v 32.890854 -3.239466 3.150000
v 32.890854 -3.239466 3.150000
v 32.890854 -3.239466 3.150000
v 32.890854 -3.239466 3.999999
v 32.890854 -3.239466 3.999999
v 32.890854 -3.239466 3.999999
v 32.767254 -4.313891 3.150000
v 32.767254 -4.313891 3.150000
v 32.767254 -4.313891 3.150000
v 32.767254 -4.313891 3.999999
v 32.767254 -4.313891 3.999999
v 32.767254 -4.313891 3.999999
v 32.608562 -5.383695 3.150000
v 32.608562 -5.383695 3.150000
v 32.608562 -5.383695 3.150000
v 32.608562 -5.383695 3.999999
v 32.608562 -5.383695 3.999999
v 32.608562 -5.383695 3.999999
v 32.414951 -6.447735 3.150000
v 32.414951 -6.447735 3.150000
v 32.414951 -6.447735 3.150000
v 32.414951 -6.447735 3.999999
v 32.414951 -6.447735 3.999999
v 32.414951 -6.447735 3.999999
v 32.186634 -7.504870 3.150000
v 32.186634 -7.504870 3.150000
v 32.186634 -7.504870 3.150000
v 32.186634 -7.504870 3.999999
v 32.186634 -7.504870 3.999999
v 32.186634 -7.504870 3.999999
v 31.923847 -8.553969 3.150000
v 31.923847 -8.553969 3.150000
v 31.923847 -8.553969 3.150000
v 31.923847 -8.553969 3.999999
v 31.923847 -8.553969 3.999999
v 31.923847 -8.553969 3.999999
v 31.626879 -9.593909 3.150000
v 31.626879 -9.593909 3.150000
v 31.626879 -9.593909 3.150000
v 31.626879 -9.593909 3.999999
v 31.626879 -9.593909 3.999999
v 31.626879 -9.593909 3.999999
v 31.296040 -10.623574 3.150000
v 31.296040 -10.623574 3.150000
v 31.296040 -10.623574 3.150000
v 31.296040 -10.623574 3.999999
v 31.296040 -10.623574 3.999999
v 31.296040 -10.623574 3.999999
v 30.931690 -11.641865 3.150000
v 30.931690 -11.641865 3.150000
v 30.931690 -11.641865 3.150000
v 30.931690 -11.641865 3.999999
v 30.931690 -11.641865 3.999999
v 30.931690 -11.641865 3.999999
v 30.534218 -12.647688 3.150000
v 30.534218 -12.647688 3.150000
v 30.534218 -12.647688 3.150000
v 30.534218 -12.647688 3.999999
v 30.534218 -12.647688 3.999999
v 30.534218 -12.647688 3.999999
v 30.534218 -12.647688 3.999999
v 30.104048 -13.639968 3.150000
v 30.104048 -13.639968 3.150000
v 30.104048 -13.639968 3.150000
v 30.104048 -13.639968 3.150000
v 30.104048 -13.639968 3.999999
v 30.104048 -13.639968 3.999999
v 30.104048 -13.639968 3.999999
v 29.641644 -14.617641 3.150000
v 29.641644 -14.617641 3.150000
v 29.641644 -14.617641 3.150000
v 29.641644 -14.617641 3.999999
v 29.641644 -14.617641 3.999999
v 29.641644 -14.617641 3.999999
v 29.147495 -15.579662 3.150000
v 29.147495 -15.579662 3.150000
v 29.147495 -15.579662 3.150000
v 29.147495 -15.579662 3.999999
v 29.147495 -15.579662 3.999999
v 29.147495 -15.579662 3.999999
v 28.622139 -16.525000 3.150000
v 28.622139 -16.525000 3.150000
v 28.622139 -16.525000 3.150000
v 28.622139 -16.525000 3.999999
v 28.622139 -16.525000 3.999999
v 28.622139 -16.525000 3.999999
v 28.066130 -17.452641 3.150000
v 28.066130 -17.452641 3.150000
v 28.066130 -17.452641 3.150000
v 28.066130 -17.452641 3.999999
v 28.066130 -17.452641 3.999999
v 28.066130 -17.452641 3.999999
v 27.480070 -18.361597 3.150000
v 27.480070 -18.361597 3.150000
v 27.480070 -18.361597 3.150000
v 27.480070 -18.361597 3.999999
v 27.480070 -18.361597 3.999999
v 27.480070 -18.361597 3.999999
v 26.864582 -19.250889 3.150000
v 26.864582 -19.250889 3.150000
v 26.864582 -19.250889 3.150000
v 26.864582 -19.250889 3.999999
v 26.864582 -19.250889 3.999999
v 26.864582 -19.250889 3.999999
v 26.220327 -20.119564 3.150000
v 26.220327 -20.119564 3.150000
v 26.220327 -20.119564 3.150000
v 26.220327 -20.119564 3.999999
v 26.220327 -20.119564 3.999999
v 26.220327 -20.119564 3.999999
v 25.547995 -20.966700 3.150000
v 25.547995 -20.966700 3.150000
v 25.547995 -20.966700 3.150000
v 25.547995 -20.966700 3.999999
v 25.547995 -20.966700 3.999999
v 25.547995 -20.966700 3.999999
v 24.848303 -21.791380 3.150000
v 24.848303 -21.791380 3.150000
v 24.848303 -21.791380 3.150000
v 24.848303 -21.791380 3.999999
v 24.848303 -21.791380 3.999999
v 24.848303 -21.791380 3.999999
v 24.122007 -22.592726 3.150000
v 24.122007 -22.592726 3.150000
v 24.122007 -22.592726 3.150000
v 24.122007 -22.592726 3.999999
v 24.122007 -22.592726 3.999999
v 24.122007 -22.592726 3.999999
v 23.369879 -23.369879 3.150000
v 23.369879 -23.369879 3.150000
v 23.369879 -23.369879 3.150000
v 23.369879 -23.369879 3.999999
v 23.369879 -23.369879 3.999999
v 23.369879 -23.369879 3.999999
v 22.592726 -24.122007 3.150000
v 22.592726 -24.122007 3.150000
v 22.592726 -24.122007 3.150000
v 22.592726 -24.122007 3.999999
v 22.592726 -24.122007 3.999999
v 22.592726 -24.122007 3.999999
v 21.791380 -24.848303 3.150000
v 21.791380 -24.848303 3.150000
v 21.791380 -24.848303 3.150000
v 21.791380 -24.848303 3.999999
v 21.791380 -24.848303 3.999999
v 21.791380 -24.848303 3.999999
v 20.966700 -25.547995 3.150000
v 20.966700 -25.547995 3.150000
v 20.966700 -25.547995 3.150000
v 20.966700 -25.547995 3.999999
v 20.966700 -25.547995 3.999999
v 20.966700 -25.547995 3.999999
v 20.119564 -26.220327 3.150000
v 20.119564 -26.220327 3.150000
v 20.119564 -26.220327 3.150000
v 20.119564 -26.220327 3.999999
v 20.119564 -26.220327 3.999999
v 20.119564 -26.220327 3.999999
v 19.250889 -26.864582 3.150000
v 19.250889 -26.864582 3.150000
v 19.250889 -26.864582 3.150000
v 19.250889 -26.864582 3.999999
v 19.250889 -26.864582 3.999999
v 19.250889 -26.864582 3.999999
v 18.361597 -27.480070 3.150000
v 18.361597 -27.480070 3.150000
v 18.361597 -27.480070 3.150000
v 18.361597 -27.480070 3.999999
v 18.361597 -27.480070 3.999999
v 18.361597 -27.480070 3.999999
v 18.361597 -27.480070 3.999999
v 17.452641 -28.066130 3.150000
v 17.452641 -28.066130 3.150000
v 17.452641 -28.066130 3.150000
v 17.452641 -28.066130 3.150000
v 17.452641 -28.066130 3.999999
v 17.452641 -28.066130 3.999999
v 17.452641 -28.066130 3.999999
v 17.452641 -28.066130 3.999999
v 16.525000 -28.622139 3.150000
v 16.525000 -28.622139 3.150000
v 16.525000 -28.622139 3.150000
v 16.525000 -28.622139 3.999999
v 16.525000 -28.622139 3.999999
v 16.525000 -28.622139 3.999999
v 15.579662 -29.147495 3.150000
v 15.579662 -29.147495 3.150000
v 15.579662 -29.147495 3.150000
v 15.579662 -29.147495 3.999999
v 15.579662 -29.147495 3.999999
v 15.579662 -29.147495 3.999999
v 14.617641 -29.641644 3.150000
v 14.617641 -29.641644 3.150000
v 14.617641 -29.641644 3.150000
v 14.617641 -29.641644 3.999999
v 14.617641 -29.641644 3.999999
v 14.617641 -29.641644 3.999999
v 13.639968 -30.104048 3.150000
v 13.639968 -30.104048 3.150000
v 13.639968 -30.104048 3.150000
v 13.639968 -30.104048 3.999999
v 13.639968 -30.104048 3.999999
v 13.639968 -30.104048 3.999999
v 12.647688 -30.534218 3.150000
v 12.647688 -30.534218 3.150000
v 12.647688 -30.534218 3.150000
v 12.647688 -30.534218 3.999999
v 12.647688 -30.534218 3.999999
v 12.647688 -30.534218 3.999999
v 11.641865 -30.931690 3.150000
v 11.641865 -30.931690 3.150000
v 11.641865 -30.931690 3.150000
v 11.641865 -30.931690 3.999999
v 11.641865 -30.931690 3.999999
v 11.641865 -30.931690 3.999999
v 10.623574 -31.296040 3.150000
v 10.623574 -31.296040 3.150000
v 10.623574 -31.296040 3.150000
v 10.623574 -31.296040 3.999999
v 10.623574 -31.296040 3.999999
v 10.623574 -31.296040 3.999999
v 9.593909 -31.626879 3.150000
v 9.593909 -31.626879 3.150000
v 9.593909 -31.626879 3.150000
v 9.593909 -31.626879 3.999999
v 9.593909 -31.626879 3.999999
v 9.593909 -31.626879 3.999999
v 8.553969 -31.923847 3.150000
v 8.553969 -31.923847 3.150000
v 8.553969 -31.923847 3.150000
v 8.553969 -31.923847 3.999999
v 8.553969 -31.923847 3.999999
v 8.553969 -31.923847 3.999999
v 7.504870 -32.186634 3.150000
v 7.504870 -32.186634 3.150000
v 7.504870 -32.186634 3.150000
v 7.504870 -32.186634 3.999999
v 7.504870 -32.186634 3.999999
v 7.504870 -32.186634 3.999999
v 6.447735 -32.414951 3.150000
v 6.447735 -32.414951 3.150000
v 6.447735 -32.414951 3.150000
v 6.447735 -32.414951 3.999999
v 6.447735 -32.414951 3.999999
v 6.447735 -32.414951 3.999999
v 5.383695 -32.608562 3.150000
v 5.383695 -32.608562 3.150000
v 5.383695 -32.608562 3.150000
v 5.383695 -32.608562 3.999999
v 5.383695 -32.608562 3.999999
v 5.383695 -32.608562 3.999999
v 4.313891 -32.767254 3.150000
v 4.313891 -32.767254 3.150000
v 4.313891 -32.767254 3.150000
v 4.313891 -32.767254 3.999999
v 4.313891 -32.767254 3.999999
v 4.313891 -32.767254 3.999999
v 3.239466 -32.890854 3.150000
v 3.239466 -32.890854 3.150000
v 3.239466 -32.890854 3.150000
v 3.239466 -32.890854 3.999999
v 3.239466 -32.890854 3.999999
v 3.239466 -32.890854 3.999999
v 2.161573 -32.979237 3.150000
v 2.161573 -32.979237 3.150000
v 2.161573 -32.979237 3.150000
v 2.161573 -32.979237 3.999999
v 2.161573 -32.979237 3.999999
v 2.161573 -32.979237 3.999999
v 1.081366 -33.032303 3.150000
v 1.081366 -33.032303 3.150000
v 1.081366 -33.032303 3.150000
v 1.081366 -33.032303 3.999999
v 1.081366 -33.032303 3.999999
v 1.081366 -33.032303 3.999999
v 0.000000 -33.049999 3.150000
v 0.000000 -33.049999 3.150000
v 0.000000 -33.049999 3.150000
v 0.000000 -33.049999 3.999999
v 0.000000 -33.049999 3.999999
v 0.000000 -33.049999 3.999999
v -1.081366 -33.032303 3.150000
v -1.081366 -33.032303 3.150000
v -1.081366 -33.032303 3.150000
v -1.081366 -33.032303 3.999999
v -1.081366 -33.032303 3.999999
v -1.081366 -33.032303 3.999999
v -2.161573 -32.979237 3.150000
v -2.161573 -32.979237 3.150000
v -2.161573 -32.979237 3.150000
v -2.161573 -32.979237 3.999999
v -2.161573 -32.979237 3.999999
v -2.161573 -32.979237 3.999999
v -3.239466 -32.890854 3.150000
v -3.239466 -32.890854 3.150000
v -3.239466 -32.890854 3.150000
v -3.239466 -32.890854 3.999999
v -3.239466 -32.890854 3.999999
v -3.239466 -32.890854 3.999999
v -4.313891 -32.767254 3.150000
v -4.313891 -32.767254 3.150000
v -4.313891 -32.767254 3.150000
v -4.313891 -32.767254 3.999999
v -4.313891 -32.767254 3.999999
v -4.313891 -32.767254 3.999999
v -5.383695 -32.608562 3.150000
v -5.383695 -32.608562 3.150000
v -5.383695 -32.608562 3.150000
v -5.383695 -32.608562 3.999999
v -5.383695 -32.608562 3.999999
v -5.383695 -32.608562 3.999999
v -6.447735 -32.414951 3.150000
v -6.447735 -32.414951 3.150000
v -6.447735 -32.414951 3.150000
v -6.447735 -32.414951 3.999999
v -6.447735 -32.414951 3.999999
v -6.447735 -32.414951 3.999999
v -7.504870 -32.186634 3.150000
v -7.504870 -32.186634 3.150000
v -7.504870 -32.186634 3.150000
v -7.504870 -32.186634 3.999999
v -7.504870 -32.186634 3.999999
v -7.504870 -32.186634 3.999999
v -8.553969 -31.923847 3.150000
v -8.553969 -31.923847 3.150000
v -8.553969 -31.923847 3.150000
v -8.553969 -31.923847 3.999999
v -8.553969 -31.923847 3.999999
v -8.553969 -31.923847 3.999999
v -9.593909 -31.626879 3.150000
v -9.593909 -31.626879 3.150000
v -9.593909 -31.626879 3.150000
v -9.593909 -31.626879 3.999999
v -9.593909 -31.626879 3.999999
v -9.593909 -31.626879 3.999999
v -10.623574 -31.296040 3.150000
v -10.623574 -31.296040 3.150000
v -10.623574 -31.296040 3.150000
v -10.623574 -31.296040 3.999999
v -10.623574 -31.296040 3.999999
v -10.623574 -31.296040 3.999999
v -11.641865 -30.931690 3.150000
v -11.641865 -30.931690 3.150000
v -11.641865 -30.931690 3.150000
v -11.641865 -30.931690 3.999999
v -11.641865 -30.931690 3.999999
v -11.641865 -30.931690 3.999999
v -12.647688 -30.534218 3.150000
v -12.647688 -30.534218 3.150000
v -12.647688 -30.534218 3.150000
v -12.647688 -30.534218 3.999999
v -12.647688 -30.534218 3.999999
v -12.647688 -30.534218 3.999999
v -13.639968 -30.104048 3.150000
v -13.639968 -30.104048 3.150000
v -13.639968 -30.104048 3.150000
v -13.639968 -30.104048 3.999999
v -13.639968 -30.104048 3.999999
v -13.639968 -30.104048 3.999999
v -14.617641 -29.641644 3.150000
v -14.617641 -29.641644 3.150000
v -14.617641 -29.641644 3.150000
v -14.617641 -29.641644 3.999999
v -14.617641 -29.641644 3.999999
v -14.617641 -29.641644 3.999999
v -15.579662 -29.147495 3.150000
v -15.579662 -29.147495 3.150000
v -15.579662 -29.147495 3.150000
v -15.579662 -29.147495 3.999999
v -15.579662 -29.147495 3.999999
v -15.579662 -29.147495 3.999999
v -16.525000 -28.622139 3.150000
v -16.525000 -28.622139 3.150000
v -16.525000 -28.622139 3.150000
v -16.525000 -28.622139 3.999999
v -16.525000 -28.622139 3.999999
v -16.525000 -28.622139 3.999999
v -17.452641 -28.066130 3.150000
v -17.452641 -28.066130 3.150000
v -17.452641 -28.066130 3.150000
v -17.452641 -28.066130 3.999999
v -17.452641 -28.066130 3.999999
v -17.452641 -28.066130 3.999999
v -17.452641 -28.066130 3.999999
v -18.361597 -27.480070 3.150000
v -18.361597 -27.480070 3.150000
v -18.361597 -27.480070 3.150000
v -18.361597 -27.480070 3.150000
v -18.361597 -27.480070 3.999999
v -18.361597 -27.480070 3.999999
v -18.361597 -27.480070 3.999999
v -19.250889 -26.864582 3.150000
v -19.250889 -26.864582 3.150000
v -19.250889 -26.864582 3.150000
v -19.250889 -26.864582 3.999999
v -19.250889 -26.864582 3.999999
v -19.250889 -26.864582 3.999999
v -20.119564 -26.220327 3.150000
v -20.119564 -26.220327 3.150000
v -20.119564 -26.220327 3.150000
v -20.119564 -26.220327 3.999999
v -20.119564 -26.220327 3.999999
v -20.119564 -26.220327 3.999999
v -20.966700 -25.547995 3.150000
v -20.966700 -25.547995 3.150000
v -20.966700 -25.547995 3.150000
v -20.966700 -25.547995 3.999999
v -20.966700 -25.547995 3.999999
v -20.966700 -25.547995 3.999999
v -21.791380 -24.848303 3.150000
v -21.791380 -24.848303 3.150000
v -21.791380 -24.848303 3.150000
v -21.791380 -24.848303 3.999999
v -21.791380 -24.848303 3.999999
v -21.791380 -24.848303 3.999999
v -22.592726 -24.122007 3.150000
v -22.592726 -24.122007 3.150000
v -22.592726 -24.122007 3.150000
v -22.592726 -24.122007 3.999999
v -22.592726 -24.122007 3.999999
v -22.592726 -24.122007 3.999999
v -23.369879 -23.369879 3.150000
v -23.369879 -23.369879 3.150000
v -23.369879 -23.369879 3.150000
v -23.369879 -23.369879 3.999999
v -23.369879 -23.369879 3.999999
v -23.369879 -23.369879 3.999999
v -24.122007 -22.592726 3.150000
v -24.122007 -22.592726 3.150000
v -24.122007 -22.592726 3.150000
v -24.122007 -22.592726 3.999999
v -24.122007 -22.592726 3.999999
v -24.122007 -22.592726 3.999999
v -24.848303 -21.791380 3.150000
v -24.848303 -21.791380 3.150000
v -24.848303 -21.791380 3.150000
v -24.848303 -21.791380 3.999999
v -24.848303 -21.791380 3.999999
v -24.848303 -21.791380 3.999999
v -25.547995 -20.966700 3.150000
v -25.547995 -20.966700 3.150000
v -25.547995 -20.966700 3.150000
v -25.547995 -20.966700 3.999999
v -25.547995 -20.966700 3.999999
v -25.547995 -20.966700 3.999999
v -26.220327 -20.119564 3.150000
v -26.220327 -20.119564 3.150000
v -26.220327 -20.119564 3.150000
v -26.220327 -20.119564 3.999999
v -26.220327 -20.119564 3.999999
v -26.220327 -20.119564 3.999999
v -26.864582 -19.250889 3.150000
v -26.864582 -19.250889 3.150000
v -26.864582 -19.250889 3.150000
v -26.864582 -19.250889 3.999999
v -26.864582 -19.250889 3.999999
v -26.864582 -19.250889 3.999999
v -27.480070 -18.361597 3.150000
v -27.480070 -18.361597 3.150000
v -27.480070 -18.361597 3.150000
v -27.480070 -18.361597 3.999999
v -27.480070 -18.361597 3.999999
v -27.480070 -18.361597 3.999999
v -28.066130 -17.452641 3.150000
v -28.066130 -17.452641 3.150000
v -28.066130 -17.452641 3.150000
v -28.066130 -17.452641 3.999999
v -28.066130 -17.452641 3.999999
v -28.066130 -17.452641 3.999999
v -28.622139 -16.525000 3.150000
v -28.622139 -16.525000 3.150000
v -28.622139 -16.525000 3.150000
v -28.622139 -16.525000 3.999999
v -28.622139 -16.525000 3.999999
v -28.622139 -16.525000 3.999999
v -29.147495 -15.579662 3.150000
v -29.147495 -15.579662 3.150000
v -29.147495 -15.579662 3.150000
v -29.147495 -15.579662 3.999999
v -29.147495 -15.579662 3.999999
v -29.147495 -15.579662 3.999999
v -29.641644 -14.617641 3.150000
v -29.641644 -14.617641 3.150000
v -29.641644 -14.617641 3.150000
v -29.641644 -14.617641 3.999999
v -29.641644 -14.617641 3.999999
v -29.641644 -14.617641 3.999999
v -30.104048 -13.639968 3.150000
v -30.104048 -13.639968 3.150000
v -30.104048 -13.639968 3.150000
v -30.104048 -13.639968 3.999999
v -30.104048 -13.639968 3.999999
v -30.104048 -13.639968 3.999999
v -30.104048 -13.639968 3.999999
v -30.534218 -12.647688 3.150000
v -30.534218 -12.647688 3.150000
v -30.534218 -12.647688 3.150000
v -30.534218 -12.647688 3.150000
v -30.534218 -12.647688 3.999999
v -30.534218 -12.647688 3.999999
v -30.534218 -12.647688 3.999999
v -30.931690 -11.641865 3.150000
v -30.931690 -11.641865 3.150000
v -30.931690 -11.641865 3.150000
v -30.931690 -11.641865 3.999999
v -30.931690 -11.641865 3.999999
v -30.931690 -11.641865 3.999999
v -31.296040 -10.623574 3.150000
v -31.296040 -10.623574 3.150000
v -31.296040 -10.623574 3.150000
v -31.296040 -10.623574 3.999999
v -31.296040 -10.623574 3.999999
v -31.296040 -10.623574 3.999999
v -31.626879 -9.593909 3.150000
v -31.626879 -9.593909 3.150000
v -31.626879 -9.593909 3.150000
v -31.626879 -9.593909 3.999999
v -31.626879 -9.593909 3.999999
v -31.626879 -9.593909 3.999999
v -31.923847 -8.553969 3.150000
v -31.923847 -8.553969 3.150000
v -31.923847 -8.553969 3.150000
v -31.923847 -8.553969 3.999999
v -31.923847 -8.553969 3.999999
v -31.923847 -8.553969 3.999999
v -32.186634 -7.504870 3.150000
v -32.186634 -7.504870 3.150000
v -32.186634 -7.504870 3.150000
v -32.186634 -7.504870 3.999999
v -32.186634 -7.504870 3.999999
v -32.186634 -7.504870 3.999999
v -32.414951 -6.447735 3.150000
v -32.414951 -6.447735 3.150000
v -32.414951 -6.447735 3.150000
v -32.414951 -6.447735 3.999999
v -32.414951 -6.447735 3.999999
v -32.414951 -6.447735 3.999999
v -32.608562 -5.383695 3.150000
v -32.608562 -5.383695 3.150000
v -32.608562 -5.383695 3.150000
v -32.608562 -5.383695 3.999999
v -32.608562 -5.383695 3.999999
v -32.608562 -5.383695 3.999999
v -32.767254 -4.313891 3.150000
v -32.767254 -4.313891 3.150000
v -32.767254 -4.313891 3.150000
v -32.767254 -4.313891 3.999999
v -32.767254 -4.313891 3.999999
v -32.767254 -4.313891 3.999999
v -32.890854 -3.239466 3.150000
v -32.890854 -3.239466 3.150000
v -32.890854 -3.239466 3.150000
v -32.890854 -3.239466 3.999999
v -32.890854 -3.239466 3.999999
v -32.890854 -3.239466 3.999999
v -32.979237 -2.161573 3.150000
v -32.979237 -2.161573 3.150000
v -32.979237 -2.161573 3.150000
v -32.979237 -2.161573 3.999999
v -32.979237 -2.161573 3.999999
v -32.979237 -2.161573 3.999999
v -33.032303 -1.081366 3.150000
v -33.032303 -1.081366 3.150000
v -33.032303 -1.081366 3.150000
v -33.032303 -1.081366 3.999999
v -33.032303 -1.081366 3.999999
v -33.032303 -1.081366 3.999999
v -33.049999 0.000000 3.150000
v -33.049999 0.000000 3.150000
v -33.049999 0.000000 3.150000
v -33.049999 0.000000 3.999999
v -33.049999 0.000000 3.999999
v -33.049999 0.000000 3.999999
v -33.032303 1.081366 3.150000
v -33.032303 1.081366 3.150000
v -33.032303 1.081366 3.150000
v -33.032303 1.081366 3.999999
v -33.032303 1.081366 3.999999
v -33.032303 1.081366 3.999999
v -32.979237 2.161573 3.150000
v -32.979237 2.161573 3.150000
v -32.979237 2.161573 3.150000
v -32.979237 2.161573 3.999999
v -32.979237 2.161573 3.999999
v -32.979237 2.161573 3.999999
v -32.890854 3.239466 3.150000
v -32.890854 3.239466 3.150000
v -32.890854 3.239466 3.150000
v -32.890854 3.239466 3.999999
v -32.890854 3.239466 3.999999
v -32.890854 3.239466 3.999999
v -32.767254 4.313891 3.150000
v -32.767254 4.313891 3.150000
v -32.767254 4.313891 3.150000
v -32.767254 4.313891 3.999999
v -32.767254 4.313891 3.999999
v -32.767254 4.313891 3.999999
v -32.608562 5.383695 3.150000
v -32.608562 5.383695 3.150000
v -32.608562 5.383695 3.150000
v -32.608562 5.383695 3.999999
v -32.608562 5.383695 3.999999
v -32.608562 5.383695 3.999999
v -32.414951 6.447735 3.150000
v -32.414951 6.447735 3.150000
v -32.414951 6.447735 3.150000
v -32.414951 6.447735 3.999999
v -32.414951 6.447735 3.999999
v -32.414951 6.447735 3.999999
v -32.186634 7.504870 3.150000
v -32.186634 7.504870 3.150000
v -32.186634 7.504870 3.150000
v -32.186634 7.504870 3.999999
v -32.186634 7.504870 3.999999
v -32.186634 7.504870 3.999999
v -31.923847 8.553969 3.150000
v -31.923847 8.553969 3.150000
v -31.923847 8.553969 3.150000
v -31.923847 8.553969 3.999999
v -31.923847 8.553969 3.999999
v -31.923847 8.553969 3.999999
v -31.626879 9.593909 3.150000
v -31.626879 9.593909 3.150000
v -31.626879 9.593909 3.150000
v -31.626879 9.593909 3.999999
v -31.626879 9.593909 3.999999
v -31.626879 9.593909 3.999999
v -31.296040 10.623574 3.150000
v -31.296040 10.623574 3.150000
v -31.296040 10.623574 3.150000
v -31.296040 10.623574 3.999999
v -31.296040 10.623574 3.999999
v -31.296040 10.623574 3.999999
v -30.931690 11.641865 3.150000
v -30.931690 11.641865 3.150000
v -30.931690 11.641865 3.150000
v -30.931690 11.641865 3.999999
v -30.931690 11.641865 3.999999
v -30.931690 11.641865 3.999999
v -30.534218 12.647688 3.150000
v -30.534218 12.647688 3.150000
v -30.534218 12.647688 3.150000
v -30.534218 12.647688 3.999999
v -30.534218 12.647688 3.999999
v -30.534218 12.647688 3.999999
v -30.534218 12.647688 3.999999
v -30.104048 13.639968 3.150000
v -30.104048 13.639968 3.150000
v -30.104048 13.639968 3.150000
v -30.104048 13.639968 3.150000
v -30.104048 13.639968 3.999999
v -30.104048 13.639968 3.999999
v -30.104048 13.639968 3.999999
v -29.641644 14.617641 3.150000
v -29.641644 14.617641 3.150000
v -29.641644 14.617641 3.150000
v -29.641644 14.617641 3.999999
v -29.641644 14.617641 3.999999
v -29.641644 14.617641 3.999999
v -29.147495 15.579662 3.150000
v -29.147495 15.579662 3.150000
v -29.147495 15.579662 3.150000
v -29.147495 15.579662 3.999999
v -29.147495 15.579662 3.999999
v -29.147495 15.579662 3.999999
v -28.622139 16.525000 3.150000
v -28.622139 16.525000 3.150000
v -28.622139 16.525000 3.150000
v -28.622139 16.525000 3.999999
v -28.622139 16.525000 3.999999
v -28.622139 16.525000 3.999999
v -28.066130 17.452641 3.150000
v -28.066130 17.452641 3.150000
v -28.066130 17.452641 3.150000
v -28.066130 17.452641 3.999999
v -28.066130 17.452641 3.999999
v -28.066130 17.452641 3.999999
v -27.480070 18.361597 3.150000
v -27.480070 18.361597 3.150000
v -27.480070 18.361597 3.150000
v -27.480070 18.361597 3.999999
v -27.480070 18.361597 3.999999
v -27.480070 18.361597 3.999999
v -26.864582 19.250889 3.150000
v -26.864582 19.250889 3.150000
v -26.864582 19.250889 3.150000
v -26.864582 19.250889 3.999999
v -26.864582 19.250889 3.999999
v -26.864582 19.250889 3.999999
v -26.220327 20.119564 3.150000
v -26.220327 20.119564 3.150000
v -26.220327 20.119564 3.150000
v -26.220327 20.119564 3.999999
v -26.220327 20.119564 3.999999
v -26.220327 20.119564 3.999999
v -25.547995 20.966700 3.150000
v -25.547995 20.966700 3.150000
v -25.547995 20.966700 3.150000
v -25.547995 20.966700 3.999999
v -25.547995 20.966700 3.999999
v -25.547995 20.966700 3.999999
v -24.848303 21.791380 3.150000
v -24.848303 21.791380 3.150000
v -24.848303 21.791380 3.150000
v -24.848303 21.791380 3.999999
v -24.848303 21.791380 3.999999
v -24.848303 21.791380 3.999999
v -24.122007 22.592726 3.150000
v -24.122007 22.592726 3.150000
v -24.122007 22.592726 3.150000
v -24.122007 22.592726 3.999999
v -24.122007 22.592726 3.999999
v -24.122007 22.592726 3.999999
v -23.369879 23.369879 3.150000
v -23.369879 23.369879 3.150000
v -23.369879 23.369879 3.150000
v -23.369879 23.369879 3.999999
v -23.369879 23.369879 3.999999
v -23.369879 23.369879 3.999999
v -22.592726 24.122007 3.150000
v -22.592726 24.122007 3.150000
v -22.592726 24.122007 3.150000
v -22.592726 24.122007 3.999999
v -22.592726 24.122007 3.999999
v -22.592726 24.122007 3.999999
v -21.791380 24.848303 3.150000
v -21.791380 24.848303 3.150000
v -21.791380 24.848303 3.150000
v -21.791380 24.848303 3.999999
v -21.791380 24.848303 3.999999
v -21.791380 24.848303 3.999999
v -20.966700 25.547995 3.150000
v -20.966700 25.547995 3.150000
v -20.966700 25.547995 3.150000
v -20.966700 25.547995 3.999999
v -20.966700 25.547995 3.999999
v -20.966700 25.547995 3.999999
v -20.119564 26.220327 3.150000
v -20.119564 26.220327 3.150000
v -20.119564 26.220327 3.150000
v -20.119564 26.220327 3.999999
v -20.119564 26.220327 3.999999
v -20.119564 26.220327 3.999999
v -19.250889 26.864582 3.150000
v -19.250889 26.864582 3.150000
v -19.250889 26.864582 3.150000
v -19.250889 26.864582 3.999999
v -19.250889 26.864582 3.999999
v -19.250889 26.864582 3.999999
v -18.361597 27.480070 3.150000
v -18.361597 27.480070 3.150000
v -18.361597 27.480070 3.150000
v -18.361597 27.480070 3.150000
v -18.361597 27.480070 3.999999
v -18.361597 27.480070 3.999999
v -18.361597 27.480070 3.999999
v -17.452641 28.066130 3.150000
v -17.452641 28.066130 3.150000
v -17.452641 28.066130 3.150000
v -17.452641 28.066130 3.999999
v -17.452641 28.066130 3.999999
v -17.452641 28.066130 3.999999
v -17.452641 28.066130 3.999999
v -17.452641 28.066130 3.999999
v -16.525000 28.622139 3.150000
v -16.525000 28.622139 3.150000
v -16.525000 28.622139 3.150000
v -16.525000 28.622139 3.999999
v -16.525000 28.622139 3.999999
v -16.525000 28.622139 3.999999
v -15.579662 29.147495 3.150000
v -15.579662 29.147495 3.150000
v -15.579662 29.147495 3.150000
v -15.579662 29.147495 3.999999
v -15.579662 29.147495 3.999999
v -15.579662 29.147495 3.999999
v -14.617641 29.641644 3.150000
v -14.617641 29.641644 3.150000
v -14.617641 29.641644 3.150000
v -14.617641 29.641644 3.999999
v -14.617641 29.641644 3.999999
v -14.617641 29.641644 3.999999
v -13.639968 30.104048 3.150000
v -13.639968 30.104048 3.150000
v -13.639968 30.104048 3.150000
v -13.639968 30.104048 3.999999
v -13.639968 30.104048 3.999999
v -13.639968 30.104048 3.999999
v -12.647688 30.534218 3.150000
v -12.647688 30.534218 3.150000
v -12.647688 30.534218 3.150000
v -12.647688 30.534218 3.999999
v -12.647688 30.534218 3.999999
v -12.647688 30.534218 3.999999
v -11.641865 30.931690 3.150000
v -11.641865 30.931690 3.150000
v -11.641865 30.931690 3.150000
v -11.641865 30.931690 3.999999
v -11.641865 30.931690 3.999999
v -11.641865 30.931690 3.999999
v -10.623574 31.296040 3.150000
v -10.623574 31.296040 3.150000
v -10.623574 31.296040 3.150000
v -10.623574 31.296040 3.999999
v -10.623574 31.296040 3.999999
v -10.623574 31.296040 3.999999
v -9.593909 31.626879 3.150000
v -9.593909 31.626879 3.150000
v -9.593909 31.626879 3.150000
v -9.593909 31.626879 3.999999
v -9.593909 31.626879 3.999999
v -9.593909 31.626879 3.999999
v -8.553969 31.923847 3.150000
v -8.553969 31.923847 3.150000
v -8.553969 31.923847 3.150000
v -8.553969 31.923847 3.999999
v -8.553969 31.923847 3.999999
v -8.553969 31.923847 3.999999
v -7.504870 32.186634 3.150000
v -7.504870 32.186634 3.150000
v -7.504870 32.186634 3.150000
v -7.504870 32.186634 3.999999
v -7.504870 32.186634 3.999999
v -7.504870 32.186634 3.999999
v -6.447735 32.414951 3.150000
v -6.447735 32.414951 3.150000
v -6.447735 32.414951 3.150000
v -6.447735 32.414951 3.999999
v -6.447735 32.414951 3.999999
v -6.447735 32.414951 3.999999
v -5.383695 32.608562 3.150000
v -5.383695 32.608562 3.150000
v -5.383695 32.608562 3.150000
v -5.383695 32.608562 3.999999
v -5.383695 32.608562 3.999999
v -5.383695 32.608562 3.999999
v -4.313891 32.767254 3.150000
v -4.313891 32.767254 3.150000
v -4.313891 32.767254 3.150000
v -4.313891 32.767254 3.999999
v -4.313891 32.767254 3.999999
v -4.313891 32.767254 3.999999
v -3.239466 32.890854 3.150000
v -3.239466 32.890854 3.150000
v -3.239466 32.890854 3.150000
v -3.239466 32.890854 3.999999
v -3.239466 32.890854 3.999999
v -3.239466 32.890854 3.999999
v -2.161573 32.979237 3.150000
v -2.161573 32.979237 3.150000
v -2.161573 32.979237 3.150000
v -2.161573 32.979237 3.999999
v -2.161573 32.979237 3.999999
v -2.161573 32.979237 3.999999
v -1.081366 33.032303 3.150000
v -1.081366 33.032303 3.150000
v -1.081366 33.032303 3.150000
v -1.081366 33.032303 3.999999
v -1.081366 33.032303 3.999999
v -1.081366 33.032303 3.999999
v 0.153697 2.344968 6.450000
v 0.153697 2.344968 6.450000
v 0.153697 2.344968 6.450000
v 0.000000 2.350000 6.450000
v 0.000000 2.350000 6.450000
v 0.000000 2.350000 6.450000
v 0.306737 2.329895 6.450000
v 0.306737 2.329895 6.450000
v 0.306737 2.329895 6.450000
v 0.458462 2.304845 6.450000
v 0.458462 2.304845 6.450000
v 0.458462 2.304845 6.450000
v 0.608225 2.269926 6.450000
v 0.608225 2.269926 6.450000
v 0.608225 2.269926 6.450000
v 0.755383 2.225286 6.450000
v 0.755383 2.225286 6.450000
v 0.755383 2.225286 6.450000
v 0.899306 2.171117 6.450000
v 0.899306 2.171117 6.450000
v 0.899306 2.171117 6.450000
v 1.039378 2.107651 6.450000
v 1.039378 2.107651 6.450000
v 1.039378 2.107651 6.450000
v 1.175000 2.035160 6.450000
v 1.175000 2.035160 6.450000
v 1.175000 2.035160 6.450000
v 1.305590 1.953954 6.450000
v 1.305590 1.953954 6.450000
v 1.305590 1.953954 6.450000
v 1.430589 1.864380 6.450000
v 1.430589 1.864380 6.450000
v 1.430589 1.864380 6.450000
v 1.549463 1.766823 6.450000
v 1.549463 1.766823 6.450000
v 1.549463 1.766823 6.450000
v 1.549463 1.766823 6.450000
v 1.661701 1.661701 6.450000
v 1.661701 1.661701 6.450000
v 1.661701 1.661701 6.450000
v 1.766823 1.549463 6.450000
v 1.766823 1.549463 6.450000
v 1.766823 1.549463 6.450000
v 1.766823 1.549463 6.450000
v 1.864380 1.430589 6.450000
v 1.864380 1.430589 6.450000
v 1.864380 1.430589 6.450000
v 1.953954 1.305590 6.450000
v 1.953954 1.305590 6.450000
v 1.953954 1.305590 6.450000
v 2.035160 1.175000 6.450000
v 2.035160 1.175000 6.450000
v 2.035160 1.175000 6.450000
v 2.107651 1.039378 6.450000
v 2.107651 1.039378 6.450000
v 2.107651 1.039378 6.450000
v 2.107651 1.039378 6.450000
v 2.171117 0.899306 6.450000
v 2.171117 0.899306 6.450000
v 2.171117 0.899306 6.450000
v 2.171117 0.899306 6.450000
v 2.225286 0.755383 6.450000
v 2.225286 0.755383 6.450000
v 2.225286 0.755383 6.450000
v 2.225286 0.755383 6.450000
v 2.269926 0.608225 6.450000
v 2.269926 0.608225 6.450000
v 2.269926 0.608225 6.450000
v 2.304845 0.458462 6.450000
v 2.304845 0.458462 6.450000
v 2.304845 0.458462 6.450000
v 2.304845 0.458462 6.450000
v 2.329895 0.306737 6.450000
v 2.329895 0.306737 6.450000
v 2.329895 0.306737 6.450000
v 2.344968 0.153697 6.450000
v 2.344968 0.153697 6.450000
v 2.344968 0.153697 6.450000
v 2.344968 0.153697 6.450000
v 2.350000 0.000000 6.450000
v 2.350000 0.000000 6.450000
v 2.350000 0.000000 6.450000
v 2.344968 -0.153697 6.450000
v 2.344968 -0.153697 6.450000
v 2.344968 -0.153697 6.450000
v 2.344968 -0.153697 6.450000
v 2.329895 -0.306737 6.450000
v 2.329895 -0.306737 6.450000
v 2.329895 -0.306737 6.450000
v 2.304845 -0.458462 6.450000
v 2.304845 -0.458462 6.450000
v 2.304845 -0.458462 6.450000
v 2.304845 -0.458462 6.450000
v 2.269926 -0.608225 6.450000
v 2.269926 -0.608225 6.450000
v 2.269926 -0.608225 6.450000
v 2.225286 -0.755383 6.450000
v 2.225286 -0.755383 6.450000
v 2.225286 -0.755383 6.450000
v 2.225286 -0.755383 6.450000
v 2.171117 -0.899306 6.450000
v 2.171117 -0.899306 6.450000
v 2.171117 -0.899306 6.450000
v 2.107651 -1.039378 6.450000
v 2.107651 -1.039378 6.450000
v 2.107651 -1.039378 6.450000
v 2.035160 -1.175000 6.450000
v 2.035160 -1.175000 6.450000
v 2.035160 -1.175000 6.450000
v 2.035160 -1.175000 6.450000
v 1.953954 -1.305590 6.450000
v 1.953954 -1.305590 6.450000
v 1.953954 -1.305590 6.450000
v 1.864380 -1.430589 6.450000
v 1.864380 -1.430589 6.450000
v 1.864380 -1.430589 6.450000
v 1.864380 -1.430589 6.450000
v 1.766823 -1.549463 6.450000
v 1.766823 -1.549463 6.450000
v 1.766823 -1.549463 6.450000
v 1.661701 -1.661701 6.450000
v 1.661701 -1.661701 6.450000
v 1.661701 -1.661701 6.450000
v 1.661701 -1.661701 6.450000
v 1.549463 -1.766823 6.450000
v 1.549463 -1.766823 6.450000
v 1.549463 -1.766823 6.450000
v 1.430589 -1.864380 6.450000
v 1.430589 -1.864380 6.450000
v 1.430589 -1.864380 6.450000
v 1.430589 -1.864380 6.450000
v 1.305590 -1.953954 6.450000
v 1.305590 -1.953954 6.450000
v 1.305590 -1.953954 6.450000
v 1.175000 -2.035160 6.450000
v 1.175000 -2.035160 6.450000
v 1.175000 -2.035160 6.450000
v 1.039378 -2.107651 6.450000
v 1.039378 -2.107651 6.450000
v 1.039378 -2.107651 6.450000
v 0.899306 -2.171117 6.450000
v 0.899306 -2.171117 6.450000
v 0.899306 -2.171117 6.450000
v 0.755383 -2.225286 6.450000
v 0.755383 -2.225286 6.450000
v 0.755383 -2.225286 6.450000
v 0.608225 -2.269926 6.450000
v 0.608225 -2.269926 6.450000
v 0.608225 -2.269926 6.450000
v 0.458462 -2.304845 6.450000
v 0.458462 -2.304845 6.450000
v 0.458462 -2.304845 6.450000
v 0.306737 -2.329895 6.450000
v 0.306737 -2.329895 6.450000
v 0.306737 -2.329895 6.450000
v 0.153697 -2.344968 6.450000
v 0.153697 -2.344968 6.450000
v 0.153697 -2.344968 6.450000
v 0.000000 -2.350000 6.450000
v 0.000000 -2.350000 6.450000
v 0.000000 -2.350000 6.450000
v -0.153697 -2.344968 6.450000
v -0.153697 -2.344968 6.450000
v -0.153697 -2.344968 6.450000
v -0.306737 -2.329895 6.450000
v -0.306737 -2.329895 6.450000
v -0.306737 -2.329895 6.450000
v -0.458462 -2.304845 6.450000
v -0.458462 -2.304845 6.450000
v -0.458462 -2.304845 6.450000
v -0.608225 -2.269926 6.450000
v -0.608225 -2.269926 6.450000
v -0.608225 -2.269926 6.450000
v -0.755383 -2.225286 6.450000
v -0.755383 -2.225286 6.450000
v -0.755383 -2.225286 6.450000
v -0.899306 -2.171117 6.450000
v -0.899306 -2.171117 6.450000
v -0.899306 -2.171117 6.450000
v -1.039378 -2.107651 6.450000
v -1.039378 -2.107651 6.450000
v -1.039378 -2.107651 6.450000
v -1.175000 -2.035160 6.450000
v -1.175000 -2.035160 6.450000
v -1.175000 -2.035160 6.450000
v -1.305590 -1.953954 6.450000
v -1.305590 -1.953954 6.450000
v -1.305590 -1.953954 6.450000
v -1.430589 -1.864380 6.450000
v -1.430589 -1.864380 6.450000
v -1.430589 -1.864380 6.450000
v -1.430589 -1.864380 6.450000
v -1.549463 -1.766823 6.450000
v -1.549463 -1.766823 6.450000
v -1.549463 -1.766823 6.450000
v -1.661701 -1.661701 6.450000
v -1.661701 -1.661701 6.450000
v -1.661701 -1.661701 6.450000
v -1.661701 -1.661701 6.450000
v -1.766823 -1.549463 6.450000
v -1.766823 -1.549463 6.450000
v -1.766823 -1.549463 6.450000
v -1.864380 -1.430589 6.450000
v -1.864380 -1.430589 6.450000
v -1.864380 -1.430589 6.450000
v -1.953954 -1.305590 6.450000
v -1.953954 -1.305590 6.450000
v -1.953954 -1.305590 6.450000
v -2.035160 -1.175000 6.450000
v -2.035160 -1.175000 6.450000
v -2.035160 -1.175000 6.450000
v -2.107651 -1.039378 6.450000
v -2.107651 -1.039378 6.450000
v -2.107651 -1.039378 6.450000
v -2.107651 -1.039378 6.450000
v -2.171117 -0.899306 6.450000
v -2.171117 -0.899306 6.450000
v -2.171117 -0.899306 6.450000
v -2.225286 -0.755383 6.450000
v -2.225286 -0.755383 6.450000
v -2.225286 -0.755383 6.450000
v -2.225286 -0.755383 6.450000
v -2.225286 -0.755383 6.450000
v -2.269926 -0.608225 6.450000
v -2.269926 -0.608225 6.450000
v -2.269926 -0.608225 6.450000
v -2.304845 -0.458462 6.450000
v -2.304845 -0.458462 6.450000
v -2.304845 -0.458462 6.450000
v -2.304845 -0.458462 6.450000
v -2.329895 -0.306737 6.450000
v -2.329895 -0.306737 6.450000
v -2.329895 -0.306737 6.450000
v -2.344968 -0.153697 6.450000
v -2.344968 -0.153697 6.450000
v -2.344968 -0.153697 6.450000
v -2.344968 -0.153697 6.450000
v -2.350000 0.000000 6.450000
v -2.350000 0.000000 6.450000
v -2.350000 0.000000 6.450000
v -2.344968 0.153697 6.450000
v -2.344968 0.153697 6.450000
v -2.344968 0.153697 6.450000
v -2.344968 0.153697 6.450000
v -2.329895 0.306737 6.450000
v -2.329895 0.306737 6.450000
v -2.329895 0.306737 6.450000
v -2.304845 0.458462 6.450000
v -2.304845 0.458462 6.450000
v -2.304845 0.458462 6.450000
v -2.304845 0.458462 6.450000
v -2.269926 0.608225 6.450000
v -2.269926 0.608225 6.450000
v -2.269926 0.608225 6.450000
v -2.225286 0.755383 6.450000
v -2.225286 0.755383 6.450000
v -2.225286 0.755383 6.450000
v -2.225286 0.755383 6.450000
v -2.171117 0.899306 6.450000
v -2.171117 0.899306 6.450000
v -2.171117 0.899306 6.450000
v -2.171117 0.899306 6.450000
v -2.107651 1.039378 6.450000
v -2.107651 1.039378 6.450000
v -2.107651 1.039378 6.450000
v -2.107651 1.039378 6.450000
v -2.035160 1.175000 6.450000
v -2.035160 1.175000 6.450000
v -2.035160 1.175000 6.450000
v -1.953954 1.305590 6.450000
v -1.953954 1.305590 6.450000
v -1.953954 1.305590 6.450000
v -1.864380 1.430589 6.450000
v -1.864380 1.430589 6.450000
v -1.864380 1.430589 6.450000
v -1.766823 1.549463 6.450000
v -1.766823 1.549463 6.450000
v -1.766823 1.549463 6.450000
v -1.766823 1.549463 6.450000
v -1.661701 1.661701 6.450000
v -1.661701 1.661701 6.450000
v -1.661701 1.661701 6.450000
v -1.549463 1.766823 6.450000
v -1.549463 1.766823 6.450000
v -1.549463 1.766823 6.450000
v -1.549463 1.766823 6.450000
v -1.430589 1.864380 6.450000
v -1.430589 1.864380 6.450000
v -1.430589 1.864380 6.450000
v -1.305590 1.953954 6.450000
v -1.305590 1.953954 6.450000
v -1.305590 1.953954 6.450000
v -1.175000 2.035160 6.450000
v -1.175000 2.035160 6.450000
v -1.175000 2.035160 6.450000
v -1.039378 2.107651 6.450000
v -1.039378 2.107651 6.450000
v -1.039378 2.107651 6.450000
v -0.899306 2.171117 6.450000
v -0.899306 2.171117 6.450000
v -0.899306 2.171117 6.450000
v -0.755383 2.225286 6.450000
v -0.755383 2.225286 6.450000
v -0.755383 2.225286 6.450000
v -0.608225 2.269926 6.450000
v -0.608225 2.269926 6.450000
v -0.608225 2.269926 6.450000
v -0.458462 2.304845 6.450000
v -0.458462 2.304845 6.450000
v -0.458462 2.304845 6.450000
v -0.306737 2.329895 6.450000
v -0.306737 2.329895 6.450000
v -0.306737 2.329895 6.450000
v -0.153697 2.344968 6.450000
v -0.153697 2.344968 6.450000
v -0.153697 2.344968 6.450000
v -0.490000 -0.490000 6.450000
v -0.490000 -0.490000 6.450000
v -0.490000 -0.490000 6.450000
v -0.490000 0.490000 6.450000
v -0.490000 0.490000 6.450000
v -0.490000 0.490000 6.450000
v 0.490000 -0.490000 6.450000
v 0.490000 -0.490000 6.450000
v 0.490000 -0.490000 6.450000
v 0.490000 0.490000 6.450000
v 0.490000 0.490000 6.450000
v 0.490000 0.490000 6.450000
v -0.490000 -0.490000 1.550000
v -0.490000 -0.490000 1.550000
v -0.490000 -0.490000 1.550000
v -0.490000 0.490000 1.550000
v -0.490000 0.490000 1.550000
v -0.490000 0.490000 1.550000
v 0.490000 0.490000 1.550000
v 0.490000 0.490000 1.550000
v 0.490000 0.490000 1.550000
v 0.490000 -0.490000 1.550000
v 0.490000 -0.490000 1.550000
v 0.490000 -0.490000 1.550000
vn -0.0000 -0.0000 1.0000
vn -0.0001 -0.0000 1.0000
vn 0.0001 -0.0000 1.0000
vn -0.0002 -0.0000 1.0000
vn 0.0002 -0.0000 1.0000
vn -0.0001 -0.0000 -1.0000
vn -0.0000 -0.0000 -1.0000
vn 0.0001 -0.0000 -1.0000
vn 0.9826 0.1860 -0.0000
vn 0.9056 0.4241 -0.0000
vn 0.8974 0.4413 -0.0000
vn 0.9715 0.2369 -0.0000
vn 0.9941 -0.1081 -0.0000
vn 0.9473 -0.3204 -0.0000
vn 0.9532 -0.3023 -0.0000
vn 0.9984 -0.0561 -0.0000
vn 0.9499 0.3126 -0.0000
vn 0.8425 0.5387 -0.0000
vn 0.8321 0.5546 -0.0000
vn 0.9323 0.3617 -0.0000
vn 0.9997 0.0226 -0.0000
vn 0.9810 -0.1940 -0.0000
vn 0.9845 -0.1753 -0.0000
vn 0.9972 0.0747 -0.0000
vn 0.9009 0.4339 -0.0000
vn 0.7650 0.6441 -0.0000
vn 0.7526 0.6585 -0.0000
vn 0.8771 0.4803 -0.0000
vn 0.9882 0.1529 -0.0000
vn 0.9979 -0.0643 -0.0000
vn 0.9990 -0.0453 -0.0000
vn 0.9789 0.2042 -0.0000
vn 0.8366 0.5478 -0.0000
vn 0.6744 0.7384 -0.0000
vn 0.6602 0.7511 -0.0000
vn 0.8069 0.5907 -0.0000
vn 0.9598 0.2806 -0.0000
vn 0.9978 0.0665 -0.0000
vn 0.9963 0.0855 -0.0000
vn 0.9439 0.3302 -0.0000
vn 0.7579 0.6523 -0.0000
vn 0.5722 0.8201 -0.0000
vn 0.5565 0.8308 -0.0000
vn 0.7229 0.6910 -0.0000
vn 0.9150 0.4034 -0.0000
vn 0.9806 0.1962 -0.0000
vn 0.9767 0.2148 -0.0000
vn 0.8927 0.4506 -0.0000
vn 0.6663 0.7457 -0.0000
vn 0.4603 0.8878 -0.0000
vn 0.4433 0.8964 -0.0000
vn 0.6265 0.7794 -0.0000
vn 0.8545 0.5194 -0.0000
vn 0.9466 0.3225 -0.0000
vn 0.9403 0.3405 -0.0000
vn 0.8263 0.5633 -0.0000
vn 0.5633 0.8263 -0.0000
vn 0.3405 0.9403 -0.0000
vn 0.3225 0.9466 -0.0000
vn 0.5194 0.8545 -0.0000
vn 0.7794 0.6265 -0.0000
vn 0.8964 0.4433 -0.0000
vn 0.8878 0.4603 -0.0000
vn 0.7457 0.6663 -0.0000
vn 0.4506 0.8927 -0.0000
vn 0.2148 0.9767 -0.0000
vn 0.1962 0.9806 -0.0000
vn 0.4034 0.9150 -0.0000
vn 0.6910 0.7229 -0.0000
vn 0.8308 0.5565 -0.0000
vn 0.8201 0.5722 -0.0000
vn 0.6523 0.7579 -0.0000
vn 0.3302 0.9439 -0.0000
vn 0.0855 0.9963 -0.0000
vn 0.0665 0.9978 -0.0000
vn 0.2806 0.9598 -0.0000
vn 0.5907 0.8069 -0.0000
vn 0.7511 0.6602 -0.0000
vn 0.7384 0.6744 -0.0000
vn 0.5478 0.8366 -0.0000
vn 0.2042 0.9789 -0.0000
vn -0.0453 0.9990 -0.0000
vn -0.0643 0.9979 -0.0000
vn 0.1529 0.9882 -0.0000
vn 0.4803 0.8771 -0.0000
vn 0.6585 0.7526 -0.0000
vn 0.6441 0.7650 -0.0000
vn 0.4339 0.9009 -0.0000
vn 0.0747 0.9972 -0.0000
vn -0.1753 0.9845 -0.0000
vn -0.1940 0.9810 -0.0000
vn 0.0226 0.9997 -0.0000
vn 0.3617 0.9323 -0.0000
vn 0.5546 0.8321 -0.0000
vn 0.5387 0.8425 -0.0000
vn 0.3126 0.9499 -0.0000
vn -0.0561 0.9984 -0.0000
vn -0.3023 0.9532 -0.0000
vn -0.3204 0.9473 -0.0000
vn -0.1081 0.9941 -0.0000
vn 0.2369 0.9715 -0.0000
vn 0.4413 0.8974 -0.0000
vn 0.4241 0.9056 -0.0000
vn 0.1860 0.9826 -0.0000
vn -0.1860 0.9826 -0.0000
vn -0.4241 0.9056 -0.0000
vn -0.4413 0.8974 -0.0000
vn -0.2369 0.9715 -0.0000
vn 0.1081 0.9941 -0.0000
vn 0.3204 0.9473 -0.0000
vn 0.3023 0.9532 -0.0000
vn 0.0561 0.9984 -0.0000
vn -0.3126 0.9499 -0.0000
vn -0.5387 0.8425 -0.0000
vn -0.5546 0.8321 -0.0000
vn -0.3617 0.9323 -0.0000
vn -0.0226 0.9997 -0.0000
vn 0.1940 0.9810 -0.0000
vn 0.1753 0.9845 -0.0000
vn -0.0747 0.9972 -0.0000
vn -0.4339 0.9009 -0.0000
vn -0.6441 0.7650 -0.0000
vn -0.6585 0.7526 -0.0000
vn -0.4803 0.8771 -0.0000
vn -0.1529 0.9882 -0.0000
vn 0.0643 0.9979 -0.0000
vn 0.0453 0.9990 -0.0000
vn -0.2042 0.9789 -0.0000
vn -0.5478 0.8366 -0.0000
vn -0.7384 0.6744 -0.0000
vn -0.7511 0.6602 -0.0000
vn -0.5907 0.8069 -0.0000
vn -0.2806 0.9598 -0.0000
vn -0.0665 0.9978 -0.0000
vn -0.0855 0.9963 -0.0000
vn -0.3302 0.9439 -0.0000
vn -0.6523 0.7579 -0.0000
vn -0.8201 0.5722 -0.0000
vn -0.8308 0.5565 -0.0000
vn -0.6910 0.7229 -0.0000
vn -0.4034 0.9150 -0.0000
vn -0.1962 0.9806 -0.0000
vn -0.2148 0.9767 -0.0000
vn -0.4506 0.8927 -0.0000
vn -0.7457 0.6663 -0.0000
vn -0.8878 0.4603 -0.0000
vn -0.8964 0.4433 -0.0000
vn -0.7794 0.6265 -0.0000
vn -0.5194 0.8545 -0.0000
vn -0.3225 0.9466 -0.0000
vn -0.3405 0.9403 -0.0000
vn -0.5633 0.8263 -0.0000
vn -0.8263 0.5633 -0.0000
vn -0.9403 0.3405 -0.0000
vn -0.9466 0.3225 -0.0000
vn -0.8545 0.5194 -0.0000
vn -0.6265 0.7794 -0.0000
vn -0.4433 0.8964 -0.0000
vn -0.4603 0.8878 -0.0000
vn -0.6663 0.7457 -0.0000
vn -0.8927 0.4506 -0.0000
vn -0.9767 0.2148 -0.0000
vn -0.9806 0.1962 -0.0000
vn -0.9150 0.4034 -0.0000
vn -0.7229 0.6910 -0.0000
vn -0.5565 0.8308 -0.0000
vn -0.5722 0.8201 -0.0000
vn -0.7579 0.6523 -0.0000
vn -0.9439 0.3302 -0.0000
vn -0.9963 0.0855 -0.0000
vn -0.9978 0.0665 -0.0000
vn -0.9598 0.2806 -0.0000
vn -0.8069 0.5907 -0.0000
vn -0.6602 0.7511 -0.0000
vn -0.6744 0.7384 -0.0000
vn -0.8366 0.5478 -0.0000
vn -0.9789 0.2042 -0.0000
vn -0.9990 -0.0453 -0.0000
vn -0.9979 -0.0643 -0.0000
vn -0.9882 0.1529 -0.0000
vn -0.8771 0.4803 -0.0000
vn -0.7526 0.6585 -0.0000
vn -0.7650 0.6441 -0.0000
vn -0.9009 0.4339 -0.0000
vn -0.9972 0.0747 -0.0000
vn -0.9845 -0.1753 -0.0000
vn -0.9810 -0.1940 -0.0000
vn -0.9997 0.0226 -0.0000
vn -0.9323 0.3617 -0.0000
vn -0.8321 0.5546 -0.0000
vn -0.8425 0.5387 -0.0000
vn -0.9499 0.3126 -0.0000
vn -0.9984 -0.0561 -0.0000
vn -0.9532 -0.3023 -0.0000
vn -0.9473 -0.3204 -0.0000
vn -0.9941 -0.1081 -0.0000
vn -0.9715 0.2369 -0.0000
vn -0.8974 0.4413 -0.0000
vn -0.9056 0.4241 -0.0000
vn -0.9826 0.1860 -0.0000
vn -0.9826 -0.1860 -0.0000
vn -0.9056 -0.4241 -0.0000
vn -0.8974 -0.4413 -0.0000
vn -0.9715 -0.2369 -0.0000
vn -0.9941 0.1081 -0.0000
vn -0.9473 0.3204 -0.0000
vn -0.9532 0.3023 -0.0000
vn -0.9984 0.0561 -0.0000
vn -0.9499 -0.3126 -0.0000
vn -0.8425 -0.5387 -0.0000
vn -0.8321 -0.5546 -0.0000
vn -0.9323 -0.3617 -0.0000
vn -0.9997 -0.0226 -0.0000
vn -0.9810 0.1940 -0.0000
vn -0.9845 0.1753 -0.0000
vn -0.9972 -0.0747 -0.0000
vn -0.9009 -0.4339 -0.0000
vn -0.7650 -0.6441 -0.0000
vn -0.7526 -0.6585 -0.0000
vn -0.8771 -0.4803 -0.0000
vn -0.9882 -0.1529 -0.0000
vn -0.9979 0.0643 -0.0000
vn -0.9990 0.0453 -0.0000
vn -0.9789 -0.2042 -0.0000
vn -0.8366 -0.5478 -0.0000
vn -0.6744 -0.7384 -0.0000
vn -0.6602 -0.7511 -0.0000
vn -0.8069 -0.5907 -0.0000
vn -0.9598 -0.2806 -0.0000
vn -0.9978 -0.0665 -0.0000
vn -0.9963 -0.0855 -0.0000
vn -0.9439 -0.3302 -0.0000
vn -0.7579 -0.6523 -0.0000
vn -0.5722 -0.8201 -0.0000
vn -0.5565 -0.8308 -0.0000
vn -0.7229 -0.6910 -0.0000
vn -0.9150 -0.4034 -0.0000
vn -0.9806 -0.1962 -0.0000
vn -0.9767 -0.2148 -0.0000
vn -0.8927 -0.4506 -0.0000
vn -0.6663 -0.7457 -0.0000
vn -0.4603 -0.8878 -0.0000
vn -0.4433 -0.8964 -0.0000
vn -0.6265 -0.7794 -0.0000
vn -0.8545 -0.5194 -0.0000
vn -0.9466 -0.3225 -0.0000
vn -0.9403 -0.3405 -0.0000
vn -0.8263 -0.5633 -0.0000
vn -0.5633 -0.8263 -0.0000
vn -0.3405 -0.9403 -0.0000
vn -0.3225 -0.9466 -0.0000
vn -0.5194 -0.8545 -0.0000
vn -0.7794 -0.6265 -0.0000
vn -0.8964 -0.4433 -0.0000
vn -0.8878 -0.4603 -0.0000
vn -0.7457 -0.6663 -0.0000
vn -0.4506 -0.8927 -0.0000
vn -0.2148 -0.9767 -0.0000
vn -0.1962 -0.9806 -0.0000
vn -0.4034 -0.9150 -0.0000
vn -0.6910 -0.7229 -0.0000
vn -0.8308 -0.5565 -0.0000
vn -0.8201 -0.5722 -0.0000
vn -0.6523 -0.7579 -0.0000
vn -0.3302 -0.9439 -0.0000
vn -0.0855 -0.9963 -0.0000
vn -0.0665 -0.9978 -0.0000
vn -0.2806 -0.9598 -0.0000
vn -0.5907 -0.8069 -0.0000
vn -0.7511 -0.6602 -0.0000
vn -0.7384 -0.6744 -0.0000
vn -0.5478 -0.8366 -0.0000
vn -0.2042 -0.9789 -0.0000
vn 0.0453 -0.9990 -0.0000
vn 0.0643 -0.9979 -0.0000
vn -0.1529 -0.9882 -0.0000
vn -0.4803 -0.8771 -0.0000
vn -0.6585 -0.7526 -0.0000
vn -0.6441 -0.7650 -0.0000
vn -0.4339 -0.9009 -0.0000
vn -0.0747 -0.9972 -0.0000
vn 0.1753 -0.9845 -0.0000
vn 0.1940 -0.9810 -0.0000
vn -0.0226 -0.9997 -0.0000
vn -0.3617 -0.9323 -0.0000
vn -0.5546 -0.8321 -0.0000
vn -0.5387 -0.8425 -0.0000
vn -0.3126 -0.9499 -0.0000
vn 0.0561 -0.9984 -0.0000
vn 0.3023 -0.9532 -0.0000
vn 0.3204 -0.9473 -0.0000
vn 0.1081 -0.9941 -0.0000
vn -0.2369 -0.9715 -0.0000
vn -0.4413 -0.8974 -0.0000
vn -0.4241 -0.9056 -0.0000
vn -0.1860 -0.9826 -0.0000
vn 0.1860 -0.9826 -0.0000
vn 0.4241 -0.9056 -0.0000
vn 0.4413 -0.8974 -0.0000
vn 0.2369 -0.9715 -0.0000
vn -0.1081 -0.9941 -0.0000
vn -0.3204 -0.9473 -0.0000
vn -0.3023 -0.9532 -0.0000
vn -0.0561 -0.9984 -0.0000
vn 0.3126 -0.9499 -0.0000
vn 0.5387 -0.8425 -0.0000
vn 0.5546 -0.8321 -0.0000
vn 0.3617 -0.9323 -0.0000
vn 0.0226 -0.9997 -0.0000
vn -0.1940 -0.9810 -0.0000
vn -0.1753 -0.9845 -0.0000
vn 0.0747 -0.9972 -0.0000
vn 0.4339 -0.9009 -0.0000
vn 0.6441 -0.7650 -0.0000
vn 0.6585 -0.7526 -0.0000
vn 0.4803 -0.8771 -0.0000
vn 0.1529 -0.9882 -0.0000
vn -0.0643 -0.9979 -0.0000
vn -0.0453 -0.9990 -0.0000
vn 0.2042 -0.9789 -0.0000
vn 0.5478 -0.8366 -0.0000
vn 0.7384 -0.6744 -0.0000
vn 0.7511 -0.6602 -0.0000
vn 0.5907 -0.8069 -0.0000
vn 0.2806 -0.9598 -0.0000
vn 0.0665 -0.9978 -0.0000
vn 0.0855 -0.9963 -0.0000
vn 0.3302 -0.9439 -0.0000
vn 0.6523 -0.7579 -0.0000
vn 0.8201 -0.5722 -0.0000
vn 0.8308 -0.5565 -0.0000
vn 0.6910 -0.7229 -0.0000
vn 0.4034 -0.9150 -0.0000
vn 0.1962 -0.9806 -0.0000
vn 0.2148 -0.9767 -0.0000
vn 0.4506 -0.8927 -0.0000
vn 0.7457 -0.6663 -0.0000
vn 0.8878 -0.4603 -0.0000
vn 0.8964 -0.4433 -0.0000
vn 0.7794 -0.6265 -0.0000
vn 0.5194 -0.8545 -0.0000
vn 0.3225 -0.9466 -0.0000
vn 0.3405 -0.9403 -0.0000
vn 0.5633 -0.8263 -0.0000
vn 0.8263 -0.5633 -0.0000
vn 0.9403 -0.3405 -0.0000
vn 0.9466 -0.3225 -0.0000
vn 0.8545 -0.5194 -0.0000
vn 0.6265 -0.7794 -0.0000
vn 0.4433 -0.8964 -0.0000
vn 0.4603 -0.8878 -0.0000
vn 0.6663 -0.7457 -0.0000
vn 0.8927 -0.4506 -0.0000
vn 0.9767 -0.2148 -0.0000
vn 0.9806 -0.1962 -0.0000
vn 0.9150 -0.4034 -0.0000
vn 0.7229 -0.6910 -0.0000
vn 0.5565 -0.8308 -0.0000
vn 0.5722 -0.8201 -0.0000
vn 0.7579 -0.6523 -0.0000
vn 0.9439 -0.3302 -0.0000
vn 0.9963 -0.0855 -0.0000
vn 0.9978 -0.0665 -0.0000
vn 0.9598 -0.2806 -0.0000
vn 0.8069 -0.5907 -0.0000
vn 0.6602 -0.7511 -0.0000
vn 0.6744 -0.7384 -0.0000
vn 0.8366 -0.5478 -0.0000
vn 0.9789 -0.2042 -0.0000
vn 0.9990 0.0453 -0.0000
vn 0.9979 0.0643 -0.0000
vn 0.9882 -0.1529 -0.0000
vn 0.8771 -0.4803 -0.0000
vn 0.7526 -0.6585 -0.0000
vn 0.7650 -0.6441 -0.0000
vn 0.9009 -0.4339 -0.0000
vn 0.9972 -0.0747 -0.0000
vn 0.9845 0.1753 -0.0000
vn 0.9810 0.1940 -0.0000
vn 0.9997 -0.0226 -0.0000
vn 0.9323 -0.3617 -0.0000
vn 0.8321 -0.5546 -0.0000
vn 0.8425 -0.5387 -0.0000
vn 0.9499 -0.3126 -0.0000
vn 0.9984 0.0561 -0.0000
vn 0.9532 0.3023 -0.0000
vn 0.9473 0.3204 -0.0000
vn 0.9941 0.1081 -0.0000
vn 0.9715 -0.2369 -0.0000
vn 0.8974 -0.4413 -0.0000
vn 0.9056 -0.4241 -0.0000
vn 0.9826 -0.1860 -0.0000
vn -0.0164 -0.9999 -0.0000
vn -0.0491 -0.9988 -0.0000
vn -0.0817 -0.9967 -0.0000
vn -0.1143 -0.9934 -0.0000
vn -0.1467 -0.9892 -0.0000
vn -0.1790 -0.9838 -0.0000
vn -0.2111 -0.9775 -0.0000
vn -0.2430 -0.9700 -0.0000
vn -0.2746 -0.9616 -0.0000
vn -0.3059 -0.9521 -0.0000
vn -0.3369 -0.9415 -0.0000
vn -0.3675 -0.9300 -0.0000
vn -0.3977 -0.9175 -0.0000
vn -0.4276 -0.9040 -0.0000
vn -0.4569 -0.8895 -0.0000
vn -0.4858 -0.8741 -0.0000
vn -0.5141 -0.8577 -0.0000
vn -0.5419 -0.8404 -0.0000
vn -0.5419 -0.8405 -0.0000
vn -0.5691 -0.8223 -0.0000
vn -0.5957 -0.8032 -0.0000
vn -0.6217 -0.7833 -0.0000
vn -0.6470 -0.7625 -0.0000
vn -0.6716 -0.7410 -0.0000
vn -0.6716 -0.7409 -0.0000
vn -0.6954 -0.7186 -0.0000
vn -0.7186 -0.6954 -0.0000
vn -0.7410 -0.6716 -0.0000
vn -0.7625 -0.6470 -0.0000
vn -0.7833 -0.6217 -0.0000
vn -0.8032 -0.5957 -0.0000
vn -0.8223 -0.5691 -0.0000
vn -0.8404 -0.5419 -0.0000
vn -0.8405 -0.5419 -0.0000
vn -0.8577 -0.5141 -0.0000
vn -0.8741 -0.4858 -0.0000
vn -0.8895 -0.4569 -0.0000
vn -0.9040 -0.4276 -0.0000
vn -0.9175 -0.3978 -0.0000
vn -0.9175 -0.3977 -0.0000
vn -0.9300 -0.3675 -0.0000
vn -0.9415 -0.3369 -0.0000
vn -0.9521 -0.3059 -0.0000
vn -0.9616 -0.2746 -0.0000
vn -0.9700 -0.2430 -0.0000
vn -0.9775 -0.2111 -0.0000
vn -0.9838 -0.1790 -0.0000
vn -0.9892 -0.1467 -0.0000
vn -0.9934 -0.1143 -0.0000
vn -0.9967 -0.0817 -0.0000
vn -0.9988 -0.0491 -0.0000
vn -0.9999 -0.0164 -0.0000
vn -0.9999 0.0164 -0.0000
vn -0.9988 0.0491 -0.0000
vn -0.9967 0.0817 -0.0000
vn -0.9934 0.1143 -0.0000
vn -0.9892 0.1467 -0.0000
vn -0.9838 0.1790 -0.0000
vn -0.9775 0.2111 -0.0000
vn -0.9700 0.2430 -0.0000
vn -0.9616 0.2746 -0.0000
vn -0.9521 0.3059 -0.0000
vn -0.9415 0.3369 -0.0000
vn -0.9300 0.3675 -0.0000
vn -0.9175 0.3977 -0.0000
vn -0.9175 0.3978 -0.0000
vn -0.9040 0.4276 -0.0000
vn -0.8895 0.4569 -0.0000
vn -0.8741 0.4858 -0.0000
vn -0.8577 0.5141 -0.0000
vn -0.8405 0.5419 -0.0000
vn -0.8404 0.5419 -0.0000
vn -0.8223 0.5691 -0.0000
vn -0.8032 0.5957 -0.0000
vn -0.7833 0.6217 -0.0000
vn -0.7625 0.6470 -0.0000
vn -0.7410 0.6716 -0.0000
vn -0.7186 0.6954 -0.0000
vn -0.6954 0.7186 -0.0000
vn -0.6716 0.7409 -0.0000
vn -0.6716 0.7410 -0.0000
vn -0.6470 0.7625 -0.0000
vn -0.6217 0.7833 -0.0000
vn -0.5957 0.8032 -0.0000
vn -0.5691 0.8223 -0.0000
vn -0.5419 0.8404 -0.0000
vn -0.5419 0.8405 -0.0000
vn -0.5141 0.8577 -0.0000
vn -0.4858 0.8741 -0.0000
vn -0.4569 0.8895 -0.0000
vn -0.4276 0.9040 -0.0000
vn -0.3977 0.9175 -0.0000
vn -0.3675 0.9300 -0.0000
vn -0.3369 0.9415 -0.0000
vn -0.3059 0.9521 -0.0000
vn -0.2746 0.9616 -0.0000
vn -0.2430 0.9700 -0.0000
vn -0.2111 0.9775 -0.0000
vn -0.1790 0.9838 -0.0000
vn -0.1467 0.9892 -0.0000
vn -0.1143 0.9934 -0.0000
vn -0.0817 0.9967 -0.0000
vn -0.0491 0.9988 -0.0000
vn -0.0164 0.9999 -0.0000
vn 0.0164 0.9999 -0.0000
vn 0.0491 0.9988 -0.0000
vn 0.0817 0.9967 -0.0000
vn 0.1143 0.9934 -0.0000
vn 0.1467 0.9892 -0.0000
vn 0.1790 0.9838 -0.0000
vn 0.2111 0.9775 -0.0000
vn 0.2430 0.9700 -0.0000
vn 0.2746 0.9616 -0.0000
vn 0.3059 0.9521 -0.0000
vn 0.3369 0.9415 -0.0000
vn 0.3675 0.9300 -0.0000
vn 0.3977 0.9175 -0.0000
vn 0.4276 0.9040 -0.0000
vn 0.4569 0.8895 -0.0000
vn 0.4858 0.8741 -0.0000
vn 0.5141 0.8577 -0.0000
vn 0.5419 0.8404 -0.0000
vn 0.5419 0.8405 -0.0000
vn 0.5691 0.8223 -0.0000
vn 0.5957 0.8032 -0.0000
vn 0.6217 0.7833 -0.0000
vn 0.6470 0.7625 -0.0000
vn 0.6716 0.7410 -0.0000
vn 0.6716 0.7409 -0.0000
vn 0.6954 0.7186 -0.0000
vn 0.7186 0.6954 -0.0000
vn 0.7410 0.6716 -0.0000
vn 0.7625 0.6470 -0.0000
vn 0.7833 0.6217 -0.0000
vn 0.8032 0.5957 -0.0000
vn 0.8223 0.5691 -0.0000
vn 0.8404 0.5419 -0.0000
vn 0.8405 0.5419 -0.0000
vn 0.8577 0.5141 -0.0000
vn 0.8741 0.4858 -0.0000
vn 0.8895 0.4569 -0.0000
vn 0.9040 0.4276 -0.0000
vn 0.9175 0.3977 -0.0000
vn 0.9175 0.3978 -0.0000
vn 0.9300 0.3675 -0.0000
vn 0.9415 0.3369 -0.0000
vn 0.9521 0.3059 -0.0000
vn 0.9616 0.2746 -0.0000
vn 0.9700 0.2430 -0.0000
vn 0.9775 0.2111 -0.0000
vn 0.9838 0.1790 -0.0000
vn 0.9892 0.1467 -0.0000
vn 0.9934 0.1143 -0.0000
vn 0.9967 0.0817 -0.0000
vn 0.9988 0.0491 -0.0000
vn 0.9999 0.0164 -0.0000
vn 0.9999 -0.0164 -0.0000
vn 0.9988 -0.0491 -0.0000
vn 0.9967 -0.0817 -0.0000
vn 0.9934 -0.1143 -0.0000
vn 0.9892 -0.1467 -0.0000
vn 0.9838 -0.1790 -0.0000
vn 0.9775 -0.2111 -0.0000
vn 0.9700 -0.2430 -0.0000
vn 0.9616 -0.2746 -0.0000
vn 0.9521 -0.3059 -0.0000
vn 0.9415 -0.3369 -0.0000
vn 0.9300 -0.3675 -0.0000
vn 0.9175 -0.3977 -0.0000
vn 0.9175 -0.3978 -0.0000
vn 0.9040 -0.4276 -0.0000
vn 0.8895 -0.4569 -0.0000
vn 0.8741 -0.4858 -0.0000
vn 0.8577 -0.5141 -0.0000
vn 0.8404 -0.5419 -0.0000
vn 0.8405 -0.5419 -0.0000
vn 0.8223 -0.5691 -0.0000
vn 0.8032 -0.5957 -0.0000
vn 0.7833 -0.6217 -0.0000
vn 0.7625 -0.6470 -0.0000
vn 0.7410 -0.6716 -0.0000
vn 0.7186 -0.6954 -0.0000
vn 0.6954 -0.7186 -0.0000
vn 0.6716 -0.7409 -0.0000
vn 0.6716 -0.7410 -0.0000
vn 0.6470 -0.7625 -0.0000
vn 0.6217 -0.7833 -0.0000
vn 0.5957 -0.8032 -0.0000
vn 0.5691 -0.8223 -0.0000
vn 0.5419 -0.8404 -0.0000
vn 0.5419 -0.8405 -0.0000
vn 0.5141 -0.8577 -0.0000
vn 0.4858 -0.8741 -0.0000
vn 0.4569 -0.8895 -0.0000
vn 0.4276 -0.9040 -0.0000
vn 0.3977 -0.9175 -0.0000
vn 0.3675 -0.9300 -0.0000
vn 0.3369 -0.9415 -0.0000
vn 0.3059 -0.9521 -0.0000
vn 0.2746 -0.9616 -0.0000
vn 0.2430 -0.9700 -0.0000
vn 0.2111 -0.9775 -0.0000
vn 0.1790 -0.9838 -0.0000
vn 0.1467 -0.9892 -0.0000
vn 0.1143 -0.9934 -0.0000
vn 0.0817 -0.9967 -0.0000
vn 0.0491 -0.9988 -0.0000
vn 0.0164 -0.9999 -0.0000
vn 0.0327 0.9995 -0.0000
vn 0.0980 0.9952 -0.0000
vn 0.1629 0.9866 -0.0000
vn 0.2271 0.9739 -0.0000
vn 0.2903 0.9569 -0.0000
vn 0.3523 0.9359 -0.0000
vn 0.4127 0.9109 -0.0000
vn 0.4714 0.8819 -0.0000
vn 0.5281 0.8492 -0.0000
vn 0.5825 0.8128 -0.0000
vn 0.6344 0.7730 -0.0000
vn 0.6836 0.7299 -0.0000
vn 0.7299 0.6836 -0.0000
vn 0.7730 0.6344 -0.0000
vn 0.8128 0.5825 -0.0000
vn 0.8492 0.5281 -0.0000
vn 0.8819 0.4714 -0.0000
vn 0.9109 0.4127 -0.0000
vn 0.9359 0.3522 -0.0000
vn 0.9359 0.3523 -0.0000
vn 0.9569 0.2903 -0.0000
vn 0.9739 0.2271 -0.0000
vn 0.9866 0.1629 -0.0000
vn 0.9952 0.0980 -0.0000
vn 0.9995 0.0327 -0.0000
vn 0.9995 -0.0327 -0.0000
vn 0.9952 -0.0980 -0.0000
vn 0.9866 -0.1629 -0.0000
vn 0.9739 -0.2271 -0.0000
vn 0.9569 -0.2903 -0.0000
vn 0.9359 -0.3523 -0.0000
vn 0.9359 -0.3522 -0.0000
vn 0.9109 -0.4127 -0.0000
vn 0.8819 -0.4714 -0.0000
vn 0.8492 -0.5281 -0.0000
vn 0.8128 -0.5825 -0.0000
vn 0.7730 -0.6344 -0.0000
vn 0.7299 -0.6836 -0.0000
vn 0.6836 -0.7299 -0.0000
vn 0.6344 -0.7730 -0.0000
vn 0.5825 -0.8128 -0.0000
vn 0.5281 -0.8492 -0.0000
vn 0.4714 -0.8819 -0.0000
vn 0.4127 -0.9109 -0.0000
vn 0.3523 -0.9359 -0.0000
vn 0.2903 -0.9569 -0.0000
vn 0.2271 -0.9739 -0.0000
vn 0.1629 -0.9866 -0.0000
vn 0.0980 -0.9952 -0.0000
vn 0.0327 -0.9995 -0.0000
vn -0.0327 -0.9995 -0.0000
vn -0.0980 -0.9952 -0.0000
vn -0.1629 -0.9866 -0.0000
vn -0.2271 -0.9739 -0.0000
vn -0.2903 -0.9569 -0.0000
vn -0.3523 -0.9359 -0.0000
vn -0.4127 -0.9109 -0.0000
vn -0.4714 -0.8819 -0.0000
vn -0.5281 -0.8492 -0.0000
vn -0.5825 -0.8128 -0.0000
vn -0.6344 -0.7730 -0.0000
vn -0.6836 -0.7299 -0.0000
vn -0.7299 -0.6836 -0.0000
vn -0.7730 -0.6344 -0.0000
vn -0.8128 -0.5825 -0.0000
vn -0.8492 -0.5281 -0.0000
vn -0.8819 -0.4714 -0.0000
vn -0.9109 -0.4127 -0.0000
vn -0.9359 -0.3523 -0.0000
vn -0.9359 -0.3522 -0.0000
vn -0.9569 -0.2903 -0.0000
vn -0.9739 -0.2271 -0.0000
vn -0.9866 -0.1629 -0.0000
vn -0.9952 -0.0980 -0.0000
vn -0.9995 -0.0327 -0.0000
vn -0.9995 0.0327 -0.0000
vn -0.9952 0.0980 -0.0000
vn -0.9866 0.1629 -0.0000
vn -0.9739 0.2271 -0.0000
vn -0.9569 0.2903 -0.0000
vn -0.9359 0.3522 -0.0000
vn -0.9359 0.3523 -0.0000
vn -0.9109 0.4127 -0.0000
vn -0.8819 0.4714 -0.0000
vn -0.8492 0.5281 -0.0000
vn -0.8128 0.5825 -0.0000
vn -0.7730 0.6344 -0.0000
vn -0.7299 0.6836 -0.0000
vn -0.6836 0.7299 -0.0000
vn -0.6344 0.7730 -0.0000
vn -0.5825 0.8128 -0.0000
vn -0.5281 0.8492 -0.0000
vn -0.4714 0.8819 -0.0000
vn -0.4127 0.9109 -0.0000
vn -0.3523 0.9359 -0.0000
vn -0.2903 0.9569 -0.0000
vn -0.2271 0.9739 -0.0000
vn -0.1629 0.9866 -0.0000
vn -0.0980 0.9952 -0.0000
vn -0.0327 0.9995 -0.0000
vn 1.0000 -0.0000 -0.0000
vn -0.0000 -1.0000 -0.0000
vn -1.0000 -0.0000 -0.0000
vn -0.0000 1.0000 -0.0000
s 0
f 1//1 4//1 7//1
f 1//1 7//1 10//1
f 13//1 16//1 1//1
f 19//1 13//1 1//1
f 19//1 1//1 10//1
f 22//1 19//1 10//1
f 22//1 10//1 25//1
f 28//1 31//1 34//1
f 37//1 28//1 34//1
f 40//1 43//1 37//1
f 46//1 40//1 37//1
f 46//1 37//1 34//1
f 49//1 46//1 34//1
f 49//1 34//1 22//1
f 52//1 55//1 58//1
f 49//1 22//1 25//1
f 61//1 52//1 58//1
f 64//1 61//1 58//1
f 67//1 70//1 64//1
f 67//1 64//1 58//1
f 67//1 58//1 49//1
f 73//1 67//1 49//1
f 73//1 49//1 25//1
f 76//1 79//1 82//1
f 82//1 73//1 25//1
f 85//1 88//1 91//1
f 82//1 25//1 85//1
f 94//1 76//1 82//1
f 97//1 100//1 94//1
f 103//1 97//1 94//1
f 103//1 94//1 82//1
f 106//1 103//1 82//1
f 85//1 91//1 109//1
f 106//1 82//1 85//1
f 112//1 115//1 118//1
f 118//1 106//1 85//1
f 85//1 109//1 121//1
f 121//1 124//1 127//1
f 127//1 130//1 133//1
f 127//1 133//1 136//1
f 85//1 121//1 127//1
f 139//1 112//1 118//1
f 85//1 127//1 136//1
f 85//1 136//1 142//1
f 145//1 139//1 118//1
f 85//1 142//1 148//1
f 85//1 148//1 151//1
f 145//1 118//1 85//1
f 154//1 157//1 145//1
f 85//1 151//1 160//1
f 85//1 160//1 163//1
f 166//1 169//1 172//1
f 175//1 179//1 166//1
f 185//2 188//2 178//2
f 182//1 175//1 166//1
f 182//1 166//1 172//1
f 189//1 182//1 172//1
f 189//1 172//1 192//1
f 195//1 198//1 201//1
f 204//1 195//1 201//1
f 207//1 210//1 204//1
f 213//1 207//1 204//1
f 213//1 204//1 201//1
f 216//1 213//1 201//1
f 216//1 201//1 189//1
f 219//1 222//1 225//1
f 216//1 189//1 192//1
f 228//1 219//1 225//1
f 231//1 228//1 225//1
f 238//2 241//2 234//2
f 235//1 231//1 225//1
f 235//1 225//1 216//1
f 242//1 235//1 216//1
f 242//1 216//1 192//1
f 245//1 248//1 251//1
f 251//1 242//1 192//1
f 251//1 192//1 154//1
f 254//1 245//1 251//1
f 257//1 260//1 254//1
f 263//1 257//1 254//1
f 263//1 254//1 251//1
f 266//1 263//1 251//1
f 266//1 251//1 154//1
f 269//1 272//1 275//1
f 275//1 266//1 154//1
f 85//1 163//1 278//1
f 85//1 278//1 281//1
f 284//1 269//1 275//1
f 287//1 290//1 284//1
f 293//1 287//1 284//1
f 293//1 284//1 275//1
f 296//1 293//1 275//1
f 300//3 303//3 307//3
f 310//1 313//1 299//1
f 316//1 319//1 310//1
f 316//1 310//1 299//1
f 316//1 299//1 306//1
f 322//1 316//1 306//1
f 322//1 306//1 296//1
f 326//3 329//3 333//3
f 322//1 296//1 275//1
f 336//1 325//1 332//1
f 339//1 336//1 332//1
f 342//1 345//1 339//1
f 342//1 339//1 332//1
f 342//1 332//1 322//1
f 348//1 342//1 322//1
f 85//1 281//1 351//1
f 85//1 351//1 354//1
f 348//1 322//1 275//1
f 360//2 363//2 367//2
f 364//1 348//1 275//1
f 368//1 357//1 364//1
f 371//1 374//1 368//1
f 377//1 371//1 368//1
f 377//1 368//1 364//1
f 380//1 377//1 364//1
f 85//1 354//1 383//1
f 85//1 383//1 386//1
f 380//1 364//1 275//1
f 389//1 392//1 395//1
f 395//1 380//1 275//1
f 399//1 389//1 395//1
f 402//1 405//1 399//1
f 408//1 402//1 399//1
f 408//1 399//1 395//1
f 411//1 408//1 395//1
f 145//1 85//1 386//1
f 145//1 386//1 414//1
f 145//1 414//1 417//1
f 145//1 417//1 420//1
f 154//1 145//1 420//1
f 154//1 420//1 423//1
f 426//1 429//1 432//1
f 435//1 439//1 426//1
f 443//3 446//3 436//3
f 442//1 435//1 426//1
f 442//1 426//1 432//1
f 449//1 442//1 432//1
f 449//1 432//1 411//1
f 452//1 455//1 458//1
f 449//1 411//1 395//1
f 461//1 452//1 458//1
f 464//1 461//1 458//1
f 467//1 470//1 464//1
f 467//1 464//1 458//1
f 467//1 458//1 449//1
f 473//1 467//1 449//1
f 154//1 423//1 477//1
f 154//1 477//1 480//1
f 473//1 449//1 395//1
f 483//1 486//1 489//1
f 492//4 476//4 398//4
f 154//1 480//1 493//1
f 154//1 493//1 496//1
f 499//1 483//1 489//1
f 502//1 505//1 499//1
f 508//1 502//1 499//1
f 508//1 499//1 489//1
f 511//1 508//1 489//1
f 154//1 496//1 514//1
f 154//1 514//1 517//1
f 511//1 489//1 395//1
f 523//2 526//2 530//2
f 527//1 511//1 395//1
f 154//1 517//1 531//1
f 154//1 531//1 534//1
f 538//1 520//1 527//1
f 541//1 544//1 538//1
f 547//1 541//1 538//1
f 547//1 538//1 527//1
f 550//1 547//1 527//1
f 154//1 534//1 553//1
f 154//1 553//1 556//1
f 560//3 563//3 567//3
f 570//1 573//1 559//1
f 576//1 579//1 570//1
f 576//1 570//1 559//1
f 576//1 559//1 566//1
f 582//1 576//1 566//1
f 582//1 566//1 550//1
f 588//2 591//2 595//2
f 582//1 550//1 527//1
f 596//1 585//1 592//1
f 599//1 596//1 592//1
f 602//1 605//1 599//1
f 602//1 599//1 592//1
f 602//1 592//1 582//1
f 608//1 602//1 582//1
f 154//1 556//1 611//1
f 154//1 611//1 614//1
f 608//1 582//1 527//1
f 617//1 620//1 623//1
f 623//1 608//1 527//1
f 154//1 614//1 626//1
f 154//1 626//1 629//1
f 632//1 617//1 623//1
f 635//1 638//1 632//1
f 641//1 635//1 632//1
f 641//1 632//1 623//1
f 644//1 641//1 623//1
f 154//1 629//1 647//1
f 154//1 647//1 650//1
f 644//1 623//1 527//1
f 653//1 656//1 659//1
f 659//1 644//1 527//1
f 275//1 154//1 650//1
f 275//1 650//1 662//1
f 665//1 653//1 659//1
f 668//1 671//1 665//1
f 674//1 668//1 665//1
f 674//1 665//1 659//1
f 677//1 674//1 659//1
f 275//1 662//1 680//1
f 275//1 680//1 683//1
f 686//1 689//1 692//1
f 695//1 698//1 686//1
f 701//1 704//1 695//1
f 707//1 710//1 701//1
f 713//1 707//1 701//1
f 701//1 695//1 686//1
f 701//1 686//1 692//1
f 716//1 713//1 701//1
f 719//1 716//1 701//1
f 701//1 692//1 677//1
f 275//1 683//1 722//1
f 275//1 722//1 726//1
f 701//1 677//1 659//1
f 729//1 719//1 701//1
f 732//1 729//1 701//1
f 275//1 726//1 735//1
f 275//1 735//1 738//1
f 732//1 701//1 659//1
f 741//1 732//1 659//1
f 275//1 738//1 744//1
f 275//1 744//1 747//1
f 751//1 741//1 659//1
f 754//1 751//1 659//1
f 275//1 747//1 757//1
f 275//1 757//1 760//1
f 763//1 754//1 659//1
f 766//1 763//1 659//1
f 275//1 760//1 769//1
f 275//1 769//1 772//1
f 775//1 766//1 659//1
f 778//1 775//1 659//1
f 275//1 772//1 782//1
f 275//1 782//1 785//1
f 788//1 778//1 659//1
f 791//1 788//1 659//1
f 395//1 275//1 785//1
f 395//1 785//1 794//1
f 791//1 659//1 527//1
f 797//1 791//1 527//1
f 395//1 794//1 800//1
f 395//1 800//1 803//1
f 806//1 797//1 527//1
f 809//1 806//1 527//1
f 395//1 803//1 812//1
f 395//1 812//1 815//1
f 818//1 809//1 527//1
f 821//1 818//1 527//1
f 395//1 815//1 824//1
f 395//1 824//1 827//1
f 830//1 821//1 527//1
f 833//1 830//1 527//1
f 395//1 827//1 836//1
f 395//1 836//1 839//1
f 842//1 833//1 527//1
f 845//1 842//1 527//1
f 395//1 839//1 848//1
f 395//1 848//1 851//1
f 854//1 845//1 527//1
f 857//1 854//1 527//1
f 395//1 851//1 861//1
f 395//1 861//1 864//1
f 867//1 857//1 527//1
f 870//1 867//1 527//1
f 395//1 864//1 873//1
f 395//1 873//1 876//1
f 879//1 870//1 527//1
f 882//1 879//1 527//1
f 395//1 876//1 885//1
f 395//1 885//1 888//1
f 891//1 882//1 527//1
f 395//1 888//1 895//1
f 895//1 891//1 527//1
f 895//1 527//1 395//1
f 898//1 901//1 904//1
f 898//1 904//1 907//1
f 910//1 913//1 898//1
f 916//1 910//1 898//1
f 916//1 898//1 907//1
f 919//1 916//1 907//1
f 919//1 907//1 922//1
f 925//1 928//1 931//1
f 934//1 925//1 931//1
f 937//1 940//1 934//1
f 943//1 937//1 934//1
f 943//1 934//1 931//1
f 946//1 943//1 931//1
f 946//1 931//1 919//1
f 949//1 952//1 955//1
f 946//1 919//1 922//1
f 958//1 949//1 955//1
f 961//1 958//1 955//1
f 966//3 969//3 962//3
f 965//1 961//1 955//1
f 965//1 955//1 946//1
f 972//1 965//1 946//1
f 972//1 946//1 922//1
f 975//1 978//1 981//1
f 981//1 972//1 922//1
f 984//1 987//1 990//1
f 981//1 922//1 984//1
f 993//1 975//1 981//1
f 996//1 999//1 993//1
f 1002//1 996//1 993//1
f 1002//1 993//1 981//1
f 1005//1 1002//1 981//1
f 984//1 990//1 1008//1
f 1005//1 981//1 984//1
f 1011//1 1014//1 1017//1
f 1017//1 1005//1 984//1
f 984//1 1008//1 1021//1
f 1021//1 1024//1 1027//1
f 984//1 1021//1 1027//1
f 1030//1 1011//1 1017//1
f 984//1 1027//1 1033//1
f 1036//1 1039//1 1042//1
f 1036//1 1042//1 1045//1
f 1045//1 1048//1 1051//1
f 1045//1 1051//1 1054//1
f 1036//1 1045//1 1054//1
f 1036//1 1054//1 1057//1
f 1033//1 1036//1 1057//1
f 1060//1 1063//1 1066//1
f 984//1 1033//1 1057//1
f 1060//1 1066//1 1069//1
f 1060//1 1069//1 1072//1
f 1072//1 1075//1 1078//1
f 1060//1 1072//1 1078//1
f 1057//1 1060//1 1078//1
f 1057//1 1078//1 1081//1
f 1084//1 1030//1 1017//1
f 1089//3 1092//3 1085//3
f 1088//1 1084//1 1017//1
f 984//1 1057//1 1081//1
f 1095//1 1098//1 1101//1
f 984//1 1081//1 1095//1
f 1104//1 1088//1 1017//1
f 1107//1 1110//1 1113//1
f 1116//1 1107//1 1113//1
f 1119//1 1122//1 1116//1
f 1125//1 1119//1 1116//1
f 1125//1 1116//1 1113//1
f 1128//1 1125//1 1113//1
f 1128//1 1113//1 1104//1
f 1131//1 1134//1 1137//1
f 1128//1 1104//1 1017//1
f 1140//1 1131//1 1137//1
f 1143//1 1140//1 1137//1
f 1146//1 1149//1 1143//1
f 1146//1 1143//1 1137//1
f 1146//1 1137//1 1128//1
f 1152//1 1146//1 1128//1
f 1095//1 1101//1 1156//1
f 1156//1 1159//1 1162//1
f 1165//1 710//1 707//1
f 1156//1 1162//1 1165//1
f 1095//1 1156//1 1165//1
f 1165//1 707//1 1168//1
f 1165//1 1168//1 1171//1
f 984//1 1095//1 1165//1
f 1152//1 1128//1 1017//1
f 1175//2 1178//2 1183//2
f 1182//5 1153//5 1018//5
f 1165//1 1171//1 1186//1
f 1165//1 1186//1 1189//1
f 1192//1 1174//1 1181//1
f 1195//1 1198//1 1192//1
f 1201//1 1195//1 1192//1
f 1201//1 1192//1 1181//1
f 1204//1 1201//1 1181//1
f 1165//1 1189//1 1207//1
f 1165//1 1207//1 1210//1
f 1204//1 1181//1 1017//1
f 1214//2 1217//2 1221//2
f 1220//1 1204//1 1017//1
f 984//1 1165//1 1210//1
f 984//1 1210//1 1225//1
f 1228//1 1213//1 1220//1
f 1231//1 1234//1 1228//1
f 1237//1 1231//1 1228//1
f 1237//1 1228//1 1220//1
f 1240//1 1237//1 1220//1
f 984//1 1225//1 1243//1
f 984//1 1243//1 1246//1
f 1250//3 1253//3 1257//3
f 1260//1 1264//1 1249//1
f 1268//3 1271//3 1261//3
f 1267//1 1260//1 1249//1
f 1267//1 1249//1 1256//1
f 1274//1 1267//1 1256//1
f 1274//1 1256//1 1240//1
f 1277//1 1280//1 1283//1
f 1274//1 1240//1 1220//1
f 1286//1 1277//1 1283//1
f 1289//1 1286//1 1283//1
f 1294//2 1297//2 1290//2
f 1293//1 1289//1 1283//1
f 1293//1 1283//1 1274//1
f 1300//1 1293//1 1274//1
f 984//1 1246//1 1304//1
f 984//1 1304//1 1307//1
f 1300//1 1274//1 1220//1
f 1310//1 1313//1 1316//1
f 1317//4 1301//4 1222//4
f 984//1 1307//1 1320//1
f 984//1 1320//1 1323//1
f 1326//1 1310//1 1316//1
f 1329//1 1332//1 1326//1
f 1335//1 1329//1 1326//1
f 1335//1 1326//1 1316//1
f 1338//1 1335//1 1316//1
f 984//1 1323//1 1341//1
f 984//1 1341//1 1344//1
f 1338//1 1316//1 1220//1
f 1347//1 1350//1 1353//1
f 1353//1 1338//1 1220//1
f 984//1 1344//1 1356//1
f 984//1 1356//1 1359//1
f 1362//1 1347//1 1353//1
f 1365//1 1368//1 1362//1
f 1371//1 1365//1 1362//1
f 1371//1 1362//1 1353//1
f 1374//1 1371//1 1353//1
f 984//1 1359//1 1377//1
f 984//1 1377//1 1380//1
f 1383//1 1386//1 1389//1
f 1392//1 1395//1 1383//1
f 1398//1 1401//1 1392//1
f 1398//1 1392//1 1383//1
f 1398//1 1383//1 1389//1
f 1404//1 1398//1 1389//1
f 1404//1 1389//1 1374//1
f 1408//3 1411//3 1415//3
f 1404//1 1374//1 1353//1
f 1418//1 1407//1 1414//1
f 1421//1 1418//1 1414//1
f 1424//1 1427//1 1421//1
f 1424//1 1421//1 1414//1
f 1424//1 1414//1 1404//1
f 1430//1 1424//1 1404//1
f 984//1 1380//1 1433//1
f 984//1 1433//1 1436//1
f 1430//1 1404//1 1353//1
f 1440//2 1443//2 1447//2
f 1446//1 1430//1 1353//1
f 984//1 1436//1 1450//1
f 984//1 1450//1 1453//1
f 1457//1 1439//1 1446//1
f 1460//1 1463//1 1457//1
f 1466//1 1460//1 1457//1
f 1466//1 1457//1 1446//1
f 1469//1 1466//1 1446//1
f 1017//1 984//1 1453//1
f 1017//1 1453//1 1472//1
f 1469//1 1446//1 1353//1
f 1476//3 1479//3 1483//3
f 1482//1 1469//1 1353//1
f 1017//1 1472//1 1486//1
f 1017//1 1486//1 1489//1
f 1492//1 1475//1 1482//1
f 1495//1 1498//1 1492//1
f 1501//1 1495//1 1492//1
f 1501//1 1492//1 1482//1
f 1504//1 1501//1 1482//1
f 1017//1 1489//1 1507//1
f 1017//1 1507//1 1510//1
f 1513//1 1516//1 1519//1
f 1522//1 1525//1 1513//1
f 1528//1 1531//1 1522//1
f 1528//1 1522//1 1513//1
f 1528//1 1513//1 1519//1
f 1534//1 1528//1 1519//1
f 1534//1 1519//1 1504//1
f 1537//1 1540//1 1543//1
f 1534//1 1504//1 1482//1
f 1546//1 1537//1 1543//1
f 1549//1 1546//1 1543//1
f 1552//1 1555//1 1549//1
f 1552//1 1549//1 1543//1
f 1552//1 1543//1 1534//1
f 1558//1 1552//1 1534//1
f 1017//1 1510//1 1561//1
f 1017//1 1561//1 1564//1
f 1558//1 1534//1 1482//1
f 1567//1 1570//1 1573//1
f 1573//1 1558//1 1482//1
f 1017//1 1564//1 1576//1
f 1017//1 1576//1 1579//1
f 1582//1 1567//1 1573//1
f 1585//1 1588//1 1582//1
f 133//1 130//1 1591//1
f 1591//1 1585//1 1582//1
f 1591//1 1582//1 1573//1
f 1594//1 133//1 1591//1
f 1597//1 1594//1 1591//1
f 1591//1 1573//1 1482//1
f 1017//1 1579//1 1600//1
f 1017//1 1600//1 1603//1
f 1606//1 1597//1 1591//1
f 1609//1 1606//1 1591//1
f 1017//1 1603//1 1612//1
f 1017//1 1612//1 1615//1
f 1618//1 1609//1 1591//1
f 1621//1 1618//1 1591//1
f 1017//1 1615//1 1624//1
f 1017//1 1624//1 1628//1
f 1621//1 1591//1 1482//1
f 1631//1 1621//1 1482//1
f 1017//1 1628//1 1634//1
f 1017//1 1634//1 1637//1
f 1640//1 1631//1 1482//1
f 1643//1 1640//1 1482//1
f 1220//1 1017//1 1637//1
f 1220//1 1637//1 1646//1
f 1649//1 1643//1 1482//1
f 1652//1 1649//1 1482//1
f 1220//1 1646//1 1656//1
f 1220//1 1656//1 1660//1
f 1663//1 1652//1 1482//1
f 1666//1 1663//1 1482//1
f 1220//1 1660//1 1669//1
f 1220//1 1669//1 1672//1
f 1675//1 1666//1 1482//1
f 1678//1 1675//1 1482//1
f 1220//1 1672//1 1681//1
f 1220//1 1681//1 1684//1
f 1687//1 1678//1 1482//1
f 1690//1 1687//1 1482//1
f 1220//1 1684//1 1693//1
f 1220//1 1693//1 1696//1
f 1699//1 1690//1 1482//1
f 1702//1 1699//1 1482//1
f 1220//1 1696//1 1705//1
f 1220//1 1705//1 1708//1
f 1711//1 1702//1 1482//1
f 1714//1 1711//1 1482//1
f 1220//1 1708//1 1717//1
f 1220//1 1717//1 1720//1
f 1723//1 1714//1 1482//1
f 1726//1 1723//1 1482//1
f 1220//1 1720//1 1729//1
f 1220//1 1729//1 1732//1
f 1726//1 1482//1 1353//1
f 1735//1 1726//1 1353//1
f 1353//1 1220//1 1732//1
f 1353//1 1732//1 1739//1
f 1742//1 1735//1 1353//1
f 1745//1 1742//1 1353//1
f 1353//1 1739//1 1748//1
f 1353//1 1748//1 1751//1
f 1754//1 1745//1 1353//1
f 1757//1 1754//1 1353//1
f 1353//1 1751//1 1760//1
f 1353//1 1760//1 1763//1
f 1766//1 1757//1 1353//1
f 1770//1 1766//1 1353//1
f 1353//1 1763//1 1773//1
f 1353//1 1773//1 1776//1
f 1779//1 1770//1 1353//1
f 1782//1 1779//1 1353//1
f 1353//1 1776//1 1785//1
f 1785//1 1782//1 1353//1
f 1791//6 1794//6 1798//6
f 1799//7 1788//7 1795//7
f 1802//7 1805//7 1799//7
f 1808//7 1802//7 1799//7
f 1808//7 1799//7 1795//7
f 1811//7 1808//7 1795//7
f 1811//7 1795//7 1814//7
f 1819//8 1822//8 1826//8
f 1829//7 1818//7 1825//7
f 1832//7 1835//7 1829//7
f 1838//7 1832//7 1829//7
f 1838//7 1829//7 1825//7
f 1841//7 1838//7 1825//7
f 1841//7 1825//7 1811//7
f 1844//7 1847//7 1850//7
f 1841//7 1811//7 1814//7
f 1853//7 1844//7 1850//7
f 1856//7 1853//7 1850//7
f 1861//8 1864//8 1857//8
f 1860//7 1856//7 1850//7
f 1860//7 1850//7 1841//7
f 1867//7 1860//7 1841//7
f 1867//7 1841//7 1814//7
f 1871//7 1874//7 1877//7
f 1878//8 1868//8 1815//8
f 1882//8 1885//8 1889//8
f 1877//7 1814//7 1881//7
f 1892//7 1871//7 1877//7
f 1895//7 1898//7 1892//7
f 1901//7 1895//7 1892//7
f 1901//7 1892//7 1877//7
f 1904//7 1901//7 1877//7
f 1881//7 1888//7 1907//7
f 1904//7 1877//7 1881//7
f 1910//7 1913//7 1916//7
f 1916//7 1904//7 1881//7
f 1881//7 1907//7 1919//7
f 1920//8 1923//8 1927//8
f 1881//7 1919//7 1926//7
f 1930//7 1910//7 1916//7
f 1916//7 1881//7 1926//7
f 1916//7 1926//7 1933//7
f 1936//7 1930//7 1916//7
f 1939//7 1942//7 1936//7
f 1939//7 1936//7 1916//7
f 1916//7 1933//7 1945//7
f 1945//7 1948//7 1951//7
f 1951//7 1954//7 1957//7
f 1958//8 1961//8 1965//8
f 1951//7 1957//7 1964//7
f 1939//7 1916//7 1945//7
f 1945//7 1951//7 1964//7
f 1945//7 1964//7 1968//7
f 1971//7 1939//7 1945//7
f 1974//7 1977//7 1980//7
f 1980//7 1971//7 1945//7
f 1980//7 1945//7 1968//7
f 1983//7 1974//7 1980//7
f 1986//7 1989//7 1983//7
f 1992//7 1986//7 1983//7
f 1983//7 1980//7 1968//7
f 1995//7 1998//7 2001//7
f 1983//7 1968//7 1995//7
f 1992//7 1983//7 1995//7
f 1995//7 2001//7 2004//7
f 2004//7 2007//7 2010//7
f 2004//7 2010//7 2013//7
f 1992//7 1995//7 2004//7
f 2016//7 1992//7 2004//7
f 2016//7 2004//7 2013//7
f 2019//7 2022//7 2025//7
f 2025//7 2016//7 2013//7
f 2025//7 2013//7 2028//7
f 2031//7 2019//7 2025//7
f 2034//7 2037//7 2031//7
f 2040//7 2034//7 2031//7
f 2031//7 2025//7 2028//7
f 2043//7 2046//7 2049//7
f 2031//7 2028//7 2043//7
f 2040//7 2031//7 2043//7
f 2043//7 2049//7 2052//7
f 2052//7 2055//7 2058//7
f 2052//7 2058//7 2061//7
f 2040//7 2043//7 2052//7
f 2064//7 2040//7 2052//7
f 2064//7 2052//7 2061//7
f 2067//7 2070//7 2073//7
f 2073//7 2064//7 2061//7
f 2073//7 2061//7 2076//7
f 2079//7 2067//7 2073//7
f 2082//7 2085//7 2079//7
f 2088//7 2082//7 2079//7
f 2079//7 2073//7 2076//7
f 2091//7 2094//7 2097//7
f 2079//7 2076//7 2091//7
f 2088//7 2079//7 2091//7
f 2091//7 2097//7 2100//7
f 2100//7 2103//7 2106//7
f 2100//7 2106//7 2109//7
f 2088//7 2091//7 2100//7
f 2112//7 2088//7 2100//7
f 2112//7 2100//7 2109//7
f 2118//6 2121//6 2125//6
f 2122//7 2112//7 2109//7
f 2122//7 2109//7 2126//7
f 2129//7 2115//7 2122//7
f 2132//7 2135//7 2129//7
f 2138//7 2132//7 2129//7
f 2129//7 2122//7 2126//7
f 2141//7 2144//7 2147//7
f 2129//7 2126//7 2141//7
f 2138//7 2129//7 2141//7
f 2141//7 2147//7 2150//7
f 2150//7 2153//7 2156//7
f 2150//7 2156//7 2159//7
f 2138//7 2141//7 2150//7
f 2162//7 2138//7 2150//7
f 2162//7 2150//7 2159//7
f 2166//8 2169//8 2173//8
f 2172//7 2162//7 2159//7
f 2172//7 2159//7 2176//7
f 2179//7 2165//7 2172//7
f 2182//7 2185//7 2179//7
f 2188//7 2182//7 2179//7
f 2179//7 2172//7 2176//7
f 2191//7 2194//7 2197//7
f 2179//7 2176//7 2191//7
f 2188//7 2179//7 2191//7
f 2191//7 2197//7 2200//7
f 2200//7 2203//7 2206//7
f 2200//7 2206//7 2209//7
f 2188//7 2191//7 2200//7
f 2212//7 2188//7 2200//7
f 2212//7 2200//7 2209//7
f 2215//7 2218//7 2221//7
f 2221//7 2212//7 2209//7
f 2221//7 2209//7 2224//7
f 2227//7 2215//7 2221//7
f 2230//7 2233//7 2227//7
f 2236//7 2230//7 2227//7
f 2227//7 2221//7 2224//7
f 2242//6 2245//6 2249//6
f 2227//7 2224//7 2239//7
f 2236//7 2227//7 2239//7
f 2239//7 2246//7 2250//7
f 2250//7 2253//7 2256//7
f 2250//7 2256//7 2259//7
f 2236//7 2239//7 2250//7
f 2262//7 2236//7 2250//7
f 2262//7 2250//7 2259//7
f 2265//7 2268//7 2271//7
f 2271//7 2262//7 2259//7
f 2271//7 2259//7 2274//7
f 2277//7 2265//7 2271//7
f 2280//7 2283//7 2277//7
f 2286//7 2280//7 2277//7
f 2277//7 2271//7 2274//7
f 2290//8 2293//8 2297//8
f 2277//7 2274//7 2289//7
f 2286//7 2277//7 2289//7
f 2289//7 2296//7 2300//7
f 2300//7 2303//7 2306//7
f 2300//7 2306//7 2309//7
f 2286//7 2289//7 2300//7
f 2312//7 2286//7 2300//7
f 2312//7 2300//7 2309//7
f 2315//7 2318//7 2321//7
f 2321//7 2312//7 2309//7
f 2321//7 2309//7 2324//7
f 2327//7 2315//7 2321//7
f 2330//7 2333//7 2327//7
f 2336//7 2330//7 2327//7
f 2327//7 2321//7 2324//7
f 2339//7 2342//7 2345//7
f 2327//7 2324//7 2339//7
f 2336//7 2327//7 2339//7
f 2339//7 2345//7 2348//7
f 2348//7 2351//7 2354//7
f 2348//7 2354//7 2357//7
f 2336//7 2339//7 2348//7
f 2360//7 2336//7 2348//7
f 2360//7 2348//7 2357//7
f 2363//7 2366//7 2369//7
f 2369//7 2360//7 2357//7
f 2369//7 2357//7 2372//7
f 2375//7 2363//7 2369//7
f 2378//7 2381//7 2375//7
f 2384//7 2378//7 2375//7
f 2375//7 2369//7 2372//7
f 2387//7 2390//7 2393//7
f 2375//7 2372//7 2387//7
f 2384//7 2375//7 2387//7
f 2387//7 2393//7 2396//7
f 2396//7 2399//7 2402//7
f 2396//7 2402//7 2405//7
f 2384//7 2387//7 2396//7
f 2408//7 2384//7 2396//7
f 2408//7 2396//7 2405//7
f 2411//7 2414//7 2417//7
f 2417//7 2408//7 2405//7
f 2417//7 2405//7 2420//7
f 2423//7 2411//7 2417//7
f 2426//7 2429//7 2423//7
f 2432//7 2426//7 2423//7
f 2423//7 2417//7 2420//7
f 2435//7 2438//7 2441//7
f 2423//7 2420//7 2435//7
f 2432//7 2423//7 2435//7
f 2435//7 2441//7 2444//7
f 2444//7 2447//7 2450//7
f 2444//7 2450//7 2453//7
f 2432//7 2435//7 2444//7
f 2456//7 2432//7 2444//7
f 2456//7 2444//7 2453//7
f 2459//7 2462//7 2465//7
f 2465//7 2456//7 2453//7
f 2465//7 2453//7 2468//7
f 2471//7 2459//7 2465//7
f 2474//7 2477//7 2471//7
f 2480//7 2474//7 2471//7
f 2471//7 2465//7 2468//7
f 2483//7 2486//7 2489//7
f 2471//7 2468//7 2483//7
f 2480//7 2471//7 2483//7
f 2483//7 2489//7 2492//7
f 2492//7 2495//7 2498//7
f 2492//7 2498//7 2501//7
f 2480//7 2483//7 2492//7
f 2504//7 2480//7 2492//7
f 2504//7 2492//7 2501//7
f 2507//7 2510//7 2513//7
f 2513//7 2504//7 2501//7
f 2513//7 2501//7 2516//7
f 2519//7 2507//7 2513//7
f 2522//7 2525//7 2519//7
f 2528//7 2522//7 2519//7
f 2519//7 2513//7 2516//7
f 2531//7 2534//7 2537//7
f 2519//7 2516//7 2531//7
f 2528//7 2519//7 2531//7
f 2531//7 2537//7 2540//7
f 2540//7 2543//7 2546//7
f 2540//7 2546//7 2549//7
f 2528//7 2531//7 2540//7
f 2552//7 2528//7 2540//7
f 2552//7 2540//7 2549//7
f 2555//7 2558//7 2561//7
f 2561//7 2552//7 2549//7
f 2561//7 2549//7 2564//7
f 2567//7 2555//7 2561//7
f 2570//7 2573//7 2567//7
f 2576//7 2570//7 2567//7
f 2567//7 2561//7 2564//7
f 2579//7 2582//7 2585//7
f 2567//7 2564//7 2579//7
f 2576//7 2567//7 2579//7
f 2579//7 2585//7 2588//7
f 2588//7 2591//7 2594//7
f 2588//7 2594//7 2597//7
f 2576//7 2579//7 2588//7
f 2600//7 2576//7 2588//7
f 2600//7 2588//7 2597//7
f 2603//7 2606//7 2609//7
f 2609//7 2600//7 2597//7
f 2609//7 2597//7 2612//7
f 2615//7 2603//7 2609//7
f 2618//7 2621//7 2615//7
f 2624//7 2618//7 2615//7
f 2615//7 2609//7 2612//7
f 2627//7 2630//7 2633//7
f 2615//7 2612//7 2627//7
f 2624//7 2615//7 2627//7
f 2627//7 2633//7 2636//7
f 2636//7 2639//7 2642//7
f 2636//7 2642//7 2645//7
f 2624//7 2627//7 2636//7
f 2648//7 2624//7 2636//7
f 2648//7 2636//7 2645//7
f 2651//7 2654//7 2657//7
f 2657//7 2648//7 2645//7
f 2657//7 2645//7 2660//7
f 2663//7 2651//7 2657//7
f 2666//7 2669//7 2663//7
f 2672//7 2666//7 2663//7
f 2663//7 2657//7 2660//7
f 2675//7 2678//7 2681//7
f 2663//7 2660//7 2675//7
f 2672//7 2663//7 2675//7
f 2675//7 2681//7 2684//7
f 2684//7 2687//7 2690//7
f 2684//7 2690//7 2693//7
f 2672//7 2675//7 2684//7
f 2696//7 2672//7 2684//7
f 2696//7 2684//7 2693//7
f 2699//7 2702//7 2705//7
f 2705//7 2696//7 2693//7
f 2705//7 2693//7 2708//7
f 2711//7 2699//7 2705//7
f 2714//7 2717//7 2711//7
f 2720//7 2714//7 2711//7
f 2711//7 2705//7 2708//7
f 2723//7 2726//7 2729//7
f 2711//7 2708//7 2723//7
f 2720//7 2711//7 2723//7
f 2723//7 2729//7 2732//7
f 2732//7 2735//7 2738//7
f 2732//7 2738//7 2741//7
f 2720//7 2723//7 2732//7
f 2744//7 2720//7 2732//7
f 2744//7 2732//7 2741//7
f 2748//6 2751//6 2755//6
f 2754//7 2744//7 2741//7
f 2754//7 2741//7 2758//7
f 2761//7 2747//7 2754//7
f 2764//7 2767//7 2761//7
f 2770//7 2764//7 2761//7
f 2761//7 2754//7 2758//7
f 2773//7 2776//7 2779//7
f 2761//7 2758//7 2773//7
f 2770//7 2761//7 2773//7
f 2773//7 2779//7 2782//7
f 2782//7 2785//7 2788//7
f 2782//7 2788//7 2791//7
f 2770//7 2773//7 2782//7
f 2794//7 2770//7 2782//7
f 2794//7 2782//7 2791//7
f 2798//6 2801//6 2805//6
f 2804//7 2794//7 2791//7
f 2804//7 2791//7 2808//7
f 2811//7 2797//7 2804//7
f 2814//7 2817//7 2811//7
f 2820//7 2814//7 2811//7
f 2811//7 2804//7 2808//7
f 2823//7 2826//7 2829//7
f 2811//7 2808//7 2823//7
f 2820//7 2811//7 2823//7
f 2823//7 2829//7 2832//7
f 2832//7 2835//7 2838//7
f 2832//7 2838//7 2841//7
f 2820//7 2823//7 2832//7
f 2844//7 2820//7 2832//7
f 2844//7 2832//7 2841//7
f 2848//6 2851//6 2855//6
f 2854//7 2844//7 2841//7
f 2854//7 2841//7 2858//7
f 2861//7 2847//7 2854//7
f 2864//7 2867//7 2861//7
f 2870//7 2864//7 2861//7
f 2854//7 2858//7 2873//7
f 2874//6 2877//6 2881//6
f 2880//7 2884//7 2887//7
f 2887//7 2890//7 2893//7
f 2880//7 2887//7 2893//7
f 2854//7 2873//7 2880//7
f 2870//7 2861//7 2854//7
f 2896//7 2870//7 2854//7
f 2854//7 2880//7 2893//7
f 2854//7 2893//7 2899//7
f 2896//7 2854//7 2899//7
f 2903//6 2906//6 2910//6
f 2896//7 2899//7 2902//7
f 2914//8 2917//8 2921//8
f 2920//7 2896//7 2902//7
f 2902//7 2909//7 2924//7
f 2924//7 2927//7 2930//7
f 2924//7 2930//7 2933//7
f 2936//7 2913//7 2920//7
f 2939//7 2942//7 2936//7
f 2945//7 2939//7 2936//7
f 2902//7 2924//7 2933//7
f 2902//7 2933//7 2948//7
f 2945//7 2936//7 2920//7
f 2951//7 2945//7 2920//7
f 2920//7 2902//7 2948//7
f 2955//6 2958//6 2962//6
f 2920//7 2948//7 2954//7
f 2951//7 2920//7 2954//7
f 2954//7 2961//7 2965//7
f 2965//7 2968//7 2971//7
f 2974//7 2951//7 2954//7
f 2965//7 2971//7 2974//7
f 2954//7 2965//7 2974//7
f 370//9 1801//9 1807//9
f 370//9 1807//9 359//9
f 358//10 1806//10 1804//10
f 358//10 1804//10 362//10
f 361//11 1803//11 1809//11
f 361//11 1809//11 365//11
f 366//12 1810//12 1812//12
f 366//12 1812//12 349//12
f 350//13 1813//13 1828//13
f 350//13 1828//13 344//13
f 343//14 1827//14 1823//14
f 343//14 1823//14 346//14
f 347//15 1824//15 1820//15
f 347//15 1820//15 340//15
f 341//16 1821//16 1831//16
f 341//16 1831//16 338//16
f 337//17 1830//17 1837//17
f 337//17 1837//17 328//17
f 327//18 1836//18 1834//18
f 327//18 1834//18 331//18
f 330//19 1833//19 1839//19
f 330//19 1839//19 334//19
f 335//20 1840//20 1842//20
f 335//20 1842//20 323//20
f 324//21 1843//21 1852//21
f 324//21 1852//21 318//21
f 317//22 1851//22 1848//22
f 317//22 1848//22 320//22
f 321//23 1849//23 1845//23
f 321//23 1845//23 311//23
f 312//24 1846//24 1855//24
f 312//24 1855//24 315//24
f 314//25 1854//25 1859//25
f 314//25 1859//25 302//25
f 301//26 1858//26 1866//26
f 301//26 1866//26 305//26
f 304//27 1865//27 1862//27
f 304//27 1862//27 308//27
f 309//28 1863//28 1869//28
f 309//28 1869//28 297//28
f 298//29 1870//29 1879//29
f 298//29 1879//29 294//29
f 295//30 1880//30 1875//30
f 295//30 1875//30 288//30
f 289//31 1876//31 1873//31
f 289//31 1873//31 292//31
f 291//32 1872//32 1894//32
f 291//32 1894//32 286//32
f 285//33 1893//33 1900//33
f 285//33 1900//33 271//33
f 270//34 1899//34 1897//34
f 270//34 1897//34 274//34
f 273//35 1896//35 1902//35
f 273//35 1902//35 276//35
f 277//36 1903//36 1905//36
f 277//36 1905//36 267//36
f 268//37 1906//37 1917//37
f 268//37 1917//37 264//37
f 265//38 1918//38 1915//38
f 265//38 1915//38 259//38
f 258//39 1914//39 1912//39
f 258//39 1912//39 262//39
f 261//40 1911//40 1932//40
f 261//40 1932//40 256//40
f 255//41 1931//41 1938//41
f 255//41 1938//41 247//41
f 246//42 1937//42 1944//42
f 246//42 1944//42 250//42
f 249//43 1943//43 1940//43
f 249//43 1940//43 252//43
f 253//44 1941//44 1972//44
f 253//44 1972//44 243//44
f 244//45 1973//45 1981//45
f 244//45 1981//45 236//45
f 237//46 1982//46 1979//46
f 237//46 1979//46 240//46
f 239//47 1978//47 1976//47
f 239//47 1976//47 233//47
f 232//48 1975//48 1985//48
f 232//48 1985//48 230//48
f 229//49 1984//49 1991//49
f 229//49 1991//49 221//49
f 220//50 1990//50 1988//50
f 220//50 1988//50 224//50
f 223//51 1987//51 1993//51
f 223//51 1993//51 226//51
s 1
f 227//52 1994//52 2017//52
f 227//52 2017//52 217//52
s 0
f 218//53 2018//53 2026//53
f 218//53 2026//53 214//53
f 215//54 2027//54 2024//54
f 215//54 2024//54 209//54
f 208//55 2023//55 2021//55
f 208//55 2021//55 212//55
f 211//56 2020//56 2033//56
s 1
f 211//56 2033//56 206//56
s 0
f 205//57 2032//57 2039//57
f 205//57 2039//57 197//57
f 196//58 2038//58 2036//58
f 196//58 2036//58 200//58
f 199//59 2035//59 2041//59
f 199//59 2041//59 202//59
f 203//60 2042//60 2065//60
f 203//60 2065//60 190//60
f 191//61 2066//61 2074//61
s 1
f 191//61 2074//61 183//61
s 0
f 184//62 2075//62 2072//62
f 184//62 2072//62 187//62
f 186//63 2071//63 2069//63
f 186//63 2069//63 177//63
f 176//64 2068//64 2081//64
f 176//64 2081//64 181//64
f 180//65 2080//65 2087//65
f 180//65 2087//65 168//65
f 167//66 2086//66 2084//66
f 167//66 2084//66 171//66
f 170//67 2083//67 2089//67
f 170//67 2089//67 173//67
f 174//68 2090//68 2113//68
f 174//68 2113//68 193//68
f 194//69 2114//69 2123//69
f 194//69 2123//69 155//69
f 156//70 2124//70 2120//70
f 156//70 2120//70 159//70
f 158//71 2119//71 2117//71
f 158//71 2117//71 147//71
f 146//72 2116//72 2131//72
f 146//72 2131//72 141//72
f 140//73 2130//73 2137//73
f 140//73 2137//73 114//73
f 113//74 2136//74 2134//74
f 113//74 2134//74 117//74
f 116//75 2133//75 2139//75
f 116//75 2139//75 119//75
f 120//76 2140//76 2163//76
f 120//76 2163//76 107//76
f 108//77 2164//77 2174//77
f 108//77 2174//77 104//77
f 105//78 2175//78 2171//78
f 105//78 2171//78 99//78
f 98//79 2170//79 2168//79
f 98//79 2168//79 102//79
f 101//80 2167//80 2181//80
f 101//80 2181//80 96//80
f 95//81 2180//81 2186//81
f 95//81 2186//81 77//81
f 78//82 2187//82 2183//82
f 78//82 2183//82 80//82
f 81//83 2184//83 2190//83
f 81//83 2190//83 84//83
f 83//84 2189//84 2213//84
f 83//84 2213//84 74//84
f 75//85 2214//85 2222//85
f 75//85 2222//85 68//85
f 69//86 2223//86 2220//86
f 69//86 2220//86 72//86
f 71//87 2219//87 2217//87
f 71//87 2217//87 66//87
f 65//88 2216//88 2229//88
f 65//88 2229//88 63//88
f 62//89 2228//89 2234//89
f 62//89 2234//89 53//89
f 54//90 2235//90 2231//90
f 54//90 2231//90 56//90
f 57//91 2232//91 2238//91
f 57//91 2238//91 60//91
f 59//92 2237//92 2263//92
f 59//92 2263//92 50//92
f 51//93 2264//93 2272//93
f 51//93 2272//93 47//93
f 48//94 2273//94 2270//94
f 48//94 2270//94 42//94
f 41//95 2269//95 2267//95
f 41//95 2267//95 45//95
f 44//96 2266//96 2278//96
f 44//96 2278//96 38//96
f 39//97 2279//97 2284//97
f 39//97 2284//97 29//97
f 30//98 2285//98 2281//98
f 30//98 2281//98 32//98
f 33//99 2282//99 2288//99
f 33//99 2288//99 36//99
f 35//100 2287//100 2314//100
s 1
f 35//100 2314//100 24//100
s 0
f 23//101 2313//101 2322//101
f 23//101 2322//101 20//101
f 21//102 2323//102 2320//102
f 21//102 2320//102 15//102
f 14//103 2319//103 2317//103
f 14//103 2317//103 18//103
f 17//104 2316//104 2328//104
f 17//104 2328//104 2//104
f 3//105 2329//105 2334//105
f 3//105 2334//105 5//105
f 6//106 2335//106 2331//106
f 6//106 2331//106 8//106
f 9//107 2332//107 2338//107
f 9//107 2338//107 12//107
f 11//108 2337//108 2362//108
f 11//108 2362//108 27//108
s 1
f 26//109 2361//109 2370//109
s 0
f 26//109 2370//109 86//109
f 87//110 2371//110 2368//110
f 87//110 2368//110 90//110
f 89//111 2367//111 2365//111
f 89//111 2365//111 93//111
f 92//112 2364//112 2376//112
f 92//112 2376//112 110//112
f 111//113 2377//113 2382//113
f 111//113 2382//113 122//113
f 123//114 2383//114 2379//114
f 123//114 2379//114 125//114
f 126//115 2380//115 2386//115
f 126//115 2386//115 129//115
f 128//116 2385//116 2410//116
f 128//116 2410//116 132//116
f 131//117 2409//117 2419//117
f 131//117 2419//117 1593//117
f 1592//118 2418//118 2416//118
f 1592//118 2416//118 1587//118
f 1586//119 2415//119 2412//119
f 1586//119 2412//119 1589//119
f 1590//120 2413//120 2424//120
f 1590//120 2424//120 1583//120
f 1584//121 2425//121 2430//121
f 1584//121 2430//121 1568//121
f 1569//122 2431//122 2427//122
f 1569//122 2427//122 1571//122
f 1572//123 2428//123 2434//123
f 1572//123 2434//123 1575//123
f 1574//124 2433//124 2458//124
f 1574//124 2458//124 1560//124
f 1559//125 2457//125 2467//125
f 1559//125 2467//125 1554//125
f 1553//126 2466//126 2464//126
f 1553//126 2464//126 1557//126
f 1556//127 2463//127 2460//127
f 1556//127 2460//127 1550//127
f 1551//128 2461//128 2472//128
f 1551//128 2472//128 1547//128
f 1548//129 2473//129 2478//129
f 1548//129 2478//129 1538//129
f 1539//130 2479//130 2475//130
f 1539//130 2475//130 1541//130
f 1542//131 2476//131 2482//131
f 1542//131 2482//131 1545//131
f 1544//132 2481//132 2506//132
f 1544//132 2506//132 1536//132
f 1535//133 2505//133 2515//133
f 1535//133 2515//133 1530//133
f 1529//134 2514//134 2511//134
f 1529//134 2511//134 1532//134
f 1533//135 2512//135 2508//135
f 1533//135 2508//135 1523//135
f 1524//136 2509//136 2520//136
f 1524//136 2520//136 1526//136
f 1527//137 2521//137 2526//137
f 1527//137 2526//137 1514//137
f 1515//138 2527//138 2523//138
f 1515//138 2523//138 1517//138
f 1518//139 2524//139 2530//139
f 1518//139 2530//139 1521//139
f 1520//140 2529//140 2554//140
f 1520//140 2554//140 1506//140
f 1505//141 2553//141 2563//141
f 1505//141 2563//141 1503//141
f 1502//142 2562//142 2559//142
f 1502//142 2559//142 1496//142
f 1497//143 2560//143 2556//143
f 1497//143 2556//143 1499//143
f 1500//144 2557//144 2568//144
f 1500//144 2568//144 1493//144
f 1494//145 2569//145 2574//145
f 1494//145 2574//145 1477//145
f 1478//146 2575//146 2571//146
f 1478//146 2571//146 1480//146
f 1481//147 2572//147 2578//147
f 1481//147 2578//147 1485//147
s 1
f 1484//148 2577//148 2602//148
s 0
f 1484//148 2602//148 1471//148
f 1470//149 2601//149 2611//149
f 1470//149 2611//149 1468//149
f 1467//150 2610//150 2607//150
f 1467//150 2607//150 1461//150
f 1462//151 2608//151 2604//151
f 1462//151 2604//151 1464//151
f 1465//152 2605//152 2616//152
f 1465//152 2616//152 1458//152
f 1459//153 2617//153 2622//153
f 1459//153 2622//153 1441//153
f 1442//154 2623//154 2619//154
f 1442//154 2619//154 1444//154
f 1445//155 2620//155 2626//155
f 1445//155 2626//155 1449//155
f 1448//156 2625//156 2650//156
f 1448//156 2650//156 1432//156
s 1
f 1431//157 2649//157 2659//157
f 1431//157 2659//157 1426//157
s 0
f 1425//158 2658//158 2655//158
f 1425//158 2655//158 1428//158
f 1429//159 2656//159 2652//159
f 1429//159 2652//159 1422//159
f 1423//160 2653//160 2664//160
f 1423//160 2664//160 1419//160
f 1420//161 2665//161 2670//161
f 1420//161 2670//161 1409//161
f 1410//162 2671//162 2667//162
f 1410//162 2667//162 1412//162
f 1413//163 2668//163 2674//163
f 1413//163 2674//163 1417//163
f 1416//164 2673//164 2698//164
f 1416//164 2698//164 1406//164
f 1405//165 2697//165 2707//165
f 1405//165 2707//165 1400//165
f 1399//166 2706//166 2703//166
f 1399//166 2703//166 1402//166
f 1403//167 2704//167 2700//167
f 1403//167 2700//167 1393//167
f 1394//168 2701//168 2712//168
f 1394//168 2712//168 1396//168
f 1397//169 2713//169 2718//169
f 1397//169 2718//169 1384//169
f 1385//170 2719//170 2715//170
f 1385//170 2715//170 1387//170
f 1388//171 2716//171 2722//171
f 1388//171 2722//171 1391//171
f 1390//172 2721//172 2746//172
f 1390//172 2746//172 1376//172
f 1375//173 2745//173 2757//173
f 1375//173 2757//173 1373//173
f 1372//174 2756//174 2752//174
f 1372//174 2752//174 1366//174
f 1367//175 2753//175 2749//175
f 1367//175 2749//175 1369//175
f 1370//176 2750//176 2762//176
f 1370//176 2762//176 1363//176
f 1364//177 2763//177 2768//177
f 1364//177 2768//177 1348//177
f 1349//178 2769//178 2766//178
f 1349//178 2766//178 1352//178
f 1351//179 2765//179 2772//179
f 1351//179 2772//179 1355//179
f 1354//180 2771//180 2796//180
f 1354//180 2796//180 1340//180
f 1339//181 2795//181 2807//181
f 1339//181 2807//181 1337//181
f 1336//182 2806//182 2802//182
f 1336//182 2802//182 1330//182
f 1331//183 2803//183 2799//183
f 1331//183 2799//183 1333//183
f 1334//184 2800//184 2812//184
f 1334//184 2812//184 1327//184
f 1328//185 2813//185 2819//185
f 1328//185 2819//185 1312//185
f 1311//186 2818//186 2816//186
f 1311//186 2816//186 1315//186
f 1314//187 2815//187 2821//187
f 1314//187 2821//187 1318//187
f 1319//188 2822//188 2846//188
f 1319//188 2846//188 1303//188
f 1302//189 2845//189 2857//189
f 1302//189 2857//189 1296//189
f 1295//190 2856//190 2852//190
f 1295//190 2852//190 1298//190
f 1299//191 2853//191 2849//191
f 1299//191 2849//191 1291//191
f 1292//192 2850//192 2862//192
f 1292//192 2862//192 1287//192
f 1288//193 2863//193 2869//193
f 1288//193 2869//193 1279//193
f 1278//194 2868//194 2866//194
f 1278//194 2866//194 1282//194
f 1281//195 2865//195 2871//195
f 1281//195 2871//195 1284//195
f 1285//196 2872//196 2898//196
f 1285//196 2898//196 1276//196
f 1275//197 2897//197 2923//197
f 1275//197 2923//197 1270//197
f 1269//198 2922//198 2918//198
f 1269//198 2918//198 1272//198
f 1273//199 2919//199 2915//199
f 1273//199 2915//199 1262//199
f 1263//200 2916//200 2938//200
f 1263//200 2938//200 1266//200
f 1265//201 2937//201 2944//201
f 1265//201 2944//201 1252//201
f 1251//202 2943//202 2941//202
f 1251//202 2941//202 1255//202
f 1254//203 2940//203 2946//203
f 1254//203 2946//203 1258//203
f 1259//204 2947//204 2952//204
f 1259//204 2952//204 1241//204
f 1242//205 2953//205 2976//205
f 1242//205 2976//205 1239//205
f 1238//206 2975//206 2972//206
f 1238//206 2972//206 1232//206
f 1233//207 2973//207 2969//207
f 1233//207 2969//207 1235//207
f 1236//208 2970//208 2967//208
f 1236//208 2967//208 1230//208
f 1229//209 2966//209 2964//209
f 1229//209 2964//209 1216//209
f 1215//210 2963//210 2960//210
f 1215//210 2960//210 1219//210
f 1218//211 2959//211 2956//211
f 1218//211 2956//211 1223//211
f 1224//212 2957//212 2949//212
f 1224//212 2949//212 1205//212
f 1206//213 2950//213 2935//213
f 1206//213 2935//213 1203//213
f 1202//214 2934//214 2931//214
f 1202//214 2931//214 1196//214
f 1197//215 2932//215 2928//215
f 1197//215 2928//215 1199//215
f 1200//216 2929//216 2926//216
f 1200//216 2926//216 1194//216
f 1193//217 2925//217 2912//217
f 1193//217 2912//217 1177//217
f 1176//218 2911//218 2908//218
f 1176//218 2908//218 1180//218
f 1179//219 2907//219 2904//219
f 1179//219 2904//219 1184//219
f 1185//220 2905//220 2900//220
f 1185//220 2900//220 1154//220
f 1155//221 2901//221 2894//221
f 1155//221 2894//221 1147//221
f 1148//222 2895//222 2891//222
f 1148//222 2891//222 1150//222
f 1151//223 2892//223 2889//223
f 1151//223 2889//223 1145//223
f 1144//224 2888//224 2886//224
f 1144//224 2886//224 1142//224
f 1141//225 2885//225 2883//225
f 1141//225 2883//225 1133//225
f 1132//226 2882//226 2879//226
f 1132//226 2879//226 1136//226
f 1135//227 2878//227 2875//227
f 1135//227 2875//227 1138//227
f 1139//228 2876//228 2859//228
f 1139//228 2859//228 1129//228
f 1130//229 2860//229 2842//229
f 1130//229 2842//229 1126//229
f 1127//230 2843//230 2840//230
f 1127//230 2840//230 1121//230
f 1120//231 2839//231 2837//231
f 1120//231 2837//231 1124//231
f 1123//232 2836//232 2834//232
f 1123//232 2834//232 1118//232
f 1117//233 2833//233 2831//233
f 1117//233 2831//233 1109//233
f 1108//234 2830//234 2828//234
f 1108//234 2828//234 1112//234
f 1111//235 2827//235 2824//235
f 1111//235 2824//235 1114//235
f 1115//236 2825//236 2809//236
f 1115//236 2809//236 1105//236
f 1106//237 2810//237 2792//237
f 1106//237 2792//237 1090//237
f 1091//238 2793//238 2790//238
f 1091//238 2790//238 1094//238
f 1093//239 2789//239 2787//239
f 1093//239 2787//239 1087//239
f 1086//240 2786//240 2784//240
f 1086//240 2784//240 1032//240
f 1031//241 2783//241 2781//241
f 1031//241 2781//241 1013//241
f 1012//242 2780//242 2778//242
f 1012//242 2778//242 1016//242
f 1015//243 2777//243 2774//243
f 1015//243 2774//243 1019//243
s 1
f 1020//244 2775//244 2759//244
f 1020//244 2759//244 1006//244
s 0
f 1007//245 2760//245 2742//245
f 1007//245 2742//245 1003//245
f 1004//246 2743//246 2740//246
f 1004//246 2740//246 998//246
f 997//247 2739//247 2737//247
f 997//247 2737//247 1001//247
f 1000//248 2736//248 2734//248
s 1
f 1000//248 2734//248 995//248
s 0
f 994//249 2733//249 2731//249
f 994//249 2731//249 977//249
f 976//250 2730//250 2728//250
f 976//250 2728//250 980//250
f 979//251 2727//251 2724//251
f 979//251 2724//251 982//251
f 983//252 2725//252 2709//252
f 983//252 2709//252 973//252
f 974//253 2710//253 2694//253
s 1
f 974//253 2694//253 967//253
s 0
f 968//254 2695//254 2692//254
f 968//254 2692//254 971//254
f 970//255 2691//255 2689//255
f 970//255 2689//255 964//255
f 963//256 2688//256 2686//256
f 963//256 2686//256 960//256
f 959//257 2685//257 2683//257
f 959//257 2683//257 951//257
f 950//258 2682//258 2680//258
f 950//258 2680//258 954//258
f 953//259 2679//259 2676//259
f 953//259 2676//259 956//259
f 957//260 2677//260 2661//260
f 957//260 2661//260 947//260
f 948//261 2662//261 2646//261
f 948//261 2646//261 944//261
f 945//262 2647//262 2644//262
f 945//262 2644//262 939//262
f 938//263 2643//263 2641//263
f 938//263 2641//263 942//263
f 941//264 2640//264 2638//264
f 941//264 2638//264 936//264
f 935//265 2637//265 2635//265
f 935//265 2635//265 927//265
f 926//266 2634//266 2632//266
f 926//266 2632//266 930//266
f 929//267 2631//267 2628//267
f 929//267 2628//267 932//267
f 933//268 2629//268 2613//268
f 933//268 2613//268 920//268
f 921//269 2614//269 2598//269
f 921//269 2598//269 917//269
f 918//270 2599//270 2596//270
f 918//270 2596//270 912//270
f 911//271 2595//271 2593//271
f 911//271 2593//271 915//271
f 914//272 2592//272 2590//272
f 914//272 2590//272 900//272
f 899//273 2589//273 2587//273
f 899//273 2587//273 903//273
f 902//274 2586//274 2583//274
f 902//274 2583//274 905//274
f 906//275 2584//275 2580//275
f 906//275 2580//275 908//275
f 909//276 2581//276 2565//276
f 909//276 2565//276 923//276
f 924//277 2566//277 2550//277
f 924//277 2550//277 985//277
f 986//278 2551//278 2548//278
f 986//278 2548//278 989//278
f 988//279 2547//279 2545//279
f 988//279 2545//279 992//279
f 991//280 2544//280 2542//280
f 991//280 2542//280 1010//280
f 1009//281 2541//281 2539//281
f 1009//281 2539//281 1023//281
f 1022//282 2538//282 2535//282
f 1022//282 2535//282 1025//282
f 1026//283 2536//283 2532//283
f 1026//283 2532//283 1028//283
f 1029//284 2533//284 2517//284
f 1029//284 2517//284 1034//284
f 1035//285 2518//285 2502//285
f 1035//285 2502//285 1037//285
f 1038//286 2503//286 2500//286
f 1038//286 2500//286 1041//286
f 1040//287 2499//287 2497//287
f 1040//287 2497//287 1044//287
f 1043//288 2496//288 2494//288
f 1043//288 2494//288 1047//288
f 1046//289 2493//289 2490//289
f 1046//289 2490//289 1049//289
f 1050//290 2491//290 2487//290
f 1050//290 2487//290 1052//290
f 1053//291 2488//291 2485//291
f 1053//291 2485//291 1056//291
f 1055//292 2484//292 2469//292
s 1
f 1055//292 2469//292 1058//292
s 0
f 1059//293 2470//293 2454//293
f 1059//293 2454//293 1061//293
f 1062//294 2455//294 2452//294
f 1062//294 2452//294 1065//294
f 1064//295 2451//295 2449//295
f 1064//295 2449//295 1068//295
f 1067//296 2448//296 2446//296
f 1067//296 2446//296 1071//296
f 1070//297 2445//297 2442//297
f 1070//297 2442//297 1073//297
f 1074//298 2443//298 2439//298
f 1074//298 2439//298 1076//298
f 1077//299 2440//299 2437//299
f 1077//299 2437//299 1080//299
f 1079//300 2436//300 2421//300
f 1079//300 2421//300 1082//300
s 1
f 1083//301 2422//301 2406//301
s 0
f 1083//301 2406//301 1096//301
f 1097//302 2407//302 2404//302
f 1097//302 2404//302 1100//302
f 1099//303 2403//303 2401//303
f 1099//303 2401//303 1103//303
f 1102//304 2400//304 2398//304
f 1102//304 2398//304 1158//304
f 1157//305 2397//305 2394//305
f 1157//305 2394//305 1160//305
f 1161//306 2395//306 2391//306
f 1161//306 2391//306 1163//306
f 1164//307 2392//307 2389//307
f 1164//307 2389//307 1167//307
f 1166//308 2388//308 2374//308
f 1166//308 2374//308 712//308
f 711//309 2373//309 2358//309
f 711//309 2358//309 702//309
f 703//310 2359//310 2356//310
f 703//310 2356//310 706//310
f 705//311 2355//311 2353//311
f 705//311 2353//311 697//311
f 696//312 2352//312 2349//312
f 696//312 2349//312 699//312
f 700//313 2350//313 2346//313
f 700//313 2346//313 687//313
f 688//314 2347//314 2343//314
f 688//314 2343//314 690//314
f 691//315 2344//315 2341//315
f 691//315 2341//315 694//315
f 693//316 2340//316 2326//316
f 693//316 2326//316 679//316
f 678//317 2325//317 2310//317
f 678//317 2310//317 675//317
f 676//318 2311//318 2308//318
f 676//318 2308//318 670//318
f 669//319 2307//319 2305//319
f 669//319 2305//319 673//319
f 672//320 2304//320 2301//320
f 672//320 2301//320 666//320
f 667//321 2302//321 2298//321
f 667//321 2298//321 654//321
f 655//322 2299//322 2294//322
f 655//322 2294//322 657//322
f 658//323 2295//323 2292//323
f 658//323 2292//323 661//323
f 660//324 2291//324 2276//324
f 660//324 2276//324 646//324
f 645//325 2275//325 2261//325
f 645//325 2261//325 643//325
f 642//326 2260//326 2257//326
f 642//326 2257//326 636//326
f 637//327 2258//327 2254//327
f 637//327 2254//327 639//327
f 640//328 2255//328 2251//328
f 640//328 2251//328 633//328
f 634//329 2252//329 2247//329
f 634//329 2247//329 618//329
f 619//330 2248//330 2243//330
f 619//330 2243//330 621//330
f 622//331 2244//331 2241//331
f 622//331 2241//331 625//331
f 624//332 2240//332 2226//332
f 624//332 2226//332 610//332
f 609//333 2225//333 2211//333
f 609//333 2211//333 604//333
f 603//334 2210//334 2207//334
f 603//334 2207//334 606//334
f 607//335 2208//335 2204//335
f 607//335 2204//335 600//335
f 601//336 2205//336 2201//336
f 601//336 2201//336 597//336
f 598//337 2202//337 2198//337
f 598//337 2198//337 586//337
f 587//338 2199//338 2195//338
f 587//338 2195//338 589//338
f 590//339 2196//339 2193//339
f 590//339 2193//339 594//339
s 1
f 593//340 2192//340 2178//340
s 0
f 593//340 2178//340 584//340
f 583//341 2177//341 2161//341
f 583//341 2161//341 578//341
f 577//342 2160//342 2157//342
f 577//342 2157//342 580//342
f 581//343 2158//343 2154//343
f 581//343 2154//343 571//343
f 572//344 2155//344 2151//344
f 572//344 2151//344 574//344
f 575//345 2152//345 2148//345
f 575//345 2148//345 561//345
f 562//346 2149//346 2145//346
f 562//346 2145//346 564//346
f 565//347 2146//347 2143//347
f 565//347 2143//347 569//347
f 568//348 2142//348 2128//348
f 568//348 2128//348 552//348
s 1
f 551//349 2127//349 2111//349
f 551//349 2111//349 549//349
s 0
f 548//350 2110//350 2107//350
f 548//350 2107//350 542//350
f 543//351 2108//351 2104//351
f 543//351 2104//351 545//351
f 546//352 2105//352 2101//352
f 546//352 2101//352 539//352
f 540//353 2102//353 2098//353
f 540//353 2098//353 521//353
f 522//354 2099//354 2095//354
f 522//354 2095//354 524//354
f 525//355 2096//355 2093//355
f 525//355 2093//355 529//355
f 528//356 2092//356 2078//356
f 528//356 2078//356 513//356
f 512//357 2077//357 2063//357
f 512//357 2063//357 510//357
f 509//358 2062//358 2059//358
f 509//358 2059//358 503//358
f 504//359 2060//359 2056//359
f 504//359 2056//359 506//359
f 507//360 2057//360 2053//360
f 507//360 2053//360 500//360
f 501//361 2054//361 2050//361
f 501//361 2050//361 484//361
f 485//362 2051//362 2047//362
f 485//362 2047//362 487//362
f 488//363 2048//363 2045//363
f 488//363 2045//363 491//363
f 490//364 2044//364 2030//364
f 490//364 2030//364 475//364
f 474//365 2029//365 2015//365
f 474//365 2015//365 469//365
f 468//366 2014//366 2011//366
f 468//366 2011//366 471//366
f 472//367 2012//367 2008//367
f 472//367 2008//367 465//367
f 466//368 2009//368 2005//368
f 466//368 2005//368 462//368
f 463//369 2006//369 2002//369
f 463//369 2002//369 453//369
f 454//370 2003//370 2000//370
f 454//370 2000//370 457//370
f 456//371 1999//371 1997//371
f 456//371 1997//371 460//371
f 459//372 1996//372 1970//372
f 459//372 1970//372 451//372
f 450//373 1969//373 1967//373
f 450//373 1967//373 445//373
f 444//374 1966//374 1962//374
f 444//374 1962//374 447//374
f 448//375 1963//375 1959//375
f 448//375 1959//375 437//375
f 438//376 1960//376 1955//376
f 438//376 1955//376 440//376
f 441//377 1956//377 1953//377
f 441//377 1953//377 428//377
f 427//378 1952//378 1950//378
f 427//378 1950//378 431//378
f 430//379 1949//379 1946//379
f 430//379 1946//379 433//379
f 434//380 1947//380 1935//380
f 434//380 1935//380 413//380
f 412//381 1934//381 1929//381
f 412//381 1929//381 410//381
f 409//382 1928//382 1924//382
f 409//382 1924//382 403//382
f 404//383 1925//383 1921//383
f 404//383 1921//383 406//383
f 407//384 1922//384 1908//384
f 407//384 1908//384 400//384
f 401//385 1909//385 1891//385
f 401//385 1891//385 391//385
f 390//386 1890//386 1887//386
f 390//386 1887//386 394//386
f 393//387 1886//387 1883//387
f 393//387 1883//387 396//387
f 397//388 1884//388 1817//388
f 397//388 1817//388 382//388
f 381//389 1816//389 1797//389
f 381//389 1797//389 379//389
f 378//390 1796//390 1792//390
f 378//390 1792//390 372//390
f 373//391 1793//391 1789//391
f 373//391 1789//391 375//391
f 376//392 1790//392 1800//392
f 376//392 1800//392 369//392
f 2978//393 2982//393 2985//393
f 2978//393 2985//393 2987//393
f 2991//393 2993//393 279//393
f 2991//393 279//393 165//393
f 2996//394 2979//394 2988//394
f 2996//394 2988//394 2999//394
f 2994//394 3002//394 282//394
f 2994//394 282//394 280//394
f 3005//395 2997//395 3000//395
f 3005//395 3000//395 3008//395
f 3003//395 3011//395 352//395
f 3003//395 352//395 283//395
f 3014//396 3006//396 3009//396
f 3014//396 3009//396 3017//396
f 3012//396 3020//396 355//396
f 3012//396 355//396 353//396
f 3023//397 3015//397 3018//397
f 3023//397 3018//397 3026//397
f 3021//397 3029//397 384//397
f 3021//397 384//397 356//397
f 3032//398 3024//398 3027//398
f 3032//398 3027//398 3035//398
f 3030//398 3038//398 387//398
f 3030//398 387//398 385//398
f 3041//399 3033//399 3036//399
f 3041//399 3036//399 3044//399
f 3039//399 3047//399 415//399
f 3039//399 415//399 388//399
f 3050//400 3042//400 3045//400
f 3050//400 3045//400 3053//400
f 3048//400 3056//400 418//400
f 3048//400 418//400 416//400
f 3059//401 3051//401 3054//401
f 3059//401 3054//401 3062//401
f 3057//401 3065//401 421//401
f 3057//401 421//401 419//401
f 3068//402 3060//402 3063//402
f 3068//402 3063//402 3071//402
f 3066//402 3074//402 424//402
f 3066//402 424//402 422//402
f 3077//403 3069//403 3072//403
f 3077//403 3072//403 3080//403
f 3075//403 3083//403 478//403
f 3075//403 478//403 425//403
f 3086//404 3078//404 3081//404
f 3086//404 3081//404 3089//404
f 3084//404 3092//404 481//404
f 3084//404 481//404 479//404
f 3095//405 3087//405 3090//405
f 3095//405 3090//405 3098//405
f 3093//405 3101//405 494//405
f 3093//405 494//405 482//405
f 3104//406 3096//406 3099//406
f 3104//406 3099//406 3107//406
f 3102//406 3110//406 497//406
f 3102//406 497//406 495//406
f 3113//407 3105//407 3108//407
s 1
f 3113//407 3108//407 3116//407
s 0
f 3111//407 3119//407 515//407
f 3111//407 515//407 498//407
f 3122//408 3114//408 3117//408
f 3122//408 3117//408 3125//408
s 1
f 3120//408 3128//408 518//408
s 0
f 3120//408 518//408 516//408
f 3131//409 3123//409 3126//409
f 3131//409 3126//409 3134//409
f 3129//409 3137//409 532//409
f 3129//409 532//409 519//409
f 3141//410 3132//410 3135//410
f 3141//410 3135//410 3144//410
s 1
f 3138//411 3147//411 535//411
s 0
f 3139//410 536//410 533//410
f 3150//412 3142//412 3145//412
f 3150//412 3145//412 3153//412
f 3148//412 3156//412 554//412
f 3148//412 554//412 537//412
f 3159//413 3151//413 3154//413
f 3159//413 3154//413 3162//413
f 3157//413 3165//413 557//413
f 3157//413 557//413 555//413
f 3168//414 3160//414 3163//414
f 3168//414 3163//414 3171//414
f 3166//414 3174//414 612//414
f 3166//414 612//414 558//414
f 3177//415 3169//415 3172//415
f 3177//415 3172//415 3180//415
s 1
f 3175//415 3184//415 615//415
f 3175//415 615//415 613//415
s 0
f 3187//416 3178//416 3181//416
f 3188//417 3182//417 3191//417
f 3185//416 3194//416 627//416
f 3185//416 627//416 616//416
f 3197//418 3189//418 3192//418
f 3197//418 3192//418 3200//418
f 3195//418 3203//418 630//418
f 3195//418 630//418 628//418
f 631//419 3204//419 3206//419
s 1
f 631//419 3206//419 648//419
s 0
f 3209//419 3198//419 3201//419
f 3209//419 3201//419 3212//419
f 3215//420 3210//420 3213//420
s 1
f 3215//420 3213//420 3218//420
s 0
f 649//420 3207//420 3221//420
s 1
f 649//420 3221//420 651//420
s 0
f 3224//421 3216//421 3219//421
s 1
f 3224//421 3219//421 3227//421
s 0
f 652//421 3222//421 3230//421
f 652//421 3230//421 663//421
f 3233//422 3225//422 3228//422
f 3233//422 3228//422 3236//422
f 664//422 3231//422 3239//422
f 664//422 3239//422 681//422
f 682//423 3240//423 3242//423
f 682//423 3242//423 684//423
f 3245//423 3248//423 3234//423
f 3245//423 3234//423 3237//423
f 685//424 3243//424 3251//424
f 685//424 3251//424 723//424
f 3254//424 3257//424 3249//424
f 3254//424 3249//424 3246//424
f 3260//425 3258//425 3255//425
f 3260//425 3255//425 3263//425
f 725//426 3252//426 3267//426
f 724//425 3266//425 727//425
f 3270//427 3261//427 3264//427
f 3270//427 3264//427 3273//427
f 728//427 3268//427 3276//427
f 728//427 3276//427 736//427
f 3279//428 3282//428 3271//428
f 3279//428 3271//428 3274//428
f 737//428 3277//428 3285//428
f 737//428 3285//428 739//428
f 740//429 3286//429 3288//429
f 740//429 3288//429 745//429
f 3291//429 3294//429 3283//429
f 3291//429 3283//429 3280//429
f 746//430 3289//430 3297//430
f 746//430 3297//430 748//430
f 3300//430 3295//430 3292//430
f 3300//430 3292//430 3303//430
f 749//431 3298//431 3306//431
f 750//432 3307//432 758//432
s 1
f 3310//432 3301//432 3304//432
f 3310//432 3304//432 3313//432
s 0
f 3316//433 3311//433 3314//433
f 3316//433 3314//433 3319//433
f 759//433 3308//433 3322//433
f 759//433 3322//433 761//433
f 3325//434 3317//434 3320//434
f 3325//434 3320//434 3328//434
f 762//434 3323//434 3331//434
f 762//434 3331//434 770//434
f 3334//435 3326//435 3329//435
f 3334//435 3329//435 3337//435
f 771//435 3332//435 3340//435
f 771//435 3340//435 773//435
f 774//436 3341//436 3343//436
f 774//436 3343//436 783//436
f 3346//436 3335//436 3338//436
f 3346//436 3338//436 3349//436
f 784//437 3344//437 3352//437
f 784//437 3352//437 786//437
f 3355//437 3347//437 3350//437
f 3355//437 3350//437 3358//437
f 3361//438 3356//438 3359//438
f 3361//438 3359//438 3364//438
f 787//438 3353//438 3367//438
f 787//438 3367//438 795//438
f 3370//439 3362//439 3365//439
f 3370//439 3365//439 3373//439
f 796//439 3368//439 3376//439
f 796//439 3376//439 801//439
f 3379//440 3371//440 3374//440
f 3379//440 3374//440 3382//440
f 802//440 3377//440 3385//440
f 802//440 3385//440 804//440
f 3388//441 3380//441 3383//441
f 3388//441 3383//441 3391//441
f 805//441 3386//441 3394//441
f 805//441 3394//441 813//441
f 3397//442 3389//442 3392//442
f 3397//442 3392//442 3400//442
f 814//442 3395//442 3403//442
f 814//442 3403//442 816//442
f 817//443 3404//443 3406//443
f 817//443 3406//443 825//443
f 3409//443 3398//443 3401//443
f 3409//443 3401//443 3412//443
f 3415//444 3410//444 3413//444
f 3415//444 3413//444 3418//444
f 826//444 3407//444 3421//444
f 826//444 3421//444 828//444
f 829//445 3422//445 3425//445
f 829//445 3425//445 838//445
f 3428//445 3416//445 3419//445
f 3428//445 3419//445 3431//445
f 837//446 3424//446 3434//446
f 837//446 3434//446 841//446
f 3437//446 3440//446 3427//446
f 3437//446 3427//446 3430//446
f 840//447 3433//447 3443//447
f 840//447 3443//447 850//447
s 1
f 3446//447 3439//447 3436//447
s 0
f 3446//447 3436//447 3449//447
f 3452//448 3445//448 3448//448
f 3452//448 3448//448 3455//448
f 849//448 3442//448 3458//448
f 849//448 3458//448 853//448
f 3461//449 3451//449 3454//449
f 3461//449 3454//449 3464//449
f 852//449 3457//449 3467//449
f 852//449 3467//449 863//449
f 3470//450 3460//450 3463//450
f 3470//450 3463//450 3473//450
f 862//450 3466//450 3476//450
f 862//450 3476//450 866//450
f 865//451 3475//451 3479//451
f 865//451 3479//451 875//451
f 3482//451 3469//451 3472//451
f 3482//451 3472//451 3485//451
f 874//452 3478//452 3488//452
f 874//452 3488//452 878//452
f 3491//452 3481//452 3484//452
f 3491//452 3484//452 3494//452
f 877//453 3487//453 3497//453
f 877//453 3497//453 887//453
f 3500//453 3490//453 3493//453
f 3500//453 3493//453 3503//453
f 3506//454 3499//454 3502//454
f 3506//454 3502//454 3509//454
f 886//454 3496//454 3512//454
f 886//454 3512//454 890//454
f 889//455 3511//455 3515//455
f 889//455 3515//455 897//455
f 3518//455 3505//455 3508//455
f 3518//455 3508//455 3521//455
s 1
f 896//456 3514//456 3524//456
s 0
f 896//456 3524//456 894//456
f 3527//456 3517//456 3520//456
f 3527//456 3520//456 3530//456
s 1
f 893//457 3523//457 3534//457
s 0
f 892//458 3533//458 884//458
s 1
f 3537//457 3540//457 3526//457
f 3537//457 3526//457 3529//457
s 0
f 883//459 3532//459 3543//459
f 883//459 3543//459 881//459
f 3546//459 3549//459 3539//459
f 3546//459 3539//459 3536//459
f 3552//460 3548//460 3545//460
f 3552//460 3545//460 3555//460
f 880//460 3542//460 3558//460
f 880//460 3558//460 872//460
f 871//461 3557//461 3561//461
f 871//461 3561//461 869//461
f 3564//461 3567//461 3551//461
f 3564//461 3551//461 3554//461
f 3570//462 3573//462 3566//462
f 3570//462 3566//462 3563//462
f 868//462 3560//462 3576//462
f 868//462 3576//462 860//462
f 859//463 3575//463 3580//463
f 858//464 3579//464 856//464
f 3583//464 3586//464 3572//464
f 3583//464 3572//464 3569//464
f 3589//465 3585//465 3582//465
f 3589//465 3582//465 3592//465
f 855//465 3578//465 3595//465
f 855//465 3595//465 847//465
f 3598//466 3588//466 3591//466
f 3598//466 3591//466 3601//466
f 846//466 3594//466 3604//466
f 846//466 3604//466 844//466
f 3607//467 3597//467 3600//467
f 3607//467 3600//467 3610//467
f 843//467 3603//467 3613//467
f 843//467 3613//467 835//467
f 834//468 3612//468 3616//468
f 834//468 3616//468 832//468
s 1
f 3619//468 3606//468 3609//468
s 0
f 3619//468 3609//468 3622//468
f 831//469 3615//469 3625//469
s 1
f 831//469 3625//469 823//469
f 3628//469 3618//469 3621//469
s 0
f 3628//469 3621//469 3631//469
f 3634//470 3627//470 3630//470
f 3634//470 3630//470 3637//470
s 1
f 822//470 3624//470 3640//470
s 0
f 822//470 3640//470 820//470
f 819//471 3639//471 3644//471
f 819//471 3644//471 811//471
f 3647//471 3633//471 3636//471
f 3647//471 3636//471 3651//471
f 3655//472 3646//472 3650//472
f 3654//473 3649//473 3658//473
f 810//473 3643//473 3662//473
f 810//473 3662//473 808//473
s 1
f 807//474 3661//474 3665//474
f 807//474 3665//474 799//474
s 0
f 3668//474 3653//474 3657//474
s 1
f 3668//474 3657//474 3671//474
s 0
f 3674//475 3667//475 3670//475
f 3674//475 3670//475 3677//475
f 798//475 3664//475 3680//475
f 798//475 3680//475 793//475
f 792//476 3679//476 3683//476
f 792//476 3683//476 790//476
f 3686//476 3689//476 3673//476
f 3686//476 3673//476 3676//476
f 3692//477 3688//477 3685//477
f 3692//477 3685//477 3695//477
f 789//477 3682//477 3698//477
f 789//477 3698//477 781//477
f 3701//478 3691//478 3694//478
f 3701//478 3694//478 3704//478
s 1
f 779//479 3697//479 3707//479
s 0
f 780//478 3708//478 777//478
f 776//480 3706//480 3711//480
f 776//480 3711//480 768//480
f 3714//480 3717//480 3700//480
f 3714//480 3700//480 3703//480
s 1
f 767//481 3710//481 3720//481
s 0
f 767//481 3720//481 765//481
f 3723//481 3716//481 3713//481
f 3723//481 3713//481 3726//481
f 764//482 3719//482 3729//482
f 764//482 3729//482 756//482
f 3732//482 3735//482 3722//482
s 1
f 3732//482 3722//482 3725//482
s 0
f 755//483 3728//483 3738//483
f 755//483 3738//483 753//483
f 3741//483 3734//483 3731//483
f 3741//483 3731//483 3744//483
f 752//484 3737//484 3747//484
f 752//484 3747//484 743//484
f 3750//484 3740//484 3743//484
s 1
f 3750//484 3743//484 3753//484
s 0
f 3756//485 3749//485 3752//485
f 3756//485 3752//485 3759//485
f 742//485 3746//485 3762//485
f 742//485 3762//485 734//485
f 3765//486 3755//486 3758//486
f 3765//486 3758//486 3768//486
f 733//486 3761//486 3771//486
f 733//486 3771//486 731//486
f 730//487 3770//487 3774//487
f 730//487 3774//487 721//487
f 3777//487 3764//487 3767//487
f 3777//487 3767//487 3780//487
f 720//488 3773//488 3783//488
f 720//488 3783//488 718//488
f 3786//488 3776//488 3779//488
f 3786//488 3779//488 3789//488
f 3792//489 3785//489 3788//489
f 3792//489 3788//489 3795//489
f 717//489 3782//489 3798//489
f 717//489 3798//489 715//489
f 3801//490 3791//490 3794//490
f 3801//490 3794//490 3804//490
f 714//490 3797//490 3807//490
f 714//490 3807//490 709//490
f 708//491 3806//491 3810//491
f 708//491 3810//491 1170//491
f 3813//491 3800//491 3803//491
f 3813//491 3803//491 3816//491
f 3819//492 3812//492 3815//492
f 3819//492 3815//492 3822//492
f 1169//492 3809//492 3825//492
f 1169//492 3825//492 1173//492
f 1172//493 3824//493 3828//493
f 1172//493 3828//493 1188//493
f 3831//493 3834//493 3818//493
f 3831//493 3818//493 3821//493
f 1187//494 3827//494 3837//494
f 1187//494 3837//494 1191//494
f 3840//494 3843//494 3833//494
f 3840//494 3833//494 3830//494
f 3846//495 3842//495 3839//495
f 3846//495 3839//495 3849//495
f 1190//495 3836//495 3852//495
f 1190//495 3852//495 1209//495
f 3855//496 3845//496 3848//496
f 3855//496 3848//496 3858//496
f 1208//496 3851//496 3861//496
f 1208//496 3861//496 1212//496
f 1211//497 3860//497 3863//497
f 1211//497 3863//497 1226//497
f 3866//497 3869//497 3854//497
f 3866//497 3854//497 3857//497
f 1227//498 3864//498 3872//498
f 1227//498 3872//498 1244//498
f 3875//498 3878//498 3870//498
f 3875//498 3870//498 3867//498
f 3881//499 3879//499 3876//499
f 3881//499 3876//499 3884//499
f 1245//499 3873//499 3887//499
f 1245//499 3887//499 1247//499
f 3890//500 3882//500 3885//500
f 3890//500 3885//500 3893//500
f 1248//500 3888//500 3896//500
f 1248//500 3896//500 1305//500
f 1306//501 3897//501 3899//501
f 1306//501 3899//501 1308//501
f 3902//501 3905//501 3891//501
f 3902//501 3891//501 3894//501
f 3908//502 3906//502 3903//502
f 3908//502 3903//502 3911//502
f 1309//502 3900//502 3914//502
f 1309//502 3914//502 1321//502
f 3917//503 3909//503 3912//503
f 3917//503 3912//503 3920//503
f 1322//503 3915//503 3923//503
f 1322//503 3923//503 1324//503
f 1325//504 3924//504 3926//504
f 1325//504 3926//504 1342//504
f 3929//504 3918//504 3921//504
f 3929//504 3921//504 3932//504
f 1343//505 3927//505 3935//505
f 1343//505 3935//505 1345//505
f 3938//505 3930//505 3933//505
f 3938//505 3933//505 3941//505
f 3944//506 3939//506 3942//506
f 3944//506 3942//506 3947//506
f 1346//506 3936//506 3950//506
f 1346//506 3950//506 1357//506
f 3953//507 3945//507 3948//507
f 3953//507 3948//507 3956//507
f 1358//507 3951//507 3959//507
f 1358//507 3959//507 1360//507
f 1361//508 3960//508 3962//508
f 1361//508 3962//508 1378//508
f 3965//508 3954//508 3957//508
f 3965//508 3957//508 3968//508
f 3971//509 3966//509 3969//509
f 3971//509 3969//509 3974//509
f 1379//509 3963//509 3977//509
f 1379//509 3977//509 1381//509
f 1382//510 3978//510 3980//510
f 1382//510 3980//510 1434//510
f 3983//510 3972//510 3975//510
f 3983//510 3975//510 3986//510
f 1435//511 3981//511 3989//511
f 1435//511 3989//511 1437//511
f 3992//511 3984//511 3987//511
s 1
f 3992//511 3987//511 3995//511
s 0
f 3998//512 3993//512 3996//512
f 3998//512 3996//512 4001//512
f 1438//512 3990//512 4004//512
s 1
f 1438//512 4004//512 1451//512
s 0
f 4007//513 3999//513 4002//513
f 4007//513 4002//513 4010//513
f 1452//513 4005//513 4013//513
f 1452//513 4013//513 1454//513
f 1456//514 4014//514 4017//514
f 1455//515 4016//515 1473//515
f 4020//514 4023//514 4008//514
f 4020//514 4008//514 4011//514
f 1474//516 4018//516 4026//516
f 1474//516 4026//516 1487//516
f 4029//516 4024//516 4021//516
f 4029//516 4021//516 4032//516
f 1488//517 4027//517 4035//517
f 1488//517 4035//517 1490//517
f 4038//517 4030//517 4033//517
f 4038//517 4033//517 4041//517
f 1491//518 4036//518 4044//518
f 1491//518 4044//518 1508//518
f 4047//518 4050//518 4039//518
f 4047//518 4039//518 4042//518
f 4053//519 4051//519 4048//519
f 4053//519 4048//519 4056//519
s 1
f 1509//519 4045//519 4060//519
f 1509//519 4060//519 1511//519
s 0
f 1512//520 4061//520 4063//520
f 1512//520 4063//520 1562//520
f 4066//520 4054//520 4057//520
f 4067//521 4058//521 4070//521
f 4073//522 4068//522 4071//522
f 4073//522 4071//522 4076//522
f 1563//522 4064//522 4079//522
f 1563//522 4079//522 1565//522
f 4082//523 4074//523 4077//523
f 4082//523 4077//523 4085//523
s 1
f 4080//523 4088//523 1577//523
s 0
f 4080//523 1577//523 1566//523
f 4091//524 4083//524 4086//524
s 1
f 4091//524 4086//524 4094//524
s 0
f 4089//524 4097//524 1580//524
s 1
f 4089//524 1580//524 1578//524
s 0
f 4100//525 4092//525 4095//525
s 1
f 4100//525 4095//525 4103//525
s 0
f 4098//525 4106//525 1601//525
f 4098//525 1601//525 1581//525
f 4109//526 4101//526 4104//526
f 4109//526 4104//526 4112//526
f 4107//526 4115//526 1604//526
f 4107//526 1604//526 1602//526
f 4118//527 4110//527 4113//527
f 4118//527 4113//527 4121//527
f 4116//527 4124//527 1613//527
f 4116//527 1613//527 1605//527
f 4127//528 4119//528 4122//528
f 4127//528 4122//528 4130//528
f 4125//528 4133//528 1616//528
f 4125//528 1616//528 1614//528
f 4137//529 4128//529 4131//529
f 4137//529 4131//529 4140//529
f 4135//530 4143//530 1626//530
f 4134//529 1625//529 1617//529
f 4146//531 4138//531 4141//531
f 4146//531 4141//531 4149//531
f 4144//531 4152//531 1629//531
f 4144//531 1629//531 1627//531
f 4155//532 4147//532 4150//532
f 4155//532 4150//532 4158//532
f 4153//532 4161//532 1635//532
f 4153//532 1635//532 1630//532
f 4164//533 4156//533 4159//533
f 4164//533 4159//533 4167//533
f 4162//533 4170//533 1638//533
f 4162//533 1638//533 1636//533
f 4173//534 4165//534 4168//534
f 4173//534 4168//534 4176//534
f 4171//534 4179//534 1647//534
f 4171//534 1647//534 1639//534
s 1
f 4183//535 4174//535 4177//535
f 4183//535 4177//535 4186//535
f 4181//535 4189//535 1658//535
s 0
f 4180//536 1657//536 1648//536
f 4192//537 4184//537 4187//537
f 4192//537 4187//537 4195//537
s 1
f 4190//537 4198//537 1661//537
s 0
f 4190//537 1661//537 1659//537
f 4201//538 4193//538 4196//538
f 4201//538 4196//538 4204//538
f 4199//538 4207//538 1670//538
f 4199//538 1670//538 1662//538
f 4210//539 4202//539 4205//539
f 4210//539 4205//539 4213//539
f 4208//539 4216//539 1673//539
f 4208//539 1673//539 1671//539
f 4219//540 4211//540 4214//540
f 4219//540 4214//540 4222//540
f 4217//540 4225//540 1682//540
f 4217//540 1682//540 1674//540
f 4228//541 4220//541 4223//541
f 4228//541 4223//541 4231//541
f 4226//541 4234//541 1685//541
f 4226//541 1685//541 1683//541
f 4237//542 4229//542 4232//542
f 4237//542 4232//542 4240//542
f 4235//542 4243//542 1694//542
f 4235//542 1694//542 1686//542
f 4246//543 4238//543 4241//543
f 4246//543 4241//543 4249//543
f 4244//543 4252//543 1697//543
f 4244//543 1697//543 1695//543
f 4255//544 4247//544 4250//544
f 4255//544 4250//544 4258//544
f 4253//544 4261//544 1706//544
f 4253//544 1706//544 1698//544
f 4264//545 4256//545 4259//545
f 4264//545 4259//545 4267//545
f 4262//545 4270//545 1709//545
f 4262//545 1709//545 1707//545
f 4273//546 4265//546 4268//546
f 4273//546 4268//546 4276//546
f 4271//546 4279//546 1718//546
f 4271//546 1718//546 1710//546
f 4282//547 4274//547 4277//547
f 4282//547 4277//547 4285//547
f 4280//547 4288//547 1721//547
f 4280//547 1721//547 1719//547
f 4292//548 4283//548 4286//548
f 4292//548 4286//548 4295//548
f 4289//548 4298//548 1731//548
f 4289//548 1731//548 1722//548
f 4301//549 4291//549 4294//549
f 4301//549 4294//549 4304//549
f 4297//549 4307//549 1734//549
f 4297//549 1734//549 1730//549
f 4310//550 4300//550 4303//550
f 4310//550 4303//550 4313//550
f 4306//550 4316//550 1741//550
f 4306//550 1741//550 1733//550
s 1
f 4319//551 4309//551 4312//551
s 0
f 4319//551 4312//551 4322//551
f 4315//551 4325//551 1750//551
f 4315//551 1750//551 1740//551
f 4328//552 4318//552 4321//552
f 4328//552 4321//552 4331//552
f 4324//552 4334//552 1753//552
f 4324//552 1753//552 1749//552
f 4337//553 4327//553 4330//553
f 4337//553 4330//553 4340//553
f 4333//553 4343//553 1762//553
f 4333//553 1762//553 1752//553
f 4346//554 4336//554 4339//554
f 4346//554 4339//554 4349//554
f 4342//554 4352//554 1765//554
f 4342//554 1765//554 1761//554
f 4355//555 4345//555 4348//555
f 4355//555 4348//555 4358//555
f 4351//555 4361//555 1775//555
f 4351//555 1775//555 1764//555
f 4364//556 4354//556 4357//556
f 4364//556 4357//556 4367//556
f 4360//556 4370//556 1778//556
f 4360//556 1778//556 1774//556
f 4373//557 4363//557 4366//557
f 4373//557 4366//557 4376//557
f 4369//557 4379//557 1787//557
f 4369//557 1787//557 1777//557
f 4382//558 4372//558 4375//558
f 4382//558 4375//558 4385//558
f 4378//558 4388//558 1784//558
f 4378//558 1784//558 1786//558
f 4391//559 4381//559 4384//559
f 4391//559 4384//559 4394//559
f 4387//559 4397//559 1781//559
f 4387//559 1781//559 1783//559
f 4400//560 4390//560 4393//560
f 4400//560 4393//560 4403//560
f 4396//560 4407//560 1772//560
f 4396//560 1772//560 1780//560
s 1
f 4410//561 4399//561 4402//561
f 4410//561 4402//561 4413//561
s 0
f 4405//562 4416//562 1768//562
f 4406//561 1769//561 1771//561
f 4419//563 4409//563 4412//563
f 4419//563 4412//563 4422//563
f 4415//563 4425//563 1759//563
f 4415//563 1759//563 1767//563
f 4428//564 4418//564 4421//564
f 4428//564 4421//564 4431//564
f 4424//564 4434//564 1756//564
f 4424//564 1756//564 1758//564
f 4437//565 4427//565 4430//565
f 4437//565 4430//565 4440//565
f 4433//565 4443//565 1747//565
f 4433//565 1747//565 1755//565
s 1
f 4446//566 4436//566 4439//566
s 0
f 4446//566 4439//566 4449//566
f 4442//566 4453//566 1744//566
f 4442//566 1744//566 1746//566
f 4456//567 4445//567 4448//567
f 4456//567 4448//567 4459//567
f 4452//568 4462//568 1738//568
f 4451//567 1737//567 1743//567
f 4465//569 4455//569 4458//569
f 4465//569 4458//569 4468//569
f 4461//569 4471//569 1728//569
f 4461//569 1728//569 1736//569
f 4474//570 4464//570 4467//570
f 4474//570 4467//570 4477//570
f 4470//570 4480//570 1725//570
f 4470//570 1725//570 1727//570
f 4483//571 4473//571 4476//571
f 4483//571 4476//571 4486//571
f 4479//571 4489//571 1716//571
f 4479//571 1716//571 1724//571
s 1
f 4492//572 4482//572 4485//572
s 0
f 4492//572 4485//572 4495//572
f 4488//572 4498//572 1713//572
f 4488//572 1713//572 1715//572
s 1
f 4501//573 4491//573 4494//573
s 0
f 4501//573 4494//573 4504//573
f 4497//573 4507//573 1704//573
s 1
f 4497//573 1704//573 1712//573
s 0
f 4510//574 4500//574 4503//574
f 4510//574 4503//574 4513//574
f 4506//574 4516//574 1701//574
s 1
f 4506//574 1701//574 1703//574
s 0
f 4519//575 4509//575 4512//575
f 4519//575 4512//575 4523//575
f 4515//575 4526//575 1692//575
f 4515//575 1692//575 1700//575
f 4531//576 4518//576 4522//576
f 4530//577 4521//577 4534//577
f 4525//577 4537//577 1689//577
f 4525//577 1689//577 1691//577
f 4541//578 4529//578 4533//578
s 1
f 4541//578 4533//578 4544//578
f 4536//578 4547//578 1680//578
f 4536//578 1680//578 1688//578
s 0
f 4550//579 4540//579 4543//579
f 4550//579 4543//579 4553//579
f 4546//579 4556//579 1677//579
f 4546//579 1677//579 1679//579
f 4559//580 4549//580 4552//580
f 4559//580 4552//580 4562//580
f 4555//580 4565//580 1668//580
f 4555//580 1668//580 1676//580
f 4568//581 4558//581 4561//581
f 4568//581 4561//581 4571//581
f 4564//581 4575//581 1665//581
f 4564//581 1665//581 1667//581
f 4578//582 4567//582 4570//582
f 4578//582 4570//582 4581//582
f 4574//582 4584//582 1655//582
f 4573//583 1654//583 1664//583
f 4587//584 4577//584 4580//584
f 4587//584 4580//584 4590//584
f 4583//584 4593//584 1651//584
f 4583//584 1651//584 1653//584
f 4596//585 4586//585 4589//585
f 4596//585 4589//585 4599//585
f 4592//585 4602//585 1645//585
s 1
f 4592//585 1645//585 1650//585
s 0
f 4605//586 4595//586 4598//586
f 4605//586 4598//586 4608//586
f 4601//586 4611//586 1642//586
f 4601//586 1642//586 1644//586
f 4614//587 4604//587 4607//587
f 4614//587 4607//587 4617//587
f 4610//587 4620//587 1633//587
f 4610//587 1633//587 1641//587
f 4623//588 4613//588 4616//588
s 1
f 4623//588 4616//588 4626//588
s 0
f 4619//588 4629//588 1623//588
f 4619//588 1623//588 1632//588
f 4632//589 4622//589 4625//589
f 4632//589 4625//589 4635//589
f 4628//589 4638//589 1620//589
f 4628//589 1620//589 1622//589
f 4641//590 4631//590 4634//590
f 4641//590 4634//590 4644//590
f 4637//590 4647//590 1611//590
f 4637//590 1611//590 1619//590
f 4650//591 4640//591 4643//591
f 4650//591 4643//591 4653//591
f 4646//591 4656//591 1608//591
f 4646//591 1608//591 1610//591
f 4659//592 4649//592 4652//592
f 4659//592 4652//592 4662//592
f 4655//592 4665//592 1599//592
f 4655//592 1599//592 1607//592
f 4668//593 4658//593 4661//593
f 4668//593 4661//593 4671//593
f 4664//593 4674//593 1596//593
f 4664//593 1596//593 1598//593
f 4677//594 4667//594 4670//594
f 4677//594 4670//594 4680//594
f 4673//594 4683//594 135//594
f 4673//594 135//594 1595//594
f 4686//595 4676//595 4679//595
f 4686//595 4679//595 4689//595
f 4682//595 4692//595 138//595
f 4682//595 138//595 134//595
f 4695//596 4685//596 4688//596
f 4695//596 4688//596 4698//596
f 4691//596 4701//596 144//596
f 4691//596 144//596 137//596
f 4704//597 4694//597 4697//597
f 4704//597 4697//597 4707//597
f 4700//597 4710//597 150//597
f 4700//597 150//597 143//597
f 4713//598 4703//598 4706//598
f 4713//598 4706//598 4716//598
f 4709//598 4719//598 153//598
f 4709//598 153//598 149//598
f 2983//1 4720//1 4714//1
f 4714//1 4705//1 4696//1
f 4696//1 4687//1 4678//1
f 4678//1 4669//1 4660//1
f 4660//1 4651//1 4642//1
f 4642//1 4633//1 4624//1
f 4624//1 4615//1 4606//1
f 4606//1 4597//1 4588//1
f 4588//1 4579//1 4569//1
f 4569//1 4560//1 4551//1
f 4551//1 4542//1 4532//1
f 4532//1 4520//1 4511//1
f 4511//1 4502//1 4493//1
f 4493//1 4484//1 4475//1
f 4475//1 4466//1 4457//1
f 4457//1 4447//1 4438//1
f 4438//1 4429//1 4420//1
f 4420//1 4411//1 4401//1
f 4401//1 4392//1 4383//1
f 4383//1 4374//1 4365//1
f 4365//1 4356//1 4347//1
f 4347//1 4338//1 4329//1
f 4329//1 4320//1 4311//1
f 4311//1 4302//1 4293//1
f 4293//1 4284//1 4275//1
f 4275//1 4266//1 4257//1
f 4257//1 4248//1 4239//1
f 4239//1 4230//1 4221//1
f 4221//1 4212//1 4203//1
f 4203//1 4194//1 4185//1
f 4185//1 4175//1 4166//1
f 4166//1 4157//1 4148//1
f 4148//1 4139//1 4129//1
f 4129//1 4723//1 4726//1
f 4129//1 4726//1 4729//1
f 4166//1 4148//1 4129//1
f 4203//1 4185//1 4166//1
f 4239//1 4221//1 4203//1
f 4275//1 4257//1 4239//1
f 4311//1 4293//1 4275//1
f 4347//1 4329//1 4311//1
f 4383//1 4365//1 4347//1
f 4420//1 4401//1 4383//1
f 4457//1 4438//1 4420//1
f 4493//1 4475//1 4457//1
f 4532//1 4511//1 4493//1
f 4569//1 4551//1 4532//1
f 4606//1 4588//1 4569//1
f 4642//1 4624//1 4606//1
f 4678//1 4660//1 4642//1
f 4714//1 4696//1 4678//1
f 2986//1 2983//1 4714//1
f 3007//1 2998//1 2986//1
f 3025//1 3016//1 3007//1
f 3043//1 3034//1 3025//1
f 3061//1 3052//1 3043//1
f 3079//1 3070//1 3061//1
f 3097//1 3088//1 3079//1
f 3115//1 3106//1 3097//1
f 3133//1 3124//1 3115//1
f 3152//1 3143//1 3133//1
f 3170//1 3161//1 3152//1
f 3190//1 3179//1 3170//1
f 3211//1 3199//1 3190//1
f 3226//1 3217//1 3211//1
f 3244//1 3235//1 3226//1
f 3262//1 3253//1 3244//1
f 3278//1 3272//1 3262//1
f 3302//1 3290//1 3278//1
f 3318//1 3312//1 3302//1
f 3336//1 3327//1 3318//1
f 3357//1 3348//1 3336//1
f 3372//1 3363//1 3357//1
f 3390//1 3381//1 3372//1
f 3411//1 3399//1 3390//1
f 3429//1 3417//1 3411//1
f 3447//1 3435//1 3429//1
f 3462//1 3453//1 3447//1
f 3483//1 3471//1 3462//1
f 3501//1 3492//1 3483//1
f 3519//1 3507//1 3501//1
f 3535//1 3528//1 3519//1
f 4732//1 3544//1 3535//1
f 4735//1 4732//1 3535//1
f 3535//1 3519//1 3501//1
f 3501//1 3483//1 3462//1
f 3462//1 3447//1 3429//1
f 3429//1 3411//1 3390//1
f 3390//1 3372//1 3357//1
f 3357//1 3336//1 3318//1
f 3318//1 3302//1 3278//1
f 3278//1 3262//1 3244//1
f 3244//1 3226//1 3211//1
f 3211//1 3190//1 3170//1
f 3170//1 3152//1 3133//1
f 3133//1 3115//1 3097//1
f 3097//1 3079//1 3061//1
f 3061//1 3043//1 3025//1
f 3025//1 3007//1 2986//1
f 2986//1 4714//1 4678//1
f 4678//1 4642//1 4606//1
f 4606//1 4569//1 4532//1
f 4532//1 4493//1 4457//1
f 4457//1 4420//1 4383//1
f 4383//1 4347//1 4311//1
f 4311//1 4275//1 4239//1
f 4239//1 4203//1 4166//1
f 4166//1 4129//1 4729//1
f 4166//1 4729//1 4739//1
f 4311//1 4239//1 4166//1
f 4457//1 4383//1 4311//1
f 4606//1 4532//1 4457//1
f 2986//1 4678//1 4606//1
f 3061//1 3025//1 2986//1
f 3133//1 3097//1 3061//1
f 3211//1 3170//1 3133//1
f 3278//1 3244//1 3211//1
f 3357//1 3318//1 3278//1
f 3429//1 3390//1 3357//1
f 3501//1 3462//1 3429//1
f 4735//1 3535//1 3501//1
f 4743//1 4735//1 3501//1
f 3501//1 3429//1 3357//1
f 3357//1 3278//1 3211//1
f 3211//1 3133//1 3061//1
f 3061//1 2986//1 4606//1
f 4606//1 4457//1 4311//1
f 4311//1 4166//1 4739//1
f 4311//1 4739//1 4746//1
f 3061//1 4606//1 4311//1
f 3357//1 3211//1 3061//1
f 4743//1 3501//1 3357//1
f 4749//1 4743//1 3357//1
f 3357//1 3061//1 4311//1
f 4311//1 4746//1 4752//1
f 4311//1 4752//1 4755//1
f 4758//1 4749//1 3357//1
f 4761//1 4758//1 3357//1
f 4311//1 4755//1 4764//1
f 4311//1 4764//1 4767//1
f 4770//1 4761//1 3357//1
f 4773//1 4770//1 3357//1
f 4311//1 4767//1 4776//1
f 4311//1 4776//1 4779//1
f 4782//1 4773//1 3357//1
f 4785//1 4782//1 3357//1
f 4311//1 4779//1 4788//1
f 4311//1 4788//1 4791//1
f 4794//1 4785//1 3357//1
f 4797//1 4794//1 3357//1
f 4311//1 4791//1 4800//1
f 4311//1 4800//1 4803//1
f 4807//1 4797//1 3357//1
f 4811//1 4807//1 3357//1
f 4311//1 4803//1 4814//1
f 4311//1 4814//1 4817//1
f 4820//1 4811//1 3357//1
f 4823//1 4820//1 3357//1
f 4311//1 4817//1 4826//1
f 4311//1 4826//1 4829//1
f 4832//1 4823//1 3357//1
f 4835//1 4832//1 3357//1
f 4311//1 4829//1 4838//1
f 4311//1 4838//1 4841//1
f 4844//1 4835//1 3357//1
f 4847//1 4844//1 3357//1
f 4311//1 4841//1 4850//1
f 4311//1 4850//1 4853//1
f 4856//1 4847//1 3357//1
f 4859//1 4856//1 3357//1
f 4311//1 4853//1 4862//1
f 4311//1 4862//1 4865//1
f 4868//1 4859//1 3357//1
f 4871//1 4868//1 3357//1
f 4311//1 4865//1 4874//1
f 4311//1 4874//1 4877//1
f 4880//1 4871//1 3357//1
f 4883//1 4880//1 3357//1
f 4311//1 4877//1 4886//1
f 4311//1 4886//1 4889//1
f 4892//1 4883//1 3357//1
f 4895//1 4892//1 3357//1
f 4311//1 4889//1 4898//1
f 4311//1 4898//1 4901//1
f 4904//1 4895//1 3357//1
f 4907//1 4904//1 3357//1
f 4311//1 4901//1 4910//1
f 4311//1 4910//1 4913//1
f 4916//1 4907//1 3357//1
f 4311//1 4913//1 4919//1
f 4919//1 4916//1 3357//1
f 4311//1 4919//1 3357//1
f 4922//1 4723//1 4129//1
f 4129//1 4120//1 4111//1
f 4111//1 4102//1 4093//1
f 4093//1 4084//1 4075//1
f 4075//1 4069//1 4055//1
f 4055//1 4046//1 4040//1
f 4040//1 4031//1 4019//1
f 4019//1 4009//1 4000//1
f 4000//1 3994//1 3985//1
f 3985//1 3973//1 3967//1
f 3967//1 3955//1 3946//1
f 3946//1 3940//1 3931//1
f 3931//1 3919//1 3910//1
f 3910//1 3901//1 3892//1
f 3892//1 3883//1 3874//1
f 3874//1 3865//1 3856//1
f 3856//1 3847//1 3838//1
f 3838//1 3829//1 3820//1
f 3820//1 3814//1 3802//1
f 3802//1 3793//1 3787//1
f 3787//1 3778//1 3766//1
f 3766//1 3757//1 3751//1
f 3751//1 3742//1 3730//1
f 3730//1 3724//1 3712//1
f 3712//1 3702//1 3693//1
f 3693//1 3684//1 3675//1
f 3675//1 3669//1 3656//1
f 3656//1 3648//1 3635//1
f 3635//1 3629//1 3620//1
f 3620//1 3608//1 3599//1
f 3599//1 3590//1 3581//1
f 3581//1 3568//1 3562//1
f 3562//1 3553//1 3544//1
f 3544//1 4732//1 4925//1
f 3544//1 4925//1 4928//1
f 3581//1 3562//1 3544//1
f 3620//1 3599//1 3581//1
f 3656//1 3635//1 3620//1
f 3693//1 3675//1 3656//1
f 3730//1 3712//1 3693//1
f 3766//1 3751//1 3730//1
f 3802//1 3787//1 3766//1
f 3838//1 3820//1 3802//1
f 3874//1 3856//1 3838//1
f 3910//1 3892//1 3874//1
f 3946//1 3931//1 3910//1
f 3985//1 3967//1 3946//1
f 4019//1 4000//1 3985//1
f 4055//1 4040//1 4019//1
f 4093//1 4075//1 4055//1
f 4129//1 4111//1 4093//1
f 4931//1 4922//1 4129//1
f 4934//1 4931//1 4129//1
f 4129//1 4093//1 4055//1
f 4055//1 4019//1 3985//1
f 3985//1 3946//1 3910//1
f 3910//1 3874//1 3838//1
f 3838//1 3802//1 3766//1
f 3766//1 3730//1 3693//1
f 3693//1 3656//1 3620//1
f 3620//1 3581//1 3544//1
f 3544//1 4928//1 4937//1
f 3544//1 4937//1 4940//1
f 3693//1 3620//1 3544//1
f 3838//1 3766//1 3693//1
f 3985//1 3910//1 3838//1
f 4129//1 4055//1 3985//1
f 4943//1 4934//1 4129//1
f 4946//1 4943//1 4129//1
f 4129//1 3985//1 3838//1
f 3838//1 3693//1 3544//1
f 3544//1 4940//1 4949//1
f 3544//1 4949//1 4952//1
f 4129//1 3838//1 3544//1
f 4955//1 4946//1 4129//1
f 4958//1 4955//1 4129//1
f 3544//1 4952//1 4961//1
f 3544//1 4961//1 4964//1
f 4967//1 4958//1 4129//1
f 4970//1 4967//1 4129//1
f 3544//1 4964//1 4973//1
f 3544//1 4973//1 4976//1
f 4970//1 4129//1 3544//1
f 4979//1 4970//1 3544//1
f 3544//1 4976//1 4982//1
f 3544//1 4982//1 4985//1
f 4988//1 4979//1 3544//1
f 4991//1 4988//1 3544//1
f 3544//1 4985//1 4994//1
f 3544//1 4994//1 4997//1
f 5000//1 4991//1 3544//1
f 5003//1 5000//1 3544//1
f 3544//1 4997//1 5006//1
f 3544//1 5006//1 5009//1
f 5012//1 5003//1 3544//1
f 5009//1 5012//1 3544//1
f 5017//599 4712//599 4715//599
f 5017//599 4715//599 4722//599
f 4718//599 5020//599 162//599
f 4718//599 162//599 152//599
f 2981//600 5016//600 4721//600
f 2981//600 4721//600 2984//600
f 5019//600 2990//600 164//600
f 5019//600 164//600 161//600
f 5023//393 5026//393 5028//393
f 5023//393 5028//393 5031//393
f 5032//394 5029//394 5034//394
f 5032//394 5034//394 5037//394
f 5038//395 5035//395 5040//395
f 5038//395 5040//395 5043//395
s 1
f 5044//396 5041//396 5046//396
s 0
f 5044//396 5046//396 5049//396
f 5050//397 5047//397 5052//397
f 5050//397 5052//397 5055//397
f 5056//398 5053//398 5058//398
f 5056//398 5058//398 5061//398
f 5062//399 5059//399 5064//399
f 5062//399 5064//399 5067//399
f 5068//400 5065//400 5070//400
f 5068//400 5070//400 5073//400
f 5074//401 5071//401 5076//401
f 5074//401 5076//401 5079//401
f 5080//402 5077//402 5082//402
f 5080//402 5082//402 5085//402
f 5086//403 5083//403 5088//403
f 5086//403 5088//403 5091//403
f 5092//404 5089//404 5094//404
f 5092//404 5094//404 5097//404
s 1
f 5098//405 5095//405 5100//405
s 0
f 5098//405 5100//405 5103//405
f 5104//406 5101//406 5106//406
f 5104//406 5106//406 5109//406
f 5110//407 5107//407 5112//407
f 5110//407 5112//407 5115//407
f 5116//408 5113//408 5118//408
f 5116//408 5118//408 5121//408
f 5119//409 5124//409 5128//409
f 5119//409 5128//409 5122//409
f 5126//410 5131//410 5135//410
f 5125//411 5134//411 5129//411
f 5132//412 5138//412 5141//412
f 5132//412 5141//412 5136//412
f 5139//413 5144//413 5147//413
f 5139//413 5147//413 5142//413
f 5145//414 5150//414 5153//414
f 5145//414 5153//414 5148//414
f 5151//415 5156//415 5159//415
f 5151//415 5159//415 5154//415
s 1
f 5157//416 5162//416 5165//416
s 0
f 5157//416 5165//416 5160//416
s 1
f 5163//418 5168//418 5171//418
s 0
f 5163//418 5171//418 5166//418
f 5174//419 5177//419 5172//419
f 5174//419 5172//419 5169//419
s 1
f 5180//420 5183//420 5178//420
s 0
f 5180//420 5178//420 5175//420
f 5186//421 5189//421 5184//421
s 1
f 5186//421 5184//421 5181//421
s 0
f 5192//422 5195//422 5190//422
f 5192//422 5190//422 5187//422
f 5198//423 5201//423 5196//423
f 5198//423 5196//423 5193//423
f 5204//424 5207//424 5202//424
f 5204//424 5202//424 5199//424
f 5210//426 5213//426 5208//426
f 5210//425 5208//425 5205//425
f 5216//427 5219//427 5214//427
f 5216//427 5214//427 5211//427
f 5220//428 5217//428 5222//428
f 5220//428 5222//428 5225//428
f 5226//429 5223//429 5228//429
f 5226//429 5228//429 5231//429
f 5232//430 5229//430 5234//430
f 5232//430 5234//430 5237//430
f 5238//431 5235//431 5241//431
f 5239//432 5242//432 5245//432
f 5246//433 5243//433 5248//433
f 5246//433 5248//433 5251//433
f 5252//434 5249//434 5254//434
f 5252//434 5254//434 5257//434
f 5258//435 5255//435 5260//435
f 5258//435 5260//435 5263//435
f 5264//436 5261//436 5266//436
f 5264//436 5266//436 5269//436
f 5270//437 5267//437 5272//437
f 5270//437 5272//437 5275//437
f 5276//438 5273//438 5278//438
f 5276//438 5278//438 5281//438
f 5282//439 5279//439 5284//439
f 5282//439 5284//439 5287//439
f 5288//440 5285//440 5290//440
f 5288//440 5290//440 5293//440
f 5294//441 5291//441 5296//441
f 5294//441 5296//441 5299//441
f 5300//442 5297//442 5302//442
f 5300//442 5302//442 5305//442
f 5306//443 5303//443 5308//443
f 5306//443 5308//443 5311//443
f 5312//444 5309//444 5314//444
f 5312//444 5314//444 5317//444
f 5318//445 5315//445 5321//445
f 5318//445 5321//445 5324//445
f 5323//446 5320//446 5327//446
f 5323//446 5327//446 5330//446
f 5329//447 5326//447 5333//447
s 1
f 5329//447 5333//447 5336//447
s 0
f 5335//448 5332//448 5339//448
f 5335//448 5339//448 5342//448
f 5341//449 5338//449 5345//449
f 5341//449 5345//449 5348//449
f 5347//450 5344//450 5351//450
f 5347//450 5351//450 5354//450
f 5353//451 5350//451 5357//451
f 5353//451 5357//451 5360//451
f 5359//452 5356//452 5363//452
f 5359//452 5363//452 5366//452
f 5365//453 5362//453 5369//453
f 5365//453 5369//453 5372//453
f 5371//454 5368//454 5375//454
f 5371//454 5375//454 5378//454
f 5377//455 5374//455 5381//455
f 5377//455 5381//455 5384//455
f 5383//456 5380//456 5387//456
f 5383//456 5387//456 5391//456
f 5390//457 5386//457 5395//457
f 5389//458 5394//458 5398//458
f 5397//459 5393//459 5401//459
f 5397//459 5401//459 5404//459
f 5403//460 5400//460 5407//460
f 5403//460 5407//460 5410//460
f 5409//461 5406//461 5413//461
f 5409//461 5413//461 5416//461
f 5419//462 5422//462 5415//462
f 5419//462 5415//462 5412//462
f 5425//463 5428//463 5421//463
f 5425//464 5421//464 5418//464
f 5431//465 5434//465 5427//465
f 5431//465 5427//465 5424//465
f 5437//466 5440//466 5433//466
f 5437//466 5433//466 5430//466
f 5443//467 5446//467 5439//467
f 5443//467 5439//467 5436//467
f 5449//468 5452//468 5445//468
s 1
f 5449//468 5445//468 5442//468
s 0
f 5455//469 5458//469 5451//469
s 1
f 5455//469 5451//469 5448//469
s 0
f 5461//470 5464//470 5457//470
f 5461//470 5457//470 5454//470
f 5467//471 5470//471 5463//471
s 1
f 5467//471 5463//471 5460//471
s 0
f 5473//473 5476//473 5469//473
s 1
f 5473//473 5469//473 5466//473
s 0
f 5479//474 5482//474 5475//474
f 5479//474 5475//474 5472//474
f 5485//475 5488//475 5481//475
f 5485//475 5481//475 5478//475
f 5491//476 5494//476 5487//476
f 5491//476 5487//476 5484//476
f 5497//477 5501//477 5493//477
f 5497//477 5493//477 5490//477
f 5504//479 5509//479 5499//479
f 5505//478 5500//478 5496//478
f 5512//480 5515//480 5508//480
f 5512//480 5508//480 5503//480
f 5514//481 5511//481 5518//481
f 5514//481 5518//481 5521//481
f 5520//482 5517//482 5524//482
f 5520//482 5524//482 5527//482
f 5526//483 5523//483 5530//483
f 5526//483 5530//483 5533//483
s 1
f 5532//484 5529//484 5536//484
s 0
f 5532//484 5536//484 5539//484
f 5538//485 5535//485 5542//485
f 5538//485 5542//485 5545//485
f 5544//486 5541//486 5548//486
f 5544//486 5548//486 5551//486
f 5550//487 5547//487 5554//487
f 5550//487 5554//487 5557//487
f 5556//488 5553//488 5560//488
f 5556//488 5560//488 5563//488
f 5562//489 5559//489 5566//489
f 5562//489 5566//489 5569//489
f 5568//490 5565//490 5572//490
f 5568//490 5572//490 5575//490
f 5574//491 5571//491 5578//491
f 5574//491 5578//491 5581//491
f 5580//492 5577//492 5584//492
f 5580//492 5584//492 5587//492
f 5586//493 5583//493 5590//493
s 1
f 5586//493 5590//493 5593//493
s 0
f 5592//494 5589//494 5596//494
f 5592//494 5596//494 5599//494
f 5598//495 5595//495 5602//495
f 5598//495 5602//495 5605//495
f 5604//496 5601//496 5608//496
f 5604//496 5608//496 5611//496
f 5610//497 5607//497 5613//497
f 5610//497 5613//497 5616//497
f 5617//498 5614//498 5619//498
f 5617//498 5619//498 5622//498
f 5623//499 5620//499 5625//499
f 5623//499 5625//499 5628//499
s 1
f 5629//500 5626//500 5631//500
s 0
f 5629//500 5631//500 5634//500
f 5635//501 5632//501 5637//501
f 5635//501 5637//501 5640//501
f 5641//502 5638//502 5643//502
f 5641//502 5643//502 5646//502
f 5647//503 5644//503 5649//503
f 5647//503 5649//503 5652//503
f 5653//504 5650//504 5655//504
f 5653//504 5655//504 5658//504
f 5659//505 5656//505 5661//505
f 5659//505 5661//505 5664//505
f 5665//506 5662//506 5667//506
f 5665//506 5667//506 5670//506
f 5671//507 5668//507 5673//507
f 5671//507 5673//507 5676//507
f 5677//508 5674//508 5679//508
f 5677//508 5679//508 5682//508
s 1
f 5683//509 5680//509 5685//509
s 0
f 5683//509 5685//509 5688//509
f 5689//510 5686//510 5691//510
f 5689//510 5691//510 5694//510
f 5695//511 5692//511 5697//511
f 5695//511 5697//511 5700//511
f 5701//512 5698//512 5703//512
f 5701//512 5703//512 5706//512
f 5709//513 5712//513 5707//513
f 5709//513 5707//513 5704//513
f 5717//514 5720//514 5714//514
f 5716//515 5713//515 5710//515
f 5723//516 5726//516 5721//516
f 5723//516 5721//516 5718//516
f 5729//517 5732//517 5727//517
f 5729//517 5727//517 5724//517
f 5735//518 5738//518 5733//518
f 5735//518 5733//518 5730//518
f 5741//519 5744//519 5739//519
f 5741//519 5739//519 5736//519
s 1
f 5747//520 5750//520 5745//520
s 0
f 5747//520 5745//520 5742//520
s 1
f 5753//522 5756//522 5751//522
s 0
f 5753//522 5751//522 5748//522
f 5754//523 5759//523 5762//523
f 5754//523 5762//523 5757//523
s 1
f 5760//524 5765//524 5768//524
s 0
f 5760//524 5768//524 5763//524
s 1
f 5766//525 5771//525 5774//525
s 0
f 5766//525 5774//525 5769//525
f 5772//526 5777//526 5780//526
f 5772//526 5780//526 5775//526
f 5778//527 5783//527 5786//527
f 5778//527 5786//527 5781//527
f 5784//528 5789//528 5792//528
f 5784//528 5792//528 5787//528
f 5790//529 5795//529 5798//529
f 5790//529 5798//529 5793//529
f 5796//531 5801//531 5804//531
f 5796//531 5804//531 5799//531
f 5805//532 5802//532 5807//532
f 5805//532 5807//532 5810//532
f 5811//533 5808//533 5813//533
f 5811//533 5813//533 5816//533
f 5817//534 5814//534 5819//534
f 5817//534 5819//534 5822//534
f 5823//536 5820//536 5826//536
f 5824//535 5827//535 5830//535
f 5831//537 5828//537 5833//537
f 5831//537 5833//537 5836//537
f 5837//538 5834//538 5839//538
f 5837//538 5839//538 5842//538
f 5843//539 5840//539 5845//539
f 5843//539 5845//539 5848//539
f 5849//540 5846//540 5851//540
f 5849//540 5851//540 5854//540
f 5855//541 5852//541 5857//541
f 5855//541 5857//541 5860//541
f 5861//542 5858//542 5863//542
f 5861//542 5863//542 5866//542
f 5867//543 5864//543 5869//543
f 5867//543 5869//543 5872//543
f 5873//544 5870//544 5875//544
f 5873//544 5875//544 5878//544
f 5879//545 5876//545 5881//545
f 5879//545 5881//545 5884//545
f 5885//546 5882//546 5887//546
f 5885//546 5887//546 5890//546
f 5891//547 5888//547 5893//547
f 5891//547 5893//547 5896//547
f 5897//548 5894//548 5900//548
f 5897//548 5900//548 5903//548
f 5902//549 5899//549 5906//549
f 5902//549 5906//549 5909//549
f 5908//550 5905//550 5912//550
f 5908//550 5912//550 5915//550
f 5914//551 5911//551 5918//551
s 1
f 5914//551 5918//551 5921//551
s 0
f 5920//552 5917//552 5924//552
f 5920//552 5924//552 5927//552
f 5926//553 5923//553 5930//553
f 5926//553 5930//553 5933//553
f 5932//554 5929//554 5936//554
f 5932//554 5936//554 5939//554
f 5938//555 5935//555 5942//555
f 5938//555 5942//555 5945//555
f 5944//556 5941//556 5948//556
f 5944//556 5948//556 5951//556
f 5950//557 5947//557 5954//557
f 5950//557 5954//557 5957//557
f 5956//558 5953//558 5960//558
f 5956//558 5960//558 5963//558
f 5962//559 5959//559 5966//559
f 5962//559 5966//559 5969//559
f 5968//560 5965//560 5972//560
f 5968//560 5972//560 5976//560
f 5975//561 5971//561 5980//561
f 5974//562 5979//562 5983//562
f 5982//563 5978//563 5986//563
f 5982//563 5986//563 5989//563
f 5988//564 5985//564 5992//564
f 5988//564 5992//564 5995//564
f 5994//565 5991//565 5998//565
f 5994//565 5998//565 6001//565
f 5997//566 6004//566 6007//566
f 5997//566 6007//566 6000//566
f 6003//567 6010//567 6013//567
f 6003//567 6013//567 6006//567
f 6009//569 6016//569 6019//569
f 6009//569 6019//569 6012//569
f 6015//570 6022//570 6025//570
f 6015//570 6025//570 6018//570
f 6021//571 6028//571 6031//571
f 6021//571 6031//571 6024//571
s 1
f 6027//572 6034//572 6037//572
s 0
f 6027//572 6037//572 6030//572
f 6033//573 6040//573 6043//573
s 1
f 6033//573 6043//573 6036//573
s 0
f 6039//574 6046//574 6049//574
f 6039//574 6049//574 6042//574
f 6045//575 6052//575 6055//575
s 1
f 6045//575 6055//575 6048//575
s 0
f 6051//577 6058//577 6061//577
s 1
f 6051//577 6061//577 6054//577
s 0
f 6057//578 6064//578 6067//578
f 6057//578 6067//578 6060//578
f 6063//579 6070//579 6073//579
f 6063//579 6073//579 6066//579
f 6069//580 6076//580 6079//580
f 6069//580 6079//580 6072//580
f 6075//581 6083//581 6086//581
f 6075//581 6086//581 6078//581
f 6081//583 6089//583 6092//583
f 6082//582 6093//582 6085//582
f 6088//584 6097//584 6100//584
f 6088//584 6100//584 6091//584
f 6099//585 6096//585 6103//585
f 6099//585 6103//585 6106//585
f 6105//586 6102//586 6109//586
f 6105//586 6109//586 6112//586
f 6111//587 6108//587 6115//587
f 6111//587 6115//587 6118//587
s 1
f 6117//588 6114//588 6121//588
s 0
f 6117//588 6121//588 6124//588
f 6123//589 6120//589 6127//589
f 6123//589 6127//589 6130//589
f 6129//590 6126//590 6133//590
f 6129//590 6133//590 6136//590
f 6135//591 6132//591 6139//591
f 6135//591 6139//591 6142//591
f 6141//592 6138//592 6145//592
f 6141//592 6145//592 6148//592
f 6147//593 6144//593 6151//593
f 6147//593 6151//593 6154//593
f 6153//594 6150//594 6157//594
f 6153//594 6157//594 6160//594
f 6159//595 6156//595 6163//595
f 6159//595 6163//595 6166//595
f 6165//596 6162//596 6169//596
f 6165//596 6169//596 6172//596
f 6171//597 6168//597 6175//597
s 1
f 6171//597 6175//597 6178//597
s 0
f 6177//598 6174//598 6181//598
f 6177//598 6181//598 6184//598
f 3354//1 3360//1 5277//1
f 5277//1 5271//1 5265//1
f 5265//1 5259//1 5253//1
f 5253//1 5247//1 5240//1
f 5240//1 5233//1 5227//1
f 5227//1 5221//1 5215//1
f 5215//1 5209//1 5203//1
f 5203//1 5197//1 5191//1
f 5191//1 5185//1 5179//1
f 5179//1 5173//1 5167//1
f 5167//1 5161//1 5155//1
f 5155//1 5149//1 5143//1
f 5143//1 5137//1 5130//1
f 5130//1 5123//1 5117//1
f 5117//1 5111//1 5105//1
f 5105//1 5099//1 5093//1
f 5093//1 5087//1 5081//1
f 5081//1 5075//1 5069//1
f 5069//1 5063//1 5057//1
f 5057//1 5051//1 5045//1
f 5045//1 5039//1 5033//1
f 5033//1 5027//1 5024//1
f 5024//1 6185//1 6179//1
f 6179//1 6173//1 6167//1
f 6167//1 6161//1 6155//1
f 6155//1 4675//1 4684//1
f 6155//1 4684//1 4693//1
f 6179//1 6167//1 6155//1
f 5033//1 5024//1 6179//1
f 5057//1 5045//1 5033//1
f 5081//1 5069//1 5057//1
f 5105//1 5093//1 5081//1
f 5130//1 5117//1 5105//1
f 5155//1 5143//1 5130//1
f 5179//1 5167//1 5155//1
f 5203//1 5191//1 5179//1
f 5227//1 5215//1 5203//1
f 5253//1 5240//1 5227//1
f 5277//1 5265//1 5253//1
f 3345//1 3354//1 5277//1
f 3333//1 3345//1 5277//1
f 5277//1 5253//1 5227//1
f 5227//1 5203//1 5179//1
f 5179//1 5155//1 5130//1
f 5130//1 5105//1 5081//1
f 5081//1 5057//1 5033//1
f 5033//1 6179//1 6155//1
f 6155//1 4693//1 4702//1
f 6155//1 4702//1 4711//1
f 3333//1 5277//1 5227//1
f 3324//1 3333//1 5227//1
f 5033//1 6155//1 4711//1
f 5033//1 4711//1 5015//1
f 3315//1 3324//1 5227//1
f 3309//1 3315//1 5227//1
f 5033//1 5015//1 2980//1
f 5033//1 2980//1 2977//1
f 3299//1 3309//1 5227//1
f 3293//1 3299//1 5227//1
f 5033//1 2977//1 2995//1
f 5033//1 2995//1 3004//1
f 3281//1 3293//1 5227//1
f 3269//1 3281//1 5227//1
f 5033//1 3004//1 3013//1
f 5033//1 3013//1 3022//1
f 3269//1 5227//1 5179//1
f 3259//1 3269//1 5179//1
f 5081//1 5033//1 3022//1
f 5081//1 3022//1 3031//1
f 3256//1 3259//1 5179//1
f 3247//1 3256//1 5179//1
f 5081//1 3031//1 3040//1
f 5081//1 3040//1 3049//1
f 3232//1 3247//1 5179//1
f 3223//1 3232//1 5179//1
f 5081//1 3049//1 3058//1
f 5081//1 3058//1 3067//1
f 3214//1 3223//1 5179//1
f 3208//1 3214//1 5179//1
f 5081//1 3067//1 3076//1
f 5081//1 3076//1 3085//1
f 3196//1 3208//1 5179//1
f 3186//1 3196//1 5179//1
f 5130//1 5081//1 3085//1
f 5130//1 3085//1 3094//1
f 3186//1 5179//1 5130//1
f 3176//1 3186//1 5130//1
f 5130//1 3094//1 3103//1
f 5130//1 3103//1 3112//1
f 3167//1 3176//1 5130//1
f 3158//1 3167//1 5130//1
f 5130//1 3112//1 3121//1
f 5130//1 3121//1 3130//1
f 3149//1 3158//1 5130//1
f 5130//1 3130//1 3140//1
f 3140//1 3149//1 5130//1
f 4666//1 4675//1 6155//1
f 6155//1 6149//1 6143//1
f 6143//1 6137//1 6131//1
f 6131//1 6125//1 6119//1
f 6119//1 6113//1 6107//1
f 6107//1 6101//1 6095//1
f 6095//1 6087//1 6080//1
f 6080//1 6074//1 6068//1
f 6068//1 6062//1 6056//1
f 6056//1 6050//1 6044//1
f 6044//1 6038//1 6032//1
f 6032//1 6026//1 6020//1
f 6020//1 6014//1 6008//1
f 6008//1 6002//1 5996//1
f 5996//1 5990//1 5984//1
f 5984//1 5977//1 5970//1
f 5970//1 5964//1 5958//1
f 5958//1 5952//1 5946//1
f 5946//1 5940//1 5934//1
f 5934//1 5928//1 5922//1
f 5922//1 5916//1 5910//1
f 5910//1 5904//1 5898//1
f 5898//1 5892//1 5886//1
f 5886//1 5880//1 5874//1
f 5874//1 5868//1 5862//1
f 5862//1 5856//1 5850//1
f 5850//1 5844//1 5838//1
f 5838//1 5832//1 5825//1
f 5825//1 5818//1 5812//1
f 5812//1 5806//1 5800//1
f 5800//1 5794//1 5788//1
f 5788//1 5782//1 5776//1
f 5776//1 5770//1 5764//1
f 5764//1 5758//1 5752//1
f 5752//1 5746//1 5740//1
f 5740//1 5734//1 5728//1
f 5728//1 5722//1 5715//1
f 5715//1 5708//1 5702//1
f 5702//1 5696//1 5690//1
f 5690//1 5684//1 5678//1
f 5678//1 5672//1 5666//1
f 5666//1 5660//1 5654//1
f 5654//1 5648//1 5642//1
f 5642//1 5636//1 5630//1
f 5630//1 5624//1 5618//1
f 5618//1 5612//1 5606//1
f 5606//1 5600//1 5594//1
f 5594//1 5588//1 5582//1
f 5582//1 5576//1 5570//1
f 5570//1 5564//1 5558//1
f 5558//1 5552//1 5546//1
f 5546//1 5540//1 5534//1
f 5534//1 5528//1 5522//1
f 5522//1 5516//1 5510//1
f 5510//1 5502//1 5495//1
f 5495//1 5489//1 5483//1
f 5483//1 5477//1 5471//1
f 5471//1 5465//1 5459//1
f 5459//1 5453//1 5447//1
f 5447//1 5441//1 5435//1
f 5435//1 5429//1 5423//1
f 5423//1 5417//1 5411//1
f 5411//1 5405//1 5399//1
f 5399//1 5392//1 5385//1
f 5385//1 5379//1 5373//1
f 5373//1 5367//1 5361//1
f 5361//1 5355//1 5349//1
f 5349//1 5343//1 5337//1
f 5337//1 5331//1 5325//1
f 5325//1 5319//1 5313//1
f 5313//1 5307//1 5301//1
f 5301//1 5295//1 5289//1
f 5289//1 5283//1 5277//1
f 5277//1 3360//1 3369//1
f 5277//1 3369//1 3378//1
f 5301//1 5289//1 5277//1
f 5325//1 5313//1 5301//1
f 5349//1 5337//1 5325//1
f 5373//1 5361//1 5349//1
f 5399//1 5385//1 5373//1
f 5423//1 5411//1 5399//1
f 5447//1 5435//1 5423//1
f 5471//1 5459//1 5447//1
f 5495//1 5483//1 5471//1
f 5522//1 5510//1 5495//1
f 5546//1 5534//1 5522//1
f 5570//1 5558//1 5546//1
f 5594//1 5582//1 5570//1
f 5618//1 5606//1 5594//1
f 5642//1 5630//1 5618//1
f 5666//1 5654//1 5642//1
f 5690//1 5678//1 5666//1
f 5715//1 5702//1 5690//1
f 5740//1 5728//1 5715//1
f 5764//1 5752//1 5740//1
f 5788//1 5776//1 5764//1
f 5812//1 5800//1 5788//1
f 5838//1 5825//1 5812//1
f 5862//1 5850//1 5838//1
f 5886//1 5874//1 5862//1
f 5910//1 5898//1 5886//1
f 5934//1 5922//1 5910//1
f 5958//1 5946//1 5934//1
f 5984//1 5970//1 5958//1
f 6008//1 5996//1 5984//1
f 6032//1 6020//1 6008//1
f 6056//1 6044//1 6032//1
f 6080//1 6068//1 6056//1
f 6107//1 6095//1 6080//1
f 6131//1 6119//1 6107//1
f 6155//1 6143//1 6131//1
f 4657//1 4666//1 6155//1
f 4648//1 4657//1 6155//1
f 6155//1 6131//1 6107//1
f 6107//1 6080//1 6056//1
f 6056//1 6032//1 6008//1
f 6008//1 5984//1 5958//1
f 5958//1 5934//1 5910//1
f 5910//1 5886//1 5862//1
f 5862//1 5838//1 5812//1
f 5812//1 5788//1 5764//1
f 5764//1 5740//1 5715//1
f 5715//1 5690//1 5666//1
f 5666//1 5642//1 5618//1
f 5618//1 5594//1 5570//1
f 5570//1 5546//1 5522//1
f 5522//1 5495//1 5471//1
f 5471//1 5447//1 5423//1
f 5423//1 5399//1 5373//1
f 5373//1 5349//1 5325//1
f 5325//1 5301//1 5277//1
f 5277//1 3378//1 3387//1
f 5277//1 3387//1 3396//1
f 4648//1 6155//1 6107//1
f 4639//1 4648//1 6107//1
f 5325//1 5277//1 3396//1
f 5325//1 3396//1 3408//1
f 4630//1 4639//1 6107//1
f 4621//1 4630//1 6107//1
f 5325//1 3408//1 3414//1
f 5325//1 3414//1 3426//1
f 4612//1 4621//1 6107//1
f 4603//1 4612//1 6107//1
f 5325//1 3426//1 3438//1
f 5325//1 3438//1 3444//1
f 4594//1 4603//1 6107//1
f 4585//1 4594//1 6107//1
f 5325//1 3444//1 3450//1
f 5325//1 3450//1 3459//1
f 4585//1 6107//1 6056//1
f 4576//1 4585//1 6056//1
f 5373//1 5325//1 3459//1
f 5373//1 3459//1 3468//1
f 4566//1 4576//1 6056//1
f 4557//1 4566//1 6056//1
f 5373//1 3468//1 3480//1
f 5373//1 3480//1 3489//1
f 4548//1 4557//1 6056//1
f 4539//1 4548//1 6056//1
f 5373//1 3489//1 3498//1
f 5373//1 3498//1 3504//1
f 4528//1 4539//1 6056//1
f 4517//1 4528//1 6056//1
f 5373//1 3504//1 3516//1
f 5373//1 3516//1 3525//1
f 4508//1 4517//1 6056//1
f 4499//1 4508//1 6056//1
f 5423//1 5373//1 3525//1
f 5423//1 3525//1 3538//1
f 4499//1 6056//1 6008//1
f 4490//1 4499//1 6008//1
f 5423//1 3538//1 3547//1
f 5423//1 3547//1 3550//1
f 4481//1 4490//1 6008//1
f 4472//1 4481//1 6008//1
f 5423//1 3550//1 3565//1
f 5423//1 3565//1 3571//1
f 4463//1 4472//1 6008//1
f 4454//1 4463//1 6008//1
f 5423//1 3571//1 3584//1
f 5423//1 3584//1 3587//1
f 4444//1 4454//1 6008//1
f 4435//1 4444//1 6008//1
f 5423//1 3587//1 3596//1
f 5423//1 3596//1 3605//1
f 4435//1 6008//1 5958//1
f 4426//1 4435//1 5958//1
f 5471//1 5423//1 3605//1
f 5471//1 3605//1 3617//1
f 4417//1 4426//1 5958//1
f 4408//1 4417//1 5958//1
f 5471//1 3617//1 3626//1
f 5471//1 3626//1 3632//1
f 4398//1 4408//1 5958//1
f 4389//1 4398//1 5958//1
f 5471//1 3632//1 3645//1
f 5471//1 3645//1 3652//1
f 4380//1 4389//1 5958//1
f 4371//1 4380//1 5958//1
f 5471//1 3652//1 3666//1
f 5471//1 3666//1 3672//1
f 4362//1 4371//1 5958//1
f 4353//1 4362//1 5958//1
f 5522//1 5471//1 3672//1
f 5522//1 3672//1 3687//1
f 4353//1 5958//1 5910//1
f 4344//1 4353//1 5910//1
f 5522//1 3687//1 3690//1
f 5522//1 3690//1 3699//1
f 4335//1 4344//1 5910//1
f 4326//1 4335//1 5910//1
f 5522//1 3699//1 3715//1
f 5522//1 3715//1 3721//1
f 4317//1 4326//1 5910//1
f 4308//1 4317//1 5910//1
f 5522//1 3721//1 3733//1
f 5522//1 3733//1 3739//1
f 4299//1 4308//1 5910//1
f 4290//1 4299//1 5910//1
f 5522//1 3739//1 3748//1
f 5522//1 3748//1 3754//1
f 4290//1 5910//1 5862//1
f 4281//1 4290//1 5862//1
f 5570//1 5522//1 3754//1
f 5570//1 3754//1 3763//1
f 4272//1 4281//1 5862//1
f 4263//1 4272//1 5862//1
f 5570//1 3763//1 3775//1
f 5570//1 3775//1 3784//1
f 4254//1 4263//1 5862//1
f 4245//1 4254//1 5862//1
f 5570//1 3784//1 3790//1
f 5570//1 3790//1 3799//1
f 4236//1 4245//1 5862//1
f 4227//1 4236//1 5862//1
f 5570//1 3799//1 3811//1
f 5570//1 3811//1 3817//1
f 4218//1 4227//1 5862//1
f 4209//1 4218//1 5862//1
f 5618//1 5570//1 3817//1
f 5618//1 3817//1 3832//1
f 4209//1 5862//1 5812//1
f 4200//1 4209//1 5812//1
f 5618//1 3832//1 3841//1
f 5618//1 3841//1 3844//1
f 4191//1 4200//1 5812//1
f 4182//1 4191//1 5812//1
f 5618//1 3844//1 3853//1
f 5618//1 3853//1 3868//1
f 4172//1 4182//1 5812//1
f 4163//1 4172//1 5812//1
f 5618//1 3868//1 3877//1
f 5618//1 3877//1 3880//1
f 4154//1 4163//1 5812//1
f 4145//1 4154//1 5812//1
f 5618//1 3880//1 3889//1
f 5618//1 3889//1 3904//1
f 4145//1 5812//1 5764//1
f 4136//1 4145//1 5764//1
f 5666//1 5618//1 3904//1
f 5666//1 3904//1 3907//1
f 4126//1 4136//1 5764//1
f 4117//1 4126//1 5764//1
f 5666//1 3907//1 3916//1
f 5666//1 3916//1 3928//1
f 4108//1 4117//1 5764//1
f 4099//1 4108//1 5764//1
f 5666//1 3928//1 3937//1
f 5666//1 3937//1 3943//1
f 4090//1 4099//1 5764//1
f 4081//1 4090//1 5764//1
f 5666//1 3943//1 3952//1
f 5666//1 3952//1 3964//1
f 4072//1 4081//1 5764//1
f 4065//1 4072//1 5764//1
f 5715//1 5666//1 3964//1
f 5715//1 3964//1 3970//1
f 4065//1 5764//1 5715//1
f 4052//1 4065//1 5715//1
f 5715//1 3970//1 3982//1
f 5715//1 3982//1 3991//1
f 4049//1 4052//1 5715//1
f 4037//1 4049//1 5715//1
f 5715//1 3991//1 3997//1
f 5715//1 3997//1 4006//1
f 4028//1 4037//1 5715//1
f 5715//1 4006//1 4022//1
f 4022//1 4028//1 5715//1
f 6183//599 6180//599 6187//599
f 6183//599 6187//599 6190//599
f 6189//600 6186//600 5025//600
f 6189//600 5025//600 5022//600
f 4441//7 4432//7 5993//7
f 5993//7 5999//7 6005//7
f 6005//7 6011//7 6017//7
f 6017//7 6023//7 6029//7
f 6029//7 6035//7 6041//7
f 6041//7 6047//7 6053//7
f 6053//7 6059//7 6065//7
f 6065//7 6071//7 6077//7
f 6077//7 6084//7 6090//7
f 6090//7 6098//7 6104//7
f 6104//7 6110//7 6116//7
f 6116//7 6122//7 6128//7
f 6128//7 6134//7 6140//7
f 6140//7 6146//7 6152//7
f 6152//7 6158//7 6164//7
f 6164//7 6170//7 6176//7
f 6176//7 6182//7 6188//7
f 6188//7 5021//7 5030//7
f 5030//7 5036//7 5042//7
f 5042//7 5048//7 5054//7
f 5054//7 5060//7 5066//7
f 5066//7 5072//7 5078//7
f 5078//7 5084//7 5090//7
f 5090//7 5096//7 5102//7
f 5102//7 5108//7 5114//7
f 5114//7 3118//7 3109//7
f 5114//7 3109//7 3100//7
f 5090//7 5102//7 5114//7
f 5066//7 5078//7 5090//7
f 5042//7 5054//7 5066//7
f 6188//7 5030//7 5042//7
f 6164//7 6176//7 6188//7
f 6140//7 6152//7 6164//7
f 6116//7 6128//7 6140//7
f 6090//7 6104//7 6116//7
f 6065//7 6077//7 6090//7
f 6041//7 6053//7 6065//7
f 6017//7 6029//7 6041//7
f 5993//7 6005//7 6017//7
f 4450//7 4441//7 5993//7
f 4460//7 4450//7 5993//7
f 5993//7 6017//7 6041//7
f 6041//7 6065//7 6090//7
f 6090//7 6116//7 6140//7
f 6140//7 6164//7 6188//7
f 6188//7 5042//7 5066//7
f 5066//7 5090//7 5114//7
f 5114//7 3100//7 3091//7
f 5114//7 3091//7 3082//7
f 4460//7 5993//7 6041//7
f 4469//7 4460//7 6041//7
f 5066//7 5114//7 3082//7
f 5066//7 3082//7 3073//7
f 4478//7 4469//7 6041//7
f 4487//7 4478//7 6041//7
f 5066//7 3073//7 3064//7
f 5066//7 3064//7 3055//7
f 4496//7 4487//7 6041//7
f 4505//7 4496//7 6041//7
f 5066//7 3055//7 3046//7
f 5066//7 3046//7 3037//7
f 4514//7 4505//7 6041//7
f 4524//7 4514//7 6041//7
f 5066//7 3037//7 3028//7
f 5066//7 3028//7 3019//7
f 4524//7 6041//7 6090//7
f 4538//6 4527//6 6094//6
f 6188//7 5066//7 3019//7
f 6188//7 3019//7 3010//7
f 4545//7 4535//7 6090//7
f 4554//7 4545//7 6090//7
f 6188//7 3010//7 3001//7
f 6188//7 3001//7 2992//7
f 4563//7 4554//7 6090//7
f 4572//7 4563//7 6090//7
f 6188//7 2992//7 2989//7
f 6188//7 2989//7 5018//7
f 4582//7 4572//7 6090//7
f 4591//7 4582//7 6090//7
f 6188//7 5018//7 4717//7
f 6188//7 4717//7 4708//7
f 4600//7 4591//7 6090//7
f 4609//7 4600//7 6090//7
f 6140//7 6188//7 4708//7
f 6140//7 4708//7 4699//7
f 4609//7 6090//7 6140//7
f 4618//7 4609//7 6140//7
f 6140//7 4699//7 4690//7
f 6140//7 4690//7 4681//7
f 4627//7 4618//7 6140//7
f 4636//7 4627//7 6140//7
f 6140//7 4681//7 4672//7
f 6140//7 4672//7 4663//7
f 4645//7 4636//7 6140//7
f 6140//7 4663//7 4654//7
f 4654//7 4645//7 6140//7
f 3127//7 3118//7 5114//7
f 5114//7 5120//7 5127//7
f 5127//7 5133//7 5140//7
f 5140//7 5146//7 5152//7
f 5152//7 5158//7 5164//7
f 5164//7 5170//7 5176//7
f 5176//7 5182//7 5188//7
f 5188//7 5194//7 5200//7
f 5200//7 5206//7 5212//7
f 5212//7 5218//7 5224//7
f 5224//7 5230//7 5236//7
f 5236//7 5244//7 5250//7
f 5250//7 5256//7 5262//7
f 5262//7 5268//7 5274//7
f 5274//7 5280//7 5286//7
f 5286//7 5292//7 5298//7
f 5298//7 5304//7 5310//7
f 5310//7 5316//7 5322//7
f 5322//7 5328//7 5334//7
f 5334//7 5340//7 5346//7
f 5346//7 5352//7 5358//7
f 5358//7 5364//7 5370//7
f 5370//7 5376//7 5382//7
f 5382//7 5388//7 5396//7
f 5396//7 5402//7 5408//7
f 5408//7 5414//7 5420//7
f 5420//7 5426//7 5432//7
f 5432//7 5438//7 5444//7
f 5444//7 5450//7 5456//7
f 5456//7 5462//7 5468//7
f 5468//7 5474//7 5480//7
f 5480//7 5486//7 5492//7
f 5492//7 5498//7 5506//7
f 5506//7 5513//7 5519//7
f 5519//7 5525//7 5531//7
f 5531//7 5537//7 5543//7
f 5543//7 5549//7 5555//7
f 5555//7 5561//7 5567//7
f 5567//7 5573//7 5579//7
f 5579//7 5585//7 5591//7
f 5591//7 5597//7 5603//7
f 5603//7 5609//7 5615//7
f 5615//7 5621//7 5627//7
f 5627//7 5633//7 5639//7
f 5639//7 5645//7 5651//7
f 5651//7 5657//7 5663//7
f 5663//7 5669//7 5675//7
f 5675//7 5681//7 5687//7
f 5687//7 5693//7 5699//7
f 5699//7 5705//7 5711//7
f 5711//7 5719//7 5725//7
f 5725//7 5731//7 5737//7
f 5737//7 5743//7 5749//7
f 5749//7 5755//7 5761//7
f 5761//7 5767//7 5773//7
f 5773//7 5779//7 5785//7
f 5785//7 5791//7 5797//7
f 5797//7 5803//7 5809//7
f 5809//7 5815//7 5821//7
f 5821//7 5829//7 5835//7
f 5835//7 5841//7 5847//7
f 5847//7 5853//7 5859//7
f 5859//7 5865//7 5871//7
f 5871//7 5877//7 5883//7
f 5883//7 5889//7 5895//7
f 5895//7 5901//7 5907//7
f 5907//7 5913//7 5919//7
f 5919//7 5925//7 5931//7
f 5931//7 5937//7 5943//7
f 5943//7 5949//7 5955//7
f 5955//7 5961//7 5967//7
f 5967//7 5973//7 5981//7
f 5981//7 5987//7 5993//7
f 5993//7 4432//7 4423//7
f 5993//7 4423//7 4414//7
f 5967//7 5981//7 5993//7
f 5943//7 5955//7 5967//7
f 5919//7 5931//7 5943//7
f 5895//7 5907//7 5919//7
f 5871//7 5883//7 5895//7
f 5847//7 5859//7 5871//7
f 5821//7 5835//7 5847//7
f 5797//7 5809//7 5821//7
f 5773//7 5785//7 5797//7
f 5749//7 5761//7 5773//7
f 5725//7 5737//7 5749//7
f 5699//7 5711//7 5725//7
f 5675//7 5687//7 5699//7
f 5651//7 5663//7 5675//7
f 5627//7 5639//7 5651//7
f 5603//7 5615//7 5627//7
f 5579//7 5591//7 5603//7
f 5555//7 5567//7 5579//7
f 5531//7 5543//7 5555//7
f 5506//7 5519//7 5531//7
f 5480//7 5492//7 5506//7
f 5456//7 5468//7 5480//7
f 5432//7 5444//7 5456//7
f 5408//7 5420//7 5432//7
f 5382//7 5396//7 5408//7
f 5358//7 5370//7 5382//7
f 5334//7 5346//7 5358//7
f 5310//7 5322//7 5334//7
f 5286//7 5298//7 5310//7
f 5262//7 5274//7 5286//7
f 5236//7 5250//7 5262//7
f 5212//7 5224//7 5236//7
f 5188//7 5200//7 5212//7
f 5164//7 5176//7 5188//7
f 5140//7 5152//7 5164//7
f 5114//7 5127//7 5140//7
f 3136//7 3127//7 5114//7
f 3146//7 3136//7 5114//7
f 5114//7 5140//7 5164//7
f 5164//7 5188//7 5212//7
f 5212//7 5236//7 5262//7
f 5262//7 5286//7 5310//7
f 5310//7 5334//7 5358//7
f 5358//7 5382//7 5408//7
f 5408//7 5432//7 5456//7
f 5456//7 5480//7 5506//7
f 5506//7 5531//7 5555//7
f 5555//7 5579//7 5603//7
f 5603//7 5627//7 5651//7
f 5651//7 5675//7 5699//7
f 5699//7 5725//7 5749//7
f 5749//7 5773//7 5797//7
f 5797//7 5821//7 5847//7
f 5847//7 5871//7 5895//7
f 5895//7 5919//7 5943//7
f 5943//7 5967//7 5993//7
f 5993//7 4414//7 4404//7
f 5993//7 4404//7 4395//7
f 3146//7 5114//7 5164//7
f 3155//7 3146//7 5164//7
f 5943//7 5993//7 4395//7
f 5943//7 4395//7 4386//7
f 3164//7 3155//7 5164//7
f 3173//7 3164//7 5164//7
f 5943//7 4386//7 4377//7
f 5943//7 4377//7 4368//7
f 3183//7 3173//7 5164//7
f 3193//7 3183//7 5164//7
f 5943//7 4368//7 4359//7
f 5943//7 4359//7 4350//7
f 3202//7 3193//7 5164//7
f 3205//7 3202//7 5164//7
f 5943//7 4350//7 4341//7
f 5943//7 4341//7 4332//7
f 3205//7 5164//7 5212//7
f 3220//7 3205//7 5212//7
f 5895//7 5943//7 4332//7
f 5895//7 4332//7 4323//7
f 3229//7 3220//7 5212//7
f 3238//7 3229//7 5212//7
f 5895//7 4323//7 4314//7
f 5895//7 4314//7 4305//7
f 3241//7 3238//7 5212//7
f 3250//7 3241//7 5212//7
f 5895//7 4305//7 4296//7
f 5895//7 4296//7 4287//7
f 3265//7 3250//7 5212//7
f 3275//7 3265//7 5212//7
f 5895//7 4287//7 4278//7
f 5895//7 4278//7 4269//7
f 3284//7 3275//7 5212//7
f 3287//7 3284//7 5212//7
f 5847//7 5895//7 4269//7
f 5847//7 4269//7 4260//7
f 3287//7 5212//7 5262//7
f 3296//7 3287//7 5262//7
f 5847//7 4260//7 4251//7
f 5847//7 4251//7 4242//7
f 3305//7 3296//7 5262//7
f 3321//7 3305//7 5262//7
f 5847//7 4242//7 4233//7
f 5847//7 4233//7 4224//7
f 3330//7 3321//7 5262//7
f 3339//7 3330//7 5262//7
f 5847//7 4224//7 4215//7
f 5847//7 4215//7 4206//7
f 3342//7 3339//7 5262//7
f 3351//7 3342//7 5262//7
f 5847//7 4206//7 4197//7
f 5847//7 4197//7 4188//7
f 3351//7 5262//7 5310//7
f 3366//7 3351//7 5310//7
f 5797//7 5847//7 4188//7
f 5797//7 4188//7 4178//7
f 3375//7 3366//7 5310//7
f 3384//7 3375//7 5310//7
f 5797//7 4178//7 4169//7
f 5797//7 4169//7 4160//7
f 3393//7 3384//7 5310//7
f 3402//7 3393//7 5310//7
f 5797//7 4160//7 4151//7
f 5797//7 4151//7 4142//7
f 3405//7 3402//7 5310//7
f 3420//7 3405//7 5310//7
f 5797//7 4142//7 4132//7
f 5797//7 4132//7 4123//7
f 3423//7 3420//7 5310//7
f 3432//7 3423//7 5310//7
f 5749//7 5797//7 4123//7
f 5749//7 4123//7 4114//7
f 3432//7 5310//7 5358//7
f 3441//7 3432//7 5358//7
f 5749//7 4114//7 4105//7
f 5749//7 4105//7 4096//7
f 3456//7 3441//7 5358//7
f 3465//7 3456//7 5358//7
f 5749//7 4096//7 4087//7
f 5749//7 4087//7 4078//7
f 3474//7 3465//7 5358//7
f 3477//7 3474//7 5358//7
f 5749//7 4078//7 4062//7
f 5749//7 4062//7 4059//7
f 3486//7 3477//7 5358//7
f 3495//7 3486//7 5358//7
f 5749//7 4059//7 4043//7
f 5749//7 4043//7 4034//7
f 3495//7 5358//7 5408//7
f 3510//7 3495//7 5408//7
f 5699//7 5749//7 4034//7
f 5699//7 4034//7 4025//7
f 3513//7 3510//7 5408//7
f 3522//7 3513//7 5408//7
f 5699//7 4025//7 4015//7
f 5699//7 4015//7 4012//7
f 3531//7 3522//7 5408//7
f 3541//7 3531//7 5408//7
f 5699//7 4012//7 4003//7
f 5699//7 4003//7 3988//7
f 3556//7 3541//7 5408//7
f 3559//7 3556//7 5408//7
f 5699//7 3988//7 3979//7
f 5699//7 3979//7 3976//7
f 3574//7 3559//7 5408//7
f 3577//7 3574//7 5408//7
f 5651//7 5699//7 3976//7
f 5651//7 3976//7 3961//7
f 3577//7 5408//7 5456//7
f 3593//7 3577//7 5456//7
f 5651//7 3961//7 3958//7
f 5651//7 3958//7 3949//7
f 3602//7 3593//7 5456//7
f 3611//7 3602//7 5456//7
f 5651//7 3949//7 3934//7
f 5651//7 3934//7 3925//7
f 3614//7 3611//7 5456//7
f 3623//7 3614//7 5456//7
f 5651//7 3925//7 3922//7
f 5651//7 3922//7 3913//7
f 3638//7 3623//7 5456//7
f 3641//7 3638//7 5456//7
f 5651//7 3913//7 3898//7
f 5651//7 3898//7 3895//7
f 3641//7 5456//7 5506//7
f 3660//8 3642//8 5507//8
f 5603//7 5651//7 3895//7
f 5603//7 3895//7 3886//7
f 3663//7 3659//7 5506//7
f 3678//7 3663//7 5506//7
f 5603//7 3886//7 3871//7
f 5603//7 3871//7 3862//7
f 3681//7 3678//7 5506//7
f 3696//7 3681//7 5506//7
f 5603//7 3862//7 3859//7
f 5603//7 3859//7 3850//7
f 3705//7 3696//7 5506//7
f 3709//7 3705//7 5506//7
f 5603//7 3850//7 3835//7
f 5603//7 3835//7 3826//7
f 3718//7 3709//7 5506//7
f 3727//7 3718//7 5506//7
f 5555//7 5603//7 3826//7
f 5555//7 3826//7 3823//7
f 3727//7 5506//7 5555//7
f 3736//7 3727//7 5555//7
f 5555//7 3823//7 3808//7
f 5555//7 3808//7 3805//7
f 3745//7 3736//7 5555//7
f 3760//7 3745//7 5555//7
f 5555//7 3805//7 3796//7
f 5555//7 3796//7 3781//7
f 3769//7 3760//7 5555//7
f 5555//7 3781//7 3772//7
f 3772//7 3769//7 5555//7
f 6192//601 4917//601 4920//601
f 6192//601 4920//601 6195//601
f 6198//602 4908//602 4918//602
f 6198//602 4918//602 6193//602
f 6201//603 4905//603 4909//603
f 6201//603 4909//603 6199//603
f 6204//604 4896//604 4906//604
f 6204//604 4906//604 6202//604
f 6207//605 4893//605 4897//605
f 6207//605 4897//605 6205//605
f 6210//606 4884//606 4894//606
f 6210//606 4894//606 6208//606
f 6213//607 4881//607 4885//607
f 6213//607 4885//607 6211//607
f 6216//608 4872//608 4882//608
f 6216//608 4882//608 6214//608
f 6219//609 4869//609 4873//609
f 6219//609 4873//609 6217//609
f 6222//610 4860//610 4870//610
f 6222//610 4870//610 6220//610
f 6226//611 4857//611 4861//611
f 6226//611 4861//611 6223//611
f 6229//612 4848//612 4858//612
f 6229//612 4858//612 6227//612
f 4845//613 4849//613 6230//613
f 4845//613 6230//613 6233//613
f 4836//614 4846//614 6234//614
f 4836//614 6234//614 6236//614
f 4833//615 4837//615 6237//615
f 4833//615 6237//615 6239//615
f 4824//616 4834//616 6240//616
f 4824//616 6240//616 6242//616
f 4821//617 4825//617 6243//617
f 4821//617 6243//617 6246//617
s 1
f 4812//618 4822//618 6247//618
s 0
f 4812//618 6247//618 6249//618
f 4809//619 4813//619 6251//619
f 4808//620 6250//620 6254//620
f 4798//621 4810//621 6255//621
f 4798//621 6255//621 6257//621
f 4795//622 4799//622 6258//622
f 4795//622 6258//622 6260//622
f 4786//623 4796//623 6261//623
f 4786//623 6261//623 6263//623
f 4783//624 4787//624 6264//624
f 4783//624 6264//624 6267//624
f 4775//625 4784//625 6268//625
f 4775//625 6268//625 6272//625
f 4772//626 4774//626 6271//626
f 4772//626 6271//626 6275//626
f 4763//627 4771//627 6274//627
f 4763//627 6274//627 6278//627
f 4760//628 4762//628 6277//628
f 4760//628 6277//628 6282//628
f 4751//629 4759//629 6281//629
f 4751//629 6281//629 6286//629
f 4745//630 4750//630 6285//630
f 4745//630 6285//630 6290//630
f 4737//631 4744//631 6288//631
f 4738//632 6289//632 6293//632
s 1
f 4734//633 4736//633 6292//633
s 0
f 4734//633 6292//633 6296//633
f 4927//634 4733//634 6295//634
f 4927//634 6295//634 6299//634
f 4930//635 4926//635 6298//635
f 4930//635 6298//635 6302//635
f 4939//636 4929//636 6301//636
f 4939//636 6301//636 6306//636
f 4942//637 4938//637 6305//637
f 4942//637 6305//637 6310//637
f 4951//638 4941//638 6309//638
f 4951//638 6309//638 6314//638
f 4954//639 4950//639 6313//639
f 4954//639 6313//639 6317//639
f 4963//640 4953//640 6316//640
f 4963//640 6316//640 6321//640
f 4966//641 4962//641 6320//641
f 4966//641 6320//641 6324//641
f 4975//642 4965//642 6323//642
f 4975//642 6323//642 6327//642
f 4978//643 4974//643 6326//643
f 4978//643 6326//643 6330//643
f 4984//644 4977//644 6329//644
f 4984//644 6329//644 6333//644
f 4987//645 4983//645 6332//645
f 4987//645 6332//645 6336//645
f 4996//646 4986//646 6335//646
f 4996//646 6335//646 6339//646
f 4999//647 4995//647 6338//647
f 4999//647 6338//647 6342//647
f 5008//648 4998//648 6341//648
f 5008//648 6341//648 6345//648
f 5011//649 5007//649 6344//649
f 5011//649 6344//649 6348//649
f 5013//650 5010//650 6347//650
f 5013//650 6347//650 6350//650
f 5004//651 5014//651 6351//651
f 5004//651 6351//651 6353//651
f 5001//652 5005//652 6354//652
f 5001//652 6354//652 6356//652
f 4992//653 5002//653 6357//653
f 4992//653 6357//653 6359//653
f 4989//654 4993//654 6360//654
f 4989//654 6360//654 6362//654
f 4980//655 4990//655 6363//655
f 4980//655 6363//655 6365//655
f 4971//656 4981//656 6366//656
f 4971//656 6366//656 6368//656
f 4968//657 4972//657 6369//657
f 4968//657 6369//657 6371//657
f 4959//658 4969//658 6372//658
f 4959//658 6372//658 6374//658
f 4956//659 4960//659 6375//659
f 4956//659 6375//659 6377//659
f 4947//660 4957//660 6378//660
f 4947//660 6378//660 6381//660
f 4944//661 4948//661 6382//661
f 4944//661 6382//661 6384//661
f 4935//662 4945//662 6385//662
f 4935//662 6385//662 6388//662
f 6391//663 4932//663 4936//663
f 6391//663 4936//663 6389//663
f 6394//664 4923//664 4933//664
f 6394//664 4933//664 6392//664
f 6397//665 4724//665 4924//665
f 6397//665 4924//665 6395//665
f 6400//666 4727//666 4725//666
f 6400//666 4725//666 6398//666
f 6404//667 4730//667 4728//667
f 6404//667 4728//667 6401//667
s 1
f 6407//668 4740//668 4731//668
s 0
f 6407//668 4731//668 6405//668
f 6411//669 4747//669 4741//669
f 6412//670 4742//670 6408//670
f 6415//671 4753//671 4748//671
f 6415//671 4748//671 6413//671
f 6419//672 4756//672 4754//672
f 6419//672 4754//672 6416//672
f 6422//673 4765//673 4757//673
f 6422//673 4757//673 6420//673
f 6426//674 4768//674 4766//674
f 6426//674 4766//674 6423//674
f 6429//675 4777//675 4769//675
f 6429//675 4769//675 6427//675
f 6434//676 4781//676 4778//676
f 6434//676 4778//676 6430//676
f 6437//677 4790//677 4780//677
f 6437//677 4780//677 6433//677
f 6441//678 4793//678 4789//678
f 6441//678 4789//678 6436//678
f 6444//679 4802//679 4792//679
f 6444//679 4792//679 6440//679
f 6448//680 4806//680 4801//680
f 6448//680 4801//680 6443//680
f 6452//681 4816//681 4805//681
f 6451//682 4804//682 6447//682
s 1
f 6456//683 4819//683 4815//683
s 0
f 6456//683 4815//683 6450//683
f 6459//684 4828//684 4818//684
f 6459//684 4818//684 6455//684
f 6462//685 4831//685 4827//685
f 6462//685 4827//685 6458//685
f 6465//686 4840//686 4830//686
f 6465//686 4830//686 6461//686
f 6469//687 4843//687 4839//687
f 6469//687 4839//687 6464//687
f 6472//688 4852//688 4842//688
f 6472//688 4842//688 6468//688
f 6476//689 4855//689 4851//689
f 6476//689 4851//689 6471//689
f 6479//690 4864//690 4854//690
f 6479//690 4854//690 6475//690
f 6482//691 4867//691 4863//691
f 6482//691 4863//691 6478//691
f 6485//692 4876//692 4866//692
f 6485//692 4866//692 6481//692
f 6488//693 4879//693 4875//693
f 6488//693 4875//693 6484//693
f 6491//694 4888//694 4878//694
f 6491//694 4878//694 6487//694
f 6494//695 4891//695 4887//695
f 6494//695 4887//695 6490//695
f 6497//696 4900//696 4890//696
f 6497//696 4890//696 6493//696
f 6500//697 4903//697 4899//697
f 6500//697 4899//697 6496//697
f 6503//698 4912//698 4902//698
f 6503//698 4902//698 6499//698
f 6506//699 4915//699 4911//699
f 6506//699 4911//699 6502//699
f 6196//700 4921//700 4914//700
f 6196//700 4914//700 6505//700
f 6504//1 6501//1 6498//1
f 6498//1 6495//1 6492//1
f 6492//1 6489//1 6486//1
f 6486//1 6483//1 6480//1
f 6480//1 6477//1 6473//1
f 6474//2 6470//2 6467//2
f 6466//1 6463//1 6460//1
f 6460//1 6457//1 6453//1
f 6454//2 6449//2 6446//2
f 6445//1 6442//1 6438//1
f 6439//3 6435//3 6432//3
f 6431//1 6428//1 6424//1
f 6425//3 6421//3 6418//3
f 6417//1 6414//1 6409//1
f 6410//2 6406//2 6403//2
f 6402//1 6399//1 6396//1
f 6396//1 6393//1 6508//1
f 6396//1 6508//1 6511//1
f 6409//1 6402//1 6396//1
f 6424//1 6417//1 6409//1
f 6438//1 6431//1 6424//1
f 6453//1 6445//1 6438//1
f 6466//1 6460//1 6453//1
f 6480//1 6473//1 6466//1
f 6492//1 6486//1 6480//1
f 6504//1 6498//1 6492//1
f 6191//1 6194//1 6504//1
f 6200//1 6197//1 6191//1
f 6206//1 6203//1 6200//1
f 6212//1 6209//1 6206//1
f 6218//1 6215//1 6212//1
f 6224//1 6221//1 6218//1
f 6232//3 6228//3 6225//3
f 6238//1 6235//1 6231//1
f 6244//1 6241//1 6238//1
f 6253//3 6248//3 6245//3
f 6259//1 6256//1 6252//1
f 6269//2 6265//2 6262//2
f 6273//1 6270//1 6266//1
f 6283//2 6279//2 6276//2
f 6287//1 6284//1 6280//1
f 6514//1 6291//1 6287//1
f 6517//1 6514//1 6287//1
f 6287//1 6280//1 6273//1
f 6273//1 6266//1 6259//1
f 6259//1 6252//1 6244//1
f 6244//1 6238//1 6231//1
f 6231//1 6224//1 6218//1
f 6218//1 6212//1 6206//1
f 6206//1 6200//1 6191//1
f 6191//1 6504//1 6492//1
f 6492//1 6480//1 6466//1
f 6466//1 6453//1 6438//1
f 6438//1 6424//1 6409//1
f 6409//1 6396//1 6511//1
f 6517//1 6287//1 6273//1
f 6438//1 6409//1 6511//1
f 6517//1 6273//1 6259//1
f 6466//1 6438//1 6511//1
f 6517//1 6259//1 6244//1
f 6466//1 6511//1 6517//1
f 6191//1 6492//1 6466//1
f 6218//1 6206//1 6191//1
f 6244//1 6231//1 6218//1
f 6466//1 6517//1 6244//1
f 6218//1 6191//1 6466//1
f 6466//1 6244//1 6218//1
f 6294//1 6291//1 6514//1
f 6514//1 6508//1 6393//1
f 6393//1 6390//1 6386//1
f 6387//2 6383//2 6380//2
f 6379//1 6376//1 6373//1
f 6373//1 6370//1 6367//1
f 6367//1 6364//1 6361//1
f 6361//1 6358//1 6355//1
f 6355//1 6352//1 6349//1
f 6349//1 6346//1 6343//1
f 6343//1 6340//1 6337//1
f 6337//1 6334//1 6331//1
f 6331//1 6328//1 6325//1
f 6325//1 6322//1 6318//1
f 6319//3 6315//3 6312//3
f 6311//1 6308//1 6304//1
f 6307//2 6303//2 6300//2
f 6297//1 6294//1 6514//1
f 6514//1 6393//1 6386//1
f 6386//1 6379//1 6373//1
f 6373//1 6367//1 6361//1
f 6361//1 6355//1 6349//1
f 6349//1 6343//1 6337//1
f 6337//1 6331//1 6325//1
f 6325//1 6318//1 6311//1
f 6311//1 6304//1 6297//1
f 6297//1 6514//1 6386//1
f 6386//1 6373//1 6361//1
f 6361//1 6349//1 6337//1
f 6337//1 6325//1 6311//1
f 6311//1 6297//1 6386//1
f 6386//1 6361//1 6337//1
f 6386//1 6337//1 6311//1
f 6512//701 6509//701 6521//701
f 6512//701 6521//701 6524//701
f 6516//702 6510//702 6522//702
f 6516//702 6522//702 6525//702
f 6515//703 6518//703 6527//703
f 6515//703 6527//703 6530//703
f 6507//704 6513//704 6528//704
f 6507//704 6528//704 6519//704
f 6526//1 6523//1 6520//1
f 6526//1 6520//1 6529//1
