# Blender 5.1.2
# www.blender.org
o 04_phone_grip_TPU_assembly
v 0.000000 31.200001 0.000000
v 0.000000 31.200001 0.000000
v 0.000000 31.200001 0.000000
v 1.020835 31.183296 0.000000
v 1.020835 31.183296 0.000000
v 1.020835 31.183296 0.000000
v 1.020835 31.183296 -0.650000
v 1.020835 31.183296 -0.650000
v 1.020835 31.183296 -0.650000
v 0.000000 31.200001 -0.650000
v 0.000000 31.200001 -0.650000
v 0.000000 31.200001 -0.650000
v 2.040578 31.133200 0.000000
v 2.040578 31.133200 0.000000
v 2.040578 31.133200 0.000000
v 2.040578 31.133200 -0.650000
v 2.040578 31.133200 -0.650000
v 2.040578 31.133200 -0.650000
v 3.058135 31.049765 0.000000
v 3.058135 31.049765 0.000000
v 3.058135 31.049765 0.000000
v 3.058135 31.049765 -0.650000
v 3.058135 31.049765 -0.650000
v 3.058135 31.049765 -0.650000
v 4.072418 30.933081 0.000000
v 4.072418 30.933081 0.000000
v 4.072418 30.933081 0.000000
v 4.072418 30.933081 -0.650000
v 4.072418 30.933081 -0.650000
v 4.072418 30.933081 -0.650000
v 5.082339 30.783272 0.000000
v 5.082339 30.783272 0.000000
v 5.082339 30.783272 0.000000
v 5.082339 30.783272 -0.650000
v 5.082339 30.783272 -0.650000
v 5.082339 30.783272 -0.650000
v 6.086818 30.600500 0.000000
v 6.086818 30.600500 0.000000
v 6.086818 30.600500 0.000000
v 6.086818 30.600500 -0.650000
v 6.086818 30.600500 -0.650000
v 6.086818 30.600500 -0.650000
v 7.084780 30.384962 0.000000
v 7.084780 30.384962 0.000000
v 7.084780 30.384962 0.000000
v 7.084780 30.384962 -0.650000
v 7.084780 30.384962 -0.650000
v 7.084780 30.384962 -0.650000
v 8.075154 30.136887 0.000000
v 8.075154 30.136887 0.000000
v 8.075154 30.136887 0.000000
v 8.075154 30.136887 -0.650000
v 8.075154 30.136887 -0.650000
v 8.075154 30.136887 -0.650000
v 9.056883 29.856541 0.000000
v 9.056883 29.856541 0.000000
v 9.056883 29.856541 0.000000
v 9.056883 29.856541 -0.650000
v 9.056883 29.856541 -0.650000
v 9.056883 29.856541 -0.650000
v 10.028912 29.544220 0.000000
v 10.028912 29.544220 0.000000
v 10.028912 29.544220 0.000000
v 10.028912 29.544220 -0.650000
v 10.028912 29.544220 -0.650000
v 10.028912 29.544220 -0.650000
v 10.990203 29.200266 0.000000
v 10.990203 29.200266 0.000000
v 10.990203 29.200266 0.000000
v 10.990203 29.200266 -0.650000
v 10.990203 29.200266 -0.650000
v 10.990203 29.200266 -0.650000
v 11.939724 28.825041 0.000000
v 11.939724 28.825041 0.000000
v 11.939724 28.825041 0.000000
v 11.939724 28.825041 -0.650000
v 11.939724 28.825041 -0.650000
v 11.939724 28.825041 -0.650000
v 12.876461 28.418951 0.000000
v 12.876461 28.418951 0.000000
v 12.876461 28.418951 0.000000
v 12.876461 28.418951 -0.650000
v 12.876461 28.418951 -0.650000
v 12.876461 28.418951 -0.650000
v 13.799408 27.982431 0.000000
v 13.799408 27.982431 0.000000
v 13.799408 27.982431 0.000000
v 13.799408 27.982431 -0.650000
v 13.799408 27.982431 -0.650000
v 13.799408 27.982431 -0.650000
v 14.707579 27.515944 0.000000
v 14.707579 27.515944 0.000000
v 14.707579 27.515944 0.000000
v 14.707579 27.515944 -0.650000
v 14.707579 27.515944 -0.650000
v 14.707579 27.515944 -0.650000
v 15.600000 27.019993 0.000000
v 15.600000 27.019993 0.000000
v 15.600000 27.019993 0.000000
v 15.600000 27.019993 -0.650000
v 15.600000 27.019993 -0.650000
v 15.600000 27.019993 -0.650000
v 16.475718 26.495108 0.000000
v 16.475718 26.495108 0.000000
v 16.475718 26.495108 0.000000
v 16.475718 26.495108 -0.650000
v 16.475718 26.495108 -0.650000
v 16.475718 26.495108 -0.650000
v 17.333792 25.941853 0.000000
v 17.333792 25.941853 0.000000
v 17.333792 25.941853 0.000000
v 17.333792 25.941853 -0.650000
v 17.333792 25.941853 -0.650000
v 17.333792 25.941853 -0.650000
v 18.173306 25.360817 0.000000
v 18.173306 25.360817 0.000000
v 18.173306 25.360817 0.000000
v 18.173306 25.360817 -0.650000
v 18.173306 25.360817 -0.650000
v 18.173306 25.360817 -0.650000
v 18.993357 24.752625 0.000000
v 18.993357 24.752625 0.000000
v 18.993357 24.752625 0.000000
v 18.993357 24.752625 -0.650000
v 18.993357 24.752625 -0.650000
v 18.993357 24.752625 -0.650000
v 19.793072 24.117926 0.000000
v 19.793072 24.117926 0.000000
v 19.793072 24.117926 0.000000
v 19.793072 24.117926 -0.650000
v 19.793072 24.117926 -0.650000
v 19.793072 24.117926 -0.650000
v 20.571592 23.457401 0.000000
v 20.571592 23.457401 0.000000
v 20.571592 23.457401 0.000000
v 20.571592 23.457401 -0.650000
v 20.571592 23.457401 -0.650000
v 20.571592 23.457401 -0.650000
v 21.328081 22.771759 0.000000
v 21.328081 22.771759 0.000000
v 21.328081 22.771759 0.000000
v 21.328081 22.771759 -0.650000
v 21.328081 22.771759 -0.650000
v 21.328081 22.771759 -0.650000
v 22.061731 22.061731 0.000000
v 22.061731 22.061731 0.000000
v 22.061731 22.061731 0.000000
v 22.061731 22.061731 -0.650000
v 22.061731 22.061731 -0.650000
v 22.061731 22.061731 -0.650000
v 22.771759 21.328081 0.000000
v 22.771759 21.328081 0.000000
v 22.771759 21.328081 0.000000
v 22.771759 21.328081 0.000000
v 22.771759 21.328081 -0.650000
v 22.771759 21.328081 -0.650000
v 22.771759 21.328081 -0.650000
v 23.457401 20.571592 0.000000
v 23.457401 20.571592 0.000000
v 23.457401 20.571592 0.000000
v 23.457401 20.571592 -0.650000
v 23.457401 20.571592 -0.650000
v 23.457401 20.571592 -0.650000
v 23.457401 20.571592 -0.650000
v 24.117926 19.793072 0.000000
v 24.117926 19.793072 0.000000
v 24.117926 19.793072 0.000000
v 24.117926 19.793072 -0.650000
v 24.117926 19.793072 -0.650000
v 24.117926 19.793072 -0.650000
v 24.752625 18.993357 0.000000
v 24.752625 18.993357 0.000000
v 24.752625 18.993357 0.000000
v 24.752625 18.993357 -0.650000
v 24.752625 18.993357 -0.650000
v 24.752625 18.993357 -0.650000
v 25.360817 18.173306 0.000000
v 25.360817 18.173306 0.000000
v 25.360817 18.173306 0.000000
v 25.360817 18.173306 -0.650000
v 25.360817 18.173306 -0.650000
v 25.360817 18.173306 -0.650000
v 25.941853 17.333792 0.000000
v 25.941853 17.333792 0.000000
v 25.941853 17.333792 0.000000
v 25.941853 17.333792 -0.650000
v 25.941853 17.333792 -0.650000
v 25.941853 17.333792 -0.650000
v 26.495108 16.475718 0.000000
v 26.495108 16.475718 0.000000
v 26.495108 16.475718 0.000000
v 26.495108 16.475718 -0.650000
v 26.495108 16.475718 -0.650000
v 26.495108 16.475718 -0.650000
v 27.019993 15.600000 0.000000
v 27.019993 15.600000 0.000000
v 27.019993 15.600000 0.000000
v 27.019993 15.600000 -0.650000
v 27.019993 15.600000 -0.650000
v 27.019993 15.600000 -0.650000
v 27.515944 14.707579 0.000000
v 27.515944 14.707579 0.000000
v 27.515944 14.707579 0.000000
v 27.515944 14.707579 -0.650000
v 27.515944 14.707579 -0.650000
v 27.515944 14.707579 -0.650000
v 27.982431 13.799408 0.000000
v 27.982431 13.799408 0.000000
v 27.982431 13.799408 0.000000
v 27.982431 13.799408 -0.650000
v 27.982431 13.799408 -0.650000
v 27.982431 13.799408 -0.650000
v 28.418951 12.876461 0.000000
v 28.418951 12.876461 0.000000
v 28.418951 12.876461 0.000000
v 28.418951 12.876461 0.000000
v 28.418951 12.876461 -0.650000
v 28.418951 12.876461 -0.650000
v 28.418951 12.876461 -0.650000
v 28.825041 11.939724 0.000000
v 28.825041 11.939724 0.000000
v 28.825041 11.939724 0.000000
v 28.825041 11.939724 -0.650000
v 28.825041 11.939724 -0.650000
v 28.825041 11.939724 -0.650000
v 28.825041 11.939724 -0.650000
v 29.200266 10.990203 0.000000
v 29.200266 10.990203 0.000000
v 29.200266 10.990203 0.000000
v 29.200266 10.990203 -0.650000
v 29.200266 10.990203 -0.650000
v 29.200266 10.990203 -0.650000
v 29.544220 10.028912 0.000000
v 29.544220 10.028912 0.000000
v 29.544220 10.028912 0.000000
v 29.544220 10.028912 -0.650000
v 29.544220 10.028912 -0.650000
v 29.544220 10.028912 -0.650000
v 29.856541 9.056883 0.000000
v 29.856541 9.056883 0.000000
v 29.856541 9.056883 0.000000
v 29.856541 9.056883 -0.650000
v 29.856541 9.056883 -0.650000
v 29.856541 9.056883 -0.650000
v 30.136887 8.075154 0.000000
v 30.136887 8.075154 0.000000
v 30.136887 8.075154 0.000000
v 30.136887 8.075154 -0.650000
v 30.136887 8.075154 -0.650000
v 30.136887 8.075154 -0.650000
v 30.384962 7.084780 0.000000
v 30.384962 7.084780 0.000000
v 30.384962 7.084780 0.000000
v 30.384962 7.084780 -0.650000
v 30.384962 7.084780 -0.650000
v 30.384962 7.084780 -0.650000
v 30.600500 6.086818 0.000000
v 30.600500 6.086818 0.000000
v 30.600500 6.086818 0.000000
v 30.600500 6.086818 -0.650000
v 30.600500 6.086818 -0.650000
v 30.600500 6.086818 -0.650000
v 30.783272 5.082339 0.000000
v 30.783272 5.082339 0.000000
v 30.783272 5.082339 0.000000
v 30.783272 5.082339 -0.650000
v 30.783272 5.082339 -0.650000
v 30.783272 5.082339 -0.650000
v 30.933081 4.072418 0.000000
v 30.933081 4.072418 0.000000
v 30.933081 4.072418 0.000000
v 30.933081 4.072418 -0.650000
v 30.933081 4.072418 -0.650000
v 30.933081 4.072418 -0.650000
v 31.049765 3.058135 0.000000
v 31.049765 3.058135 0.000000
v 31.049765 3.058135 0.000000
v 31.049765 3.058135 -0.650000
v 31.049765 3.058135 -0.650000
v 31.049765 3.058135 -0.650000
v 31.133200 2.040578 0.000000
v 31.133200 2.040578 0.000000
v 31.133200 2.040578 0.000000
v 31.133200 2.040578 -0.650000
v 31.133200 2.040578 -0.650000
v 31.133200 2.040578 -0.650000
v 31.183296 1.020835 0.000000
v 31.183296 1.020835 0.000000
v 31.183296 1.020835 0.000000
v 31.183296 1.020835 -0.650000
v 31.183296 1.020835 -0.650000
v 31.183296 1.020835 -0.650000
v 31.200001 0.000000 0.000000
v 31.200001 0.000000 0.000000
v 31.200001 0.000000 0.000000
v 31.200001 0.000000 -0.650000
v 31.200001 0.000000 -0.650000
v 31.200001 0.000000 -0.650000
v 31.183296 -1.020835 0.000000
v 31.183296 -1.020835 0.000000
v 31.183296 -1.020835 0.000000
v 31.183296 -1.020835 -0.650000
v 31.183296 -1.020835 -0.650000
v 31.183296 -1.020835 -0.650000
v 31.133200 -2.040578 0.000000
v 31.133200 -2.040578 0.000000
v 31.133200 -2.040578 0.000000
v 31.133200 -2.040578 -0.650000
v 31.133200 -2.040578 -0.650000
v 31.133200 -2.040578 -0.650000
v 31.049765 -3.058135 0.000000
v 31.049765 -3.058135 0.000000
v 31.049765 -3.058135 0.000000
v 31.049765 -3.058135 -0.650000
v 31.049765 -3.058135 -0.650000
v 31.049765 -3.058135 -0.650000
v 30.933081 -4.072418 0.000000
v 30.933081 -4.072418 0.000000
v 30.933081 -4.072418 0.000000
v 30.933081 -4.072418 -0.650000
v 30.933081 -4.072418 -0.650000
v 30.933081 -4.072418 -0.650000
v 30.783272 -5.082339 0.000000
v 30.783272 -5.082339 0.000000
v 30.783272 -5.082339 0.000000
v 30.783272 -5.082339 -0.650000
v 30.783272 -5.082339 -0.650000
v 30.783272 -5.082339 -0.650000
v 30.600500 -6.086818 0.000000
v 30.600500 -6.086818 0.000000
v 30.600500 -6.086818 0.000000
v 30.600500 -6.086818 -0.650000
v 30.600500 -6.086818 -0.650000
v 30.600500 -6.086818 -0.650000
v 30.384962 -7.084780 0.000000
v 30.384962 -7.084780 0.000000
v 30.384962 -7.084780 0.000000
v 30.384962 -7.084780 -0.650000
v 30.384962 -7.084780 -0.650000
v 30.384962 -7.084780 -0.650000
v 30.136887 -8.075154 0.000000
v 30.136887 -8.075154 0.000000
v 30.136887 -8.075154 0.000000
v 30.136887 -8.075154 -0.650000
v 30.136887 -8.075154 -0.650000
v 30.136887 -8.075154 -0.650000
v 29.856541 -9.056883 0.000000
v 29.856541 -9.056883 0.000000
v 29.856541 -9.056883 0.000000
v 29.856541 -9.056883 -0.650000
v 29.856541 -9.056883 -0.650000
v 29.856541 -9.056883 -0.650000
v 29.544220 -10.028912 0.000000
v 29.544220 -10.028912 0.000000
v 29.544220 -10.028912 0.000000
v 29.544220 -10.028912 -0.650000
v 29.544220 -10.028912 -0.650000
v 29.544220 -10.028912 -0.650000
v 29.200266 -10.990203 0.000000
v 29.200266 -10.990203 0.000000
v 29.200266 -10.990203 0.000000
v 29.200266 -10.990203 -0.650000
v 29.200266 -10.990203 -0.650000
v 29.200266 -10.990203 -0.650000
v 28.825041 -11.939724 0.000000
v 28.825041 -11.939724 0.000000
v 28.825041 -11.939724 0.000000
v 28.825041 -11.939724 0.000000
v 28.825041 -11.939724 -0.650000
v 28.825041 -11.939724 -0.650000
v 28.825041 -11.939724 -0.650000
v 28.418951 -12.876461 0.000000
v 28.418951 -12.876461 0.000000
v 28.418951 -12.876461 0.000000
v 28.418951 -12.876461 -0.650000
v 28.418951 -12.876461 -0.650000
v 28.418951 -12.876461 -0.650000
v 28.418951 -12.876461 -0.650000
v 27.982431 -13.799408 0.000000
v 27.982431 -13.799408 0.000000
v 27.982431 -13.799408 0.000000
v 27.982431 -13.799408 -0.650000
v 27.982431 -13.799408 -0.650000
v 27.982431 -13.799408 -0.650000
v 27.515944 -14.707579 0.000000
v 27.515944 -14.707579 0.000000
v 27.515944 -14.707579 0.000000
v 27.515944 -14.707579 -0.650000
v 27.515944 -14.707579 -0.650000
v 27.515944 -14.707579 -0.650000
v 27.019993 -15.600000 0.000000
v 27.019993 -15.600000 0.000000
v 27.019993 -15.600000 0.000000
v 27.019993 -15.600000 -0.650000
v 27.019993 -15.600000 -0.650000
v 27.019993 -15.600000 -0.650000
v 26.495108 -16.475718 0.000000
v 26.495108 -16.475718 0.000000
v 26.495108 -16.475718 0.000000
v 26.495108 -16.475718 -0.650000
v 26.495108 -16.475718 -0.650000
v 26.495108 -16.475718 -0.650000
v 25.941853 -17.333792 0.000000
v 25.941853 -17.333792 0.000000
v 25.941853 -17.333792 0.000000
v 25.941853 -17.333792 -0.650000
v 25.941853 -17.333792 -0.650000
v 25.941853 -17.333792 -0.650000
v 25.360817 -18.173306 0.000000
v 25.360817 -18.173306 0.000000
v 25.360817 -18.173306 0.000000
v 25.360817 -18.173306 -0.650000
v 25.360817 -18.173306 -0.650000
v 25.360817 -18.173306 -0.650000
v 24.752625 -18.993357 0.000000
v 24.752625 -18.993357 0.000000
v 24.752625 -18.993357 0.000000
v 24.752625 -18.993357 -0.650000
v 24.752625 -18.993357 -0.650000
v 24.752625 -18.993357 -0.650000
v 24.117926 -19.793072 0.000000
v 24.117926 -19.793072 0.000000
v 24.117926 -19.793072 0.000000
v 24.117926 -19.793072 -0.650000
v 24.117926 -19.793072 -0.650000
v 24.117926 -19.793072 -0.650000
v 23.457401 -20.571592 0.000000
v 23.457401 -20.571592 0.000000
v 23.457401 -20.571592 0.000000
v 23.457401 -20.571592 0.000000
v 23.457401 -20.571592 -0.650000
v 23.457401 -20.571592 -0.650000
v 23.457401 -20.571592 -0.650000
v 22.771759 -21.328081 0.000000
v 22.771759 -21.328081 0.000000
v 22.771759 -21.328081 0.000000
v 22.771759 -21.328081 -0.650000
v 22.771759 -21.328081 -0.650000
v 22.771759 -21.328081 -0.650000
v 22.771759 -21.328081 -0.650000
v 22.061731 -22.061731 0.000000
v 22.061731 -22.061731 0.000000
v 22.061731 -22.061731 0.000000
v 22.061731 -22.061731 -0.650000
v 22.061731 -22.061731 -0.650000
v 22.061731 -22.061731 -0.650000
v 21.328081 -22.771759 0.000000
v 21.328081 -22.771759 0.000000
v 21.328081 -22.771759 0.000000
v 21.328081 -22.771759 -0.650000
v 21.328081 -22.771759 -0.650000
v 21.328081 -22.771759 -0.650000
v 20.571592 -23.457401 0.000000
v 20.571592 -23.457401 0.000000
v 20.571592 -23.457401 0.000000
v 20.571592 -23.457401 -0.650000
v 20.571592 -23.457401 -0.650000
v 20.571592 -23.457401 -0.650000
v 19.793072 -24.117926 0.000000
v 19.793072 -24.117926 0.000000
v 19.793072 -24.117926 0.000000
v 19.793072 -24.117926 -0.650000
v 19.793072 -24.117926 -0.650000
v 19.793072 -24.117926 -0.650000
v 18.993357 -24.752625 0.000000
v 18.993357 -24.752625 0.000000
v 18.993357 -24.752625 0.000000
v 18.993357 -24.752625 -0.650000
v 18.993357 -24.752625 -0.650000
v 18.993357 -24.752625 -0.650000
v 18.173306 -25.360817 0.000000
v 18.173306 -25.360817 0.000000
v 18.173306 -25.360817 0.000000
v 18.173306 -25.360817 -0.650000
v 18.173306 -25.360817 -0.650000
v 18.173306 -25.360817 -0.650000
v 17.333792 -25.941853 0.000000
v 17.333792 -25.941853 0.000000
v 17.333792 -25.941853 0.000000
v 17.333792 -25.941853 -0.650000
v 17.333792 -25.941853 -0.650000
v 17.333792 -25.941853 -0.650000
v 16.475718 -26.495108 0.000000
v 16.475718 -26.495108 0.000000
v 16.475718 -26.495108 0.000000
v 16.475718 -26.495108 -0.650000
v 16.475718 -26.495108 -0.650000
v 16.475718 -26.495108 -0.650000
v 15.600000 -27.019993 0.000000
v 15.600000 -27.019993 0.000000
v 15.600000 -27.019993 0.000000
v 15.600000 -27.019993 -0.650000
v 15.600000 -27.019993 -0.650000
v 15.600000 -27.019993 -0.650000
v 14.707579 -27.515944 0.000000
v 14.707579 -27.515944 0.000000
v 14.707579 -27.515944 0.000000
v 14.707579 -27.515944 -0.650000
v 14.707579 -27.515944 -0.650000
v 14.707579 -27.515944 -0.650000
v 13.799408 -27.982431 0.000000
v 13.799408 -27.982431 0.000000
v 13.799408 -27.982431 0.000000
v 13.799408 -27.982431 -0.650000
v 13.799408 -27.982431 -0.650000
v 13.799408 -27.982431 -0.650000
v 12.876461 -28.418951 0.000000
v 12.876461 -28.418951 0.000000
v 12.876461 -28.418951 0.000000
v 12.876461 -28.418951 -0.650000
v 12.876461 -28.418951 -0.650000
v 12.876461 -28.418951 -0.650000
v 11.939724 -28.825041 0.000000
v 11.939724 -28.825041 0.000000
v 11.939724 -28.825041 0.000000
v 11.939724 -28.825041 -0.650000
v 11.939724 -28.825041 -0.650000
v 11.939724 -28.825041 -0.650000
v 10.990203 -29.200266 0.000000
v 10.990203 -29.200266 0.000000
v 10.990203 -29.200266 0.000000
v 10.990203 -29.200266 -0.650000
v 10.990203 -29.200266 -0.650000
v 10.990203 -29.200266 -0.650000
v 10.028912 -29.544220 0.000000
v 10.028912 -29.544220 0.000000
v 10.028912 -29.544220 0.000000
v 10.028912 -29.544220 -0.650000
v 10.028912 -29.544220 -0.650000
v 10.028912 -29.544220 -0.650000
v 9.056883 -29.856541 0.000000
v 9.056883 -29.856541 0.000000
v 9.056883 -29.856541 0.000000
v 9.056883 -29.856541 -0.650000
v 9.056883 -29.856541 -0.650000
v 9.056883 -29.856541 -0.650000
v 8.075154 -30.136887 0.000000
v 8.075154 -30.136887 0.000000
v 8.075154 -30.136887 0.000000
v 8.075154 -30.136887 -0.650000
v 8.075154 -30.136887 -0.650000
v 8.075154 -30.136887 -0.650000
v 7.084780 -30.384962 0.000000
v 7.084780 -30.384962 0.000000
v 7.084780 -30.384962 0.000000
v 7.084780 -30.384962 -0.650000
v 7.084780 -30.384962 -0.650000
v 7.084780 -30.384962 -0.650000
v 6.086818 -30.600500 0.000000
v 6.086818 -30.600500 0.000000
v 6.086818 -30.600500 0.000000
v 6.086818 -30.600500 -0.650000
v 6.086818 -30.600500 -0.650000
v 6.086818 -30.600500 -0.650000
v 5.082339 -30.783272 0.000000
v 5.082339 -30.783272 0.000000
v 5.082339 -30.783272 0.000000
v 5.082339 -30.783272 -0.650000
v 5.082339 -30.783272 -0.650000
v 5.082339 -30.783272 -0.650000
v 4.072418 -30.933081 0.000000
v 4.072418 -30.933081 0.000000
v 4.072418 -30.933081 0.000000
v 4.072418 -30.933081 -0.650000
v 4.072418 -30.933081 -0.650000
v 4.072418 -30.933081 -0.650000
v 3.058135 -31.049765 0.000000
v 3.058135 -31.049765 0.000000
v 3.058135 -31.049765 0.000000
v 3.058135 -31.049765 -0.650000
v 3.058135 -31.049765 -0.650000
v 3.058135 -31.049765 -0.650000
v 2.040578 -31.133200 0.000000
v 2.040578 -31.133200 0.000000
v 2.040578 -31.133200 0.000000
v 2.040578 -31.133200 -0.650000
v 2.040578 -31.133200 -0.650000
v 2.040578 -31.133200 -0.650000
v 1.020835 -31.183296 0.000000
v 1.020835 -31.183296 0.000000
v 1.020835 -31.183296 0.000000
v 1.020835 -31.183296 -0.650000
v 1.020835 -31.183296 -0.650000
v 1.020835 -31.183296 -0.650000
v 0.000000 -31.200001 0.000000
v 0.000000 -31.200001 0.000000
v 0.000000 -31.200001 0.000000
v 0.000000 -31.200001 -0.650000
v 0.000000 -31.200001 -0.650000
v 0.000000 -31.200001 -0.650000
v -1.020835 -31.183296 0.000000
v -1.020835 -31.183296 0.000000
v -1.020835 -31.183296 0.000000
v -1.020835 -31.183296 -0.650000
v -1.020835 -31.183296 -0.650000
v -1.020835 -31.183296 -0.650000
v -2.040578 -31.133200 0.000000
v -2.040578 -31.133200 0.000000
v -2.040578 -31.133200 0.000000
v -2.040578 -31.133200 -0.650000
v -2.040578 -31.133200 -0.650000
v -2.040578 -31.133200 -0.650000
v -3.058135 -31.049765 0.000000
v -3.058135 -31.049765 0.000000
v -3.058135 -31.049765 0.000000
v -3.058135 -31.049765 -0.650000
v -3.058135 -31.049765 -0.650000
v -3.058135 -31.049765 -0.650000
v -4.072418 -30.933081 0.000000
v -4.072418 -30.933081 0.000000
v -4.072418 -30.933081 0.000000
v -4.072418 -30.933081 -0.650000
v -4.072418 -30.933081 -0.650000
v -4.072418 -30.933081 -0.650000
v -5.082339 -30.783272 0.000000
v -5.082339 -30.783272 0.000000
v -5.082339 -30.783272 0.000000
v -5.082339 -30.783272 -0.650000
v -5.082339 -30.783272 -0.650000
v -5.082339 -30.783272 -0.650000
v -6.086818 -30.600500 0.000000
v -6.086818 -30.600500 0.000000
v -6.086818 -30.600500 0.000000
v -6.086818 -30.600500 -0.650000
v -6.086818 -30.600500 -0.650000
v -6.086818 -30.600500 -0.650000
v -7.084780 -30.384962 0.000000
v -7.084780 -30.384962 0.000000
v -7.084780 -30.384962 0.000000
v -7.084780 -30.384962 -0.650000
v -7.084780 -30.384962 -0.650000
v -7.084780 -30.384962 -0.650000
v -8.075154 -30.136887 0.000000
v -8.075154 -30.136887 0.000000
v -8.075154 -30.136887 0.000000
v -8.075154 -30.136887 -0.650000
v -8.075154 -30.136887 -0.650000
v -8.075154 -30.136887 -0.650000
v -9.056883 -29.856541 0.000000
v -9.056883 -29.856541 0.000000
v -9.056883 -29.856541 0.000000
v -9.056883 -29.856541 -0.650000
v -9.056883 -29.856541 -0.650000
v -9.056883 -29.856541 -0.650000
v -10.028912 -29.544220 0.000000
v -10.028912 -29.544220 0.000000
v -10.028912 -29.544220 0.000000
v -10.028912 -29.544220 -0.650000
v -10.028912 -29.544220 -0.650000
v -10.028912 -29.544220 -0.650000
v -10.990203 -29.200266 0.000000
v -10.990203 -29.200266 0.000000
v -10.990203 -29.200266 0.000000
v -10.990203 -29.200266 -0.650000
v -10.990203 -29.200266 -0.650000
v -10.990203 -29.200266 -0.650000
v -11.939724 -28.825041 0.000000
v -11.939724 -28.825041 0.000000
v -11.939724 -28.825041 0.000000
v -11.939724 -28.825041 -0.650000
v -11.939724 -28.825041 -0.650000
v -11.939724 -28.825041 -0.650000
v -12.876461 -28.418951 0.000000
v -12.876461 -28.418951 0.000000
v -12.876461 -28.418951 0.000000
v -12.876461 -28.418951 -0.650000
v -12.876461 -28.418951 -0.650000
v -12.876461 -28.418951 -0.650000
v -13.799408 -27.982431 0.000000
v -13.799408 -27.982431 0.000000
v -13.799408 -27.982431 0.000000
v -13.799408 -27.982431 -0.650000
v -13.799408 -27.982431 -0.650000
v -13.799408 -27.982431 -0.650000
v -14.707579 -27.515944 0.000000
v -14.707579 -27.515944 0.000000
v -14.707579 -27.515944 0.000000
v -14.707579 -27.515944 -0.650000
v -14.707579 -27.515944 -0.650000
v -14.707579 -27.515944 -0.650000
v -15.600000 -27.019993 0.000000
v -15.600000 -27.019993 0.000000
v -15.600000 -27.019993 0.000000
v -15.600000 -27.019993 -0.650000
v -15.600000 -27.019993 -0.650000
v -15.600000 -27.019993 -0.650000
v -16.475718 -26.495108 0.000000
v -16.475718 -26.495108 0.000000
v -16.475718 -26.495108 0.000000
v -16.475718 -26.495108 -0.650000
v -16.475718 -26.495108 -0.650000
v -16.475718 -26.495108 -0.650000
v -17.333792 -25.941853 0.000000
v -17.333792 -25.941853 0.000000
v -17.333792 -25.941853 0.000000
v -17.333792 -25.941853 -0.650000
v -17.333792 -25.941853 -0.650000
v -17.333792 -25.941853 -0.650000
v -18.173306 -25.360817 0.000000
v -18.173306 -25.360817 0.000000
v -18.173306 -25.360817 0.000000
v -18.173306 -25.360817 -0.650000
v -18.173306 -25.360817 -0.650000
v -18.173306 -25.360817 -0.650000
v -18.993357 -24.752625 0.000000
v -18.993357 -24.752625 0.000000
v -18.993357 -24.752625 0.000000
v -18.993357 -24.752625 -0.650000
v -18.993357 -24.752625 -0.650000
v -18.993357 -24.752625 -0.650000
v -19.793072 -24.117926 0.000000
v -19.793072 -24.117926 0.000000
v -19.793072 -24.117926 0.000000
v -19.793072 -24.117926 -0.650000
v -19.793072 -24.117926 -0.650000
v -19.793072 -24.117926 -0.650000
v -20.571592 -23.457401 0.000000
v -20.571592 -23.457401 0.000000
v -20.571592 -23.457401 0.000000
v -20.571592 -23.457401 -0.650000
v -20.571592 -23.457401 -0.650000
v -20.571592 -23.457401 -0.650000
v -21.328081 -22.771759 0.000000
v -21.328081 -22.771759 0.000000
v -21.328081 -22.771759 0.000000
v -21.328081 -22.771759 -0.650000
v -21.328081 -22.771759 -0.650000
v -21.328081 -22.771759 -0.650000
v -22.061731 -22.061731 0.000000
v -22.061731 -22.061731 0.000000
v -22.061731 -22.061731 0.000000
v -22.061731 -22.061731 -0.650000
v -22.061731 -22.061731 -0.650000
v -22.061731 -22.061731 -0.650000
v -22.771759 -21.328081 0.000000
v -22.771759 -21.328081 0.000000
v -22.771759 -21.328081 0.000000
v -22.771759 -21.328081 0.000000
v -22.771759 -21.328081 -0.650000
v -22.771759 -21.328081 -0.650000
v -22.771759 -21.328081 -0.650000
v -23.457401 -20.571592 0.000000
v -23.457401 -20.571592 0.000000
v -23.457401 -20.571592 0.000000
v -23.457401 -20.571592 -0.650000
v -23.457401 -20.571592 -0.650000
v -23.457401 -20.571592 -0.650000
v -23.457401 -20.571592 -0.650000
v -24.117926 -19.793072 0.000000
v -24.117926 -19.793072 0.000000
v -24.117926 -19.793072 0.000000
v -24.117926 -19.793072 -0.650000
v -24.117926 -19.793072 -0.650000
v -24.117926 -19.793072 -0.650000
v -24.752625 -18.993357 0.000000
v -24.752625 -18.993357 0.000000
v -24.752625 -18.993357 0.000000
v -24.752625 -18.993357 -0.650000
v -24.752625 -18.993357 -0.650000
v -24.752625 -18.993357 -0.650000
v -25.360817 -18.173306 0.000000
v -25.360817 -18.173306 0.000000
v -25.360817 -18.173306 0.000000
v -25.360817 -18.173306 -0.650000
v -25.360817 -18.173306 -0.650000
v -25.360817 -18.173306 -0.650000
v -25.941853 -17.333792 0.000000
v -25.941853 -17.333792 0.000000
v -25.941853 -17.333792 0.000000
v -25.941853 -17.333792 -0.650000
v -25.941853 -17.333792 -0.650000
v -25.941853 -17.333792 -0.650000
v -26.495108 -16.475718 0.000000
v -26.495108 -16.475718 0.000000
v -26.495108 -16.475718 0.000000
v -26.495108 -16.475718 -0.650000
v -26.495108 -16.475718 -0.650000
v -26.495108 -16.475718 -0.650000
v -27.019993 -15.600000 0.000000
v -27.019993 -15.600000 0.000000
v -27.019993 -15.600000 0.000000
v -27.019993 -15.600000 -0.650000
v -27.019993 -15.600000 -0.650000
v -27.019993 -15.600000 -0.650000
v -27.515944 -14.707579 0.000000
v -27.515944 -14.707579 0.000000
v -27.515944 -14.707579 0.000000
v -27.515944 -14.707579 -0.650000
v -27.515944 -14.707579 -0.650000
v -27.515944 -14.707579 -0.650000
v -27.982431 -13.799408 0.000000
v -27.982431 -13.799408 0.000000
v -27.982431 -13.799408 0.000000
v -27.982431 -13.799408 -0.650000
v -27.982431 -13.799408 -0.650000
v -27.982431 -13.799408 -0.650000
v -28.418951 -12.876461 0.000000
v -28.418951 -12.876461 0.000000
v -28.418951 -12.876461 0.000000
v -28.418951 -12.876461 0.000000
v -28.418951 -12.876461 -0.650000
v -28.418951 -12.876461 -0.650000
v -28.418951 -12.876461 -0.650000
v -28.825041 -11.939724 0.000000
v -28.825041 -11.939724 0.000000
v -28.825041 -11.939724 0.000000
v -28.825041 -11.939724 -0.650000
v -28.825041 -11.939724 -0.650000
v -28.825041 -11.939724 -0.650000
v -28.825041 -11.939724 -0.650000
v -29.200266 -10.990203 0.000000
v -29.200266 -10.990203 0.000000
v -29.200266 -10.990203 0.000000
v -29.200266 -10.990203 -0.650000
v -29.200266 -10.990203 -0.650000
v -29.200266 -10.990203 -0.650000
v -29.544220 -10.028912 0.000000
v -29.544220 -10.028912 0.000000
v -29.544220 -10.028912 0.000000
v -29.544220 -10.028912 -0.650000
v -29.544220 -10.028912 -0.650000
v -29.544220 -10.028912 -0.650000
v -29.856541 -9.056883 0.000000
v -29.856541 -9.056883 0.000000
v -29.856541 -9.056883 0.000000
v -29.856541 -9.056883 -0.650000
v -29.856541 -9.056883 -0.650000
v -29.856541 -9.056883 -0.650000
v -30.136887 -8.075154 0.000000
v -30.136887 -8.075154 0.000000
v -30.136887 -8.075154 0.000000
v -30.136887 -8.075154 -0.650000
v -30.136887 -8.075154 -0.650000
v -30.136887 -8.075154 -0.650000
v -30.384962 -7.084780 0.000000
v -30.384962 -7.084780 0.000000
v -30.384962 -7.084780 0.000000
v -30.384962 -7.084780 -0.650000
v -30.384962 -7.084780 -0.650000
v -30.384962 -7.084780 -0.650000
v -30.600500 -6.086818 0.000000
v -30.600500 -6.086818 0.000000
v -30.600500 -6.086818 0.000000
v -30.600500 -6.086818 -0.650000
v -30.600500 -6.086818 -0.650000
v -30.600500 -6.086818 -0.650000
v -30.783272 -5.082339 0.000000
v -30.783272 -5.082339 0.000000
v -30.783272 -5.082339 0.000000
v -30.783272 -5.082339 -0.650000
v -30.783272 -5.082339 -0.650000
v -30.783272 -5.082339 -0.650000
v -30.933081 -4.072418 0.000000
v -30.933081 -4.072418 0.000000
v -30.933081 -4.072418 0.000000
v -30.933081 -4.072418 -0.650000
v -30.933081 -4.072418 -0.650000
v -30.933081 -4.072418 -0.650000
v -31.049765 -3.058135 0.000000
v -31.049765 -3.058135 0.000000
v -31.049765 -3.058135 0.000000
v -31.049765 -3.058135 -0.650000
v -31.049765 -3.058135 -0.650000
v -31.049765 -3.058135 -0.650000
v -31.133200 -2.040578 0.000000
v -31.133200 -2.040578 0.000000
v -31.133200 -2.040578 0.000000
v -31.133200 -2.040578 -0.650000
v -31.133200 -2.040578 -0.650000
v -31.133200 -2.040578 -0.650000
v -31.183296 -1.020835 0.000000
v -31.183296 -1.020835 0.000000
v -31.183296 -1.020835 0.000000
v -31.183296 -1.020835 -0.650000
v -31.183296 -1.020835 -0.650000
v -31.183296 -1.020835 -0.650000
v -31.200001 0.000000 0.000000
v -31.200001 0.000000 0.000000
v -31.200001 0.000000 0.000000
v -31.200001 0.000000 -0.650000
v -31.200001 0.000000 -0.650000
v -31.200001 0.000000 -0.650000
v -31.183296 1.020835 0.000000
v -31.183296 1.020835 0.000000
v -31.183296 1.020835 0.000000
v -31.183296 1.020835 -0.650000
v -31.183296 1.020835 -0.650000
v -31.183296 1.020835 -0.650000
v -31.133200 2.040578 0.000000
v -31.133200 2.040578 0.000000
v -31.133200 2.040578 0.000000
v -31.133200 2.040578 -0.650000
v -31.133200 2.040578 -0.650000
v -31.133200 2.040578 -0.650000
v -31.049765 3.058135 0.000000
v -31.049765 3.058135 0.000000
v -31.049765 3.058135 0.000000
v -31.049765 3.058135 -0.650000
v -31.049765 3.058135 -0.650000
v -31.049765 3.058135 -0.650000
v -30.933081 4.072418 0.000000
v -30.933081 4.072418 0.000000
v -30.933081 4.072418 0.000000
v -30.933081 4.072418 -0.650000
v -30.933081 4.072418 -0.650000
v -30.933081 4.072418 -0.650000
v -30.783272 5.082339 0.000000
v -30.783272 5.082339 0.000000
v -30.783272 5.082339 0.000000
v -30.783272 5.082339 -0.650000
v -30.783272 5.082339 -0.650000
v -30.783272 5.082339 -0.650000
v -30.600500 6.086818 0.000000
v -30.600500 6.086818 0.000000
v -30.600500 6.086818 0.000000
v -30.600500 6.086818 -0.650000
v -30.600500 6.086818 -0.650000
v -30.600500 6.086818 -0.650000
v -30.384962 7.084780 0.000000
v -30.384962 7.084780 0.000000
v -30.384962 7.084780 0.000000
v -30.384962 7.084780 -0.650000
v -30.384962 7.084780 -0.650000
v -30.384962 7.084780 -0.650000
v -30.136887 8.075154 0.000000
v -30.136887 8.075154 0.000000
v -30.136887 8.075154 0.000000
v -30.136887 8.075154 -0.650000
v -30.136887 8.075154 -0.650000
v -30.136887 8.075154 -0.650000
v -29.856541 9.056883 0.000000
v -29.856541 9.056883 0.000000
v -29.856541 9.056883 0.000000
v -29.856541 9.056883 -0.650000
v -29.856541 9.056883 -0.650000
v -29.856541 9.056883 -0.650000
v -29.544220 10.028912 0.000000
v -29.544220 10.028912 0.000000
v -29.544220 10.028912 0.000000
v -29.544220 10.028912 -0.650000
v -29.544220 10.028912 -0.650000
v -29.544220 10.028912 -0.650000
v -29.200266 10.990203 0.000000
v -29.200266 10.990203 0.000000
v -29.200266 10.990203 0.000000
v -29.200266 10.990203 -0.650000
v -29.200266 10.990203 -0.650000
v -29.200266 10.990203 -0.650000
v -28.825041 11.939724 0.000000
v -28.825041 11.939724 0.000000
v -28.825041 11.939724 0.000000
v -28.825041 11.939724 0.000000
v -28.825041 11.939724 -0.650000
v -28.825041 11.939724 -0.650000
v -28.825041 11.939724 -0.650000
v -28.418951 12.876461 0.000000
v -28.418951 12.876461 0.000000
v -28.418951 12.876461 0.000000
v -28.418951 12.876461 -0.650000
v -28.418951 12.876461 -0.650000
v -28.418951 12.876461 -0.650000
v -28.418951 12.876461 -0.650000
v -27.982431 13.799408 0.000000
v -27.982431 13.799408 0.000000
v -27.982431 13.799408 0.000000
v -27.982431 13.799408 -0.650000
v -27.982431 13.799408 -0.650000
v -27.982431 13.799408 -0.650000
v -27.515944 14.707579 0.000000
v -27.515944 14.707579 0.000000
v -27.515944 14.707579 0.000000
v -27.515944 14.707579 -0.650000
v -27.515944 14.707579 -0.650000
v -27.515944 14.707579 -0.650000
v -27.019993 15.600000 0.000000
v -27.019993 15.600000 0.000000
v -27.019993 15.600000 0.000000
v -27.019993 15.600000 -0.650000
v -27.019993 15.600000 -0.650000
v -27.019993 15.600000 -0.650000
v -26.495108 16.475718 0.000000
v -26.495108 16.475718 0.000000
v -26.495108 16.475718 0.000000
v -26.495108 16.475718 -0.650000
v -26.495108 16.475718 -0.650000
v -26.495108 16.475718 -0.650000
v -25.941853 17.333792 0.000000
v -25.941853 17.333792 0.000000
v -25.941853 17.333792 0.000000
v -25.941853 17.333792 -0.650000
v -25.941853 17.333792 -0.650000
v -25.941853 17.333792 -0.650000
v -25.360817 18.173306 0.000000
v -25.360817 18.173306 0.000000
v -25.360817 18.173306 0.000000
v -25.360817 18.173306 -0.650000
v -25.360817 18.173306 -0.650000
v -25.360817 18.173306 -0.650000
v -24.752625 18.993357 0.000000
v -24.752625 18.993357 0.000000
v -24.752625 18.993357 0.000000
v -24.752625 18.993357 -0.650000
v -24.752625 18.993357 -0.650000
v -24.752625 18.993357 -0.650000
v -24.117926 19.793072 0.000000
v -24.117926 19.793072 0.000000
v -24.117926 19.793072 0.000000
v -24.117926 19.793072 -0.650000
v -24.117926 19.793072 -0.650000
v -24.117926 19.793072 -0.650000
v -23.457401 20.571592 0.000000
v -23.457401 20.571592 0.000000
v -23.457401 20.571592 0.000000
v -23.457401 20.571592 0.000000
v -23.457401 20.571592 -0.650000
v -23.457401 20.571592 -0.650000
v -23.457401 20.571592 -0.650000
v -22.771759 21.328081 0.000000
v -22.771759 21.328081 0.000000
v -22.771759 21.328081 0.000000
v -22.771759 21.328081 -0.650000
v -22.771759 21.328081 -0.650000
v -22.771759 21.328081 -0.650000
v -22.771759 21.328081 -0.650000
v -22.061731 22.061731 0.000000
v -22.061731 22.061731 0.000000
v -22.061731 22.061731 0.000000
v -22.061731 22.061731 -0.650000
v -22.061731 22.061731 -0.650000
v -22.061731 22.061731 -0.650000
v -21.328081 22.771759 0.000000
v -21.328081 22.771759 0.000000
v -21.328081 22.771759 0.000000
v -21.328081 22.771759 -0.650000
v -21.328081 22.771759 -0.650000
v -21.328081 22.771759 -0.650000
v -20.571592 23.457401 0.000000
v -20.571592 23.457401 0.000000
v -20.571592 23.457401 0.000000
v -20.571592 23.457401 -0.650000
v -20.571592 23.457401 -0.650000
v -20.571592 23.457401 -0.650000
v -19.793072 24.117926 0.000000
v -19.793072 24.117926 0.000000
v -19.793072 24.117926 0.000000
v -19.793072 24.117926 -0.650000
v -19.793072 24.117926 -0.650000
v -19.793072 24.117926 -0.650000
v -18.993357 24.752625 0.000000
v -18.993357 24.752625 0.000000
v -18.993357 24.752625 0.000000
v -18.993357 24.752625 -0.650000
v -18.993357 24.752625 -0.650000
v -18.993357 24.752625 -0.650000
v -18.173306 25.360817 0.000000
v -18.173306 25.360817 0.000000
v -18.173306 25.360817 0.000000
v -18.173306 25.360817 -0.650000
v -18.173306 25.360817 -0.650000
v -18.173306 25.360817 -0.650000
v -17.333792 25.941853 0.000000
v -17.333792 25.941853 0.000000
v -17.333792 25.941853 0.000000
v -17.333792 25.941853 -0.650000
v -17.333792 25.941853 -0.650000
v -17.333792 25.941853 -0.650000
v -16.475718 26.495108 0.000000
v -16.475718 26.495108 0.000000
v -16.475718 26.495108 0.000000
v -16.475718 26.495108 -0.650000
v -16.475718 26.495108 -0.650000
v -16.475718 26.495108 -0.650000
v -15.600000 27.019993 0.000000
v -15.600000 27.019993 0.000000
v -15.600000 27.019993 0.000000
v -15.600000 27.019993 -0.650000
v -15.600000 27.019993 -0.650000
v -15.600000 27.019993 -0.650000
v -14.707579 27.515944 0.000000
v -14.707579 27.515944 0.000000
v -14.707579 27.515944 0.000000
v -14.707579 27.515944 -0.650000
v -14.707579 27.515944 -0.650000
v -14.707579 27.515944 -0.650000
v -13.799408 27.982431 0.000000
v -13.799408 27.982431 0.000000
v -13.799408 27.982431 0.000000
v -13.799408 27.982431 -0.650000
v -13.799408 27.982431 -0.650000
v -13.799408 27.982431 -0.650000
v -12.876461 28.418951 0.000000
v -12.876461 28.418951 0.000000
v -12.876461 28.418951 0.000000
v -12.876461 28.418951 -0.650000
v -12.876461 28.418951 -0.650000
v -12.876461 28.418951 -0.650000
v -11.939724 28.825041 0.000000
v -11.939724 28.825041 0.000000
v -11.939724 28.825041 0.000000
v -11.939724 28.825041 -0.650000
v -11.939724 28.825041 -0.650000
v -11.939724 28.825041 -0.650000
v -10.990203 29.200266 0.000000
v -10.990203 29.200266 0.000000
v -10.990203 29.200266 0.000000
v -10.990203 29.200266 -0.650000
v -10.990203 29.200266 -0.650000
v -10.990203 29.200266 -0.650000
v -10.028912 29.544220 0.000000
v -10.028912 29.544220 0.000000
v -10.028912 29.544220 0.000000
v -10.028912 29.544220 -0.650000
v -10.028912 29.544220 -0.650000
v -10.028912 29.544220 -0.650000
v -9.056883 29.856541 0.000000
v -9.056883 29.856541 0.000000
v -9.056883 29.856541 0.000000
v -9.056883 29.856541 -0.650000
v -9.056883 29.856541 -0.650000
v -9.056883 29.856541 -0.650000
v -8.075154 30.136887 0.000000
v -8.075154 30.136887 0.000000
v -8.075154 30.136887 0.000000
v -8.075154 30.136887 -0.650000
v -8.075154 30.136887 -0.650000
v -8.075154 30.136887 -0.650000
v -7.084780 30.384962 0.000000
v -7.084780 30.384962 0.000000
v -7.084780 30.384962 0.000000
v -7.084780 30.384962 -0.650000
v -7.084780 30.384962 -0.650000
v -7.084780 30.384962 -0.650000
v -6.086818 30.600500 0.000000
v -6.086818 30.600500 0.000000
v -6.086818 30.600500 0.000000
v -6.086818 30.600500 -0.650000
v -6.086818 30.600500 -0.650000
v -6.086818 30.600500 -0.650000
v -5.082339 30.783272 0.000000
v -5.082339 30.783272 0.000000
v -5.082339 30.783272 0.000000
v -5.082339 30.783272 -0.650000
v -5.082339 30.783272 -0.650000
v -5.082339 30.783272 -0.650000
v -4.072418 30.933081 0.000000
v -4.072418 30.933081 0.000000
v -4.072418 30.933081 0.000000
v -4.072418 30.933081 -0.650000
v -4.072418 30.933081 -0.650000
v -4.072418 30.933081 -0.650000
v -3.058135 31.049765 0.000000
v -3.058135 31.049765 0.000000
v -3.058135 31.049765 0.000000
v -3.058135 31.049765 -0.650000
v -3.058135 31.049765 -0.650000
v -3.058135 31.049765 -0.650000
v -2.040578 31.133200 0.000000
v -2.040578 31.133200 0.000000
v -2.040578 31.133200 0.000000
v -2.040578 31.133200 -0.650000
v -2.040578 31.133200 -0.650000
v -2.040578 31.133200 -0.650000
v -20.596182 13.627629 -0.650000
v -20.596182 13.627629 -0.650000
v -20.596182 13.627629 -0.650000
v -20.591881 13.759054 -0.650000
v -20.591881 13.759054 -0.650000
v -19.788977 13.222571 -0.650000
v -19.788977 13.222571 -0.650000
v -19.788977 13.222571 -0.650000
v -20.211010 12.568014 -0.650000
v -20.211010 12.568014 -0.650000
v -20.211010 12.568014 -0.650000
v -20.211010 12.568014 -0.650000
v -20.617990 13.406211 -0.650000
v -20.617990 13.406211 -0.650000
v -20.617990 13.406211 -0.650000
v -20.611404 11.900000 -0.650000
v -20.611404 11.900000 -0.650000
v -20.611404 11.900000 -0.650000
v -20.654234 13.186693 -0.650000
v -20.654234 13.186693 -0.650000
v -20.654234 13.186693 -0.650000
v -20.989725 11.219242 -0.650000
v -20.989725 11.219242 -0.650000
v -20.989725 11.219242 -0.650000
v -20.704756 12.970016 -0.650000
v -20.704756 12.970016 -0.650000
v -20.704756 12.970016 -0.650000
v -21.345572 10.526470 -0.650000
v -21.345572 10.526470 -0.650000
v -21.345572 10.526470 -0.650000
v -20.769341 12.757106 -0.650000
v -20.769341 12.757106 -0.650000
v -20.769341 12.757106 -0.650000
v -21.678558 9.822428 -0.650000
v -21.678558 9.822428 -0.650000
v -21.678558 9.822428 -0.650000
v -20.847713 12.548877 -0.650000
v -20.847713 12.548877 -0.650000
v -20.847713 12.548877 -0.650000
v -20.847713 12.548877 -0.650000
v -21.988331 9.107866 -0.650000
v -21.988331 9.107866 -0.650000
v -21.988331 9.107866 -0.650000
v -20.939535 12.346219 -0.650000
v -20.939535 12.346219 -0.650000
v -20.939535 12.346219 -0.650000
v -22.274561 8.383552 -0.650000
v -22.274561 8.383552 -0.650000
v -22.274561 8.383552 -0.650000
v -21.044416 12.150001 -0.650000
v -21.044416 12.150001 -0.650000
v -21.044416 12.150001 -0.650000
v -22.536936 7.650259 -0.650000
v -22.536936 7.650259 -0.650000
v -22.536936 7.650259 -0.650000
v -21.161907 11.961061 -0.650000
v -21.161907 11.961061 -0.650000
v -21.161907 11.961061 -0.650000
v -22.775179 6.908775 -0.650000
v -22.775179 6.908775 -0.650000
v -22.775179 6.908775 -0.650000
v -21.291502 11.780211 -0.650000
v -21.291502 11.780211 -0.650000
v -21.291502 11.780211 -0.650000
v -21.291502 11.780211 -0.650000
v -21.432648 11.608225 -0.650000
v -21.432648 11.608225 -0.650000
v -21.432648 11.608225 -0.650000
v -21.584740 11.445837 -0.650000
v -21.584740 11.445837 -0.650000
v -21.584740 11.445837 -0.650000
v -22.989033 6.159893 -0.650000
v -22.989033 6.159893 -0.650000
v -22.989033 6.159893 -0.650000
v -21.747128 11.293745 -0.650000
v -21.747128 11.293745 -0.650000
v -21.747128 11.293745 -0.650000
v -23.178270 5.404415 -0.650000
v -23.178270 5.404415 -0.650000
v -23.178270 5.404415 -0.650000
v -21.919113 11.152599 -0.650000
v -21.919113 11.152599 -0.650000
v -21.919113 11.152599 -0.650000
v -22.099964 11.023004 -0.650000
v -22.099964 11.023004 -0.650000
v -22.099964 11.023004 -0.650000
v -22.288902 10.905514 -0.650000
v -22.288902 10.905514 -0.650000
v -22.288902 10.905514 -0.650000
v -23.342688 4.643149 -0.650000
v -23.342688 4.643149 -0.650000
v -23.342688 4.643149 -0.650000
v -22.485121 10.800632 -0.650000
v -22.485121 10.800632 -0.650000
v -22.485121 10.800632 -0.650000
v -23.482111 3.876912 -0.650000
v -23.482111 3.876912 -0.650000
v -23.482111 3.876912 -0.650000
v -22.687778 10.708810 -0.650000
v -22.687778 10.708810 -0.650000
v -22.687778 10.708810 -0.650000
v -23.596388 3.106524 -0.650000
v -23.596388 3.106524 -0.650000
v -23.596388 3.106524 -0.650000
v -22.896009 10.630438 -0.650000
v -22.896009 10.630438 -0.650000
v -22.896009 10.630438 -0.650000
v -23.685396 2.332808 -0.650000
v -23.685396 2.332808 -0.650000
v -23.685396 2.332808 -0.650000
v -23.108919 10.565853 -0.650000
v -23.108919 10.565853 -0.650000
v -23.108919 10.565853 -0.650000
v -23.749043 1.556594 -0.650000
v -23.749043 1.556594 -0.650000
v -23.749043 1.556594 -0.650000
v -23.325596 10.515330 -0.650000
v -23.325596 10.515330 -0.650000
v -23.325596 10.515330 -0.650000
v -23.787256 0.778714 -0.650000
v -23.787256 0.778714 -0.650000
v -23.787256 0.778714 -0.650000
v -23.799999 0.000000 -0.650000
v -23.799999 0.000000 -0.650000
v -23.799999 0.000000 -0.650000
v -24.306414 -0.195907 -0.650000
v -24.306414 -0.195907 -0.650000
v -23.545115 10.479088 -0.650000
v -23.545115 10.479088 -0.650000
v -23.545115 10.479088 -0.650000
v -24.300001 0.000000 -0.650000
v -24.300001 0.000000 -0.650000
v -24.300001 0.000000 -0.650000
v -24.307280 0.222371 -0.650000
v -24.307280 0.222371 -0.650000
v -24.307280 0.222371 -0.650000
v -23.766533 10.457280 -0.650000
v -23.766533 10.457280 -0.650000
v -23.766533 10.457280 -0.650000
v -23.988903 10.450001 -0.650000
v -23.988903 10.450001 -0.650000
v -23.988903 10.450001 -0.650000
v -24.329088 0.443789 -0.650000
v -24.329088 0.443789 -0.650000
v -24.329088 0.443789 -0.650000
v -24.365332 0.663307 -0.650000
v -24.365332 0.663307 -0.650000
v -24.365332 0.663307 -0.650000
v -24.211273 10.457280 -0.650000
v -24.211273 10.457280 -0.650000
v -24.211273 10.457280 -0.650000
v -24.432692 10.479088 -0.650000
v -24.432692 10.479088 -0.650000
v -24.432692 10.479088 -0.650000
v -24.415854 0.879985 -0.650000
v -24.415854 0.879985 -0.650000
v -24.415854 0.879985 -0.650000
v -24.480438 1.092894 -0.650000
v -24.480438 1.092894 -0.650000
v -24.480438 1.092894 -0.650000
v -24.480438 1.092894 -0.650000
v -24.652210 10.515330 -0.650000
v -24.652210 10.515330 -0.650000
v -24.652210 10.515330 -0.650000
v -24.868887 10.565853 -0.650000
v -24.868887 10.565853 -0.650000
v -24.868887 10.565853 -0.650000
v -24.558811 1.301124 -0.650000
v -24.558811 1.301124 -0.650000
v -24.558811 1.301124 -0.650000
v -24.650633 1.503782 -0.650000
v -24.650633 1.503782 -0.650000
v -24.650633 1.503782 -0.650000
v -25.081797 10.630438 -0.650000
v -25.081797 10.630438 -0.650000
v -25.081797 10.630438 -0.650000
v -25.290028 10.708810 -0.650000
v -25.290028 10.708810 -0.650000
v -25.290028 10.708810 -0.650000
v -24.755514 1.700000 -0.650000
v -24.755514 1.700000 -0.650000
v -24.755514 1.700000 -0.650000
v -24.873005 1.888939 -0.650000
v -24.873005 1.888939 -0.650000
v -24.873005 1.888939 -0.650000
v -25.492685 10.800632 -0.650000
v -25.492685 10.800632 -0.650000
v -25.492685 10.800632 -0.650000
v -25.688904 10.905514 -0.650000
v -25.688904 10.905514 -0.650000
v -25.688904 10.905514 -0.650000
v -25.002600 2.069789 -0.650000
v -25.002600 2.069789 -0.650000
v -25.002600 2.069789 -0.650000
v -25.143745 2.241776 -0.650000
v -25.143745 2.241776 -0.650000
v -25.143745 2.241776 -0.650000
v -25.877842 11.023004 -0.650000
v -25.877842 11.023004 -0.650000
v -25.877842 11.023004 -0.650000
v -26.058693 11.152599 -0.650000
v -26.058693 11.152599 -0.650000
v -26.058693 11.152599 -0.650000
v -26.230679 11.293745 -0.650000
v -26.230679 11.293745 -0.650000
v -26.230679 11.293745 -0.650000
v -25.295837 2.404163 -0.650000
v -25.295837 2.404163 -0.650000
v -25.295837 2.404163 -0.650000
v -26.393066 11.445837 -0.650000
v -26.393066 11.445837 -0.650000
v -26.393066 11.445837 -0.650000
v -25.458225 2.556255 -0.650000
v -25.458225 2.556255 -0.650000
v -25.458225 2.556255 -0.650000
v -26.545158 11.608225 -0.650000
v -26.545158 11.608225 -0.650000
v -26.545158 11.608225 -0.650000
v -25.630211 2.697401 -0.650000
v -25.630211 2.697401 -0.650000
v -25.630211 2.697401 -0.650000
v -26.686304 11.780211 -0.650000
v -26.686304 11.780211 -0.650000
v -26.686304 11.780211 -0.650000
v -25.811062 2.826997 -0.650000
v -25.811062 2.826997 -0.650000
v -25.811062 2.826997 -0.650000
v -26.815899 11.961061 -0.650000
v -26.815899 11.961061 -0.650000
v -26.815899 11.961061 -0.650000
v -26.000000 2.944486 -0.650000
v -26.000000 2.944486 -0.650000
v -26.000000 2.944486 -0.650000
v -26.933390 12.150001 -0.650000
v -26.933390 12.150001 -0.650000
v -26.933390 12.150001 -0.650000
v -26.196218 3.049367 -0.650000
v -26.196218 3.049367 -0.650000
v -26.196218 3.049367 -0.650000
v -27.038271 12.346219 -0.650000
v -27.038271 12.346219 -0.650000
v -27.038271 12.346219 -0.650000
v -26.398876 3.141190 -0.650000
v -26.398876 3.141190 -0.650000
v -26.398876 3.141190 -0.650000
v -27.130093 12.548877 -0.650000
v -27.130093 12.548877 -0.650000
v -27.130093 12.548877 -0.650000
v -26.607107 3.219563 -0.650000
v -26.607107 3.219563 -0.650000
v -26.607107 3.219563 -0.650000
v -27.208466 12.757106 -0.650000
v -27.208466 12.757106 -0.650000
v -27.208466 12.757106 -0.650000
v -26.820017 3.284148 -0.650000
v -26.820017 3.284148 -0.650000
v -26.820017 3.284148 -0.650000
v -27.273050 12.970016 -0.650000
v -27.273050 12.970016 -0.650000
v -27.273050 12.970016 -0.650000
v -27.036694 3.334670 -0.650000
v -27.036694 3.334670 -0.650000
v -27.036694 3.334670 -0.650000
v -27.323572 13.186693 -0.650000
v -27.323572 13.186693 -0.650000
v -27.323572 13.186693 -0.650000
v -27.256212 3.370913 -0.650000
v -27.256212 3.370913 -0.650000
v -27.256212 3.370913 -0.650000
v -27.359816 13.406211 -0.650000
v -27.359816 13.406211 -0.650000
v -27.359816 13.406211 -0.650000
v -27.477631 3.392720 -0.650000
v -27.477631 3.392720 -0.650000
v -27.477631 3.392720 -0.650000
v -27.381624 13.627629 -0.650000
v -27.381624 13.627629 -0.650000
v -27.381624 13.627629 -0.650000
v -27.700001 3.400000 -0.650000
v -27.700001 3.400000 -0.650000
v -27.700001 3.400000 -0.650000
v -27.388903 13.850000 -0.650000
v -27.388903 13.850000 -0.650000
v -27.388903 13.850000 -0.650000
v -27.922371 3.392720 -0.650000
v -27.922371 3.392720 -0.650000
v -27.922371 3.392720 -0.650000
v -27.381624 14.072371 -0.650000
v -27.381624 14.072371 -0.650000
v -27.381624 14.072371 -0.650000
v -28.143789 3.370913 -0.650000
v -28.143789 3.370913 -0.650000
v -28.143789 3.370913 -0.650000
v -28.363308 3.334670 -0.650000
v -28.363308 3.334670 -0.650000
v -28.363308 3.334670 -0.650000
v -28.579985 3.284148 -0.650000
v -28.579985 3.284148 -0.650000
v -28.579985 3.284148 -0.650000
v -27.359816 14.293790 -0.650000
v -27.359816 14.293790 -0.650000
v -27.359816 14.293790 -0.650000
v -28.792894 3.219563 -0.650000
v -28.792894 3.219563 -0.650000
v -28.792894 3.219563 -0.650000
v -29.001125 3.141190 -0.650000
v -29.001125 3.141190 -0.650000
v -29.001125 3.141190 -0.650000
v -29.001125 3.141190 -0.650000
v -29.203783 3.049367 -0.650000
v -29.203783 3.049367 -0.650000
v -29.203783 3.049367 -0.650000
v -29.400002 2.944486 -0.650000
v -29.400002 2.944486 -0.650000
v -29.400002 2.944486 -0.650000
v -29.588940 2.826997 -0.650000
v -29.588940 2.826997 -0.650000
v -29.588940 2.826997 -0.650000
v -27.323572 14.513308 -0.650000
v -27.323572 14.513308 -0.650000
v -27.323572 14.513308 -0.650000
v -27.323572 14.513308 -0.650000
v -29.769791 2.697401 -0.650000
v -29.769791 2.697401 -0.650000
v -29.769791 2.697401 -0.650000
v -29.941776 2.556255 -0.650000
v -29.941776 2.556255 -0.650000
v -29.941776 2.556255 -0.650000
v -30.104164 2.404163 -0.650000
v -30.104164 2.404163 -0.650000
v -30.104164 2.404163 -0.650000
v -30.256256 2.241776 -0.650000
v -30.256256 2.241776 -0.650000
v -30.256256 2.241776 -0.650000
v -30.397402 2.069789 -0.650000
v -30.397402 2.069789 -0.650000
v -30.397402 2.069789 -0.650000
v -27.273050 14.729985 -0.650000
v -27.273050 14.729985 -0.650000
v -27.273050 14.729985 -0.650000
v -30.526997 1.888939 -0.650000
v -30.526997 1.888939 -0.650000
v -30.526997 1.888939 -0.650000
v -30.526997 1.888939 -0.650000
v -30.644487 1.700000 -0.650000
v -30.644487 1.700000 -0.650000
v -30.644487 1.700000 -0.650000
v -30.749369 1.503782 -0.650000
v -30.749369 1.503782 -0.650000
v -30.749369 1.503782 -0.650000
v -30.841190 1.301124 -0.650000
v -30.841190 1.301124 -0.650000
v -30.841190 1.301124 -0.650000
v -30.919563 1.092894 -0.650000
v -30.919563 1.092894 -0.650000
v -30.919563 1.092894 -0.650000
v -30.984148 0.879985 -0.650000
v -30.984148 0.879985 -0.650000
v -30.984148 0.879985 -0.650000
v -25.372910 16.953636 -0.650000
v -25.372910 16.953636 -0.650000
v -25.492685 16.899368 -0.650000
v -25.492685 16.899368 -0.650000
v -25.492685 16.899368 -0.650000
v -30.644487 -1.700000 -0.650000
v -30.644487 -1.700000 -0.650000
v -30.644487 -1.700000 -0.650000
v -30.620989 -1.737788 -0.650000
v -30.620989 -1.737788 -0.650000
v -30.749369 -1.503782 -0.650000
v -30.749369 -1.503782 -0.650000
v -30.749369 -1.503782 -0.650000
v -25.688904 16.794487 -0.650000
v -25.688904 16.794487 -0.650000
v -25.688904 16.794487 -0.650000
v -25.877842 16.676998 -0.650000
v -25.877842 16.676998 -0.650000
v -25.877842 16.676998 -0.650000
v -30.841190 -1.301124 -0.650000
v -30.841190 -1.301124 -0.650000
v -30.841190 -1.301124 -0.650000
v -30.919563 -1.092894 -0.650000
v -30.919563 -1.092894 -0.650000
v -30.919563 -1.092894 -0.650000
v -26.058693 16.547401 -0.650000
v -26.058693 16.547401 -0.650000
v -26.058693 16.547401 -0.650000
v -26.230679 16.406256 -0.650000
v -26.230679 16.406256 -0.650000
v -26.230679 16.406256 -0.650000
v -30.984148 -0.879985 -0.650000
v -30.984148 -0.879985 -0.650000
v -30.984148 -0.879985 -0.650000
v -31.034670 -0.663307 -0.650000
v -31.034670 -0.663307 -0.650000
v -31.034670 -0.663307 -0.650000
v -26.393066 16.254164 -0.650000
v -26.393066 16.254164 -0.650000
v -26.393066 16.254164 -0.650000
v -26.545158 16.091776 -0.650000
v -26.545158 16.091776 -0.650000
v -26.545158 16.091776 -0.650000
v -31.070913 -0.443789 -0.650000
v -31.070913 -0.443789 -0.650000
v -31.070913 -0.443789 -0.650000
v -31.092722 -0.222371 -0.650000
v -31.092722 -0.222371 -0.650000
v -31.092722 -0.222371 -0.650000
v -26.686304 15.919789 -0.650000
v -26.686304 15.919789 -0.650000
v -26.686304 15.919789 -0.650000
v -26.815899 15.738939 -0.650000
v -26.815899 15.738939 -0.650000
v -26.815899 15.738939 -0.650000
v -31.100000 0.000000 -0.650000
v -31.100000 0.000000 -0.650000
v -31.100000 0.000000 -0.650000
v -26.933390 15.550000 -0.650000
v -26.933390 15.550000 -0.650000
v -26.933390 15.550000 -0.650000
v -31.092722 0.222371 -0.650000
v -31.092722 0.222371 -0.650000
v -31.092722 0.222371 -0.650000
v -31.070913 0.443789 -0.650000
v -31.070913 0.443789 -0.650000
v -31.070913 0.443789 -0.650000
v -27.038271 15.353782 -0.650000
v -27.038271 15.353782 -0.650000
v -27.038271 15.353782 -0.650000
v -27.130093 15.151124 -0.650000
v -27.130093 15.151124 -0.650000
v -27.130093 15.151124 -0.650000
v -31.034670 0.663307 -0.650000
v -31.034670 0.663307 -0.650000
v -31.034670 0.663307 -0.650000
v -27.208466 14.942895 -0.650000
v -27.208466 14.942895 -0.650000
v -27.208466 14.942895 -0.650000
v 0.922567 -30.971231 -0.650000
v 0.922567 -30.971231 -0.650000
v 1.092894 -30.919563 -0.650000
v 1.092894 -30.919563 -0.650000
v 1.092894 -30.919563 -0.650000
v 25.290028 -16.991190 -0.650000
v 25.290028 -16.991190 -0.650000
v 25.290028 -16.991190 -0.650000
v 25.372910 -16.953636 -0.650000
v 25.372910 -16.953636 -0.650000
v 25.081797 -17.069563 -0.650000
v 25.081797 -17.069563 -0.650000
v 25.081797 -17.069563 -0.650000
v 1.301124 -30.841190 -0.650000
v 1.301124 -30.841190 -0.650000
v 1.301124 -30.841190 -0.650000
v 1.503782 -30.749369 -0.650000
v 1.503782 -30.749369 -0.650000
v 1.503782 -30.749369 -0.650000
v 24.868887 -17.134148 -0.650000
v 24.868887 -17.134148 -0.650000
v 24.868887 -17.134148 -0.650000
v 1.700000 -30.644487 -0.650000
v 1.700000 -30.644487 -0.650000
v 1.700000 -30.644487 -0.650000
v 24.652210 -17.184669 -0.650000
v 24.652210 -17.184669 -0.650000
v 24.652210 -17.184669 -0.650000
v 1.888939 -30.526997 -0.650000
v 1.888939 -30.526997 -0.650000
v 1.888939 -30.526997 -0.650000
v 2.069789 -30.397402 -0.650000
v 2.069789 -30.397402 -0.650000
v 2.069789 -30.397402 -0.650000
v 24.432692 -17.220913 -0.650000
v 24.432692 -17.220913 -0.650000
v 24.432692 -17.220913 -0.650000
v 24.211273 -17.242722 -0.650000
v 24.211273 -17.242722 -0.650000
v 24.211273 -17.242722 -0.650000
v 2.241776 -30.256256 -0.650000
v 2.241776 -30.256256 -0.650000
v 2.241776 -30.256256 -0.650000
v 2.404163 -30.104164 -0.650000
v 2.404163 -30.104164 -0.650000
v 2.404163 -30.104164 -0.650000
v 23.988903 -17.250000 -0.650000
v 23.988903 -17.250000 -0.650000
v 23.988903 -17.250000 -0.650000
v 23.766533 -17.242722 -0.650000
v 23.766533 -17.242722 -0.650000
v 23.766533 -17.242722 -0.650000
v 2.556255 -29.941776 -0.650000
v 2.556255 -29.941776 -0.650000
v 2.556255 -29.941776 -0.650000
v 2.697401 -29.769791 -0.650000
v 2.697401 -29.769791 -0.650000
v 2.697401 -29.769791 -0.650000
v 23.545115 -17.220913 -0.650000
v 23.545115 -17.220913 -0.650000
v 23.545115 -17.220913 -0.650000
v 23.325596 -17.184669 -0.650000
v 23.325596 -17.184669 -0.650000
v 23.325596 -17.184669 -0.650000
v 2.826997 -29.588940 -0.650000
v 2.826997 -29.588940 -0.650000
v 2.826997 -29.588940 -0.650000
v 2.944486 -29.400002 -0.650000
v 2.944486 -29.400002 -0.650000
v 2.944486 -29.400002 -0.650000
v 23.108919 -17.134148 -0.650000
v 23.108919 -17.134148 -0.650000
v 23.108919 -17.134148 -0.650000
v 22.896009 -17.069563 -0.650000
v 22.896009 -17.069563 -0.650000
v 22.896009 -17.069563 -0.650000
v 3.049367 -29.203783 -0.650000
v 3.049367 -29.203783 -0.650000
v 3.049367 -29.203783 -0.650000
v 3.141190 -29.001125 -0.650000
v 3.141190 -29.001125 -0.650000
v 3.141190 -29.001125 -0.650000
v 3.141190 -29.001125 -0.650000
v 22.687778 -16.991190 -0.650000
v 22.687778 -16.991190 -0.650000
v 22.687778 -16.991190 -0.650000
v 22.687778 -16.991190 -0.650000
v 22.485121 -16.899368 -0.650000
v 22.485121 -16.899368 -0.650000
v 22.485121 -16.899368 -0.650000
v 3.219563 -28.792894 -0.650000
v 3.219563 -28.792894 -0.650000
v 3.219563 -28.792894 -0.650000
v 3.284148 -28.579985 -0.650000
v 3.284148 -28.579985 -0.650000
v 3.284148 -28.579985 -0.650000
v 22.288902 -16.794487 -0.650000
v 22.288902 -16.794487 -0.650000
v 22.288902 -16.794487 -0.650000
v 22.099964 -16.676998 -0.650000
v 22.099964 -16.676998 -0.650000
v 22.099964 -16.676998 -0.650000
v 3.334670 -28.363308 -0.650000
v 3.334670 -28.363308 -0.650000
v 3.334670 -28.363308 -0.650000
v 3.370913 -28.143789 -0.650000
v 3.370913 -28.143789 -0.650000
v 3.370913 -28.143789 -0.650000
v 21.919113 -16.547401 -0.650000
v 21.919113 -16.547401 -0.650000
v 21.919113 -16.547401 -0.650000
v 21.747128 -16.406256 -0.650000
v 21.747128 -16.406256 -0.650000
v 21.747128 -16.406256 -0.650000
v 3.392720 -27.922371 -0.650000
v 3.392720 -27.922371 -0.650000
v 3.392720 -27.922371 -0.650000
v 3.400000 -27.700001 -0.650000
v 3.400000 -27.700001 -0.650000
v 3.400000 -27.700001 -0.650000
v 21.584740 -16.254164 -0.650000
v 21.584740 -16.254164 -0.650000
v 21.584740 -16.254164 -0.650000
v 21.432648 -16.091776 -0.650000
v 21.432648 -16.091776 -0.650000
v 21.432648 -16.091776 -0.650000
v 3.392720 -27.477631 -0.650000
v 3.392720 -27.477631 -0.650000
v 3.392720 -27.477631 -0.650000
v 3.370913 -27.256212 -0.650000
v 3.370913 -27.256212 -0.650000
v 3.370913 -27.256212 -0.650000
v 21.291502 -15.919789 -0.650000
v 21.291502 -15.919789 -0.650000
v 21.291502 -15.919789 -0.650000
v 21.291502 -15.919789 -0.650000
v 21.161907 -15.738939 -0.650000
v 21.161907 -15.738939 -0.650000
v 21.161907 -15.738939 -0.650000
v 3.334670 -27.036694 -0.650000
v 3.334670 -27.036694 -0.650000
v 3.334670 -27.036694 -0.650000
v 3.284148 -26.820017 -0.650000
v 3.284148 -26.820017 -0.650000
v 3.284148 -26.820017 -0.650000
v 21.044416 -15.550000 -0.650000
v 21.044416 -15.550000 -0.650000
v 21.044416 -15.550000 -0.650000
v 20.939535 -15.353782 -0.650000
v 20.939535 -15.353782 -0.650000
v 20.939535 -15.353782 -0.650000
v 3.219563 -26.607107 -0.650000
v 3.219563 -26.607107 -0.650000
v 3.219563 -26.607107 -0.650000
v 3.219563 -26.607107 -0.650000
v 3.141190 -26.398876 -0.650000
v 3.141190 -26.398876 -0.650000
v 3.141190 -26.398876 -0.650000
v 20.847713 -15.151124 -0.650000
v 20.847713 -15.151124 -0.650000
v 20.847713 -15.151124 -0.650000
v 20.847713 -15.151124 -0.650000
v 20.769341 -14.942895 -0.650000
v 20.769341 -14.942895 -0.650000
v 20.769341 -14.942895 -0.650000
v 3.049367 -26.196218 -0.650000
v 3.049367 -26.196218 -0.650000
v 3.049367 -26.196218 -0.650000
v 2.944486 -26.000000 -0.650000
v 2.944486 -26.000000 -0.650000
v 2.944486 -26.000000 -0.650000
v 20.704756 -14.729985 -0.650000
v 20.704756 -14.729985 -0.650000
v 20.704756 -14.729985 -0.650000
v 20.654234 -14.513308 -0.650000
v 20.654234 -14.513308 -0.650000
v 20.654234 -14.513308 -0.650000
v 2.826997 -25.811062 -0.650000
v 2.826997 -25.811062 -0.650000
v 2.826997 -25.811062 -0.650000
v 2.697401 -25.630211 -0.650000
v 2.697401 -25.630211 -0.650000
v 2.697401 -25.630211 -0.650000
v 20.617990 -14.293790 -0.650000
v 20.617990 -14.293790 -0.650000
v 20.617990 -14.293790 -0.650000
v 20.596182 -14.072371 -0.650000
v 20.596182 -14.072371 -0.650000
v 20.596182 -14.072371 -0.650000
v 2.556255 -25.458225 -0.650000
v 2.556255 -25.458225 -0.650000
v 2.556255 -25.458225 -0.650000
v 2.404163 -25.295837 -0.650000
v 2.404163 -25.295837 -0.650000
v 2.404163 -25.295837 -0.650000
v 20.588903 -13.850000 -0.650000
v 20.588903 -13.850000 -0.650000
v 20.588903 -13.850000 -0.650000
v 19.788977 -13.222571 -0.650000
v 19.788977 -13.222571 -0.650000
v 19.788977 -13.222571 -0.650000
v 19.788977 -13.222571 -0.650000
v 20.591881 -13.759054 -0.650000
v 20.591881 -13.759054 -0.650000
v 19.345751 -13.862970 -0.650000
v 19.345751 -13.862970 -0.650000
v 19.345751 -13.862970 -0.650000
v 2.241776 -25.143745 -0.650000
v 2.241776 -25.143745 -0.650000
v 2.241776 -25.143745 -0.650000
v 2.069789 -25.002600 -0.650000
v 2.069789 -25.002600 -0.650000
v 2.069789 -25.002600 -0.650000
v 18.881809 -14.488522 -0.650000
v 18.881809 -14.488522 -0.650000
v 18.881809 -14.488522 -0.650000
v 1.888939 -24.873005 -0.650000
v 1.888939 -24.873005 -0.650000
v 1.888939 -24.873005 -0.650000
v 1.700000 -24.755514 -0.650000
v 1.700000 -24.755514 -0.650000
v 1.700000 -24.755514 -0.650000
v 18.397648 -15.098561 -0.650000
v 18.397648 -15.098561 -0.650000
v 18.397648 -15.098561 -0.650000
v 17.893785 -15.692431 -0.650000
v 17.893785 -15.692431 -0.650000
v 17.893785 -15.692431 -0.650000
v 17.370764 -16.269497 -0.650000
v 17.370764 -16.269497 -0.650000
v 17.370764 -16.269497 -0.650000
v 17.370764 -16.269497 -0.650000
v 16.829140 -16.829140 -0.650000
v 16.829140 -16.829140 -0.650000
v 16.829140 -16.829140 -0.650000
v 16.269497 -17.370764 -0.650000
v 16.269497 -17.370764 -0.650000
v 16.269497 -17.370764 -0.650000
v 15.692431 -17.893785 -0.650000
v 15.692431 -17.893785 -0.650000
v 15.692431 -17.893785 -0.650000
v 15.098561 -18.397648 -0.650000
v 15.098561 -18.397648 -0.650000
v 15.098561 -18.397648 -0.650000
v 14.488522 -18.881809 -0.650000
v 14.488522 -18.881809 -0.650000
v 14.488522 -18.881809 -0.650000
v 13.862970 -19.345751 -0.650000
v 13.862970 -19.345751 -0.650000
v 13.862970 -19.345751 -0.650000
v 13.222571 -19.788977 -0.650000
v 13.222571 -19.788977 -0.650000
v 13.222571 -19.788977 -0.650000
v 12.568014 -20.211010 -0.650000
v 12.568014 -20.211010 -0.650000
v 12.568014 -20.211010 -0.650000
v 11.900000 -20.611404 -0.650000
v 11.900000 -20.611404 -0.650000
v 11.900000 -20.611404 -0.650000
v 11.219242 -20.989725 -0.650000
v 11.219242 -20.989725 -0.650000
v 11.219242 -20.989725 -0.650000
v 10.526470 -21.345572 -0.650000
v 10.526470 -21.345572 -0.650000
v 10.526470 -21.345572 -0.650000
v 9.822428 -21.678558 -0.650000
v 9.822428 -21.678558 -0.650000
v 9.822428 -21.678558 -0.650000
v 9.107866 -21.988331 -0.650000
v 9.107866 -21.988331 -0.650000
v 9.107866 -21.988331 -0.650000
v 8.383552 -22.274561 -0.650000
v 8.383552 -22.274561 -0.650000
v 8.383552 -22.274561 -0.650000
v 7.650259 -22.536936 -0.650000
v 7.650259 -22.536936 -0.650000
v 7.650259 -22.536936 -0.650000
v 6.908775 -22.775179 -0.650000
v 6.908775 -22.775179 -0.650000
v 6.908775 -22.775179 -0.650000
v 1.503782 -24.650633 -0.650000
v 1.503782 -24.650633 -0.650000
v 1.503782 -24.650633 -0.650000
v 6.159893 -22.989033 -0.650000
v 6.159893 -22.989033 -0.650000
v 6.159893 -22.989033 -0.650000
v 1.301124 -24.558811 -0.650000
v 1.301124 -24.558811 -0.650000
v 1.301124 -24.558811 -0.650000
v 5.404415 -23.178270 -0.650000
v 5.404415 -23.178270 -0.650000
v 5.404415 -23.178270 -0.650000
v 1.092894 -24.480438 -0.650000
v 1.092894 -24.480438 -0.650000
v 1.092894 -24.480438 -0.650000
v 4.643149 -23.342688 -0.650000
v 4.643149 -23.342688 -0.650000
v 4.643149 -23.342688 -0.650000
v 0.879985 -24.415854 -0.650000
v 0.879985 -24.415854 -0.650000
v 0.879985 -24.415854 -0.650000
v 3.876912 -23.482111 -0.650000
v 3.876912 -23.482111 -0.650000
v 3.876912 -23.482111 -0.650000
v 0.663307 -24.365332 -0.650000
v 0.663307 -24.365332 -0.650000
v 0.663307 -24.365332 -0.650000
v 3.106524 -23.596388 -0.650000
v 3.106524 -23.596388 -0.650000
v 3.106524 -23.596388 -0.650000
v 0.443789 -24.329088 -0.650000
v 0.443789 -24.329088 -0.650000
v 0.443789 -24.329088 -0.650000
v 2.332808 -23.685396 -0.650000
v 2.332808 -23.685396 -0.650000
v 2.332808 -23.685396 -0.650000
v 0.222371 -24.307280 -0.650000
v 0.222371 -24.307280 -0.650000
v 0.222371 -24.307280 -0.650000
v 1.556594 -23.749043 -0.650000
v 1.556594 -23.749043 -0.650000
v 1.556594 -23.749043 -0.650000
v 0.000000 -24.300001 -0.650000
v 0.000000 -24.300001 -0.650000
v 0.000000 -24.300001 -0.650000
v 0.778714 -23.787256 -0.650000
v 0.778714 -23.787256 -0.650000
v 0.778714 -23.787256 -0.650000
v -0.222371 -24.307280 -0.650000
v -0.222371 -24.307280 -0.650000
v -0.222371 -24.307280 -0.650000
v 0.000000 -23.799999 -0.650000
v 0.000000 -23.799999 -0.650000
v 0.000000 -23.799999 -0.650000
v -0.443789 -24.329088 -0.650000
v -0.443789 -24.329088 -0.650000
v -0.443789 -24.329088 -0.650000
v -0.778714 -23.787256 -0.650000
v -0.778714 -23.787256 -0.650000
v -0.778714 -23.787256 -0.650000
v -0.663307 -24.365332 -0.650000
v -0.663307 -24.365332 -0.650000
v -0.663307 -24.365332 -0.650000
v -1.556594 -23.749043 -0.650000
v -1.556594 -23.749043 -0.650000
v -1.556594 -23.749043 -0.650000
v -0.879985 -24.415854 -0.650000
v -0.879985 -24.415854 -0.650000
v -0.879985 -24.415854 -0.650000
v -2.332808 -23.685396 -0.650000
v -2.332808 -23.685396 -0.650000
v -2.332808 -23.685396 -0.650000
v -1.092894 -24.480438 -0.650000
v -1.092894 -24.480438 -0.650000
v -1.092894 -24.480438 -0.650000
v -3.106524 -23.596388 -0.650000
v -3.106524 -23.596388 -0.650000
v -3.106524 -23.596388 -0.650000
v -1.301124 -24.558811 -0.650000
v -1.301124 -24.558811 -0.650000
v -1.301124 -24.558811 -0.650000
v -3.876912 -23.482111 -0.650000
v -3.876912 -23.482111 -0.650000
v -3.876912 -23.482111 -0.650000
v -1.503782 -24.650633 -0.650000
v -1.503782 -24.650633 -0.650000
v -1.503782 -24.650633 -0.650000
v -4.643149 -23.342688 -0.650000
v -4.643149 -23.342688 -0.650000
v -4.643149 -23.342688 -0.650000
v -1.700000 -24.755514 -0.650000
v -1.700000 -24.755514 -0.650000
v -1.700000 -24.755514 -0.650000
v -5.404415 -23.178270 -0.650000
v -5.404415 -23.178270 -0.650000
v -5.404415 -23.178270 -0.650000
v -1.888939 -24.873005 -0.650000
v -1.888939 -24.873005 -0.650000
v -1.888939 -24.873005 -0.650000
v -6.159893 -22.989033 -0.650000
v -6.159893 -22.989033 -0.650000
v -6.159893 -22.989033 -0.650000
v -2.069789 -25.002600 -0.650000
v -2.069789 -25.002600 -0.650000
v -2.069789 -25.002600 -0.650000
v -6.908775 -22.775179 -0.650000
v -6.908775 -22.775179 -0.650000
v -6.908775 -22.775179 -0.650000
v -2.241776 -25.143745 -0.650000
v -2.241776 -25.143745 -0.650000
v -2.241776 -25.143745 -0.650000
v -7.650259 -22.536936 -0.650000
v -7.650259 -22.536936 -0.650000
v -7.650259 -22.536936 -0.650000
v -2.404163 -25.295837 -0.650000
v -2.404163 -25.295837 -0.650000
v -2.404163 -25.295837 -0.650000
v -8.383552 -22.274561 -0.650000
v -8.383552 -22.274561 -0.650000
v -8.383552 -22.274561 -0.650000
v -2.556255 -25.458225 -0.650000
v -2.556255 -25.458225 -0.650000
v -2.556255 -25.458225 -0.650000
v -9.107866 -21.988331 -0.650000
v -9.107866 -21.988331 -0.650000
v -9.107866 -21.988331 -0.650000
v -2.697401 -25.630211 -0.650000
v -2.697401 -25.630211 -0.650000
v -2.697401 -25.630211 -0.650000
v -9.822428 -21.678558 -0.650000
v -9.822428 -21.678558 -0.650000
v -9.822428 -21.678558 -0.650000
v -2.826997 -25.811062 -0.650000
v -2.826997 -25.811062 -0.650000
v -2.826997 -25.811062 -0.650000
v -10.526470 -21.345572 -0.650000
v -10.526470 -21.345572 -0.650000
v -10.526470 -21.345572 -0.650000
v -2.944486 -26.000000 -0.650000
v -2.944486 -26.000000 -0.650000
v -2.944486 -26.000000 -0.650000
v -11.219242 -20.989725 -0.650000
v -11.219242 -20.989725 -0.650000
v -11.219242 -20.989725 -0.650000
v -3.049367 -26.196218 -0.650000
v -3.049367 -26.196218 -0.650000
v -3.049367 -26.196218 -0.650000
v -11.900000 -20.611404 -0.650000
v -11.900000 -20.611404 -0.650000
v -11.900000 -20.611404 -0.650000
v -3.141190 -26.398876 -0.650000
v -3.141190 -26.398876 -0.650000
v -3.141190 -26.398876 -0.650000
v -12.568014 -20.211010 -0.650000
v -12.568014 -20.211010 -0.650000
v -12.568014 -20.211010 -0.650000
v -3.219563 -26.607107 -0.650000
v -3.219563 -26.607107 -0.650000
v -3.219563 -26.607107 -0.650000
v -3.219563 -26.607107 -0.650000
v -13.222571 -19.788977 -0.650000
v -13.222571 -19.788977 -0.650000
v -13.222571 -19.788977 -0.650000
v -3.284148 -26.820017 -0.650000
v -3.284148 -26.820017 -0.650000
v -3.284148 -26.820017 -0.650000
v -13.862970 -19.345751 -0.650000
v -13.862970 -19.345751 -0.650000
v -13.862970 -19.345751 -0.650000
v -3.334670 -27.036694 -0.650000
v -3.334670 -27.036694 -0.650000
v -3.334670 -27.036694 -0.650000
v -3.370913 -27.256212 -0.650000
v -3.370913 -27.256212 -0.650000
v -3.370913 -27.256212 -0.650000
v -3.392720 -27.477631 -0.650000
v -3.392720 -27.477631 -0.650000
v -3.392720 -27.477631 -0.650000
v -14.488522 -18.881809 -0.650000
v -14.488522 -18.881809 -0.650000
v -14.488522 -18.881809 -0.650000
v -3.400000 -27.700001 -0.650000
v -3.400000 -27.700001 -0.650000
v -3.400000 -27.700001 -0.650000
v -15.098561 -18.397648 -0.650000
v -15.098561 -18.397648 -0.650000
v -15.098561 -18.397648 -0.650000
v -3.392720 -27.922371 -0.650000
v -3.392720 -27.922371 -0.650000
v -3.392720 -27.922371 -0.650000
v -3.370913 -28.143789 -0.650000
v -3.370913 -28.143789 -0.650000
v -3.370913 -28.143789 -0.650000
v -3.334670 -28.363308 -0.650000
v -3.334670 -28.363308 -0.650000
v -3.334670 -28.363308 -0.650000
v -3.284148 -28.579985 -0.650000
v -3.284148 -28.579985 -0.650000
v -3.284148 -28.579985 -0.650000
v -3.219563 -28.792894 -0.650000
v -3.219563 -28.792894 -0.650000
v -3.219563 -28.792894 -0.650000
v -15.692431 -17.893785 -0.650000
v -15.692431 -17.893785 -0.650000
v -15.692431 -17.893785 -0.650000
v -3.141190 -29.001125 -0.650000
v -3.141190 -29.001125 -0.650000
v -3.141190 -29.001125 -0.650000
v -3.141190 -29.001125 -0.650000
v -3.049367 -29.203783 -0.650000
v -3.049367 -29.203783 -0.650000
v -3.049367 -29.203783 -0.650000
v -2.944486 -29.400002 -0.650000
v -2.944486 -29.400002 -0.650000
v -2.944486 -29.400002 -0.650000
v -2.826997 -29.588940 -0.650000
v -2.826997 -29.588940 -0.650000
v -2.826997 -29.588940 -0.650000
v -2.697401 -29.769791 -0.650000
v -2.697401 -29.769791 -0.650000
v -2.697401 -29.769791 -0.650000
v -16.269497 -17.370764 -0.650000
v -16.269497 -17.370764 -0.650000
v -16.269497 -17.370764 -0.650000
v -2.556255 -29.941776 -0.650000
v -2.556255 -29.941776 -0.650000
v -2.556255 -29.941776 -0.650000
v -2.404163 -30.104164 -0.650000
v -2.404163 -30.104164 -0.650000
v -2.404163 -30.104164 -0.650000
v -2.241776 -30.256256 -0.650000
v -2.241776 -30.256256 -0.650000
v -2.241776 -30.256256 -0.650000
v -0.222371 -31.092722 -0.650000
v -0.222371 -31.092722 -0.650000
v -0.222371 -31.092722 -0.650000
v 0.000000 -31.100000 -0.650000
v 0.000000 -31.100000 -0.650000
v 0.000000 -31.100000 -0.650000
v -30.526997 -1.888939 -0.650000
v -30.526997 -1.888939 -0.650000
v -30.526997 -1.888939 -0.650000
v -30.397402 -2.069789 -0.650000
v -30.397402 -2.069789 -0.650000
v -30.397402 -2.069789 -0.650000
v -30.397402 -2.069789 -0.650000
v -0.443789 -31.070913 -0.650000
v -0.443789 -31.070913 -0.650000
v -0.443789 -31.070913 -0.650000
v -30.256256 -2.241776 -0.650000
v -30.256256 -2.241776 -0.650000
v -30.256256 -2.241776 -0.650000
v -0.663307 -31.034670 -0.650000
v -0.663307 -31.034670 -0.650000
v -0.663307 -31.034670 -0.650000
v -30.104164 -2.404163 -0.650000
v -30.104164 -2.404163 -0.650000
v -30.104164 -2.404163 -0.650000
v -29.941776 -2.556255 -0.650000
v -29.941776 -2.556255 -0.650000
v -29.941776 -2.556255 -0.650000
v -0.879985 -30.984148 -0.650000
v -0.879985 -30.984148 -0.650000
v -0.879985 -30.984148 -0.650000
v -1.092894 -30.919563 -0.650000
v -1.092894 -30.919563 -0.650000
v -1.092894 -30.919563 -0.650000
v -29.769791 -2.697401 -0.650000
v -29.769791 -2.697401 -0.650000
v -29.769791 -2.697401 -0.650000
v -1.301124 -30.841190 -0.650000
v -1.301124 -30.841190 -0.650000
v -1.301124 -30.841190 -0.650000
v -1.503782 -30.749369 -0.650000
v -1.503782 -30.749369 -0.650000
v -1.503782 -30.749369 -0.650000
v -29.588940 -2.826997 -0.650000
v -29.588940 -2.826997 -0.650000
v -29.588940 -2.826997 -0.650000
v -29.400002 -2.944486 -0.650000
v -29.400002 -2.944486 -0.650000
v -29.400002 -2.944486 -0.650000
v -1.700000 -30.644487 -0.650000
v -1.700000 -30.644487 -0.650000
v -1.700000 -30.644487 -0.650000
v -1.888939 -30.526997 -0.650000
v -1.888939 -30.526997 -0.650000
v -1.888939 -30.526997 -0.650000
v -29.203783 -3.049367 -0.650000
v -29.203783 -3.049367 -0.650000
v -29.203783 -3.049367 -0.650000
v -29.001125 -3.141190 -0.650000
v -29.001125 -3.141190 -0.650000
v -29.001125 -3.141190 -0.650000
v -29.001125 -3.141190 -0.650000
v -2.069789 -30.397402 -0.650000
v -2.069789 -30.397402 -0.650000
v -2.069789 -30.397402 -0.650000
v -28.792894 -3.219563 -0.650000
v -28.792894 -3.219563 -0.650000
v -28.792894 -3.219563 -0.650000
v -28.579985 -3.284148 -0.650000
v -28.579985 -3.284148 -0.650000
v -28.579985 -3.284148 -0.650000
v -16.829140 -16.829140 -0.650000
v -16.829140 -16.829140 -0.650000
v -16.829140 -16.829140 -0.650000
v -28.363308 -3.334670 -0.650000
v -28.363308 -3.334670 -0.650000
v -28.363308 -3.334670 -0.650000
v -28.143789 -3.370913 -0.650000
v -28.143789 -3.370913 -0.650000
v -28.143789 -3.370913 -0.650000
v -17.370764 -16.269497 -0.650000
v -17.370764 -16.269497 -0.650000
v -17.370764 -16.269497 -0.650000
v -17.370764 -16.269497 -0.650000
v -17.893785 -15.692431 -0.650000
v -17.893785 -15.692431 -0.650000
v -17.893785 -15.692431 -0.650000
v -27.922371 -3.392720 -0.650000
v -27.922371 -3.392720 -0.650000
v -27.922371 -3.392720 -0.650000
v -27.700001 -3.400000 -0.650000
v -27.700001 -3.400000 -0.650000
v -27.700001 -3.400000 -0.650000
v -18.397648 -15.098561 -0.650000
v -18.397648 -15.098561 -0.650000
v -18.397648 -15.098561 -0.650000
v -18.881809 -14.488522 -0.650000
v -18.881809 -14.488522 -0.650000
v -18.881809 -14.488522 -0.650000
v -27.477631 -3.392720 -0.650000
v -27.477631 -3.392720 -0.650000
v -27.477631 -3.392720 -0.650000
v -27.256212 -3.370913 -0.650000
v -27.256212 -3.370913 -0.650000
v -27.256212 -3.370913 -0.650000
v -19.345751 -13.862970 -0.650000
v -19.345751 -13.862970 -0.650000
v -19.345751 -13.862970 -0.650000
v -19.788977 -13.222571 -0.650000
v -19.788977 -13.222571 -0.650000
v -19.788977 -13.222571 -0.650000
v -19.788977 -13.222571 -0.650000
v -27.036694 -3.334670 -0.650000
v -27.036694 -3.334670 -0.650000
v -27.036694 -3.334670 -0.650000
v -26.820017 -3.284148 -0.650000
v -26.820017 -3.284148 -0.650000
v -26.820017 -3.284148 -0.650000
v -20.211010 -12.568014 -0.650000
v -20.211010 -12.568014 -0.650000
v -20.211010 -12.568014 -0.650000
v -26.607107 -3.219563 -0.650000
v -26.607107 -3.219563 -0.650000
v -26.607107 -3.219563 -0.650000
v -20.611404 -11.900000 -0.650000
v -20.611404 -11.900000 -0.650000
v -20.611404 -11.900000 -0.650000
v -26.398876 -3.141190 -0.650000
v -26.398876 -3.141190 -0.650000
v -26.398876 -3.141190 -0.650000
v -20.989725 -11.219242 -0.650000
v -20.989725 -11.219242 -0.650000
v -20.989725 -11.219242 -0.650000
v -26.196218 -3.049367 -0.650000
v -26.196218 -3.049367 -0.650000
v -26.196218 -3.049367 -0.650000
v -21.345572 -10.526470 -0.650000
v -21.345572 -10.526470 -0.650000
v -21.345572 -10.526470 -0.650000
v -26.000000 -2.944486 -0.650000
v -26.000000 -2.944486 -0.650000
v -26.000000 -2.944486 -0.650000
v -21.678558 -9.822428 -0.650000
v -21.678558 -9.822428 -0.650000
v -21.678558 -9.822428 -0.650000
v -25.811062 -2.826997 -0.650000
v -25.811062 -2.826997 -0.650000
v -25.811062 -2.826997 -0.650000
v -21.988331 -9.107866 -0.650000
v -21.988331 -9.107866 -0.650000
v -21.988331 -9.107866 -0.650000
v -25.630211 -2.697401 -0.650000
v -25.630211 -2.697401 -0.650000
v -25.630211 -2.697401 -0.650000
v -22.274561 -8.383552 -0.650000
v -22.274561 -8.383552 -0.650000
v -22.274561 -8.383552 -0.650000
v -25.458225 -2.556255 -0.650000
v -25.458225 -2.556255 -0.650000
v -25.458225 -2.556255 -0.650000
v -22.536936 -7.650259 -0.650000
v -22.536936 -7.650259 -0.650000
v -22.536936 -7.650259 -0.650000
v -25.295837 -2.404163 -0.650000
v -25.295837 -2.404163 -0.650000
v -25.295837 -2.404163 -0.650000
v -22.775179 -6.908775 -0.650000
v -22.775179 -6.908775 -0.650000
v -22.775179 -6.908775 -0.650000
v -25.143745 -2.241776 -0.650000
v -25.143745 -2.241776 -0.650000
v -25.143745 -2.241776 -0.650000
v -22.989033 -6.159893 -0.650000
v -22.989033 -6.159893 -0.650000
v -22.989033 -6.159893 -0.650000
v -25.002600 -2.069789 -0.650000
v -25.002600 -2.069789 -0.650000
v -25.002600 -2.069789 -0.650000
v -23.178270 -5.404415 -0.650000
v -23.178270 -5.404415 -0.650000
v -23.178270 -5.404415 -0.650000
v -24.873005 -1.888939 -0.650000
v -24.873005 -1.888939 -0.650000
v -24.873005 -1.888939 -0.650000
v -23.342688 -4.643149 -0.650000
v -23.342688 -4.643149 -0.650000
v -23.342688 -4.643149 -0.650000
v -24.755514 -1.700000 -0.650000
v -24.755514 -1.700000 -0.650000
v -24.755514 -1.700000 -0.650000
v -23.482111 -3.876912 -0.650000
v -23.482111 -3.876912 -0.650000
v -23.482111 -3.876912 -0.650000
v -24.650633 -1.503782 -0.650000
v -24.650633 -1.503782 -0.650000
v -24.650633 -1.503782 -0.650000
v -23.596388 -3.106524 -0.650000
v -23.596388 -3.106524 -0.650000
v -23.596388 -3.106524 -0.650000
v -24.558811 -1.301124 -0.650000
v -24.558811 -1.301124 -0.650000
v -24.558811 -1.301124 -0.650000
v -24.558811 -1.301124 -0.650000
v -23.685396 -2.332808 -0.650000
v -23.685396 -2.332808 -0.650000
v -23.685396 -2.332808 -0.650000
v -24.480438 -1.092894 -0.650000
v -24.480438 -1.092894 -0.650000
v -24.480438 -1.092894 -0.650000
v -23.749043 -1.556594 -0.650000
v -23.749043 -1.556594 -0.650000
v -23.749043 -1.556594 -0.650000
v -24.415854 -0.879985 -0.650000
v -24.415854 -0.879985 -0.650000
v -24.415854 -0.879985 -0.650000
v -23.787256 -0.778714 -0.650000
v -23.787256 -0.778714 -0.650000
v -23.787256 -0.778714 -0.650000
v -24.365332 -0.663307 -0.650000
v -24.365332 -0.663307 -0.650000
v -24.365332 -0.663307 -0.650000
v -24.307280 -0.222371 -0.650000
v -24.307280 -0.222371 -0.650000
v -24.307280 -0.222371 -0.650000
v -24.329088 -0.443789 -0.650000
v -24.329088 -0.443789 -0.650000
v -24.329088 -0.443789 -0.650000
v 0.879985 -30.984148 -0.650000
v 0.879985 -30.984148 -0.650000
v 0.879985 -30.984148 -0.650000
v 0.222371 -31.092722 -0.650000
v 0.222371 -31.092722 -0.650000
v 0.222371 -31.092722 -0.650000
v 0.663307 -31.034670 -0.650000
v 0.663307 -31.034670 -0.650000
v 0.663307 -31.034670 -0.650000
v 0.443789 -31.070913 -0.650000
v 0.443789 -31.070913 -0.650000
v 0.443789 -31.070913 -0.650000
v 25.492685 -16.899368 -0.650000
v 25.492685 -16.899368 -0.650000
v 25.492685 -16.899368 -0.650000
v 30.919563 -1.092894 -0.650000
v 30.919563 -1.092894 -0.650000
v 30.919563 -1.092894 -0.650000
v 30.964439 -0.944958 -0.650000
v 30.964439 -0.944958 -0.650000
v 30.841190 -1.301124 -0.650000
v 30.841190 -1.301124 -0.650000
v 30.841190 -1.301124 -0.650000
v 25.688904 -16.794487 -0.650000
v 25.688904 -16.794487 -0.650000
v 25.688904 -16.794487 -0.650000
v 25.877842 -16.676998 -0.650000
v 25.877842 -16.676998 -0.650000
v 25.877842 -16.676998 -0.650000
v 30.749369 -1.503782 -0.650000
v 30.749369 -1.503782 -0.650000
v 30.749369 -1.503782 -0.650000
v 26.058693 -16.547401 -0.650000
v 26.058693 -16.547401 -0.650000
v 26.058693 -16.547401 -0.650000
v 26.230679 -16.406256 -0.650000
v 26.230679 -16.406256 -0.650000
v 26.230679 -16.406256 -0.650000
v 30.644487 -1.700000 -0.650000
v 30.644487 -1.700000 -0.650000
v 30.644487 -1.700000 -0.650000
v 26.393066 -16.254164 -0.650000
v 26.393066 -16.254164 -0.650000
v 26.393066 -16.254164 -0.650000
v 26.545158 -16.091776 -0.650000
v 26.545158 -16.091776 -0.650000
v 26.545158 -16.091776 -0.650000
v 30.526997 -1.888939 -0.650000
v 30.526997 -1.888939 -0.650000
v 30.526997 -1.888939 -0.650000
v 30.397402 -2.069789 -0.650000
v 30.397402 -2.069789 -0.650000
v 30.397402 -2.069789 -0.650000
v 30.397402 -2.069789 -0.650000
v 26.686304 -15.919789 -0.650000
v 26.686304 -15.919789 -0.650000
v 26.686304 -15.919789 -0.650000
v 26.815899 -15.738939 -0.650000
v 26.815899 -15.738939 -0.650000
v 26.815899 -15.738939 -0.650000
v 30.256256 -2.241776 -0.650000
v 30.256256 -2.241776 -0.650000
v 30.256256 -2.241776 -0.650000
v 30.104164 -2.404163 -0.650000
v 30.104164 -2.404163 -0.650000
v 30.104164 -2.404163 -0.650000
v 26.933390 -15.550000 -0.650000
v 26.933390 -15.550000 -0.650000
v 26.933390 -15.550000 -0.650000
v 27.038271 -15.353782 -0.650000
v 27.038271 -15.353782 -0.650000
v 27.038271 -15.353782 -0.650000
v 29.941776 -2.556255 -0.650000
v 29.941776 -2.556255 -0.650000
v 29.941776 -2.556255 -0.650000
v 29.769791 -2.697401 -0.650000
v 29.769791 -2.697401 -0.650000
v 29.769791 -2.697401 -0.650000
v 27.130093 -15.151124 -0.650000
v 27.130093 -15.151124 -0.650000
v 27.130093 -15.151124 -0.650000
v 29.588940 -2.826997 -0.650000
v 29.588940 -2.826997 -0.650000
v 29.588940 -2.826997 -0.650000
v 29.400002 -2.944486 -0.650000
v 29.400002 -2.944486 -0.650000
v 29.400002 -2.944486 -0.650000
v 27.208466 -14.942895 -0.650000
v 27.208466 -14.942895 -0.650000
v 27.208466 -14.942895 -0.650000
v 27.273050 -14.729985 -0.650000
v 27.273050 -14.729985 -0.650000
v 27.273050 -14.729985 -0.650000
v 29.203783 -3.049367 -0.650000
v 29.203783 -3.049367 -0.650000
v 29.203783 -3.049367 -0.650000
v 29.001125 -3.141190 -0.650000
v 29.001125 -3.141190 -0.650000
v 29.001125 -3.141190 -0.650000
v 27.323572 -14.513308 -0.650000
v 27.323572 -14.513308 -0.650000
v 27.323572 -14.513308 -0.650000
v 27.323572 -14.513308 -0.650000
v 27.359816 -14.293790 -0.650000
v 27.359816 -14.293790 -0.650000
v 27.359816 -14.293790 -0.650000
v 28.792894 -3.219563 -0.650000
v 28.792894 -3.219563 -0.650000
v 28.792894 -3.219563 -0.650000
v 28.792894 -3.219563 -0.650000
v 28.579985 -3.284148 -0.650000
v 28.579985 -3.284148 -0.650000
v 28.579985 -3.284148 -0.650000
v 27.381624 -14.072371 -0.650000
v 27.381624 -14.072371 -0.650000
v 27.381624 -14.072371 -0.650000
v 27.388903 -13.850000 -0.650000
v 27.388903 -13.850000 -0.650000
v 27.388903 -13.850000 -0.650000
v 28.363308 -3.334670 -0.650000
v 28.363308 -3.334670 -0.650000
v 28.363308 -3.334670 -0.650000
v 28.143789 -3.370913 -0.650000
v 28.143789 -3.370913 -0.650000
v 28.143789 -3.370913 -0.650000
v 27.381624 -13.627629 -0.650000
v 27.381624 -13.627629 -0.650000
v 27.381624 -13.627629 -0.650000
v 27.359816 -13.406211 -0.650000
v 27.359816 -13.406211 -0.650000
v 27.359816 -13.406211 -0.650000
v 27.922371 -3.392720 -0.650000
v 27.922371 -3.392720 -0.650000
v 27.922371 -3.392720 -0.650000
v 27.700001 -3.400000 -0.650000
v 27.700001 -3.400000 -0.650000
v 27.700001 -3.400000 -0.650000
v 27.323572 -13.186693 -0.650000
v 27.323572 -13.186693 -0.650000
v 27.323572 -13.186693 -0.650000
v 27.273050 -12.970016 -0.650000
v 27.273050 -12.970016 -0.650000
v 27.273050 -12.970016 -0.650000
v 27.477631 -3.392720 -0.650000
v 27.477631 -3.392720 -0.650000
v 27.477631 -3.392720 -0.650000
v 27.256212 -3.370913 -0.650000
v 27.256212 -3.370913 -0.650000
v 27.256212 -3.370913 -0.650000
v 27.208466 -12.757106 -0.650000
v 27.208466 -12.757106 -0.650000
v 27.208466 -12.757106 -0.650000
v 27.130093 -12.548877 -0.650000
v 27.130093 -12.548877 -0.650000
v 27.130093 -12.548877 -0.650000
v 27.036694 -3.334670 -0.650000
v 27.036694 -3.334670 -0.650000
v 27.036694 -3.334670 -0.650000
v 26.820017 -3.284148 -0.650000
v 26.820017 -3.284148 -0.650000
v 26.820017 -3.284148 -0.650000
v 27.038271 -12.346219 -0.650000
v 27.038271 -12.346219 -0.650000
v 27.038271 -12.346219 -0.650000
v 26.933390 -12.150001 -0.650000
v 26.933390 -12.150001 -0.650000
v 26.933390 -12.150001 -0.650000
v 26.607107 -3.219563 -0.650000
v 26.607107 -3.219563 -0.650000
v 26.607107 -3.219563 -0.650000
v 26.398876 -3.141190 -0.650000
v 26.398876 -3.141190 -0.650000
v 26.398876 -3.141190 -0.650000
v 26.815899 -11.961061 -0.650000
v 26.815899 -11.961061 -0.650000
v 26.815899 -11.961061 -0.650000
v 26.686304 -11.780211 -0.650000
v 26.686304 -11.780211 -0.650000
v 26.686304 -11.780211 -0.650000
v 26.196218 -3.049367 -0.650000
v 26.196218 -3.049367 -0.650000
v 26.196218 -3.049367 -0.650000
v 26.000000 -2.944486 -0.650000
v 26.000000 -2.944486 -0.650000
v 26.000000 -2.944486 -0.650000
v 26.545158 -11.608225 -0.650000
v 26.545158 -11.608225 -0.650000
v 26.545158 -11.608225 -0.650000
v 26.393066 -11.445837 -0.650000
v 26.393066 -11.445837 -0.650000
v 26.393066 -11.445837 -0.650000
v 25.811062 -2.826997 -0.650000
v 25.811062 -2.826997 -0.650000
v 25.811062 -2.826997 -0.650000
v 25.630211 -2.697401 -0.650000
v 25.630211 -2.697401 -0.650000
v 25.630211 -2.697401 -0.650000
v 26.230679 -11.293745 -0.650000
v 26.230679 -11.293745 -0.650000
v 26.230679 -11.293745 -0.650000
v 26.058693 -11.152599 -0.650000
v 26.058693 -11.152599 -0.650000
v 26.058693 -11.152599 -0.650000
v 25.458225 -2.556255 -0.650000
v 25.458225 -2.556255 -0.650000
v 25.458225 -2.556255 -0.650000
v 25.295837 -2.404163 -0.650000
v 25.295837 -2.404163 -0.650000
v 25.295837 -2.404163 -0.650000
v 25.143745 -2.241776 -0.650000
v 25.143745 -2.241776 -0.650000
v 25.143745 -2.241776 -0.650000
v 25.877842 -11.023004 -0.650000
v 25.877842 -11.023004 -0.650000
v 25.877842 -11.023004 -0.650000
v 25.002600 -2.069789 -0.650000
v 25.002600 -2.069789 -0.650000
v 25.002600 -2.069789 -0.650000
v 25.688904 -10.905514 -0.650000
v 25.688904 -10.905514 -0.650000
v 25.688904 -10.905514 -0.650000
v 24.873005 -1.888939 -0.650000
v 24.873005 -1.888939 -0.650000
v 24.873005 -1.888939 -0.650000
v 25.492685 -10.800632 -0.650000
v 25.492685 -10.800632 -0.650000
v 25.492685 -10.800632 -0.650000
v 24.755514 -1.700000 -0.650000
v 24.755514 -1.700000 -0.650000
v 24.755514 -1.700000 -0.650000
v 25.290028 -10.708810 -0.650000
v 25.290028 -10.708810 -0.650000
v 25.290028 -10.708810 -0.650000
v 24.650633 -1.503782 -0.650000
v 24.650633 -1.503782 -0.650000
v 24.650633 -1.503782 -0.650000
v 25.081797 -10.630438 -0.650000
v 25.081797 -10.630438 -0.650000
v 25.081797 -10.630438 -0.650000
v 24.558811 -1.301124 -0.650000
v 24.558811 -1.301124 -0.650000
v 24.558811 -1.301124 -0.650000
v 24.558811 -1.301124 -0.650000
v 24.868887 -10.565853 -0.650000
v 24.868887 -10.565853 -0.650000
v 24.868887 -10.565853 -0.650000
v 24.480438 -1.092894 -0.650000
v 24.480438 -1.092894 -0.650000
v 24.480438 -1.092894 -0.650000
v 24.652210 -10.515330 -0.650000
v 24.652210 -10.515330 -0.650000
v 24.652210 -10.515330 -0.650000
v 24.415854 -0.879985 -0.650000
v 24.415854 -0.879985 -0.650000
v 24.415854 -0.879985 -0.650000
v 24.432692 -10.479088 -0.650000
v 24.432692 -10.479088 -0.650000
v 24.432692 -10.479088 -0.650000
v 24.365332 -0.663307 -0.650000
v 24.365332 -0.663307 -0.650000
v 24.365332 -0.663307 -0.650000
v 24.211273 -10.457280 -0.650000
v 24.211273 -10.457280 -0.650000
v 24.211273 -10.457280 -0.650000
v 24.329088 -0.443789 -0.650000
v 24.329088 -0.443789 -0.650000
v 24.329088 -0.443789 -0.650000
v 23.988903 -10.450001 -0.650000
v 23.988903 -10.450001 -0.650000
v 23.988903 -10.450001 -0.650000
v 23.799999 0.000000 -0.650000
v 23.799999 0.000000 -0.650000
v 23.799999 0.000000 -0.650000
v 24.300001 0.000000 -0.650000
v 24.300001 0.000000 -0.650000
v 24.300001 0.000000 -0.650000
v 24.307280 -0.222371 -0.650000
v 24.307280 -0.222371 -0.650000
v 24.307280 -0.222371 -0.650000
v 23.766533 -10.457280 -0.650000
v 23.766533 -10.457280 -0.650000
v 23.766533 -10.457280 -0.650000
v 23.787256 -0.778714 -0.650000
v 23.787256 -0.778714 -0.650000
v 23.787256 -0.778714 -0.650000
v 23.749043 -1.556594 -0.650000
v 23.749043 -1.556594 -0.650000
v 23.749043 -1.556594 -0.650000
v 23.545115 -10.479088 -0.650000
v 23.545115 -10.479088 -0.650000
v 23.545115 -10.479088 -0.650000
v 23.325596 -10.515330 -0.650000
v 23.325596 -10.515330 -0.650000
v 23.325596 -10.515330 -0.650000
v 23.685396 -2.332808 -0.650000
v 23.685396 -2.332808 -0.650000
v 23.685396 -2.332808 -0.650000
v 23.596388 -3.106524 -0.650000
v 23.596388 -3.106524 -0.650000
v 23.596388 -3.106524 -0.650000
v 23.108919 -10.565853 -0.650000
v 23.108919 -10.565853 -0.650000
v 23.108919 -10.565853 -0.650000
v 22.896009 -10.630438 -0.650000
v 22.896009 -10.630438 -0.650000
v 22.896009 -10.630438 -0.650000
v 23.482111 -3.876912 -0.650000
v 23.482111 -3.876912 -0.650000
v 23.482111 -3.876912 -0.650000
v 23.342688 -4.643149 -0.650000
v 23.342688 -4.643149 -0.650000
v 23.342688 -4.643149 -0.650000
v 22.687778 -10.708810 -0.650000
v 22.687778 -10.708810 -0.650000
v 22.687778 -10.708810 -0.650000
v 22.485121 -10.800632 -0.650000
v 22.485121 -10.800632 -0.650000
v 22.485121 -10.800632 -0.650000
v 23.178270 -5.404415 -0.650000
v 23.178270 -5.404415 -0.650000
v 23.178270 -5.404415 -0.650000
v 22.288902 -10.905514 -0.650000
v 22.288902 -10.905514 -0.650000
v 22.288902 -10.905514 -0.650000
v 22.989033 -6.159893 -0.650000
v 22.989033 -6.159893 -0.650000
v 22.989033 -6.159893 -0.650000
v 22.099964 -11.023004 -0.650000
v 22.099964 -11.023004 -0.650000
v 22.099964 -11.023004 -0.650000
v 22.775179 -6.908775 -0.650000
v 22.775179 -6.908775 -0.650000
v 22.775179 -6.908775 -0.650000
v 21.919113 -11.152599 -0.650000
v 21.919113 -11.152599 -0.650000
v 21.919113 -11.152599 -0.650000
v 22.536936 -7.650259 -0.650000
v 22.536936 -7.650259 -0.650000
v 22.536936 -7.650259 -0.650000
v 21.747128 -11.293745 -0.650000
v 21.747128 -11.293745 -0.650000
v 21.747128 -11.293745 -0.650000
v 22.274561 -8.383552 -0.650000
v 22.274561 -8.383552 -0.650000
v 22.274561 -8.383552 -0.650000
v 21.584740 -11.445837 -0.650000
v 21.584740 -11.445837 -0.650000
v 21.584740 -11.445837 -0.650000
v 21.988331 -9.107866 -0.650000
v 21.988331 -9.107866 -0.650000
v 21.988331 -9.107866 -0.650000
v 21.432648 -11.608225 -0.650000
v 21.432648 -11.608225 -0.650000
v 21.432648 -11.608225 -0.650000
v 21.678558 -9.822428 -0.650000
v 21.678558 -9.822428 -0.650000
v 21.678558 -9.822428 -0.650000
v 21.291502 -11.780211 -0.650000
v 21.291502 -11.780211 -0.650000
v 21.291502 -11.780211 -0.650000
v 21.345572 -10.526470 -0.650000
v 21.345572 -10.526470 -0.650000
v 21.345572 -10.526470 -0.650000
v 21.161907 -11.961061 -0.650000
v 21.161907 -11.961061 -0.650000
v 21.161907 -11.961061 -0.650000
v 21.161907 -11.961061 -0.650000
v 20.989725 -11.219242 -0.650000
v 20.989725 -11.219242 -0.650000
v 20.989725 -11.219242 -0.650000
v 21.044416 -12.150001 -0.650000
v 21.044416 -12.150001 -0.650000
v 21.044416 -12.150001 -0.650000
v 20.611404 -11.900000 -0.650000
v 20.611404 -11.900000 -0.650000
v 20.611404 -11.900000 -0.650000
v 20.939535 -12.346219 -0.650000
v 20.939535 -12.346219 -0.650000
v 20.939535 -12.346219 -0.650000
v 20.211010 -12.568014 -0.650000
v 20.211010 -12.568014 -0.650000
v 20.211010 -12.568014 -0.650000
v 20.847713 -12.548877 -0.650000
v 20.847713 -12.548877 -0.650000
v 20.847713 -12.548877 -0.650000
v 20.596182 -13.627629 -0.650000
v 20.596182 -13.627629 -0.650000
v 20.596182 -13.627629 -0.650000
v 20.617990 -13.406211 -0.650000
v 20.617990 -13.406211 -0.650000
v 20.617990 -13.406211 -0.650000
v 20.769341 -12.757106 -0.650000
v 20.769341 -12.757106 -0.650000
v 20.769341 -12.757106 -0.650000
v 20.769341 -12.757106 -0.650000
v 20.704756 -12.970016 -0.650000
v 20.704756 -12.970016 -0.650000
v 20.704756 -12.970016 -0.650000
v 20.654234 -13.186693 -0.650000
v 20.654234 -13.186693 -0.650000
v 20.654234 -13.186693 -0.650000
v -0.879985 30.984148 -0.650000
v -0.879985 30.984148 -0.650000
v -0.879985 30.984148 -0.650000
v -0.922567 30.971231 -0.650000
v -0.922567 30.971231 -0.650000
v -1.020835 31.183296 -0.650000
v -1.020835 31.183296 -0.650000
v -1.020835 31.183296 -0.650000
v 0.000000 31.100000 -0.650000
v 0.000000 31.100000 -0.650000
v 0.000000 31.100000 -0.650000
v -0.222371 31.092722 -0.650000
v -0.222371 31.092722 -0.650000
v -0.222371 31.092722 -0.650000
v -0.663307 31.034670 -0.650000
v -0.663307 31.034670 -0.650000
v -0.663307 31.034670 -0.650000
v -0.443789 31.070913 -0.650000
v -0.443789 31.070913 -0.650000
v -0.443789 31.070913 -0.650000
v 24.307280 0.222371 -0.650000
v 24.307280 0.222371 -0.650000
v 24.307280 0.222371 -0.650000
v 23.787256 0.778714 -0.650000
v 23.787256 0.778714 -0.650000
v 23.787256 0.778714 -0.650000
v 24.329088 0.443789 -0.650000
v 24.329088 0.443789 -0.650000
v 24.329088 0.443789 -0.650000
v 23.749043 1.556594 -0.650000
v 23.749043 1.556594 -0.650000
v 23.749043 1.556594 -0.650000
v 24.365332 0.663307 -0.650000
v 24.365332 0.663307 -0.650000
v 24.365332 0.663307 -0.650000
v 23.685396 2.332808 -0.650000
v 23.685396 2.332808 -0.650000
v 23.685396 2.332808 -0.650000
v 24.415854 0.879985 -0.650000
v 24.415854 0.879985 -0.650000
v 24.415854 0.879985 -0.650000
v 23.596388 3.106524 -0.650000
v 23.596388 3.106524 -0.650000
v 23.596388 3.106524 -0.650000
v 24.480438 1.092894 -0.650000
v 24.480438 1.092894 -0.650000
v 24.480438 1.092894 -0.650000
v 24.480438 1.092894 -0.650000
v 23.482111 3.876912 -0.650000
v 23.482111 3.876912 -0.650000
v 23.482111 3.876912 -0.650000
v 24.558811 1.301124 -0.650000
v 24.558811 1.301124 -0.650000
v 24.558811 1.301124 -0.650000
v 23.342688 4.643149 -0.650000
v 23.342688 4.643149 -0.650000
v 23.342688 4.643149 -0.650000
v 24.650633 1.503782 -0.650000
v 24.650633 1.503782 -0.650000
v 24.650633 1.503782 -0.650000
v 23.178270 5.404415 -0.650000
v 23.178270 5.404415 -0.650000
v 23.178270 5.404415 -0.650000
v 24.755514 1.700000 -0.650000
v 24.755514 1.700000 -0.650000
v 24.755514 1.700000 -0.650000
v 22.989033 6.159893 -0.650000
v 22.989033 6.159893 -0.650000
v 22.989033 6.159893 -0.650000
v 24.873005 1.888939 -0.650000
v 24.873005 1.888939 -0.650000
v 24.873005 1.888939 -0.650000
v 22.775179 6.908775 -0.650000
v 22.775179 6.908775 -0.650000
v 22.775179 6.908775 -0.650000
v 25.002600 2.069789 -0.650000
v 25.002600 2.069789 -0.650000
v 25.002600 2.069789 -0.650000
v 22.536936 7.650259 -0.650000
v 22.536936 7.650259 -0.650000
v 22.536936 7.650259 -0.650000
v 25.143745 2.241776 -0.650000
v 25.143745 2.241776 -0.650000
v 25.143745 2.241776 -0.650000
v 22.274561 8.383552 -0.650000
v 22.274561 8.383552 -0.650000
v 22.274561 8.383552 -0.650000
v 25.295837 2.404163 -0.650000
v 25.295837 2.404163 -0.650000
v 25.295837 2.404163 -0.650000
v 21.988331 9.107866 -0.650000
v 21.988331 9.107866 -0.650000
v 21.988331 9.107866 -0.650000
v 25.458225 2.556255 -0.650000
v 25.458225 2.556255 -0.650000
v 25.458225 2.556255 -0.650000
v 21.678558 9.822428 -0.650000
v 21.678558 9.822428 -0.650000
v 21.678558 9.822428 -0.650000
v 25.630211 2.697401 -0.650000
v 25.630211 2.697401 -0.650000
v 25.630211 2.697401 -0.650000
v 21.345572 10.526470 -0.650000
v 21.345572 10.526470 -0.650000
v 21.345572 10.526470 -0.650000
v 25.811062 2.826997 -0.650000
v 25.811062 2.826997 -0.650000
v 25.811062 2.826997 -0.650000
v 20.989725 11.219242 -0.650000
v 20.989725 11.219242 -0.650000
v 20.989725 11.219242 -0.650000
v 26.000000 2.944486 -0.650000
v 26.000000 2.944486 -0.650000
v 26.000000 2.944486 -0.650000
v 20.611404 11.900000 -0.650000
v 20.611404 11.900000 -0.650000
v 20.611404 11.900000 -0.650000
v 26.196218 3.049367 -0.650000
v 26.196218 3.049367 -0.650000
v 26.196218 3.049367 -0.650000
v 20.211010 12.568014 -0.650000
v 20.211010 12.568014 -0.650000
v 20.211010 12.568014 -0.650000
v 20.211010 12.568014 -0.650000
v 26.398876 3.141190 -0.650000
v 26.398876 3.141190 -0.650000
v 26.398876 3.141190 -0.650000
v 19.788977 13.222571 -0.650000
v 19.788977 13.222571 -0.650000
v 19.788977 13.222571 -0.650000
v 26.607107 3.219563 -0.650000
v 26.607107 3.219563 -0.650000
v 26.607107 3.219563 -0.650000
v 26.820017 3.284148 -0.650000
v 26.820017 3.284148 -0.650000
v 26.820017 3.284148 -0.650000
v 27.036694 3.334670 -0.650000
v 27.036694 3.334670 -0.650000
v 27.036694 3.334670 -0.650000
v 19.345751 13.862970 -0.650000
v 19.345751 13.862970 -0.650000
v 19.345751 13.862970 -0.650000
v 27.256212 3.370913 -0.650000
v 27.256212 3.370913 -0.650000
v 27.256212 3.370913 -0.650000
v 18.881809 14.488522 -0.650000
v 18.881809 14.488522 -0.650000
v 18.881809 14.488522 -0.650000
v 27.477631 3.392720 -0.650000
v 27.477631 3.392720 -0.650000
v 27.477631 3.392720 -0.650000
v 27.700001 3.400000 -0.650000
v 27.700001 3.400000 -0.650000
v 27.700001 3.400000 -0.650000
v 27.922371 3.392720 -0.650000
v 27.922371 3.392720 -0.650000
v 27.922371 3.392720 -0.650000
v 18.397648 15.098561 -0.650000
v 18.397648 15.098561 -0.650000
v 18.397648 15.098561 -0.650000
v 28.143789 3.370913 -0.650000
v 28.143789 3.370913 -0.650000
v 28.143789 3.370913 -0.650000
v 28.363308 3.334670 -0.650000
v 28.363308 3.334670 -0.650000
v 28.363308 3.334670 -0.650000
v 28.579985 3.284148 -0.650000
v 28.579985 3.284148 -0.650000
v 28.579985 3.284148 -0.650000
v 17.893785 15.692431 -0.650000
v 17.893785 15.692431 -0.650000
v 17.893785 15.692431 -0.650000
v 17.893785 15.692431 -0.650000
v 28.792894 3.219563 -0.650000
v 28.792894 3.219563 -0.650000
v 28.792894 3.219563 -0.650000
v 28.792894 3.219563 -0.650000
v 29.001125 3.141190 -0.650000
v 29.001125 3.141190 -0.650000
v 29.001125 3.141190 -0.650000
v 29.203783 3.049367 -0.650000
v 29.203783 3.049367 -0.650000
v 29.203783 3.049367 -0.650000
v 29.400002 2.944486 -0.650000
v 29.400002 2.944486 -0.650000
v 29.400002 2.944486 -0.650000
v 29.588940 2.826997 -0.650000
v 29.588940 2.826997 -0.650000
v 29.588940 2.826997 -0.650000
v 17.370764 16.269497 -0.650000
v 17.370764 16.269497 -0.650000
v 17.370764 16.269497 -0.650000
v 29.769791 2.697401 -0.650000
v 29.769791 2.697401 -0.650000
v 29.769791 2.697401 -0.650000
v 29.941776 2.556255 -0.650000
v 29.941776 2.556255 -0.650000
v 29.941776 2.556255 -0.650000
v 30.104164 2.404163 -0.650000
v 30.104164 2.404163 -0.650000
v 30.104164 2.404163 -0.650000
v 30.256256 2.241776 -0.650000
v 30.256256 2.241776 -0.650000
v 30.256256 2.241776 -0.650000
v -19.345751 13.862970 -0.650000
v -19.345751 13.862970 -0.650000
v -19.345751 13.862970 -0.650000
v -20.588903 13.850000 -0.650000
v -20.588903 13.850000 -0.650000
v -20.588903 13.850000 -0.650000
v -18.881809 14.488522 -0.650000
v -18.881809 14.488522 -0.650000
v -18.881809 14.488522 -0.650000
v -20.596182 14.072371 -0.650000
v -20.596182 14.072371 -0.650000
v -20.596182 14.072371 -0.650000
v -18.397648 15.098561 -0.650000
v -18.397648 15.098561 -0.650000
v -18.397648 15.098561 -0.650000
v -20.617990 14.293790 -0.650000
v -20.617990 14.293790 -0.650000
v -20.617990 14.293790 -0.650000
v -17.893785 15.692431 -0.650000
v -17.893785 15.692431 -0.650000
v -17.893785 15.692431 -0.650000
v -17.893785 15.692431 -0.650000
v -20.654234 14.513308 -0.650000
v -20.654234 14.513308 -0.650000
v -20.654234 14.513308 -0.650000
v -17.370764 16.269497 -0.650000
v -17.370764 16.269497 -0.650000
v -17.370764 16.269497 -0.650000
v -20.704756 14.729985 -0.650000
v -20.704756 14.729985 -0.650000
v -20.704756 14.729985 -0.650000
v -16.829140 16.829140 -0.650000
v -16.829140 16.829140 -0.650000
v -16.829140 16.829140 -0.650000
v -20.769341 14.942895 -0.650000
v -20.769341 14.942895 -0.650000
v -20.769341 14.942895 -0.650000
v -20.769341 14.942895 -0.650000
v -16.269497 17.370764 -0.650000
v -16.269497 17.370764 -0.650000
v -16.269497 17.370764 -0.650000
v -20.847713 15.151124 -0.650000
v -20.847713 15.151124 -0.650000
v -20.847713 15.151124 -0.650000
v -15.692431 17.893785 -0.650000
v -15.692431 17.893785 -0.650000
v -15.692431 17.893785 -0.650000
v -20.939535 15.353782 -0.650000
v -20.939535 15.353782 -0.650000
v -20.939535 15.353782 -0.650000
v -15.098561 18.397648 -0.650000
v -15.098561 18.397648 -0.650000
v -15.098561 18.397648 -0.650000
v -21.044416 15.550000 -0.650000
v -21.044416 15.550000 -0.650000
v -21.044416 15.550000 -0.650000
v -14.488522 18.881809 -0.650000
v -14.488522 18.881809 -0.650000
v -14.488522 18.881809 -0.650000
v -21.161907 15.738939 -0.650000
v -21.161907 15.738939 -0.650000
v -21.161907 15.738939 -0.650000
v -21.161907 15.738939 -0.650000
v -13.862970 19.345751 -0.650000
v -13.862970 19.345751 -0.650000
v -13.862970 19.345751 -0.650000
v -21.291502 15.919789 -0.650000
v -21.291502 15.919789 -0.650000
v -21.291502 15.919789 -0.650000
v -13.222571 19.788977 -0.650000
v -13.222571 19.788977 -0.650000
v -13.222571 19.788977 -0.650000
v -21.432648 16.091776 -0.650000
v -21.432648 16.091776 -0.650000
v -21.432648 16.091776 -0.650000
v -12.568014 20.211010 -0.650000
v -12.568014 20.211010 -0.650000
v -12.568014 20.211010 -0.650000
v -21.584740 16.254164 -0.650000
v -21.584740 16.254164 -0.650000
v -21.584740 16.254164 -0.650000
v -11.900000 20.611404 -0.650000
v -11.900000 20.611404 -0.650000
v -11.900000 20.611404 -0.650000
v -21.747128 16.406256 -0.650000
v -21.747128 16.406256 -0.650000
v -21.747128 16.406256 -0.650000
v -11.219242 20.989725 -0.650000
v -11.219242 20.989725 -0.650000
v -11.219242 20.989725 -0.650000
v -21.919113 16.547401 -0.650000
v -21.919113 16.547401 -0.650000
v -21.919113 16.547401 -0.650000
v -10.526470 21.345572 -0.650000
v -10.526470 21.345572 -0.650000
v -10.526470 21.345572 -0.650000
v -22.099964 16.676998 -0.650000
v -22.099964 16.676998 -0.650000
v -22.099964 16.676998 -0.650000
v -9.822428 21.678558 -0.650000
v -9.822428 21.678558 -0.650000
v -9.822428 21.678558 -0.650000
v -22.288902 16.794487 -0.650000
v -22.288902 16.794487 -0.650000
v -22.288902 16.794487 -0.650000
v -9.107866 21.988331 -0.650000
v -9.107866 21.988331 -0.650000
v -9.107866 21.988331 -0.650000
v -22.485121 16.899368 -0.650000
v -22.485121 16.899368 -0.650000
v -22.485121 16.899368 -0.650000
v -8.383552 22.274561 -0.650000
v -8.383552 22.274561 -0.650000
v -8.383552 22.274561 -0.650000
v -22.687778 16.991190 -0.650000
v -22.687778 16.991190 -0.650000
v -22.687778 16.991190 -0.650000
v -22.896009 17.069563 -0.650000
v -22.896009 17.069563 -0.650000
v -22.896009 17.069563 -0.650000
v -22.896009 17.069563 -0.650000
v -23.108919 17.134148 -0.650000
v -23.108919 17.134148 -0.650000
v -23.108919 17.134148 -0.650000
v -7.650259 22.536936 -0.650000
v -7.650259 22.536936 -0.650000
v -7.650259 22.536936 -0.650000
v -23.325596 17.184669 -0.650000
v -23.325596 17.184669 -0.650000
v -23.325596 17.184669 -0.650000
v -23.545115 17.220913 -0.650000
v -23.545115 17.220913 -0.650000
v -23.545115 17.220913 -0.650000
v -23.766533 17.242722 -0.650000
v -23.766533 17.242722 -0.650000
v -23.766533 17.242722 -0.650000
v -23.988903 17.250000 -0.650000
v -23.988903 17.250000 -0.650000
v -23.988903 17.250000 -0.650000
v -24.211273 17.242722 -0.650000
v -24.211273 17.242722 -0.650000
v -24.211273 17.242722 -0.650000
v -6.908775 22.775179 -0.650000
v -6.908775 22.775179 -0.650000
v -6.908775 22.775179 -0.650000
v -24.432692 17.220913 -0.650000
v -24.432692 17.220913 -0.650000
v -24.432692 17.220913 -0.650000
v -24.652210 17.184669 -0.650000
v -24.652210 17.184669 -0.650000
v -24.652210 17.184669 -0.650000
v -24.868887 17.134148 -0.650000
v -24.868887 17.134148 -0.650000
v -24.868887 17.134148 -0.650000
v -25.081797 17.069563 -0.650000
v -25.081797 17.069563 -0.650000
v -25.081797 17.069563 -0.650000
v -25.290028 16.991190 -0.650000
v -25.290028 16.991190 -0.650000
v -25.290028 16.991190 -0.650000
v -1.092894 30.919563 -0.650000
v -1.092894 30.919563 -0.650000
v -1.092894 30.919563 -0.650000
v -1.301124 30.841190 -0.650000
v -1.301124 30.841190 -0.650000
v -1.301124 30.841190 -0.650000
v -1.503782 30.749369 -0.650000
v -1.503782 30.749369 -0.650000
v -1.503782 30.749369 -0.650000
v -6.159893 22.989033 -0.650000
v -6.159893 22.989033 -0.650000
v -6.159893 22.989033 -0.650000
v -1.700000 30.644487 -0.650000
v -1.700000 30.644487 -0.650000
v -1.700000 30.644487 -0.650000
v -5.404415 23.178270 -0.650000
v -5.404415 23.178270 -0.650000
v -5.404415 23.178270 -0.650000
v -4.643149 23.342688 -0.650000
v -4.643149 23.342688 -0.650000
v -4.643149 23.342688 -0.650000
v -1.888939 30.526997 -0.650000
v -1.888939 30.526997 -0.650000
v -1.888939 30.526997 -0.650000
v -2.069789 30.397402 -0.650000
v -2.069789 30.397402 -0.650000
v -2.069789 30.397402 -0.650000
v -3.876912 23.482111 -0.650000
v -3.876912 23.482111 -0.650000
v -3.876912 23.482111 -0.650000
v -3.106524 23.596388 -0.650000
v -3.106524 23.596388 -0.650000
v -3.106524 23.596388 -0.650000
v -2.241776 30.256256 -0.650000
v -2.241776 30.256256 -0.650000
v -2.241776 30.256256 -0.650000
v -2.404163 30.104164 -0.650000
v -2.404163 30.104164 -0.650000
v -2.404163 30.104164 -0.650000
v -2.332808 23.685396 -0.650000
v -2.332808 23.685396 -0.650000
v -2.332808 23.685396 -0.650000
v -1.556594 23.749043 -0.650000
v -1.556594 23.749043 -0.650000
v -1.556594 23.749043 -0.650000
v -2.556255 29.941776 -0.650000
v -2.556255 29.941776 -0.650000
v -2.556255 29.941776 -0.650000
v -2.697401 29.769791 -0.650000
v -2.697401 29.769791 -0.650000
v -2.697401 29.769791 -0.650000
v -0.778714 23.787256 -0.650000
v -0.778714 23.787256 -0.650000
v -0.778714 23.787256 -0.650000
v 0.000000 23.799999 -0.650000
v 0.000000 23.799999 -0.650000
v 0.000000 23.799999 -0.650000
v -2.826997 29.588940 -0.650000
v -2.826997 29.588940 -0.650000
v -2.826997 29.588940 -0.650000
v -2.944486 29.400002 -0.650000
v -2.944486 29.400002 -0.650000
v -2.944486 29.400002 -0.650000
v 0.778714 23.787256 -0.650000
v 0.778714 23.787256 -0.650000
v 0.778714 23.787256 -0.650000
v 1.556594 23.749043 -0.650000
v 1.556594 23.749043 -0.650000
v 1.556594 23.749043 -0.650000
v -3.049367 29.203783 -0.650000
v -3.049367 29.203783 -0.650000
v -3.049367 29.203783 -0.650000
v -3.141190 29.001125 -0.650000
v -3.141190 29.001125 -0.650000
v -3.141190 29.001125 -0.650000
v 2.332808 23.685396 -0.650000
v 2.332808 23.685396 -0.650000
v 2.332808 23.685396 -0.650000
v -3.219563 28.792894 -0.650000
v -3.219563 28.792894 -0.650000
v -3.219563 28.792894 -0.650000
v -3.219563 28.792894 -0.650000
v -3.284148 28.579985 -0.650000
v -3.284148 28.579985 -0.650000
v -3.284148 28.579985 -0.650000
v -3.334670 28.363308 -0.650000
v -3.334670 28.363308 -0.650000
v -3.334670 28.363308 -0.650000
v -3.370913 28.143789 -0.650000
v -3.370913 28.143789 -0.650000
v -3.370913 28.143789 -0.650000
v -3.392720 27.922371 -0.650000
v -3.392720 27.922371 -0.650000
v -3.392720 27.922371 -0.650000
v -3.400000 27.700001 -0.650000
v -3.400000 27.700001 -0.650000
v -3.400000 27.700001 -0.650000
v -3.392720 27.477631 -0.650000
v -3.392720 27.477631 -0.650000
v -3.392720 27.477631 -0.650000
v -3.370913 27.256212 -0.650000
v -3.370913 27.256212 -0.650000
v -3.370913 27.256212 -0.650000
v -3.334670 27.036694 -0.650000
v -3.334670 27.036694 -0.650000
v -3.334670 27.036694 -0.650000
v -3.284148 26.820017 -0.650000
v -3.284148 26.820017 -0.650000
v -3.284148 26.820017 -0.650000
v -3.219563 26.607107 -0.650000
v -3.219563 26.607107 -0.650000
v -3.219563 26.607107 -0.650000
v -3.141190 26.398876 -0.650000
v -3.141190 26.398876 -0.650000
v -3.141190 26.398876 -0.650000
v -3.141190 26.398876 -0.650000
v -3.049367 26.196218 -0.650000
v -3.049367 26.196218 -0.650000
v -3.049367 26.196218 -0.650000
v -2.944486 26.000000 -0.650000
v -2.944486 26.000000 -0.650000
v -2.944486 26.000000 -0.650000
v -2.826997 25.811062 -0.650000
v -2.826997 25.811062 -0.650000
v -2.826997 25.811062 -0.650000
v -2.697401 25.630211 -0.650000
v -2.697401 25.630211 -0.650000
v -2.697401 25.630211 -0.650000
v -2.556255 25.458225 -0.650000
v -2.556255 25.458225 -0.650000
v -2.556255 25.458225 -0.650000
v -2.404163 25.295837 -0.650000
v -2.404163 25.295837 -0.650000
v -2.404163 25.295837 -0.650000
v -2.241776 25.143745 -0.650000
v -2.241776 25.143745 -0.650000
v -2.241776 25.143745 -0.650000
v -2.069789 25.002600 -0.650000
v -2.069789 25.002600 -0.650000
v -2.069789 25.002600 -0.650000
v -1.888939 24.873005 -0.650000
v -1.888939 24.873005 -0.650000
v -1.888939 24.873005 -0.650000
v -1.700000 24.755514 -0.650000
v -1.700000 24.755514 -0.650000
v -1.700000 24.755514 -0.650000
v -1.503782 24.650633 -0.650000
v -1.503782 24.650633 -0.650000
v -1.503782 24.650633 -0.650000
v -1.301124 24.558811 -0.650000
v -1.301124 24.558811 -0.650000
v -1.301124 24.558811 -0.650000
v -1.092894 24.480438 -0.650000
v -1.092894 24.480438 -0.650000
v -1.092894 24.480438 -0.650000
v -0.879985 24.415854 -0.650000
v -0.879985 24.415854 -0.650000
v -0.879985 24.415854 -0.650000
v -0.663307 24.365332 -0.650000
v -0.663307 24.365332 -0.650000
v -0.663307 24.365332 -0.650000
v -0.443789 24.329088 -0.650000
v -0.443789 24.329088 -0.650000
v -0.443789 24.329088 -0.650000
v -0.222371 24.307280 -0.650000
v -0.222371 24.307280 -0.650000
v -0.222371 24.307280 -0.650000
v 3.106524 23.596388 -0.650000
v 3.106524 23.596388 -0.650000
v 3.106524 23.596388 -0.650000
v 0.000000 24.300001 -0.650000
v 0.000000 24.300001 -0.650000
v 0.000000 24.300001 -0.650000
v 3.876912 23.482111 -0.650000
v 3.876912 23.482111 -0.650000
v 3.876912 23.482111 -0.650000
v 0.222371 24.307280 -0.650000
v 0.222371 24.307280 -0.650000
v 0.222371 24.307280 -0.650000
v 4.643149 23.342688 -0.650000
v 4.643149 23.342688 -0.650000
v 4.643149 23.342688 -0.650000
v 0.443789 24.329088 -0.650000
v 0.443789 24.329088 -0.650000
v 0.443789 24.329088 -0.650000
v 5.404415 23.178270 -0.650000
v 5.404415 23.178270 -0.650000
v 5.404415 23.178270 -0.650000
v 0.663307 24.365332 -0.650000
v 0.663307 24.365332 -0.650000
v 0.663307 24.365332 -0.650000
v 0.879985 24.415854 -0.650000
v 0.879985 24.415854 -0.650000
v 0.879985 24.415854 -0.650000
v 1.092894 24.480438 -0.650000
v 1.092894 24.480438 -0.650000
v 1.092894 24.480438 -0.650000
v 6.159893 22.989033 -0.650000
v 6.159893 22.989033 -0.650000
v 6.159893 22.989033 -0.650000
v 1.301124 24.558811 -0.650000
v 1.301124 24.558811 -0.650000
v 1.301124 24.558811 -0.650000
v 6.908775 22.775179 -0.650000
v 6.908775 22.775179 -0.650000
v 6.908775 22.775179 -0.650000
v 1.503782 24.650633 -0.650000
v 1.503782 24.650633 -0.650000
v 1.503782 24.650633 -0.650000
v 7.650259 22.536936 -0.650000
v 7.650259 22.536936 -0.650000
v 7.650259 22.536936 -0.650000
v 1.700000 24.755514 -0.650000
v 1.700000 24.755514 -0.650000
v 1.700000 24.755514 -0.650000
v 8.383552 22.274561 -0.650000
v 8.383552 22.274561 -0.650000
v 8.383552 22.274561 -0.650000
v 1.888939 24.873005 -0.650000
v 1.888939 24.873005 -0.650000
v 1.888939 24.873005 -0.650000
v 9.107866 21.988331 -0.650000
v 9.107866 21.988331 -0.650000
v 9.107866 21.988331 -0.650000
v 2.069789 25.002600 -0.650000
v 2.069789 25.002600 -0.650000
v 2.069789 25.002600 -0.650000
v 2.241776 25.143745 -0.650000
v 2.241776 25.143745 -0.650000
v 2.241776 25.143745 -0.650000
v 2.404163 25.295837 -0.650000
v 2.404163 25.295837 -0.650000
v 2.404163 25.295837 -0.650000
v 9.822428 21.678558 -0.650000
v 9.822428 21.678558 -0.650000
v 9.822428 21.678558 -0.650000
v 2.556255 25.458225 -0.650000
v 2.556255 25.458225 -0.650000
v 2.556255 25.458225 -0.650000
v 10.526470 21.345572 -0.650000
v 10.526470 21.345572 -0.650000
v 10.526470 21.345572 -0.650000
v 2.697401 25.630211 -0.650000
v 2.697401 25.630211 -0.650000
v 2.697401 25.630211 -0.650000
v 11.219242 20.989725 -0.650000
v 11.219242 20.989725 -0.650000
v 11.219242 20.989725 -0.650000
v 2.826997 25.811062 -0.650000
v 2.826997 25.811062 -0.650000
v 2.826997 25.811062 -0.650000
v 11.900000 20.611404 -0.650000
v 11.900000 20.611404 -0.650000
v 11.900000 20.611404 -0.650000
v 2.944486 26.000000 -0.650000
v 2.944486 26.000000 -0.650000
v 2.944486 26.000000 -0.650000
v 12.568014 20.211010 -0.650000
v 12.568014 20.211010 -0.650000
v 12.568014 20.211010 -0.650000
v 3.049367 26.196218 -0.650000
v 3.049367 26.196218 -0.650000
v 3.049367 26.196218 -0.650000
v 3.141190 26.398876 -0.650000
v 3.141190 26.398876 -0.650000
v 3.141190 26.398876 -0.650000
v 3.141190 26.398876 -0.650000
v 3.219563 26.607107 -0.650000
v 3.219563 26.607107 -0.650000
v 3.219563 26.607107 -0.650000
v 13.222571 19.788977 -0.650000
v 13.222571 19.788977 -0.650000
v 13.222571 19.788977 -0.650000
v 3.284148 26.820017 -0.650000
v 3.284148 26.820017 -0.650000
v 3.284148 26.820017 -0.650000
v 13.862970 19.345751 -0.650000
v 13.862970 19.345751 -0.650000
v 13.862970 19.345751 -0.650000
v 3.334670 27.036694 -0.650000
v 3.334670 27.036694 -0.650000
v 3.334670 27.036694 -0.650000
v 3.370913 27.256212 -0.650000
v 3.370913 27.256212 -0.650000
v 3.370913 27.256212 -0.650000
v 3.392720 27.477631 -0.650000
v 3.392720 27.477631 -0.650000
v 3.392720 27.477631 -0.650000
v 14.488522 18.881809 -0.650000
v 14.488522 18.881809 -0.650000
v 14.488522 18.881809 -0.650000
v 3.400000 27.700001 -0.650000
v 3.400000 27.700001 -0.650000
v 3.400000 27.700001 -0.650000
v 15.098561 18.397648 -0.650000
v 15.098561 18.397648 -0.650000
v 15.098561 18.397648 -0.650000
v 3.392720 27.922371 -0.650000
v 3.392720 27.922371 -0.650000
v 3.392720 27.922371 -0.650000
v 3.370913 28.143789 -0.650000
v 3.370913 28.143789 -0.650000
v 3.370913 28.143789 -0.650000
v 3.334670 28.363308 -0.650000
v 3.334670 28.363308 -0.650000
v 3.334670 28.363308 -0.650000
v 3.284148 28.579985 -0.650000
v 3.284148 28.579985 -0.650000
v 3.284148 28.579985 -0.650000
v 3.219563 28.792894 -0.650000
v 3.219563 28.792894 -0.650000
v 3.219563 28.792894 -0.650000
v 3.219563 28.792894 -0.650000
v 15.692431 17.893785 -0.650000
v 15.692431 17.893785 -0.650000
v 15.692431 17.893785 -0.650000
v 3.141190 29.001125 -0.650000
v 3.141190 29.001125 -0.650000
v 3.141190 29.001125 -0.650000
v 3.049367 29.203783 -0.650000
v 3.049367 29.203783 -0.650000
v 3.049367 29.203783 -0.650000
v 2.944486 29.400002 -0.650000
v 2.944486 29.400002 -0.650000
v 2.944486 29.400002 -0.650000
v 2.826997 29.588940 -0.650000
v 2.826997 29.588940 -0.650000
v 2.826997 29.588940 -0.650000
v 2.697401 29.769791 -0.650000
v 2.697401 29.769791 -0.650000
v 2.697401 29.769791 -0.650000
v 16.269497 17.370764 -0.650000
v 16.269497 17.370764 -0.650000
v 16.269497 17.370764 -0.650000
v 2.556255 29.941776 -0.650000
v 2.556255 29.941776 -0.650000
v 2.556255 29.941776 -0.650000
v 2.404163 30.104164 -0.650000
v 2.404163 30.104164 -0.650000
v 2.404163 30.104164 -0.650000
v 2.241776 30.256256 -0.650000
v 2.241776 30.256256 -0.650000
v 2.241776 30.256256 -0.650000
v 0.222371 31.092722 -0.650000
v 0.222371 31.092722 -0.650000
v 0.222371 31.092722 -0.650000
v 30.984148 -0.879985 -0.650000
v 30.984148 -0.879985 -0.650000
v 30.984148 -0.879985 -0.650000
v 31.034670 -0.663307 -0.650000
v 31.034670 -0.663307 -0.650000
v 31.034670 -0.663307 -0.650000
v 0.443789 31.070913 -0.650000
v 0.443789 31.070913 -0.650000
v 0.443789 31.070913 -0.650000
v 31.070913 -0.443789 -0.650000
v 31.070913 -0.443789 -0.650000
v 31.070913 -0.443789 -0.650000
v 31.092722 -0.222371 -0.650000
v 31.092722 -0.222371 -0.650000
v 31.092722 -0.222371 -0.650000
v 0.663307 31.034670 -0.650000
v 0.663307 31.034670 -0.650000
v 0.663307 31.034670 -0.650000
v 0.879985 30.984148 -0.650000
v 0.879985 30.984148 -0.650000
v 0.879985 30.984148 -0.650000
v 31.100000 0.000000 -0.650000
v 31.100000 0.000000 -0.650000
v 31.100000 0.000000 -0.650000
v 31.092722 0.222371 -0.650000
v 31.092722 0.222371 -0.650000
v 31.092722 0.222371 -0.650000
v 1.092894 30.919563 -0.650000
v 1.092894 30.919563 -0.650000
v 1.092894 30.919563 -0.650000
v 1.301124 30.841190 -0.650000
v 1.301124 30.841190 -0.650000
v 1.301124 30.841190 -0.650000
v 31.070913 0.443789 -0.650000
v 31.070913 0.443789 -0.650000
v 31.070913 0.443789 -0.650000
v 1.503782 30.749369 -0.650000
v 1.503782 30.749369 -0.650000
v 1.503782 30.749369 -0.650000
v 1.700000 30.644487 -0.650000
v 1.700000 30.644487 -0.650000
v 1.700000 30.644487 -0.650000
v 31.034670 0.663307 -0.650000
v 31.034670 0.663307 -0.650000
v 31.034670 0.663307 -0.650000
v 30.984148 0.879985 -0.650000
v 30.984148 0.879985 -0.650000
v 30.984148 0.879985 -0.650000
v 1.888939 30.526997 -0.650000
v 1.888939 30.526997 -0.650000
v 1.888939 30.526997 -0.650000
v 2.069789 30.397402 -0.650000
v 2.069789 30.397402 -0.650000
v 2.069789 30.397402 -0.650000
v 30.919563 1.092894 -0.650000
v 30.919563 1.092894 -0.650000
v 30.919563 1.092894 -0.650000
v 30.841190 1.301124 -0.650000
v 30.841190 1.301124 -0.650000
v 30.841190 1.301124 -0.650000
v 30.749369 1.503782 -0.650000
v 30.749369 1.503782 -0.650000
v 30.749369 1.503782 -0.650000
v 16.829140 16.829140 -0.650000
v 16.829140 16.829140 -0.650000
v 16.829140 16.829140 -0.650000
v 30.644487 1.700000 -0.650000
v 30.644487 1.700000 -0.650000
v 30.644487 1.700000 -0.650000
v 30.526997 1.888939 -0.650000
v 30.526997 1.888939 -0.650000
v 30.526997 1.888939 -0.650000
v 30.526997 1.888939 -0.650000
v 30.397402 2.069789 -0.650000
v 30.397402 2.069789 -0.650000
v 30.397402 2.069789 -0.650000
v -1.020835 31.183296 0.000000
v -1.020835 31.183296 0.000000
v -1.020835 31.183296 0.000000
v 24.329088 0.443789 0.000000
v 24.329088 0.443789 0.000000
v 24.329088 0.443789 0.000000
v 24.365332 0.663307 0.000000
v 24.365332 0.663307 0.000000
v 24.365332 0.663307 0.000000
v 23.787256 0.778714 0.000000
v 23.787256 0.778714 0.000000
v 23.787256 0.778714 0.000000
v 23.799999 0.000000 0.000000
v 23.799999 0.000000 0.000000
v 23.799999 0.000000 0.000000
v 24.300001 0.000000 0.000000
v 24.300001 0.000000 0.000000
v 24.300001 0.000000 0.000000
v 24.307280 0.222371 0.000000
v 24.307280 0.222371 0.000000
v 24.307280 0.222371 0.000000
v -21.432648 11.608225 0.000000
v -21.432648 11.608225 0.000000
v -21.432648 11.608225 0.000000
v -21.527664 11.506777 0.000000
v -21.527664 11.506777 0.000000
v -20.989725 11.219242 0.000000
v -20.989725 11.219242 0.000000
v -20.989725 11.219242 0.000000
v -20.611404 11.900000 0.000000
v -20.611404 11.900000 0.000000
v -20.611404 11.900000 0.000000
v -21.291502 11.780211 0.000000
v -21.291502 11.780211 0.000000
v -21.291502 11.780211 0.000000
v -20.211010 12.568014 0.000000
v -20.211010 12.568014 0.000000
v -20.211010 12.568014 0.000000
v -21.161907 11.961061 0.000000
v -21.161907 11.961061 0.000000
v -21.161907 11.961061 0.000000
v -21.161907 11.961061 0.000000
v -19.788977 13.222571 0.000000
v -19.788977 13.222571 0.000000
v -19.788977 13.222571 0.000000
v -19.788977 13.222571 0.000000
v -21.044416 12.150001 0.000000
v -21.044416 12.150001 0.000000
v -21.044416 12.150001 0.000000
v -19.345751 13.862970 0.000000
v -19.345751 13.862970 0.000000
v -19.345751 13.862970 0.000000
v -20.939535 12.346219 0.000000
v -20.939535 12.346219 0.000000
v -20.939535 12.346219 0.000000
v -18.881809 14.488522 0.000000
v -18.881809 14.488522 0.000000
v -18.881809 14.488522 0.000000
v -20.847713 12.548877 0.000000
v -20.847713 12.548877 0.000000
v -20.847713 12.548877 0.000000
v -18.397648 15.098561 0.000000
v -18.397648 15.098561 0.000000
v -18.397648 15.098561 0.000000
v -20.769341 12.757106 0.000000
v -20.769341 12.757106 0.000000
v -20.769341 12.757106 0.000000
v -20.769341 12.757106 0.000000
v -17.893785 15.692431 0.000000
v -17.893785 15.692431 0.000000
v -17.893785 15.692431 0.000000
v -20.704756 12.970016 0.000000
v -20.704756 12.970016 0.000000
v -20.704756 12.970016 0.000000
v -17.370764 16.269497 0.000000
v -17.370764 16.269497 0.000000
v -17.370764 16.269497 0.000000
v -17.370764 16.269497 0.000000
v -20.654234 13.186693 0.000000
v -20.654234 13.186693 0.000000
v -20.654234 13.186693 0.000000
v -16.829140 16.829140 0.000000
v -16.829140 16.829140 0.000000
v -16.829140 16.829140 0.000000
v -20.617990 13.406211 0.000000
v -20.617990 13.406211 0.000000
v -20.617990 13.406211 0.000000
v -16.269497 17.370764 0.000000
v -16.269497 17.370764 0.000000
v -16.269497 17.370764 0.000000
v -20.596182 13.627629 0.000000
v -20.596182 13.627629 0.000000
v -20.596182 13.627629 0.000000
v -15.692431 17.893785 0.000000
v -15.692431 17.893785 0.000000
v -15.692431 17.893785 0.000000
v -20.588903 13.850000 0.000000
v -20.588903 13.850000 0.000000
v -20.588903 13.850000 0.000000
v -15.098561 18.397648 0.000000
v -15.098561 18.397648 0.000000
v -15.098561 18.397648 0.000000
v -20.596182 14.072371 0.000000
v -20.596182 14.072371 0.000000
v -20.596182 14.072371 0.000000
v -14.488522 18.881809 0.000000
v -14.488522 18.881809 0.000000
v -14.488522 18.881809 0.000000
v -20.617990 14.293790 0.000000
v -20.617990 14.293790 0.000000
v -20.617990 14.293790 0.000000
v -20.654234 14.513308 0.000000
v -20.654234 14.513308 0.000000
v -20.654234 14.513308 0.000000
v -20.704756 14.729985 0.000000
v -20.704756 14.729985 0.000000
v -20.704756 14.729985 0.000000
v -13.862970 19.345751 0.000000
v -13.862970 19.345751 0.000000
v -13.862970 19.345751 0.000000
v -20.769341 14.942895 0.000000
v -20.769341 14.942895 0.000000
v -20.769341 14.942895 0.000000
v -13.222571 19.788977 0.000000
v -13.222571 19.788977 0.000000
v -13.222571 19.788977 0.000000
v -20.847713 15.151124 0.000000
v -20.847713 15.151124 0.000000
v -20.847713 15.151124 0.000000
v -20.847713 15.151124 0.000000
v -12.568014 20.211010 0.000000
v -12.568014 20.211010 0.000000
v -12.568014 20.211010 0.000000
v -20.939535 15.353782 0.000000
v -20.939535 15.353782 0.000000
v -20.939535 15.353782 0.000000
v -11.900000 20.611404 0.000000
v -11.900000 20.611404 0.000000
v -11.900000 20.611404 0.000000
v -21.044416 15.550000 0.000000
v -21.044416 15.550000 0.000000
v -21.044416 15.550000 0.000000
v -11.219242 20.989725 0.000000
v -11.219242 20.989725 0.000000
v -11.219242 20.989725 0.000000
v -21.161907 15.738939 0.000000
v -21.161907 15.738939 0.000000
v -21.161907 15.738939 0.000000
v -21.291502 15.919789 0.000000
v -21.291502 15.919789 0.000000
v -21.291502 15.919789 0.000000
v -21.291502 15.919789 0.000000
v -21.432648 16.091776 0.000000
v -21.432648 16.091776 0.000000
v -21.432648 16.091776 0.000000
v -10.526470 21.345572 0.000000
v -10.526470 21.345572 0.000000
v -10.526470 21.345572 0.000000
v -21.584740 16.254164 0.000000
v -21.584740 16.254164 0.000000
v -21.584740 16.254164 0.000000
v -9.822428 21.678558 0.000000
v -9.822428 21.678558 0.000000
v -9.822428 21.678558 0.000000
v -21.747128 16.406256 0.000000
v -21.747128 16.406256 0.000000
v -21.747128 16.406256 0.000000
v -21.919113 16.547401 0.000000
v -21.919113 16.547401 0.000000
v -21.919113 16.547401 0.000000
v -22.099964 16.676998 0.000000
v -22.099964 16.676998 0.000000
v -22.099964 16.676998 0.000000
v -9.107866 21.988331 0.000000
v -9.107866 21.988331 0.000000
v -9.107866 21.988331 0.000000
v -22.288902 16.794487 0.000000
v -22.288902 16.794487 0.000000
v -22.288902 16.794487 0.000000
v -8.383552 22.274561 0.000000
v -8.383552 22.274561 0.000000
v -8.383552 22.274561 0.000000
v -22.485121 16.899368 0.000000
v -22.485121 16.899368 0.000000
v -22.485121 16.899368 0.000000
v -22.687778 16.991190 0.000000
v -22.687778 16.991190 0.000000
v -22.687778 16.991190 0.000000
v -22.687778 16.991190 0.000000
v -22.896009 17.069563 0.000000
v -22.896009 17.069563 0.000000
v -22.896009 17.069563 0.000000
v -23.108919 17.134148 0.000000
v -23.108919 17.134148 0.000000
v -23.108919 17.134148 0.000000
v -23.325596 17.184669 0.000000
v -23.325596 17.184669 0.000000
v -23.325596 17.184669 0.000000
v -7.650259 22.536936 0.000000
v -7.650259 22.536936 0.000000
v -7.650259 22.536936 0.000000
v -23.545115 17.220913 0.000000
v -23.545115 17.220913 0.000000
v -23.545115 17.220913 0.000000
v -23.766533 17.242722 0.000000
v -23.766533 17.242722 0.000000
v -23.766533 17.242722 0.000000
v -23.988903 17.250000 0.000000
v -23.988903 17.250000 0.000000
v -23.988903 17.250000 0.000000
v -24.211273 17.242722 0.000000
v -24.211273 17.242722 0.000000
v -24.211273 17.242722 0.000000
v -24.432692 17.220913 0.000000
v -24.432692 17.220913 0.000000
v -24.432692 17.220913 0.000000
v -6.908775 22.775179 0.000000
v -6.908775 22.775179 0.000000
v -6.908775 22.775179 0.000000
v -24.652210 17.184669 0.000000
v -24.652210 17.184669 0.000000
v -24.652210 17.184669 0.000000
v -24.868887 17.134148 0.000000
v -24.868887 17.134148 0.000000
v -24.868887 17.134148 0.000000
v -25.081797 17.069563 0.000000
v -25.081797 17.069563 0.000000
v -25.081797 17.069563 0.000000
v -27.304613 14.594620 0.000000
v -27.304613 14.594620 0.000000
v -27.304613 14.594620 0.000000
v -27.273050 14.729985 0.000000
v -27.273050 14.729985 0.000000
v -27.273050 14.729985 0.000000
v -1.092894 30.919563 0.000000
v -1.092894 30.919563 0.000000
v -1.092894 30.919563 0.000000
v -0.944958 30.964439 0.000000
v -0.944958 30.964439 0.000000
v -1.301124 30.841190 0.000000
v -1.301124 30.841190 0.000000
v -1.301124 30.841190 0.000000
v -27.208466 14.942895 0.000000
v -27.208466 14.942895 0.000000
v -27.208466 14.942895 0.000000
v -27.130093 15.151124 0.000000
v -27.130093 15.151124 0.000000
v -27.130093 15.151124 0.000000
v -1.503782 30.749369 0.000000
v -1.503782 30.749369 0.000000
v -1.503782 30.749369 0.000000
v -27.038271 15.353782 0.000000
v -27.038271 15.353782 0.000000
v -27.038271 15.353782 0.000000
v -26.933390 15.550000 0.000000
v -26.933390 15.550000 0.000000
v -26.933390 15.550000 0.000000
v -1.700000 30.644487 0.000000
v -1.700000 30.644487 0.000000
v -1.700000 30.644487 0.000000
v -1.888939 30.526997 0.000000
v -1.888939 30.526997 0.000000
v -1.888939 30.526997 0.000000
v -26.815899 15.738939 0.000000
v -26.815899 15.738939 0.000000
v -26.815899 15.738939 0.000000
v -2.069789 30.397402 0.000000
v -2.069789 30.397402 0.000000
v -2.069789 30.397402 0.000000
v -26.686304 15.919789 0.000000
v -26.686304 15.919789 0.000000
v -26.686304 15.919789 0.000000
v -26.545158 16.091776 0.000000
v -26.545158 16.091776 0.000000
v -26.545158 16.091776 0.000000
v -2.241776 30.256256 0.000000
v -2.241776 30.256256 0.000000
v -2.241776 30.256256 0.000000
v -2.404163 30.104164 0.000000
v -2.404163 30.104164 0.000000
v -2.404163 30.104164 0.000000
v -26.393066 16.254164 0.000000
v -26.393066 16.254164 0.000000
v -26.393066 16.254164 0.000000
v -26.230679 16.406256 0.000000
v -26.230679 16.406256 0.000000
v -26.230679 16.406256 0.000000
v -2.556255 29.941776 0.000000
v -2.556255 29.941776 0.000000
v -2.556255 29.941776 0.000000
v -2.697401 29.769791 0.000000
v -2.697401 29.769791 0.000000
v -2.697401 29.769791 0.000000
v -26.058693 16.547401 0.000000
v -26.058693 16.547401 0.000000
v -26.058693 16.547401 0.000000
v -25.877842 16.676998 0.000000
v -25.877842 16.676998 0.000000
v -25.877842 16.676998 0.000000
v -2.826997 29.588940 0.000000
v -2.826997 29.588940 0.000000
v -2.826997 29.588940 0.000000
v -2.944486 29.400002 0.000000
v -2.944486 29.400002 0.000000
v -2.944486 29.400002 0.000000
v -25.688904 16.794487 0.000000
v -25.688904 16.794487 0.000000
v -25.688904 16.794487 0.000000
v -25.492685 16.899368 0.000000
v -25.492685 16.899368 0.000000
v -25.492685 16.899368 0.000000
v -3.049367 29.203783 0.000000
v -3.049367 29.203783 0.000000
v -3.049367 29.203783 0.000000
v -3.141190 29.001125 0.000000
v -3.141190 29.001125 0.000000
v -3.141190 29.001125 0.000000
v -3.141190 29.001125 0.000000
v -25.290028 16.991190 0.000000
v -25.290028 16.991190 0.000000
v -25.290028 16.991190 0.000000
v -3.219563 28.792894 0.000000
v -3.219563 28.792894 0.000000
v -3.219563 28.792894 0.000000
v -3.284148 28.579985 0.000000
v -3.284148 28.579985 0.000000
v -3.284148 28.579985 0.000000
v -6.159893 22.989033 0.000000
v -6.159893 22.989033 0.000000
v -6.159893 22.989033 0.000000
v -3.334670 28.363308 0.000000
v -3.334670 28.363308 0.000000
v -3.334670 28.363308 0.000000
v -3.370913 28.143789 0.000000
v -3.370913 28.143789 0.000000
v -3.370913 28.143789 0.000000
v -3.392720 27.922371 0.000000
v -3.392720 27.922371 0.000000
v -3.392720 27.922371 0.000000
v -5.404415 23.178270 0.000000
v -5.404415 23.178270 0.000000
v -5.404415 23.178270 0.000000
v -3.400000 27.700001 0.000000
v -3.400000 27.700001 0.000000
v -3.400000 27.700001 0.000000
v -4.643149 23.342688 0.000000
v -4.643149 23.342688 0.000000
v -4.643149 23.342688 0.000000
v -3.392720 27.477631 0.000000
v -3.392720 27.477631 0.000000
v -3.392720 27.477631 0.000000
v -3.876912 23.482111 0.000000
v -3.876912 23.482111 0.000000
v -3.876912 23.482111 0.000000
v -3.370913 27.256212 0.000000
v -3.370913 27.256212 0.000000
v -3.370913 27.256212 0.000000
v -3.106524 23.596388 0.000000
v -3.106524 23.596388 0.000000
v -3.106524 23.596388 0.000000
v -3.334670 27.036694 0.000000
v -3.334670 27.036694 0.000000
v -3.334670 27.036694 0.000000
v -3.284148 26.820017 0.000000
v -3.284148 26.820017 0.000000
v -3.284148 26.820017 0.000000
v -3.219563 26.607107 0.000000
v -3.219563 26.607107 0.000000
v -3.219563 26.607107 0.000000
v -3.219563 26.607107 0.000000
v -2.332808 23.685396 0.000000
v -2.332808 23.685396 0.000000
v -2.332808 23.685396 0.000000
v -3.141190 26.398876 0.000000
v -3.141190 26.398876 0.000000
v -3.141190 26.398876 0.000000
v -3.049367 26.196218 0.000000
v -3.049367 26.196218 0.000000
v -3.049367 26.196218 0.000000
v -2.944486 26.000000 0.000000
v -2.944486 26.000000 0.000000
v -2.944486 26.000000 0.000000
v -1.556594 23.749043 0.000000
v -1.556594 23.749043 0.000000
v -1.556594 23.749043 0.000000
v -2.826997 25.811062 0.000000
v -2.826997 25.811062 0.000000
v -2.826997 25.811062 0.000000
v -0.778714 23.787256 0.000000
v -0.778714 23.787256 0.000000
v -0.778714 23.787256 0.000000
v 0.000000 23.799999 0.000000
v 0.000000 23.799999 0.000000
v 0.000000 23.799999 0.000000
v 0.000000 24.300001 0.000000
v 0.000000 24.300001 0.000000
v 0.000000 24.300001 0.000000
v -2.697401 25.630211 0.000000
v -2.697401 25.630211 0.000000
v -2.697401 25.630211 0.000000
v -2.556255 25.458225 0.000000
v -2.556255 25.458225 0.000000
v -2.556255 25.458225 0.000000
v -0.222371 24.307280 0.000000
v -0.222371 24.307280 0.000000
v -0.222371 24.307280 0.000000
v -2.404163 25.295837 0.000000
v -2.404163 25.295837 0.000000
v -2.404163 25.295837 0.000000
v -2.241776 25.143745 0.000000
v -2.241776 25.143745 0.000000
v -2.241776 25.143745 0.000000
v -0.443789 24.329088 0.000000
v -0.443789 24.329088 0.000000
v -0.443789 24.329088 0.000000
v -0.663307 24.365332 0.000000
v -0.663307 24.365332 0.000000
v -0.663307 24.365332 0.000000
v -2.069789 25.002600 0.000000
v -2.069789 25.002600 0.000000
v -2.069789 25.002600 0.000000
v -1.888939 24.873005 0.000000
v -1.888939 24.873005 0.000000
v -1.888939 24.873005 0.000000
v -0.879985 24.415854 0.000000
v -0.879985 24.415854 0.000000
v -0.879985 24.415854 0.000000
v -1.092894 24.480438 0.000000
v -1.092894 24.480438 0.000000
v -1.092894 24.480438 0.000000
v -1.700000 24.755514 0.000000
v -1.700000 24.755514 0.000000
v -1.700000 24.755514 0.000000
v -1.503782 24.650633 0.000000
v -1.503782 24.650633 0.000000
v -1.503782 24.650633 0.000000
v -1.301124 24.558811 0.000000
v -1.301124 24.558811 0.000000
v -1.301124 24.558811 0.000000
v 0.222371 24.307280 0.000000
v 0.222371 24.307280 0.000000
v 0.222371 24.307280 0.000000
v 0.778714 23.787256 0.000000
v 0.778714 23.787256 0.000000
v 0.778714 23.787256 0.000000
v 0.443789 24.329088 0.000000
v 0.443789 24.329088 0.000000
v 0.443789 24.329088 0.000000
v 1.556594 23.749043 0.000000
v 1.556594 23.749043 0.000000
v 1.556594 23.749043 0.000000
v 0.663307 24.365332 0.000000
v 0.663307 24.365332 0.000000
v 0.663307 24.365332 0.000000
v 2.332808 23.685396 0.000000
v 2.332808 23.685396 0.000000
v 2.332808 23.685396 0.000000
v 0.879985 24.415854 0.000000
v 0.879985 24.415854 0.000000
v 0.879985 24.415854 0.000000
v 3.106524 23.596388 0.000000
v 3.106524 23.596388 0.000000
v 3.106524 23.596388 0.000000
v 1.092894 24.480438 0.000000
v 1.092894 24.480438 0.000000
v 1.092894 24.480438 0.000000
v 3.876912 23.482111 0.000000
v 3.876912 23.482111 0.000000
v 3.876912 23.482111 0.000000
v 1.301124 24.558811 0.000000
v 1.301124 24.558811 0.000000
v 1.301124 24.558811 0.000000
v 4.643149 23.342688 0.000000
v 4.643149 23.342688 0.000000
v 4.643149 23.342688 0.000000
v 1.503782 24.650633 0.000000
v 1.503782 24.650633 0.000000
v 1.503782 24.650633 0.000000
v 5.404415 23.178270 0.000000
v 5.404415 23.178270 0.000000
v 5.404415 23.178270 0.000000
v 1.700000 24.755514 0.000000
v 1.700000 24.755514 0.000000
v 1.700000 24.755514 0.000000
v 6.159893 22.989033 0.000000
v 6.159893 22.989033 0.000000
v 6.159893 22.989033 0.000000
v 1.888939 24.873005 0.000000
v 1.888939 24.873005 0.000000
v 1.888939 24.873005 0.000000
v 6.908775 22.775179 0.000000
v 6.908775 22.775179 0.000000
v 6.908775 22.775179 0.000000
v 2.069789 25.002600 0.000000
v 2.069789 25.002600 0.000000
v 2.069789 25.002600 0.000000
v 7.650259 22.536936 0.000000
v 7.650259 22.536936 0.000000
v 7.650259 22.536936 0.000000
v 2.241776 25.143745 0.000000
v 2.241776 25.143745 0.000000
v 2.241776 25.143745 0.000000
v 8.383552 22.274561 0.000000
v 8.383552 22.274561 0.000000
v 8.383552 22.274561 0.000000
v 2.404163 25.295837 0.000000
v 2.404163 25.295837 0.000000
v 2.404163 25.295837 0.000000
v 9.107866 21.988331 0.000000
v 9.107866 21.988331 0.000000
v 9.107866 21.988331 0.000000
v 2.556255 25.458225 0.000000
v 2.556255 25.458225 0.000000
v 2.556255 25.458225 0.000000
v 9.822428 21.678558 0.000000
v 9.822428 21.678558 0.000000
v 9.822428 21.678558 0.000000
v 2.697401 25.630211 0.000000
v 2.697401 25.630211 0.000000
v 2.697401 25.630211 0.000000
v 10.526470 21.345572 0.000000
v 10.526470 21.345572 0.000000
v 10.526470 21.345572 0.000000
v 2.826997 25.811062 0.000000
v 2.826997 25.811062 0.000000
v 2.826997 25.811062 0.000000
v 11.219242 20.989725 0.000000
v 11.219242 20.989725 0.000000
v 11.219242 20.989725 0.000000
v 2.944486 26.000000 0.000000
v 2.944486 26.000000 0.000000
v 2.944486 26.000000 0.000000
v 11.900000 20.611404 0.000000
v 11.900000 20.611404 0.000000
v 11.900000 20.611404 0.000000
v 3.049367 26.196218 0.000000
v 3.049367 26.196218 0.000000
v 3.049367 26.196218 0.000000
v 12.568014 20.211010 0.000000
v 12.568014 20.211010 0.000000
v 12.568014 20.211010 0.000000
v 3.141190 26.398876 0.000000
v 3.141190 26.398876 0.000000
v 3.141190 26.398876 0.000000
v 13.222571 19.788977 0.000000
v 13.222571 19.788977 0.000000
v 13.222571 19.788977 0.000000
v 3.219563 26.607107 0.000000
v 3.219563 26.607107 0.000000
v 3.219563 26.607107 0.000000
v 3.219563 26.607107 0.000000
v 3.284148 26.820017 0.000000
v 3.284148 26.820017 0.000000
v 3.284148 26.820017 0.000000
v 3.334670 27.036694 0.000000
v 3.334670 27.036694 0.000000
v 3.334670 27.036694 0.000000
v 13.862970 19.345751 0.000000
v 13.862970 19.345751 0.000000
v 13.862970 19.345751 0.000000
v 3.370913 27.256212 0.000000
v 3.370913 27.256212 0.000000
v 3.370913 27.256212 0.000000
v 14.488522 18.881809 0.000000
v 14.488522 18.881809 0.000000
v 14.488522 18.881809 0.000000
v 3.392720 27.477631 0.000000
v 3.392720 27.477631 0.000000
v 3.392720 27.477631 0.000000
v 3.400000 27.700001 0.000000
v 3.400000 27.700001 0.000000
v 3.400000 27.700001 0.000000
v 3.392720 27.922371 0.000000
v 3.392720 27.922371 0.000000
v 3.392720 27.922371 0.000000
v 15.098561 18.397648 0.000000
v 15.098561 18.397648 0.000000
v 15.098561 18.397648 0.000000
v 3.370913 28.143789 0.000000
v 3.370913 28.143789 0.000000
v 3.370913 28.143789 0.000000
v 3.334670 28.363308 0.000000
v 3.334670 28.363308 0.000000
v 3.334670 28.363308 0.000000
v 3.284148 28.579985 0.000000
v 3.284148 28.579985 0.000000
v 3.284148 28.579985 0.000000
v 15.692431 17.893785 0.000000
v 15.692431 17.893785 0.000000
v 15.692431 17.893785 0.000000
v 3.219563 28.792894 0.000000
v 3.219563 28.792894 0.000000
v 3.219563 28.792894 0.000000
v 3.141190 29.001125 0.000000
v 3.141190 29.001125 0.000000
v 3.141190 29.001125 0.000000
v 3.141190 29.001125 0.000000
v 3.049367 29.203783 0.000000
v 3.049367 29.203783 0.000000
v 3.049367 29.203783 0.000000
v 2.944486 29.400002 0.000000
v 2.944486 29.400002 0.000000
v 2.944486 29.400002 0.000000
v 2.826997 29.588940 0.000000
v 2.826997 29.588940 0.000000
v 2.826997 29.588940 0.000000
v 16.269497 17.370764 0.000000
v 16.269497 17.370764 0.000000
v 16.269497 17.370764 0.000000
v 2.697401 29.769791 0.000000
v 2.697401 29.769791 0.000000
v 2.697401 29.769791 0.000000
v 2.556255 29.941776 0.000000
v 2.556255 29.941776 0.000000
v 2.556255 29.941776 0.000000
v 2.404163 30.104164 0.000000
v 2.404163 30.104164 0.000000
v 2.404163 30.104164 0.000000
v 2.241776 30.256256 0.000000
v 2.241776 30.256256 0.000000
v 2.241776 30.256256 0.000000
v 23.749043 1.556594 0.000000
v 23.749043 1.556594 0.000000
v 23.749043 1.556594 0.000000
v 24.415854 0.879985 0.000000
v 24.415854 0.879985 0.000000
v 24.415854 0.879985 0.000000
v 23.685396 2.332808 0.000000
v 23.685396 2.332808 0.000000
v 23.685396 2.332808 0.000000
v 24.480438 1.092894 0.000000
v 24.480438 1.092894 0.000000
v 24.480438 1.092894 0.000000
v 23.596388 3.106524 0.000000
v 23.596388 3.106524 0.000000
v 23.596388 3.106524 0.000000
v 24.558811 1.301124 0.000000
v 24.558811 1.301124 0.000000
v 24.558811 1.301124 0.000000
v 24.558811 1.301124 0.000000
v 23.482111 3.876912 0.000000
v 23.482111 3.876912 0.000000
v 23.482111 3.876912 0.000000
v 24.650633 1.503782 0.000000
v 24.650633 1.503782 0.000000
v 24.650633 1.503782 0.000000
v 23.342688 4.643149 0.000000
v 23.342688 4.643149 0.000000
v 23.342688 4.643149 0.000000
v 24.755514 1.700000 0.000000
v 24.755514 1.700000 0.000000
v 24.755514 1.700000 0.000000
v 23.178270 5.404415 0.000000
v 23.178270 5.404415 0.000000
v 23.178270 5.404415 0.000000
v 24.873005 1.888939 0.000000
v 24.873005 1.888939 0.000000
v 24.873005 1.888939 0.000000
v 22.989033 6.159893 0.000000
v 22.989033 6.159893 0.000000
v 22.989033 6.159893 0.000000
v 25.002600 2.069789 0.000000
v 25.002600 2.069789 0.000000
v 25.002600 2.069789 0.000000
v 22.775179 6.908775 0.000000
v 22.775179 6.908775 0.000000
v 22.775179 6.908775 0.000000
v 25.143745 2.241776 0.000000
v 25.143745 2.241776 0.000000
v 25.143745 2.241776 0.000000
v 22.536936 7.650259 0.000000
v 22.536936 7.650259 0.000000
v 22.536936 7.650259 0.000000
v 25.295837 2.404163 0.000000
v 25.295837 2.404163 0.000000
v 25.295837 2.404163 0.000000
v 22.274561 8.383552 0.000000
v 22.274561 8.383552 0.000000
v 22.274561 8.383552 0.000000
v 25.458225 2.556255 0.000000
v 25.458225 2.556255 0.000000
v 25.458225 2.556255 0.000000
v 21.988331 9.107866 0.000000
v 21.988331 9.107866 0.000000
v 21.988331 9.107866 0.000000
v 25.630211 2.697401 0.000000
v 25.630211 2.697401 0.000000
v 25.630211 2.697401 0.000000
v 21.678558 9.822428 0.000000
v 21.678558 9.822428 0.000000
v 21.678558 9.822428 0.000000
v 25.811062 2.826997 0.000000
v 25.811062 2.826997 0.000000
v 25.811062 2.826997 0.000000
v 21.345572 10.526470 0.000000
v 21.345572 10.526470 0.000000
v 21.345572 10.526470 0.000000
v 26.000000 2.944486 0.000000
v 26.000000 2.944486 0.000000
v 26.000000 2.944486 0.000000
v 20.989725 11.219242 0.000000
v 20.989725 11.219242 0.000000
v 20.989725 11.219242 0.000000
v 26.196218 3.049367 0.000000
v 26.196218 3.049367 0.000000
v 26.196218 3.049367 0.000000
v 20.611404 11.900000 0.000000
v 20.611404 11.900000 0.000000
v 20.611404 11.900000 0.000000
v 26.398876 3.141190 0.000000
v 26.398876 3.141190 0.000000
v 26.398876 3.141190 0.000000
v 20.211010 12.568014 0.000000
v 20.211010 12.568014 0.000000
v 20.211010 12.568014 0.000000
v 26.607107 3.219563 0.000000
v 26.607107 3.219563 0.000000
v 26.607107 3.219563 0.000000
v 19.788977 13.222571 0.000000
v 19.788977 13.222571 0.000000
v 19.788977 13.222571 0.000000
v 19.788977 13.222571 0.000000
v 26.820017 3.284148 0.000000
v 26.820017 3.284148 0.000000
v 26.820017 3.284148 0.000000
v 19.345751 13.862970 0.000000
v 19.345751 13.862970 0.000000
v 19.345751 13.862970 0.000000
v 27.036694 3.334670 0.000000
v 27.036694 3.334670 0.000000
v 27.036694 3.334670 0.000000
v 27.256212 3.370913 0.000000
v 27.256212 3.370913 0.000000
v 27.256212 3.370913 0.000000
v 27.477631 3.392720 0.000000
v 27.477631 3.392720 0.000000
v 27.477631 3.392720 0.000000
v 18.881809 14.488522 0.000000
v 18.881809 14.488522 0.000000
v 18.881809 14.488522 0.000000
v 27.700001 3.400000 0.000000
v 27.700001 3.400000 0.000000
v 27.700001 3.400000 0.000000
v 18.397648 15.098561 0.000000
v 18.397648 15.098561 0.000000
v 18.397648 15.098561 0.000000
v 27.922371 3.392720 0.000000
v 27.922371 3.392720 0.000000
v 27.922371 3.392720 0.000000
v 28.143789 3.370913 0.000000
v 28.143789 3.370913 0.000000
v 28.143789 3.370913 0.000000
v 28.363308 3.334670 0.000000
v 28.363308 3.334670 0.000000
v 28.363308 3.334670 0.000000
v 28.579985 3.284148 0.000000
v 28.579985 3.284148 0.000000
v 28.579985 3.284148 0.000000
v 28.792894 3.219563 0.000000
v 28.792894 3.219563 0.000000
v 28.792894 3.219563 0.000000
v 17.893785 15.692431 0.000000
v 17.893785 15.692431 0.000000
v 17.893785 15.692431 0.000000
v 29.001125 3.141190 0.000000
v 29.001125 3.141190 0.000000
v 29.001125 3.141190 0.000000
v 29.001125 3.141190 0.000000
v 29.203783 3.049367 0.000000
v 29.203783 3.049367 0.000000
v 29.203783 3.049367 0.000000
v 29.400002 2.944486 0.000000
v 29.400002 2.944486 0.000000
v 29.400002 2.944486 0.000000
v 29.588940 2.826997 0.000000
v 29.588940 2.826997 0.000000
v 29.588940 2.826997 0.000000
v 29.769791 2.697401 0.000000
v 29.769791 2.697401 0.000000
v 29.769791 2.697401 0.000000
v 17.370764 16.269497 0.000000
v 17.370764 16.269497 0.000000
v 17.370764 16.269497 0.000000
v 17.370764 16.269497 0.000000
v 29.941776 2.556255 0.000000
v 29.941776 2.556255 0.000000
v 29.941776 2.556255 0.000000
v 30.104164 2.404163 0.000000
v 30.104164 2.404163 0.000000
v 30.104164 2.404163 0.000000
v 30.256256 2.241776 0.000000
v 30.256256 2.241776 0.000000
v 30.256256 2.241776 0.000000
v 24.307280 -0.222371 0.000000
v 24.307280 -0.222371 0.000000
v 24.307280 -0.222371 0.000000
v 23.787256 -0.778714 0.000000
v 23.787256 -0.778714 0.000000
v 23.787256 -0.778714 0.000000
v 24.329088 -0.443789 0.000000
v 24.329088 -0.443789 0.000000
v 24.329088 -0.443789 0.000000
v 23.749043 -1.556594 0.000000
v 23.749043 -1.556594 0.000000
v 23.749043 -1.556594 0.000000
v 24.365332 -0.663307 0.000000
v 24.365332 -0.663307 0.000000
v 24.365332 -0.663307 0.000000
v 23.685396 -2.332808 0.000000
v 23.685396 -2.332808 0.000000
v 23.685396 -2.332808 0.000000
v 24.415854 -0.879985 0.000000
v 24.415854 -0.879985 0.000000
v 24.415854 -0.879985 0.000000
v 23.596388 -3.106524 0.000000
v 23.596388 -3.106524 0.000000
v 23.596388 -3.106524 0.000000
v 24.480438 -1.092894 0.000000
v 24.480438 -1.092894 0.000000
v 24.480438 -1.092894 0.000000
v 24.480438 -1.092894 0.000000
v 23.482111 -3.876912 0.000000
v 23.482111 -3.876912 0.000000
v 23.482111 -3.876912 0.000000
v 24.558811 -1.301124 0.000000
v 24.558811 -1.301124 0.000000
v 24.558811 -1.301124 0.000000
v 23.342688 -4.643149 0.000000
v 23.342688 -4.643149 0.000000
v 23.342688 -4.643149 0.000000
v 24.650633 -1.503782 0.000000
v 24.650633 -1.503782 0.000000
v 24.650633 -1.503782 0.000000
v 23.178270 -5.404415 0.000000
v 23.178270 -5.404415 0.000000
v 23.178270 -5.404415 0.000000
v 24.755514 -1.700000 0.000000
v 24.755514 -1.700000 0.000000
v 24.755514 -1.700000 0.000000
v 22.989033 -6.159893 0.000000
v 22.989033 -6.159893 0.000000
v 22.989033 -6.159893 0.000000
v 24.873005 -1.888939 0.000000
v 24.873005 -1.888939 0.000000
v 24.873005 -1.888939 0.000000
v 22.775179 -6.908775 0.000000
v 22.775179 -6.908775 0.000000
v 22.775179 -6.908775 0.000000
v 25.002600 -2.069789 0.000000
v 25.002600 -2.069789 0.000000
v 25.002600 -2.069789 0.000000
v 22.536936 -7.650259 0.000000
v 22.536936 -7.650259 0.000000
v 22.536936 -7.650259 0.000000
v 25.143745 -2.241776 0.000000
v 25.143745 -2.241776 0.000000
v 25.143745 -2.241776 0.000000
v 22.274561 -8.383552 0.000000
v 22.274561 -8.383552 0.000000
v 22.274561 -8.383552 0.000000
v 25.295837 -2.404163 0.000000
v 25.295837 -2.404163 0.000000
v 25.295837 -2.404163 0.000000
v 21.988331 -9.107866 0.000000
v 21.988331 -9.107866 0.000000
v 21.988331 -9.107866 0.000000
v 25.458225 -2.556255 0.000000
v 25.458225 -2.556255 0.000000
v 25.458225 -2.556255 0.000000
v 21.678558 -9.822428 0.000000
v 21.678558 -9.822428 0.000000
v 21.678558 -9.822428 0.000000
v 25.630211 -2.697401 0.000000
v 25.630211 -2.697401 0.000000
v 25.630211 -2.697401 0.000000
v 21.345572 -10.526470 0.000000
v 21.345572 -10.526470 0.000000
v 21.345572 -10.526470 0.000000
v 20.989725 -11.219242 0.000000
v 20.989725 -11.219242 0.000000
v 20.989725 -11.219242 0.000000
v 21.527664 -11.506777 0.000000
v 21.527664 -11.506777 0.000000
v 25.811062 -2.826997 0.000000
v 25.811062 -2.826997 0.000000
v 25.811062 -2.826997 0.000000
v 21.584740 -11.445837 0.000000
v 21.584740 -11.445837 0.000000
v 21.584740 -11.445837 0.000000
v 21.747128 -11.293745 0.000000
v 21.747128 -11.293745 0.000000
v 21.747128 -11.293745 0.000000
v 26.000000 -2.944486 0.000000
v 26.000000 -2.944486 0.000000
v 26.000000 -2.944486 0.000000
v 26.196218 -3.049367 0.000000
v 26.196218 -3.049367 0.000000
v 26.196218 -3.049367 0.000000
v 21.919113 -11.152599 0.000000
v 21.919113 -11.152599 0.000000
v 21.919113 -11.152599 0.000000
v 22.099964 -11.023004 0.000000
v 22.099964 -11.023004 0.000000
v 22.099964 -11.023004 0.000000
v 26.398876 -3.141190 0.000000
v 26.398876 -3.141190 0.000000
v 26.398876 -3.141190 0.000000
v 26.607107 -3.219563 0.000000
v 26.607107 -3.219563 0.000000
v 26.607107 -3.219563 0.000000
v 22.288902 -10.905514 0.000000
v 22.288902 -10.905514 0.000000
v 22.288902 -10.905514 0.000000
v 22.485121 -10.800632 0.000000
v 22.485121 -10.800632 0.000000
v 22.485121 -10.800632 0.000000
v 26.820017 -3.284148 0.000000
v 26.820017 -3.284148 0.000000
v 26.820017 -3.284148 0.000000
v 27.036694 -3.334670 0.000000
v 27.036694 -3.334670 0.000000
v 27.036694 -3.334670 0.000000
v 22.687778 -10.708810 0.000000
v 22.687778 -10.708810 0.000000
v 22.687778 -10.708810 0.000000
v 22.896009 -10.630438 0.000000
v 22.896009 -10.630438 0.000000
v 22.896009 -10.630438 0.000000
v 27.256212 -3.370913 0.000000
v 27.256212 -3.370913 0.000000
v 27.256212 -3.370913 0.000000
v 27.477631 -3.392720 0.000000
v 27.477631 -3.392720 0.000000
v 27.477631 -3.392720 0.000000
v 23.108919 -10.565853 0.000000
v 23.108919 -10.565853 0.000000
v 23.108919 -10.565853 0.000000
v 23.325596 -10.515330 0.000000
v 23.325596 -10.515330 0.000000
v 23.325596 -10.515330 0.000000
v 27.700001 -3.400000 0.000000
v 27.700001 -3.400000 0.000000
v 27.700001 -3.400000 0.000000
v 27.922371 -3.392720 0.000000
v 27.922371 -3.392720 0.000000
v 27.922371 -3.392720 0.000000
v 23.545115 -10.479088 0.000000
v 23.545115 -10.479088 0.000000
v 23.545115 -10.479088 0.000000
v 23.766533 -10.457280 0.000000
v 23.766533 -10.457280 0.000000
v 23.766533 -10.457280 0.000000
v 28.143789 -3.370913 0.000000
v 28.143789 -3.370913 0.000000
v 28.143789 -3.370913 0.000000
v 28.363308 -3.334670 0.000000
v 28.363308 -3.334670 0.000000
v 28.363308 -3.334670 0.000000
v 23.988903 -10.450001 0.000000
v 23.988903 -10.450001 0.000000
v 23.988903 -10.450001 0.000000
v 28.579985 -3.284148 0.000000
v 28.579985 -3.284148 0.000000
v 28.579985 -3.284148 0.000000
v 24.211273 -10.457280 0.000000
v 24.211273 -10.457280 0.000000
v 24.211273 -10.457280 0.000000
v 28.792894 -3.219563 0.000000
v 28.792894 -3.219563 0.000000
v 28.792894 -3.219563 0.000000
v 24.432692 -10.479088 0.000000
v 24.432692 -10.479088 0.000000
v 24.432692 -10.479088 0.000000
v 29.001125 -3.141190 0.000000
v 29.001125 -3.141190 0.000000
v 29.001125 -3.141190 0.000000
v 29.001125 -3.141190 0.000000
v 24.652210 -10.515330 0.000000
v 24.652210 -10.515330 0.000000
v 24.652210 -10.515330 0.000000
v 29.203783 -3.049367 0.000000
v 29.203783 -3.049367 0.000000
v 29.203783 -3.049367 0.000000
v 24.868887 -10.565853 0.000000
v 24.868887 -10.565853 0.000000
v 24.868887 -10.565853 0.000000
v 29.400002 -2.944486 0.000000
v 29.400002 -2.944486 0.000000
v 29.400002 -2.944486 0.000000
v 25.081797 -10.630438 0.000000
v 25.081797 -10.630438 0.000000
v 25.081797 -10.630438 0.000000
v 29.588940 -2.826997 0.000000
v 29.588940 -2.826997 0.000000
v 29.588940 -2.826997 0.000000
v 25.290028 -10.708810 0.000000
v 25.290028 -10.708810 0.000000
v 25.290028 -10.708810 0.000000
v 29.769791 -2.697401 0.000000
v 29.769791 -2.697401 0.000000
v 29.769791 -2.697401 0.000000
v 25.492685 -10.800632 0.000000
v 25.492685 -10.800632 0.000000
v 25.492685 -10.800632 0.000000
v 29.941776 -2.556255 0.000000
v 29.941776 -2.556255 0.000000
v 29.941776 -2.556255 0.000000
v 25.688904 -10.905514 0.000000
v 25.688904 -10.905514 0.000000
v 25.688904 -10.905514 0.000000
v 30.104164 -2.404163 0.000000
v 30.104164 -2.404163 0.000000
v 30.104164 -2.404163 0.000000
v 25.877842 -11.023004 0.000000
v 25.877842 -11.023004 0.000000
v 25.877842 -11.023004 0.000000
v 30.256256 -2.241776 0.000000
v 30.256256 -2.241776 0.000000
v 30.256256 -2.241776 0.000000
v 26.058693 -11.152599 0.000000
v 26.058693 -11.152599 0.000000
v 26.058693 -11.152599 0.000000
v 30.397402 -2.069789 0.000000
v 30.397402 -2.069789 0.000000
v 30.397402 -2.069789 0.000000
v 26.230679 -11.293745 0.000000
v 26.230679 -11.293745 0.000000
v 26.230679 -11.293745 0.000000
v 30.526997 -1.888939 0.000000
v 30.526997 -1.888939 0.000000
v 30.526997 -1.888939 0.000000
v 30.526997 -1.888939 0.000000
v 26.393066 -11.445837 0.000000
v 26.393066 -11.445837 0.000000
v 26.393066 -11.445837 0.000000
v 30.644487 -1.700000 0.000000
v 30.644487 -1.700000 0.000000
v 30.644487 -1.700000 0.000000
v 26.545158 -11.608225 0.000000
v 26.545158 -11.608225 0.000000
v 26.545158 -11.608225 0.000000
v 30.749369 -1.503782 0.000000
v 30.749369 -1.503782 0.000000
v 30.749369 -1.503782 0.000000
v 26.686304 -11.780211 0.000000
v 26.686304 -11.780211 0.000000
v 26.686304 -11.780211 0.000000
v 30.841190 -1.301124 0.000000
v 30.841190 -1.301124 0.000000
v 30.841190 -1.301124 0.000000
v 26.815899 -11.961061 0.000000
v 26.815899 -11.961061 0.000000
v 26.815899 -11.961061 0.000000
v 26.933390 -12.150001 0.000000
v 26.933390 -12.150001 0.000000
v 26.933390 -12.150001 0.000000
v 27.038271 -12.346219 0.000000
v 27.038271 -12.346219 0.000000
v 27.038271 -12.346219 0.000000
v 30.919563 -1.092894 0.000000
v 30.919563 -1.092894 0.000000
v 30.919563 -1.092894 0.000000
v 27.130093 -12.548877 0.000000
v 27.130093 -12.548877 0.000000
v 27.130093 -12.548877 0.000000
v 27.208466 -12.757106 0.000000
v 27.208466 -12.757106 0.000000
v 27.208466 -12.757106 0.000000
v 27.273050 -12.970016 0.000000
v 27.273050 -12.970016 0.000000
v 27.273050 -12.970016 0.000000
v 27.323572 -13.186693 0.000000
v 27.323572 -13.186693 0.000000
v 27.323572 -13.186693 0.000000
v 27.359816 -13.406211 0.000000
v 27.359816 -13.406211 0.000000
v 27.359816 -13.406211 0.000000
v 30.984148 -0.879985 0.000000
v 30.984148 -0.879985 0.000000
v 30.984148 -0.879985 0.000000
v 27.381624 -13.627629 0.000000
v 27.381624 -13.627629 0.000000
v 27.381624 -13.627629 0.000000
v 27.388903 -13.850000 0.000000
v 27.388903 -13.850000 0.000000
v 27.388903 -13.850000 0.000000
v 27.381624 -14.072371 0.000000
v 27.381624 -14.072371 0.000000
v 27.381624 -14.072371 0.000000
v 27.359816 -14.293790 0.000000
v 27.359816 -14.293790 0.000000
v 27.359816 -14.293790 0.000000
v 27.323572 -14.513308 0.000000
v 27.323572 -14.513308 0.000000
v 27.323572 -14.513308 0.000000
v 27.304613 -14.594620 0.000000
v 27.304613 -14.594620 0.000000
v 27.304613 -14.594620 0.000000
v -0.879985 30.984148 0.000000
v -0.879985 30.984148 0.000000
v -0.879985 30.984148 0.000000
v -0.663307 31.034670 0.000000
v -0.663307 31.034670 0.000000
v -0.663307 31.034670 0.000000
v -0.443789 31.070913 0.000000
v -0.443789 31.070913 0.000000
v -0.443789 31.070913 0.000000
v -0.222371 31.092722 0.000000
v -0.222371 31.092722 0.000000
v -0.222371 31.092722 0.000000
v 31.034670 -0.663307 0.000000
v 31.034670 -0.663307 0.000000
v 31.034670 -0.663307 0.000000
v 0.000000 31.100000 0.000000
v 0.000000 31.100000 0.000000
v 0.000000 31.100000 0.000000
v 0.222371 31.092722 0.000000
v 0.222371 31.092722 0.000000
v 0.222371 31.092722 0.000000
v 31.070913 -0.443789 0.000000
v 31.070913 -0.443789 0.000000
v 31.070913 -0.443789 0.000000
v 31.092722 -0.222371 0.000000
v 31.092722 -0.222371 0.000000
v 31.092722 -0.222371 0.000000
v 0.443789 31.070913 0.000000
v 0.443789 31.070913 0.000000
v 0.443789 31.070913 0.000000
v 31.100000 0.000000 0.000000
v 31.100000 0.000000 0.000000
v 31.100000 0.000000 0.000000
v 0.663307 31.034670 0.000000
v 0.663307 31.034670 0.000000
v 0.663307 31.034670 0.000000
v 0.879985 30.984148 0.000000
v 0.879985 30.984148 0.000000
v 0.879985 30.984148 0.000000
v 31.092722 0.222371 0.000000
v 31.092722 0.222371 0.000000
v 31.092722 0.222371 0.000000
v 31.070913 0.443789 0.000000
v 31.070913 0.443789 0.000000
v 31.070913 0.443789 0.000000
v 1.092894 30.919563 0.000000
v 1.092894 30.919563 0.000000
v 1.092894 30.919563 0.000000
v 31.034670 0.663307 0.000000
v 31.034670 0.663307 0.000000
v 31.034670 0.663307 0.000000
v 30.984148 0.879985 0.000000
v 30.984148 0.879985 0.000000
v 30.984148 0.879985 0.000000
v 1.301124 30.841190 0.000000
v 1.301124 30.841190 0.000000
v 1.301124 30.841190 0.000000
v 1.503782 30.749369 0.000000
v 1.503782 30.749369 0.000000
v 1.503782 30.749369 0.000000
v 30.919563 1.092894 0.000000
v 30.919563 1.092894 0.000000
v 30.919563 1.092894 0.000000
v 30.841190 1.301124 0.000000
v 30.841190 1.301124 0.000000
v 30.841190 1.301124 0.000000
v 1.700000 30.644487 0.000000
v 1.700000 30.644487 0.000000
v 1.700000 30.644487 0.000000
v 1.888939 30.526997 0.000000
v 1.888939 30.526997 0.000000
v 1.888939 30.526997 0.000000
v 30.749369 1.503782 0.000000
v 30.749369 1.503782 0.000000
v 30.749369 1.503782 0.000000
v 30.644487 1.700000 0.000000
v 30.644487 1.700000 0.000000
v 30.644487 1.700000 0.000000
v 2.069789 30.397402 0.000000
v 2.069789 30.397402 0.000000
v 2.069789 30.397402 0.000000
v 30.526997 1.888939 0.000000
v 30.526997 1.888939 0.000000
v 30.526997 1.888939 0.000000
v 16.829140 16.829140 0.000000
v 16.829140 16.829140 0.000000
v 16.829140 16.829140 0.000000
v 30.397402 2.069789 0.000000
v 30.397402 2.069789 0.000000
v 30.397402 2.069789 0.000000
v 30.397402 2.069789 0.000000
v 27.273050 -14.729985 0.000000
v 27.273050 -14.729985 0.000000
v 27.273050 -14.729985 0.000000
v 27.208466 -14.942895 0.000000
v 27.208466 -14.942895 0.000000
v 27.208466 -14.942895 0.000000
v 1.092894 -30.919563 0.000000
v 1.092894 -30.919563 0.000000
v 1.092894 -30.919563 0.000000
v 0.944958 -30.964439 0.000000
v 0.944958 -30.964439 0.000000
v 1.301124 -30.841190 0.000000
v 1.301124 -30.841190 0.000000
v 1.301124 -30.841190 0.000000
v 27.130093 -15.151124 0.000000
v 27.130093 -15.151124 0.000000
v 27.130093 -15.151124 0.000000
v 27.038271 -15.353782 0.000000
v 27.038271 -15.353782 0.000000
v 27.038271 -15.353782 0.000000
v 1.503782 -30.749369 0.000000
v 1.503782 -30.749369 0.000000
v 1.503782 -30.749369 0.000000
v 26.933390 -15.550000 0.000000
v 26.933390 -15.550000 0.000000
v 26.933390 -15.550000 0.000000
v 26.815899 -15.738939 0.000000
v 26.815899 -15.738939 0.000000
v 26.815899 -15.738939 0.000000
v 1.700000 -30.644487 0.000000
v 1.700000 -30.644487 0.000000
v 1.700000 -30.644487 0.000000
v 1.888939 -30.526997 0.000000
v 1.888939 -30.526997 0.000000
v 1.888939 -30.526997 0.000000
v 26.686304 -15.919789 0.000000
v 26.686304 -15.919789 0.000000
v 26.686304 -15.919789 0.000000
v 2.069789 -30.397402 0.000000
v 2.069789 -30.397402 0.000000
v 2.069789 -30.397402 0.000000
v 26.545158 -16.091776 0.000000
v 26.545158 -16.091776 0.000000
v 26.545158 -16.091776 0.000000
v 26.393066 -16.254164 0.000000
v 26.393066 -16.254164 0.000000
v 26.393066 -16.254164 0.000000
v 2.241776 -30.256256 0.000000
v 2.241776 -30.256256 0.000000
v 2.241776 -30.256256 0.000000
v 2.404163 -30.104164 0.000000
v 2.404163 -30.104164 0.000000
v 2.404163 -30.104164 0.000000
v 26.230679 -16.406256 0.000000
v 26.230679 -16.406256 0.000000
v 26.230679 -16.406256 0.000000
v 26.058693 -16.547401 0.000000
v 26.058693 -16.547401 0.000000
v 26.058693 -16.547401 0.000000
v 2.556255 -29.941776 0.000000
v 2.556255 -29.941776 0.000000
v 2.556255 -29.941776 0.000000
v 2.697401 -29.769791 0.000000
v 2.697401 -29.769791 0.000000
v 2.697401 -29.769791 0.000000
v 25.877842 -16.676998 0.000000
v 25.877842 -16.676998 0.000000
v 25.877842 -16.676998 0.000000
v 25.688904 -16.794487 0.000000
v 25.688904 -16.794487 0.000000
v 25.688904 -16.794487 0.000000
v 2.826997 -29.588940 0.000000
v 2.826997 -29.588940 0.000000
v 2.826997 -29.588940 0.000000
v 2.944486 -29.400002 0.000000
v 2.944486 -29.400002 0.000000
v 2.944486 -29.400002 0.000000
v 25.492685 -16.899368 0.000000
v 25.492685 -16.899368 0.000000
v 25.492685 -16.899368 0.000000
v 25.290028 -16.991190 0.000000
v 25.290028 -16.991190 0.000000
v 25.290028 -16.991190 0.000000
v 3.049367 -29.203783 0.000000
v 3.049367 -29.203783 0.000000
v 3.049367 -29.203783 0.000000
v 3.141190 -29.001125 0.000000
v 3.141190 -29.001125 0.000000
v 3.141190 -29.001125 0.000000
v 25.081797 -17.069563 0.000000
v 25.081797 -17.069563 0.000000
v 25.081797 -17.069563 0.000000
v 24.868887 -17.134148 0.000000
v 24.868887 -17.134148 0.000000
v 24.868887 -17.134148 0.000000
v 3.219563 -28.792894 0.000000
v 3.219563 -28.792894 0.000000
v 3.219563 -28.792894 0.000000
v 3.219563 -28.792894 0.000000
v 3.284148 -28.579985 0.000000
v 3.284148 -28.579985 0.000000
v 3.284148 -28.579985 0.000000
v 24.652210 -17.184669 0.000000
v 24.652210 -17.184669 0.000000
v 24.652210 -17.184669 0.000000
v 24.432692 -17.220913 0.000000
v 24.432692 -17.220913 0.000000
v 24.432692 -17.220913 0.000000
v 3.334670 -28.363308 0.000000
v 3.334670 -28.363308 0.000000
v 3.334670 -28.363308 0.000000
v 3.370913 -28.143789 0.000000
v 3.370913 -28.143789 0.000000
v 3.370913 -28.143789 0.000000
v 24.211273 -17.242722 0.000000
v 24.211273 -17.242722 0.000000
v 24.211273 -17.242722 0.000000
v 23.988903 -17.250000 0.000000
v 23.988903 -17.250000 0.000000
v 23.988903 -17.250000 0.000000
v 3.392720 -27.922371 0.000000
v 3.392720 -27.922371 0.000000
v 3.392720 -27.922371 0.000000
v 3.400000 -27.700001 0.000000
v 3.400000 -27.700001 0.000000
v 3.400000 -27.700001 0.000000
v 23.766533 -17.242722 0.000000
v 23.766533 -17.242722 0.000000
v 23.766533 -17.242722 0.000000
v 23.545115 -17.220913 0.000000
v 23.545115 -17.220913 0.000000
v 23.545115 -17.220913 0.000000
v 3.392720 -27.477631 0.000000
v 3.392720 -27.477631 0.000000
v 3.392720 -27.477631 0.000000
v 3.370913 -27.256212 0.000000
v 3.370913 -27.256212 0.000000
v 3.370913 -27.256212 0.000000
v 23.325596 -17.184669 0.000000
v 23.325596 -17.184669 0.000000
v 23.325596 -17.184669 0.000000
v 23.108919 -17.134148 0.000000
v 23.108919 -17.134148 0.000000
v 23.108919 -17.134148 0.000000
v 3.334670 -27.036694 0.000000
v 3.334670 -27.036694 0.000000
v 3.334670 -27.036694 0.000000
v 3.284148 -26.820017 0.000000
v 3.284148 -26.820017 0.000000
v 3.284148 -26.820017 0.000000
v 22.896009 -17.069563 0.000000
v 22.896009 -17.069563 0.000000
v 22.896009 -17.069563 0.000000
v 22.896009 -17.069563 0.000000
v 22.687778 -16.991190 0.000000
v 22.687778 -16.991190 0.000000
v 22.687778 -16.991190 0.000000
v 3.219563 -26.607107 0.000000
v 3.219563 -26.607107 0.000000
v 3.219563 -26.607107 0.000000
v 3.141190 -26.398876 0.000000
v 3.141190 -26.398876 0.000000
v 3.141190 -26.398876 0.000000
v 3.141190 -26.398876 0.000000
v 3.049367 -26.196218 0.000000
v 3.049367 -26.196218 0.000000
v 3.049367 -26.196218 0.000000
v 22.485121 -16.899368 0.000000
v 22.485121 -16.899368 0.000000
v 22.485121 -16.899368 0.000000
v 2.944486 -26.000000 0.000000
v 2.944486 -26.000000 0.000000
v 2.944486 -26.000000 0.000000
v 22.288902 -16.794487 0.000000
v 22.288902 -16.794487 0.000000
v 22.288902 -16.794487 0.000000
v 2.826997 -25.811062 0.000000
v 2.826997 -25.811062 0.000000
v 2.826997 -25.811062 0.000000
v 22.099964 -16.676998 0.000000
v 22.099964 -16.676998 0.000000
v 22.099964 -16.676998 0.000000
v 2.697401 -25.630211 0.000000
v 2.697401 -25.630211 0.000000
v 2.697401 -25.630211 0.000000
v 21.919113 -16.547401 0.000000
v 21.919113 -16.547401 0.000000
v 21.919113 -16.547401 0.000000
v 2.556255 -25.458225 0.000000
v 2.556255 -25.458225 0.000000
v 2.556255 -25.458225 0.000000
v 21.747128 -16.406256 0.000000
v 21.747128 -16.406256 0.000000
v 21.747128 -16.406256 0.000000
v 2.404163 -25.295837 0.000000
v 2.404163 -25.295837 0.000000
v 2.404163 -25.295837 0.000000
v 21.584740 -16.254164 0.000000
v 21.584740 -16.254164 0.000000
v 21.584740 -16.254164 0.000000
v 21.432648 -16.091776 0.000000
v 21.432648 -16.091776 0.000000
v 21.432648 -16.091776 0.000000
v 0.000000 -23.799999 0.000000
v 0.000000 -23.799999 0.000000
v 0.000000 -23.799999 0.000000
v 0.000000 -24.300001 0.000000
v 0.000000 -24.300001 0.000000
v 0.000000 -24.300001 0.000000
v 0.222371 -24.307280 0.000000
v 0.222371 -24.307280 0.000000
v 0.222371 -24.307280 0.000000
v 0.778714 -23.787256 0.000000
v 0.778714 -23.787256 0.000000
v 0.778714 -23.787256 0.000000
v 0.443789 -24.329088 0.000000
v 0.443789 -24.329088 0.000000
v 0.443789 -24.329088 0.000000
v 1.556594 -23.749043 0.000000
v 1.556594 -23.749043 0.000000
v 1.556594 -23.749043 0.000000
v 0.663307 -24.365332 0.000000
v 0.663307 -24.365332 0.000000
v 0.663307 -24.365332 0.000000
v 2.332808 -23.685396 0.000000
v 2.332808 -23.685396 0.000000
v 2.332808 -23.685396 0.000000
v 0.879985 -24.415854 0.000000
v 0.879985 -24.415854 0.000000
v 0.879985 -24.415854 0.000000
v 3.106524 -23.596388 0.000000
v 3.106524 -23.596388 0.000000
v 3.106524 -23.596388 0.000000
v 1.092894 -24.480438 0.000000
v 1.092894 -24.480438 0.000000
v 1.092894 -24.480438 0.000000
v 3.876912 -23.482111 0.000000
v 3.876912 -23.482111 0.000000
v 3.876912 -23.482111 0.000000
v 1.301124 -24.558811 0.000000
v 1.301124 -24.558811 0.000000
v 1.301124 -24.558811 0.000000
v 4.643149 -23.342688 0.000000
v 4.643149 -23.342688 0.000000
v 4.643149 -23.342688 0.000000
v 1.503782 -24.650633 0.000000
v 1.503782 -24.650633 0.000000
v 1.503782 -24.650633 0.000000
v 5.404415 -23.178270 0.000000
v 5.404415 -23.178270 0.000000
v 5.404415 -23.178270 0.000000
v 1.700000 -24.755514 0.000000
v 1.700000 -24.755514 0.000000
v 1.700000 -24.755514 0.000000
v 6.159893 -22.989033 0.000000
v 6.159893 -22.989033 0.000000
v 6.159893 -22.989033 0.000000
v 1.888939 -24.873005 0.000000
v 1.888939 -24.873005 0.000000
v 1.888939 -24.873005 0.000000
v 6.908775 -22.775179 0.000000
v 6.908775 -22.775179 0.000000
v 6.908775 -22.775179 0.000000
v 2.069789 -25.002600 0.000000
v 2.069789 -25.002600 0.000000
v 2.069789 -25.002600 0.000000
v 7.650259 -22.536936 0.000000
v 7.650259 -22.536936 0.000000
v 7.650259 -22.536936 0.000000
v 2.241776 -25.143745 0.000000
v 2.241776 -25.143745 0.000000
v 2.241776 -25.143745 0.000000
v 8.383552 -22.274561 0.000000
v 8.383552 -22.274561 0.000000
v 8.383552 -22.274561 0.000000
v 21.432648 -11.608225 0.000000
v 21.432648 -11.608225 0.000000
v 21.432648 -11.608225 0.000000
v 20.611404 -11.900000 0.000000
v 20.611404 -11.900000 0.000000
v 20.611404 -11.900000 0.000000
v 21.291502 -11.780211 0.000000
v 21.291502 -11.780211 0.000000
v 21.291502 -11.780211 0.000000
v 21.291502 -11.780211 0.000000
v 20.211010 -12.568014 0.000000
v 20.211010 -12.568014 0.000000
v 20.211010 -12.568014 0.000000
v 20.211010 -12.568014 0.000000
v 21.161907 -11.961061 0.000000
v 21.161907 -11.961061 0.000000
v 21.161907 -11.961061 0.000000
v 19.788977 -13.222571 0.000000
v 19.788977 -13.222571 0.000000
v 19.788977 -13.222571 0.000000
v 21.044416 -12.150001 0.000000
v 21.044416 -12.150001 0.000000
v 21.044416 -12.150001 0.000000
v 19.345751 -13.862970 0.000000
v 19.345751 -13.862970 0.000000
v 19.345751 -13.862970 0.000000
v 20.939535 -12.346219 0.000000
v 20.939535 -12.346219 0.000000
v 20.939535 -12.346219 0.000000
v 18.881809 -14.488522 0.000000
v 18.881809 -14.488522 0.000000
v 18.881809 -14.488522 0.000000
v 20.847713 -12.548877 0.000000
v 20.847713 -12.548877 0.000000
v 20.847713 -12.548877 0.000000
v 20.847713 -12.548877 0.000000
v 18.397648 -15.098561 0.000000
v 18.397648 -15.098561 0.000000
v 18.397648 -15.098561 0.000000
v 20.769341 -12.757106 0.000000
v 20.769341 -12.757106 0.000000
v 20.769341 -12.757106 0.000000
v 17.893785 -15.692431 0.000000
v 17.893785 -15.692431 0.000000
v 17.893785 -15.692431 0.000000
v 17.893785 -15.692431 0.000000
v 20.704756 -12.970016 0.000000
v 20.704756 -12.970016 0.000000
v 20.704756 -12.970016 0.000000
v 17.370764 -16.269497 0.000000
v 17.370764 -16.269497 0.000000
v 17.370764 -16.269497 0.000000
v 20.654234 -13.186693 0.000000
v 20.654234 -13.186693 0.000000
v 20.654234 -13.186693 0.000000
v 16.829140 -16.829140 0.000000
v 16.829140 -16.829140 0.000000
v 16.829140 -16.829140 0.000000
v 20.617990 -13.406211 0.000000
v 20.617990 -13.406211 0.000000
v 20.617990 -13.406211 0.000000
v 16.269497 -17.370764 0.000000
v 16.269497 -17.370764 0.000000
v 16.269497 -17.370764 0.000000
v 20.596182 -13.627629 0.000000
v 20.596182 -13.627629 0.000000
v 20.596182 -13.627629 0.000000
v 15.692431 -17.893785 0.000000
v 15.692431 -17.893785 0.000000
v 15.692431 -17.893785 0.000000
v 20.588903 -13.850000 0.000000
v 20.588903 -13.850000 0.000000
v 20.588903 -13.850000 0.000000
v 15.098561 -18.397648 0.000000
v 15.098561 -18.397648 0.000000
v 15.098561 -18.397648 0.000000
v 20.596182 -14.072371 0.000000
v 20.596182 -14.072371 0.000000
v 20.596182 -14.072371 0.000000
v 14.488522 -18.881809 0.000000
v 14.488522 -18.881809 0.000000
v 14.488522 -18.881809 0.000000
v 20.617990 -14.293790 0.000000
v 20.617990 -14.293790 0.000000
v 20.617990 -14.293790 0.000000
v 20.654234 -14.513308 0.000000
v 20.654234 -14.513308 0.000000
v 20.654234 -14.513308 0.000000
v 20.704756 -14.729985 0.000000
v 20.704756 -14.729985 0.000000
v 20.704756 -14.729985 0.000000
v 13.862970 -19.345751 0.000000
v 13.862970 -19.345751 0.000000
v 13.862970 -19.345751 0.000000
v 20.769341 -14.942895 0.000000
v 20.769341 -14.942895 0.000000
v 20.769341 -14.942895 0.000000
v 20.769341 -14.942895 0.000000
v 13.222571 -19.788977 0.000000
v 13.222571 -19.788977 0.000000
v 13.222571 -19.788977 0.000000
v 20.847713 -15.151124 0.000000
v 20.847713 -15.151124 0.000000
v 20.847713 -15.151124 0.000000
v 12.568014 -20.211010 0.000000
v 12.568014 -20.211010 0.000000
v 12.568014 -20.211010 0.000000
v 20.939535 -15.353782 0.000000
v 20.939535 -15.353782 0.000000
v 20.939535 -15.353782 0.000000
v 11.900000 -20.611404 0.000000
v 11.900000 -20.611404 0.000000
v 11.900000 -20.611404 0.000000
v 21.044416 -15.550000 0.000000
v 21.044416 -15.550000 0.000000
v 21.044416 -15.550000 0.000000
v 11.219242 -20.989725 0.000000
v 11.219242 -20.989725 0.000000
v 11.219242 -20.989725 0.000000
v 21.161907 -15.738939 0.000000
v 21.161907 -15.738939 0.000000
v 21.161907 -15.738939 0.000000
v 21.161907 -15.738939 0.000000
v 21.291502 -15.919789 0.000000
v 21.291502 -15.919789 0.000000
v 21.291502 -15.919789 0.000000
v 9.107866 -21.988331 0.000000
v 9.107866 -21.988331 0.000000
v 9.107866 -21.988331 0.000000
v 10.526470 -21.345572 0.000000
v 10.526470 -21.345572 0.000000
v 10.526470 -21.345572 0.000000
v 9.822428 -21.678558 0.000000
v 9.822428 -21.678558 0.000000
v 9.822428 -21.678558 0.000000
v -0.222371 -24.307280 0.000000
v -0.222371 -24.307280 0.000000
v -0.222371 -24.307280 0.000000
v -0.778714 -23.787256 0.000000
v -0.778714 -23.787256 0.000000
v -0.778714 -23.787256 0.000000
v -0.443789 -24.329088 0.000000
v -0.443789 -24.329088 0.000000
v -0.443789 -24.329088 0.000000
v -1.556594 -23.749043 0.000000
v -1.556594 -23.749043 0.000000
v -1.556594 -23.749043 0.000000
v -0.663307 -24.365332 0.000000
v -0.663307 -24.365332 0.000000
v -0.663307 -24.365332 0.000000
v -2.332808 -23.685396 0.000000
v -2.332808 -23.685396 0.000000
v -2.332808 -23.685396 0.000000
v -0.879985 -24.415854 0.000000
v -0.879985 -24.415854 0.000000
v -0.879985 -24.415854 0.000000
v -3.106524 -23.596388 0.000000
v -3.106524 -23.596388 0.000000
v -3.106524 -23.596388 0.000000
v -1.092894 -24.480438 0.000000
v -1.092894 -24.480438 0.000000
v -1.092894 -24.480438 0.000000
v -3.876912 -23.482111 0.000000
v -3.876912 -23.482111 0.000000
v -3.876912 -23.482111 0.000000
v -1.301124 -24.558811 0.000000
v -1.301124 -24.558811 0.000000
v -1.301124 -24.558811 0.000000
v -4.643149 -23.342688 0.000000
v -4.643149 -23.342688 0.000000
v -4.643149 -23.342688 0.000000
v -1.503782 -24.650633 0.000000
v -1.503782 -24.650633 0.000000
v -1.503782 -24.650633 0.000000
v -5.404415 -23.178270 0.000000
v -5.404415 -23.178270 0.000000
v -5.404415 -23.178270 0.000000
v -1.700000 -24.755514 0.000000
v -1.700000 -24.755514 0.000000
v -1.700000 -24.755514 0.000000
v -6.159893 -22.989033 0.000000
v -6.159893 -22.989033 0.000000
v -6.159893 -22.989033 0.000000
v -1.888939 -24.873005 0.000000
v -1.888939 -24.873005 0.000000
v -1.888939 -24.873005 0.000000
v -6.908775 -22.775179 0.000000
v -6.908775 -22.775179 0.000000
v -6.908775 -22.775179 0.000000
v -2.069789 -25.002600 0.000000
v -2.069789 -25.002600 0.000000
v -2.069789 -25.002600 0.000000
v -7.650259 -22.536936 0.000000
v -7.650259 -22.536936 0.000000
v -7.650259 -22.536936 0.000000
v -2.241776 -25.143745 0.000000
v -2.241776 -25.143745 0.000000
v -2.241776 -25.143745 0.000000
v -8.383552 -22.274561 0.000000
v -8.383552 -22.274561 0.000000
v -8.383552 -22.274561 0.000000
v -2.404163 -25.295837 0.000000
v -2.404163 -25.295837 0.000000
v -2.404163 -25.295837 0.000000
v -9.107866 -21.988331 0.000000
v -9.107866 -21.988331 0.000000
v -9.107866 -21.988331 0.000000
v -2.556255 -25.458225 0.000000
v -2.556255 -25.458225 0.000000
v -2.556255 -25.458225 0.000000
v -9.822428 -21.678558 0.000000
v -9.822428 -21.678558 0.000000
v -9.822428 -21.678558 0.000000
v -2.697401 -25.630211 0.000000
v -2.697401 -25.630211 0.000000
v -2.697401 -25.630211 0.000000
v -10.526470 -21.345572 0.000000
v -10.526470 -21.345572 0.000000
v -10.526470 -21.345572 0.000000
v -2.826997 -25.811062 0.000000
v -2.826997 -25.811062 0.000000
v -2.826997 -25.811062 0.000000
v -11.219242 -20.989725 0.000000
v -11.219242 -20.989725 0.000000
v -11.219242 -20.989725 0.000000
v -2.944486 -26.000000 0.000000
v -2.944486 -26.000000 0.000000
v -2.944486 -26.000000 0.000000
v -11.900000 -20.611404 0.000000
v -11.900000 -20.611404 0.000000
v -11.900000 -20.611404 0.000000
v -3.049367 -26.196218 0.000000
v -3.049367 -26.196218 0.000000
v -3.049367 -26.196218 0.000000
v -12.568014 -20.211010 0.000000
v -12.568014 -20.211010 0.000000
v -12.568014 -20.211010 0.000000
v -3.141190 -26.398876 0.000000
v -3.141190 -26.398876 0.000000
v -3.141190 -26.398876 0.000000
v -3.141190 -26.398876 0.000000
v -13.222571 -19.788977 0.000000
v -13.222571 -19.788977 0.000000
v -13.222571 -19.788977 0.000000
v -3.219563 -26.607107 0.000000
v -3.219563 -26.607107 0.000000
v -3.219563 -26.607107 0.000000
v -3.284148 -26.820017 0.000000
v -3.284148 -26.820017 0.000000
v -3.284148 -26.820017 0.000000
v -3.334670 -27.036694 0.000000
v -3.334670 -27.036694 0.000000
v -3.334670 -27.036694 0.000000
v -13.862970 -19.345751 0.000000
v -13.862970 -19.345751 0.000000
v -13.862970 -19.345751 0.000000
v -3.370913 -27.256212 0.000000
v -3.370913 -27.256212 0.000000
v -3.370913 -27.256212 0.000000
v -14.488522 -18.881809 0.000000
v -14.488522 -18.881809 0.000000
v -14.488522 -18.881809 0.000000
v -3.392720 -27.477631 0.000000
v -3.392720 -27.477631 0.000000
v -3.392720 -27.477631 0.000000
v -3.400000 -27.700001 0.000000
v -3.400000 -27.700001 0.000000
v -3.400000 -27.700001 0.000000
v -3.392720 -27.922371 0.000000
v -3.392720 -27.922371 0.000000
v -3.392720 -27.922371 0.000000
v -15.098561 -18.397648 0.000000
v -15.098561 -18.397648 0.000000
v -15.098561 -18.397648 0.000000
v -3.370913 -28.143789 0.000000
v -3.370913 -28.143789 0.000000
v -3.370913 -28.143789 0.000000
v -3.334670 -28.363308 0.000000
v -3.334670 -28.363308 0.000000
v -3.334670 -28.363308 0.000000
v -3.284148 -28.579985 0.000000
v -3.284148 -28.579985 0.000000
v -3.284148 -28.579985 0.000000
v -15.692431 -17.893785 0.000000
v -15.692431 -17.893785 0.000000
v -15.692431 -17.893785 0.000000
v -3.219563 -28.792894 0.000000
v -3.219563 -28.792894 0.000000
v -3.219563 -28.792894 0.000000
v -3.219563 -28.792894 0.000000
v -3.141190 -29.001125 0.000000
v -3.141190 -29.001125 0.000000
v -3.141190 -29.001125 0.000000
v -3.049367 -29.203783 0.000000
v -3.049367 -29.203783 0.000000
v -3.049367 -29.203783 0.000000
v -2.944486 -29.400002 0.000000
v -2.944486 -29.400002 0.000000
v -2.944486 -29.400002 0.000000
v -2.826997 -29.588940 0.000000
v -2.826997 -29.588940 0.000000
v -2.826997 -29.588940 0.000000
v -16.269497 -17.370764 0.000000
v -16.269497 -17.370764 0.000000
v -16.269497 -17.370764 0.000000
v -2.697401 -29.769791 0.000000
v -2.697401 -29.769791 0.000000
v -2.697401 -29.769791 0.000000
v -2.556255 -29.941776 0.000000
v -2.556255 -29.941776 0.000000
v -2.556255 -29.941776 0.000000
v -2.404163 -30.104164 0.000000
v -2.404163 -30.104164 0.000000
v -2.404163 -30.104164 0.000000
v -2.241776 -30.256256 0.000000
v -2.241776 -30.256256 0.000000
v -2.241776 -30.256256 0.000000
v -21.345572 10.526470 0.000000
v -21.345572 10.526470 0.000000
v -21.345572 10.526470 0.000000
v -21.584740 11.445837 0.000000
v -21.584740 11.445837 0.000000
v -21.584740 11.445837 0.000000
v -21.678558 9.822428 0.000000
v -21.678558 9.822428 0.000000
v -21.678558 9.822428 0.000000
v -21.747128 11.293745 0.000000
v -21.747128 11.293745 0.000000
v -21.747128 11.293745 0.000000
v -21.988331 9.107866 0.000000
v -21.988331 9.107866 0.000000
v -21.988331 9.107866 0.000000
v -21.919113 11.152599 0.000000
v -21.919113 11.152599 0.000000
v -21.919113 11.152599 0.000000
v -22.274561 8.383552 0.000000
v -22.274561 8.383552 0.000000
v -22.274561 8.383552 0.000000
v -22.099964 11.023004 0.000000
v -22.099964 11.023004 0.000000
v -22.099964 11.023004 0.000000
v -22.536936 7.650259 0.000000
v -22.536936 7.650259 0.000000
v -22.536936 7.650259 0.000000
v -22.288902 10.905514 0.000000
v -22.288902 10.905514 0.000000
v -22.288902 10.905514 0.000000
v -22.775179 6.908775 0.000000
v -22.775179 6.908775 0.000000
v -22.775179 6.908775 0.000000
v -22.485121 10.800632 0.000000
v -22.485121 10.800632 0.000000
v -22.485121 10.800632 0.000000
v -22.989033 6.159893 0.000000
v -22.989033 6.159893 0.000000
v -22.989033 6.159893 0.000000
v -22.687778 10.708810 0.000000
v -22.687778 10.708810 0.000000
v -22.687778 10.708810 0.000000
v -23.178270 5.404415 0.000000
v -23.178270 5.404415 0.000000
v -23.178270 5.404415 0.000000
v -22.896009 10.630438 0.000000
v -22.896009 10.630438 0.000000
v -22.896009 10.630438 0.000000
v -23.342688 4.643149 0.000000
v -23.342688 4.643149 0.000000
v -23.342688 4.643149 0.000000
v -23.108919 10.565853 0.000000
v -23.108919 10.565853 0.000000
v -23.108919 10.565853 0.000000
v -23.482111 3.876912 0.000000
v -23.482111 3.876912 0.000000
v -23.482111 3.876912 0.000000
v -23.325596 10.515330 0.000000
v -23.325596 10.515330 0.000000
v -23.325596 10.515330 0.000000
v -23.596388 3.106524 0.000000
v -23.596388 3.106524 0.000000
v -23.596388 3.106524 0.000000
v -23.545115 10.479088 0.000000
v -23.545115 10.479088 0.000000
v -23.545115 10.479088 0.000000
v -23.685396 2.332808 0.000000
v -23.685396 2.332808 0.000000
v -23.685396 2.332808 0.000000
v -23.766533 10.457280 0.000000
v -23.766533 10.457280 0.000000
v -23.766533 10.457280 0.000000
v -23.749043 1.556594 0.000000
v -23.749043 1.556594 0.000000
v -23.749043 1.556594 0.000000
v -23.988903 10.450001 0.000000
v -23.988903 10.450001 0.000000
v -23.988903 10.450001 0.000000
v -23.787256 0.778714 0.000000
v -23.787256 0.778714 0.000000
v -23.787256 0.778714 0.000000
v -24.211273 10.457280 0.000000
v -24.211273 10.457280 0.000000
v -24.211273 10.457280 0.000000
v -23.799999 0.000000 0.000000
v -23.799999 0.000000 0.000000
v -23.799999 0.000000 0.000000
v -24.432692 10.479088 0.000000
v -24.432692 10.479088 0.000000
v -24.432692 10.479088 0.000000
v -23.787256 -0.778714 0.000000
v -23.787256 -0.778714 0.000000
v -23.787256 -0.778714 0.000000
v -24.652210 10.515330 0.000000
v -24.652210 10.515330 0.000000
v -24.652210 10.515330 0.000000
v -23.749043 -1.556594 0.000000
v -23.749043 -1.556594 0.000000
v -23.749043 -1.556594 0.000000
v -24.868887 10.565853 0.000000
v -24.868887 10.565853 0.000000
v -24.868887 10.565853 0.000000
v -23.685396 -2.332808 0.000000
v -23.685396 -2.332808 0.000000
v -23.685396 -2.332808 0.000000
v -25.081797 10.630438 0.000000
v -25.081797 10.630438 0.000000
v -25.081797 10.630438 0.000000
v -25.290028 10.708810 0.000000
v -25.290028 10.708810 0.000000
v -25.290028 10.708810 0.000000
v -25.492685 10.800632 0.000000
v -25.492685 10.800632 0.000000
v -25.492685 10.800632 0.000000
v -23.596388 -3.106524 0.000000
v -23.596388 -3.106524 0.000000
v -23.596388 -3.106524 0.000000
v -25.688904 10.905514 0.000000
v -25.688904 10.905514 0.000000
v -25.688904 10.905514 0.000000
v -23.482111 -3.876912 0.000000
v -23.482111 -3.876912 0.000000
v -23.482111 -3.876912 0.000000
v -25.877842 11.023004 0.000000
v -25.877842 11.023004 0.000000
v -25.877842 11.023004 0.000000
v -26.058693 11.152599 0.000000
v -26.058693 11.152599 0.000000
v -26.058693 11.152599 0.000000
v -26.230679 11.293745 0.000000
v -26.230679 11.293745 0.000000
v -26.230679 11.293745 0.000000
v -26.393066 11.445837 0.000000
v -26.393066 11.445837 0.000000
v -26.393066 11.445837 0.000000
v -23.342688 -4.643149 0.000000
v -23.342688 -4.643149 0.000000
v -23.342688 -4.643149 0.000000
v -27.323572 14.513308 0.000000
v -27.323572 14.513308 0.000000
v -27.323572 14.513308 0.000000
v -31.004808 0.791374 0.000000
v -31.004808 0.791374 0.000000
v -30.984148 0.879985 0.000000
v -30.984148 0.879985 0.000000
v -30.984148 0.879985 0.000000
v -30.919563 1.092894 0.000000
v -30.919563 1.092894 0.000000
v -30.919563 1.092894 0.000000
v -27.359816 14.293790 0.000000
v -27.359816 14.293790 0.000000
v -27.359816 14.293790 0.000000
v -27.381624 14.072371 0.000000
v -27.381624 14.072371 0.000000
v -27.381624 14.072371 0.000000
v -30.841190 1.301124 0.000000
v -30.841190 1.301124 0.000000
v -30.841190 1.301124 0.000000
v -27.388903 13.850000 0.000000
v -27.388903 13.850000 0.000000
v -27.388903 13.850000 0.000000
v -30.749369 1.503782 0.000000
v -30.749369 1.503782 0.000000
v -30.749369 1.503782 0.000000
v -30.644487 1.700000 0.000000
v -30.644487 1.700000 0.000000
v -30.644487 1.700000 0.000000
v -27.381624 13.627629 0.000000
v -27.381624 13.627629 0.000000
v -27.381624 13.627629 0.000000
v -27.359816 13.406211 0.000000
v -27.359816 13.406211 0.000000
v -27.359816 13.406211 0.000000
v -30.526997 1.888939 0.000000
v -30.526997 1.888939 0.000000
v -30.526997 1.888939 0.000000
v -30.397402 2.069789 0.000000
v -30.397402 2.069789 0.000000
v -30.397402 2.069789 0.000000
v -30.397402 2.069789 0.000000
v -27.323572 13.186693 0.000000
v -27.323572 13.186693 0.000000
v -27.323572 13.186693 0.000000
v -27.273050 12.970016 0.000000
v -27.273050 12.970016 0.000000
v -27.273050 12.970016 0.000000
v -30.256256 2.241776 0.000000
v -30.256256 2.241776 0.000000
v -30.256256 2.241776 0.000000
v -30.104164 2.404163 0.000000
v -30.104164 2.404163 0.000000
v -30.104164 2.404163 0.000000
v -27.208466 12.757106 0.000000
v -27.208466 12.757106 0.000000
v -27.208466 12.757106 0.000000
v -27.130093 12.548877 0.000000
v -27.130093 12.548877 0.000000
v -27.130093 12.548877 0.000000
v -29.941776 2.556255 0.000000
v -29.941776 2.556255 0.000000
v -29.941776 2.556255 0.000000
v -29.769791 2.697401 0.000000
v -29.769791 2.697401 0.000000
v -29.769791 2.697401 0.000000
v -27.038271 12.346219 0.000000
v -27.038271 12.346219 0.000000
v -27.038271 12.346219 0.000000
v -26.933390 12.150001 0.000000
v -26.933390 12.150001 0.000000
v -26.933390 12.150001 0.000000
v -29.588940 2.826997 0.000000
v -29.588940 2.826997 0.000000
v -29.588940 2.826997 0.000000
v -29.400002 2.944486 0.000000
v -29.400002 2.944486 0.000000
v -29.400002 2.944486 0.000000
v -26.815899 11.961061 0.000000
v -26.815899 11.961061 0.000000
v -26.815899 11.961061 0.000000
v -26.686304 11.780211 0.000000
v -26.686304 11.780211 0.000000
v -26.686304 11.780211 0.000000
v -29.203783 3.049367 0.000000
v -29.203783 3.049367 0.000000
v -29.203783 3.049367 0.000000
v -29.001125 3.141190 0.000000
v -29.001125 3.141190 0.000000
v -29.001125 3.141190 0.000000
v -26.545158 11.608225 0.000000
v -26.545158 11.608225 0.000000
v -26.545158 11.608225 0.000000
v 0.879985 -30.984148 0.000000
v 0.879985 -30.984148 0.000000
v 0.879985 -30.984148 0.000000
v -30.919563 -1.092894 0.000000
v -30.919563 -1.092894 0.000000
v -30.919563 -1.092894 0.000000
v -30.984148 -0.879985 0.000000
v -30.984148 -0.879985 0.000000
v -30.984148 -0.879985 0.000000
v -30.841190 -1.301124 0.000000
v -30.841190 -1.301124 0.000000
v -30.841190 -1.301124 0.000000
v 0.663307 -31.034670 0.000000
v 0.663307 -31.034670 0.000000
v 0.663307 -31.034670 0.000000
v 0.443789 -31.070913 0.000000
v 0.443789 -31.070913 0.000000
v 0.443789 -31.070913 0.000000
v -30.749369 -1.503782 0.000000
v -30.749369 -1.503782 0.000000
v -30.749369 -1.503782 0.000000
v 0.222371 -31.092722 0.000000
v 0.222371 -31.092722 0.000000
v 0.222371 -31.092722 0.000000
v 0.000000 -31.100000 0.000000
v 0.000000 -31.100000 0.000000
v 0.000000 -31.100000 0.000000
v -30.644487 -1.700000 0.000000
v -30.644487 -1.700000 0.000000
v -30.644487 -1.700000 0.000000
v -0.222371 -31.092722 0.000000
v -0.222371 -31.092722 0.000000
v -0.222371 -31.092722 0.000000
v -30.526997 -1.888939 0.000000
v -30.526997 -1.888939 0.000000
v -30.526997 -1.888939 0.000000
v -30.526997 -1.888939 0.000000
v -30.397402 -2.069789 0.000000
v -30.397402 -2.069789 0.000000
v -30.397402 -2.069789 0.000000
v -0.443789 -31.070913 0.000000
v -0.443789 -31.070913 0.000000
v -0.443789 -31.070913 0.000000
v -0.663307 -31.034670 0.000000
v -0.663307 -31.034670 0.000000
v -0.663307 -31.034670 0.000000
v -30.256256 -2.241776 0.000000
v -30.256256 -2.241776 0.000000
v -30.256256 -2.241776 0.000000
v -30.104164 -2.404163 0.000000
v -30.104164 -2.404163 0.000000
v -30.104164 -2.404163 0.000000
v -0.879985 -30.984148 0.000000
v -0.879985 -30.984148 0.000000
v -0.879985 -30.984148 0.000000
v -1.092894 -30.919563 0.000000
v -1.092894 -30.919563 0.000000
v -1.092894 -30.919563 0.000000
v -29.941776 -2.556255 0.000000
v -29.941776 -2.556255 0.000000
v -29.941776 -2.556255 0.000000
v -29.769791 -2.697401 0.000000
v -29.769791 -2.697401 0.000000
v -29.769791 -2.697401 0.000000
v -1.301124 -30.841190 0.000000
v -1.301124 -30.841190 0.000000
v -1.301124 -30.841190 0.000000
v -1.503782 -30.749369 0.000000
v -1.503782 -30.749369 0.000000
v -1.503782 -30.749369 0.000000
v -29.588940 -2.826997 0.000000
v -29.588940 -2.826997 0.000000
v -29.588940 -2.826997 0.000000
v -29.400002 -2.944486 0.000000
v -29.400002 -2.944486 0.000000
v -29.400002 -2.944486 0.000000
v -1.700000 -30.644487 0.000000
v -1.700000 -30.644487 0.000000
v -1.700000 -30.644487 0.000000
v -29.203783 -3.049367 0.000000
v -29.203783 -3.049367 0.000000
v -29.203783 -3.049367 0.000000
v -29.001125 -3.141190 0.000000
v -29.001125 -3.141190 0.000000
v -29.001125 -3.141190 0.000000
v -1.888939 -30.526997 0.000000
v -1.888939 -30.526997 0.000000
v -1.888939 -30.526997 0.000000
v -2.069789 -30.397402 0.000000
v -2.069789 -30.397402 0.000000
v -2.069789 -30.397402 0.000000
v -28.792894 -3.219563 0.000000
v -28.792894 -3.219563 0.000000
v -28.792894 -3.219563 0.000000
v -28.792894 -3.219563 0.000000
v -28.579985 -3.284148 0.000000
v -28.579985 -3.284148 0.000000
v -28.579985 -3.284148 0.000000
v -28.363308 -3.334670 0.000000
v -28.363308 -3.334670 0.000000
v -28.363308 -3.334670 0.000000
v -28.143789 -3.370913 0.000000
v -28.143789 -3.370913 0.000000
v -28.143789 -3.370913 0.000000
v -16.829140 -16.829140 0.000000
v -16.829140 -16.829140 0.000000
v -16.829140 -16.829140 0.000000
v -17.370764 -16.269497 0.000000
v -17.370764 -16.269497 0.000000
v -17.370764 -16.269497 0.000000
v -27.922371 -3.392720 0.000000
v -27.922371 -3.392720 0.000000
v -27.922371 -3.392720 0.000000
v -27.700001 -3.400000 0.000000
v -27.700001 -3.400000 0.000000
v -27.700001 -3.400000 0.000000
v -17.893785 -15.692431 0.000000
v -17.893785 -15.692431 0.000000
v -17.893785 -15.692431 0.000000
v -17.893785 -15.692431 0.000000
v -18.397648 -15.098561 0.000000
v -18.397648 -15.098561 0.000000
v -18.397648 -15.098561 0.000000
v -27.477631 -3.392720 0.000000
v -27.477631 -3.392720 0.000000
v -27.477631 -3.392720 0.000000
v -27.256212 -3.370913 0.000000
v -27.256212 -3.370913 0.000000
v -27.256212 -3.370913 0.000000
v -18.881809 -14.488522 0.000000
v -18.881809 -14.488522 0.000000
v -18.881809 -14.488522 0.000000
v -19.345751 -13.862970 0.000000
v -19.345751 -13.862970 0.000000
v -19.345751 -13.862970 0.000000
v -27.036694 -3.334670 0.000000
v -27.036694 -3.334670 0.000000
v -27.036694 -3.334670 0.000000
v -26.820017 -3.284148 0.000000
v -26.820017 -3.284148 0.000000
v -26.820017 -3.284148 0.000000
v -19.788977 -13.222571 0.000000
v -19.788977 -13.222571 0.000000
v -19.788977 -13.222571 0.000000
v -20.211010 -12.568014 0.000000
v -20.211010 -12.568014 0.000000
v -20.211010 -12.568014 0.000000
v -20.211010 -12.568014 0.000000
v -26.607107 -3.219563 0.000000
v -26.607107 -3.219563 0.000000
v -26.607107 -3.219563 0.000000
v -26.398876 -3.141190 0.000000
v -26.398876 -3.141190 0.000000
v -26.398876 -3.141190 0.000000
v -20.611404 -11.900000 0.000000
v -20.611404 -11.900000 0.000000
v -20.611404 -11.900000 0.000000
v -20.989725 -11.219242 0.000000
v -20.989725 -11.219242 0.000000
v -20.989725 -11.219242 0.000000
v -26.196218 -3.049367 0.000000
v -26.196218 -3.049367 0.000000
v -26.196218 -3.049367 0.000000
v -26.000000 -2.944486 0.000000
v -26.000000 -2.944486 0.000000
v -26.000000 -2.944486 0.000000
v -21.345572 -10.526470 0.000000
v -21.345572 -10.526470 0.000000
v -21.345572 -10.526470 0.000000
v -21.678558 -9.822428 0.000000
v -21.678558 -9.822428 0.000000
v -21.678558 -9.822428 0.000000
v -25.811062 -2.826997 0.000000
v -25.811062 -2.826997 0.000000
v -25.811062 -2.826997 0.000000
v -25.630211 -2.697401 0.000000
v -25.630211 -2.697401 0.000000
v -25.630211 -2.697401 0.000000
v -21.988331 -9.107866 0.000000
v -21.988331 -9.107866 0.000000
v -21.988331 -9.107866 0.000000
v -22.274561 -8.383552 0.000000
v -22.274561 -8.383552 0.000000
v -22.274561 -8.383552 0.000000
v -25.458225 -2.556255 0.000000
v -25.458225 -2.556255 0.000000
v -25.458225 -2.556255 0.000000
v -25.295837 -2.404163 0.000000
v -25.295837 -2.404163 0.000000
v -25.295837 -2.404163 0.000000
v -22.536936 -7.650259 0.000000
v -22.536936 -7.650259 0.000000
v -22.536936 -7.650259 0.000000
v -22.775179 -6.908775 0.000000
v -22.775179 -6.908775 0.000000
v -22.775179 -6.908775 0.000000
v -25.143745 -2.241776 0.000000
v -25.143745 -2.241776 0.000000
v -25.143745 -2.241776 0.000000
v -25.002600 -2.069789 0.000000
v -25.002600 -2.069789 0.000000
v -25.002600 -2.069789 0.000000
v -22.989033 -6.159893 0.000000
v -22.989033 -6.159893 0.000000
v -22.989033 -6.159893 0.000000
v -23.178270 -5.404415 0.000000
v -23.178270 -5.404415 0.000000
v -23.178270 -5.404415 0.000000
v -24.873005 -1.888939 0.000000
v -24.873005 -1.888939 0.000000
v -24.873005 -1.888939 0.000000
v -24.755514 -1.700000 0.000000
v -24.755514 -1.700000 0.000000
v -24.755514 -1.700000 0.000000
v -28.792894 3.219563 0.000000
v -28.792894 3.219563 0.000000
v -28.792894 3.219563 0.000000
v -28.792894 3.219563 0.000000
v -28.579985 3.284148 0.000000
v -28.579985 3.284148 0.000000
v -28.579985 3.284148 0.000000
v -24.650633 -1.503782 0.000000
v -24.650633 -1.503782 0.000000
v -24.650633 -1.503782 0.000000
v -28.363308 3.334670 0.000000
v -28.363308 3.334670 0.000000
v -28.363308 3.334670 0.000000
v -24.558811 -1.301124 0.000000
v -24.558811 -1.301124 0.000000
v -24.558811 -1.301124 0.000000
v -24.480438 -1.092894 0.000000
v -24.480438 -1.092894 0.000000
v -24.480438 -1.092894 0.000000
v -24.480438 -1.092894 0.000000
v -28.143789 3.370913 0.000000
v -28.143789 3.370913 0.000000
v -28.143789 3.370913 0.000000
v -27.922371 3.392720 0.000000
v -27.922371 3.392720 0.000000
v -27.922371 3.392720 0.000000
v -24.415854 -0.879985 0.000000
v -24.415854 -0.879985 0.000000
v -24.415854 -0.879985 0.000000
v -24.365332 -0.663307 0.000000
v -24.365332 -0.663307 0.000000
v -24.365332 -0.663307 0.000000
v -27.700001 3.400000 0.000000
v -27.700001 3.400000 0.000000
v -27.700001 3.400000 0.000000
v -27.477631 3.392720 0.000000
v -27.477631 3.392720 0.000000
v -27.477631 3.392720 0.000000
v -24.329088 -0.443789 0.000000
v -24.329088 -0.443789 0.000000
v -24.329088 -0.443789 0.000000
v -24.307280 -0.222371 0.000000
v -24.307280 -0.222371 0.000000
v -24.307280 -0.222371 0.000000
v -27.256212 3.370913 0.000000
v -27.256212 3.370913 0.000000
v -27.256212 3.370913 0.000000
v -27.036694 3.334670 0.000000
v -27.036694 3.334670 0.000000
v -27.036694 3.334670 0.000000
v -24.300001 0.000000 0.000000
v -24.300001 0.000000 0.000000
v -24.300001 0.000000 0.000000
v -24.307280 0.222371 0.000000
v -24.307280 0.222371 0.000000
v -24.307280 0.222371 0.000000
v -26.820017 3.284148 0.000000
v -26.820017 3.284148 0.000000
v -26.820017 3.284148 0.000000
v -26.607107 3.219563 0.000000
v -26.607107 3.219563 0.000000
v -26.607107 3.219563 0.000000
v -24.329088 0.443789 0.000000
v -24.329088 0.443789 0.000000
v -24.329088 0.443789 0.000000
v -24.365332 0.663307 0.000000
v -24.365332 0.663307 0.000000
v -24.365332 0.663307 0.000000
v -26.398876 3.141190 0.000000
v -26.398876 3.141190 0.000000
v -26.398876 3.141190 0.000000
v -26.196218 3.049367 0.000000
v -26.196218 3.049367 0.000000
v -26.196218 3.049367 0.000000
v -24.415854 0.879985 0.000000
v -24.415854 0.879985 0.000000
v -24.415854 0.879985 0.000000
v -26.000000 2.944486 0.000000
v -26.000000 2.944486 0.000000
v -26.000000 2.944486 0.000000
v -25.811062 2.826997 0.000000
v -25.811062 2.826997 0.000000
v -25.811062 2.826997 0.000000
v -24.480438 1.092894 0.000000
v -24.480438 1.092894 0.000000
v -24.480438 1.092894 0.000000
v -24.558811 1.301124 0.000000
v -24.558811 1.301124 0.000000
v -24.558811 1.301124 0.000000
v -24.558811 1.301124 0.000000
v -25.630211 2.697401 0.000000
v -25.630211 2.697401 0.000000
v -25.630211 2.697401 0.000000
v -25.458225 2.556255 0.000000
v -25.458225 2.556255 0.000000
v -25.458225 2.556255 0.000000
v -24.650633 1.503782 0.000000
v -24.650633 1.503782 0.000000
v -24.650633 1.503782 0.000000
v -24.755514 1.700000 0.000000
v -24.755514 1.700000 0.000000
v -24.755514 1.700000 0.000000
v -25.295837 2.404163 0.000000
v -25.295837 2.404163 0.000000
v -25.295837 2.404163 0.000000
v -25.143745 2.241776 0.000000
v -25.143745 2.241776 0.000000
v -25.143745 2.241776 0.000000
v -24.873005 1.888939 0.000000
v -24.873005 1.888939 0.000000
v -24.873005 1.888939 0.000000
v -25.002600 2.069789 0.000000
v -25.002600 2.069789 0.000000
v -25.002600 2.069789 0.000000
v -31.034670 0.663307 0.000000
v -31.034670 0.663307 0.000000
v -31.034670 0.663307 0.000000
v -31.034670 -0.663307 0.000000
v -31.034670 -0.663307 0.000000
v -31.034670 -0.663307 0.000000
v -31.070913 -0.443789 0.000000
v -31.070913 -0.443789 0.000000
v -31.070913 -0.443789 0.000000
v -31.070913 0.443789 0.000000
v -31.070913 0.443789 0.000000
v -31.070913 0.443789 0.000000
v -31.092722 0.222371 0.000000
v -31.092722 0.222371 0.000000
v -31.092722 0.222371 0.000000
v -31.092722 -0.222371 0.000000
v -31.092722 -0.222371 0.000000
v -31.092722 -0.222371 0.000000
v -31.100000 0.000000 0.000000
v -31.100000 0.000000 0.000000
v -31.100000 0.000000 0.000000
vn 0.0164 0.9999 -0.0000
vn 0.0491 0.9988 -0.0000
vn 0.0817 0.9967 -0.0000
vn 0.1143 0.9934 -0.0000
vn 0.1467 0.9892 -0.0000
vn 0.1790 0.9838 -0.0000
vn 0.2111 0.9775 -0.0000
vn 0.2430 0.9700 -0.0000
vn 0.2746 0.9616 -0.0000
vn 0.3059 0.9521 -0.0000
vn 0.3369 0.9415 -0.0000
vn 0.3675 0.9300 -0.0000
vn 0.3977 0.9175 -0.0000
vn 0.4276 0.9040 -0.0000
vn 0.4569 0.8895 -0.0000
vn 0.4858 0.8741 -0.0000
vn 0.5141 0.8577 -0.0000
vn 0.5419 0.8404 -0.0000
vn 0.5691 0.8223 -0.0000
vn 0.5957 0.8032 -0.0000
vn 0.6217 0.7833 -0.0000
vn 0.6470 0.7625 -0.0000
vn 0.6716 0.7410 -0.0000
vn 0.6954 0.7186 -0.0000
vn 0.7186 0.6954 -0.0000
vn 0.7410 0.6716 -0.0000
vn 0.7409 0.6716 -0.0000
vn 0.7625 0.6470 -0.0000
vn 0.7833 0.6217 -0.0000
vn 0.8032 0.5957 -0.0000
vn 0.8223 0.5691 -0.0000
vn 0.8404 0.5419 -0.0000
vn 0.8577 0.5141 -0.0000
vn 0.8741 0.4858 -0.0000
vn 0.8895 0.4569 -0.0000
vn 0.9040 0.4276 -0.0000
vn 0.9175 0.3978 -0.0000
vn 0.9175 0.3977 -0.0000
vn 0.9300 0.3675 -0.0000
vn 0.9415 0.3369 -0.0000
vn 0.9521 0.3059 -0.0000
vn 0.9616 0.2746 -0.0000
vn 0.9700 0.2430 -0.0000
vn 0.9775 0.2111 -0.0000
vn 0.9838 0.1790 -0.0000
vn 0.9892 0.1467 -0.0000
vn 0.9934 0.1143 -0.0000
vn 0.9967 0.0817 -0.0000
vn 0.9988 0.0491 -0.0000
vn 0.9999 0.0164 -0.0000
vn 0.9999 -0.0164 -0.0000
vn 0.9988 -0.0491 -0.0000
vn 0.9967 -0.0817 -0.0000
vn 0.9934 -0.1143 -0.0000
vn 0.9892 -0.1467 -0.0000
vn 0.9838 -0.1790 -0.0000
vn 0.9775 -0.2111 -0.0000
vn 0.9700 -0.2430 -0.0000
vn 0.9616 -0.2746 -0.0000
vn 0.9521 -0.3059 -0.0000
vn 0.9415 -0.3369 -0.0000
vn 0.9300 -0.3675 -0.0000
vn 0.9175 -0.3977 -0.0000
vn 0.9175 -0.3978 -0.0000
vn 0.9040 -0.4276 -0.0000
vn 0.8895 -0.4569 -0.0000
vn 0.8741 -0.4858 -0.0000
vn 0.8577 -0.5141 -0.0000
vn 0.8404 -0.5419 -0.0000
vn 0.8223 -0.5691 -0.0000
vn 0.8032 -0.5957 -0.0000
vn 0.7833 -0.6217 -0.0000
vn 0.7625 -0.6470 -0.0000
vn 0.7409 -0.6716 -0.0000
vn 0.7410 -0.6716 -0.0000
vn 0.7186 -0.6954 -0.0000
vn 0.6954 -0.7186 -0.0000
vn 0.6716 -0.7410 -0.0000
vn 0.6470 -0.7625 -0.0000
vn 0.6217 -0.7833 -0.0000
vn 0.5957 -0.8032 -0.0000
vn 0.5691 -0.8223 -0.0000
vn 0.5419 -0.8404 -0.0000
vn 0.5141 -0.8577 -0.0000
vn 0.4858 -0.8741 -0.0000
vn 0.4569 -0.8895 -0.0000
vn 0.4276 -0.9040 -0.0000
vn 0.3977 -0.9175 -0.0000
vn 0.3675 -0.9300 -0.0000
vn 0.3369 -0.9415 -0.0000
vn 0.3059 -0.9521 -0.0000
vn 0.2746 -0.9616 -0.0000
vn 0.2430 -0.9700 -0.0000
vn 0.2111 -0.9775 -0.0000
vn 0.1790 -0.9838 -0.0000
vn 0.1467 -0.9892 -0.0000
vn 0.1143 -0.9934 -0.0000
vn 0.0817 -0.9967 -0.0000
vn 0.0491 -0.9988 -0.0000
vn 0.0164 -0.9999 -0.0000
vn -0.0164 -0.9999 -0.0000
vn -0.0491 -0.9988 -0.0000
vn -0.0817 -0.9967 -0.0000
vn -0.1143 -0.9934 -0.0000
vn -0.1467 -0.9892 -0.0000
vn -0.1790 -0.9838 -0.0000
vn -0.2111 -0.9775 -0.0000
vn -0.2430 -0.9700 -0.0000
vn -0.2746 -0.9616 -0.0000
vn -0.3059 -0.9521 -0.0000
vn -0.3369 -0.9415 -0.0000
vn -0.3675 -0.9300 -0.0000
vn -0.3977 -0.9175 -0.0000
vn -0.4276 -0.9040 -0.0000
vn -0.4569 -0.8895 -0.0000
vn -0.4858 -0.8741 -0.0000
vn -0.5141 -0.8577 -0.0000
vn -0.5419 -0.8404 -0.0000
vn -0.5691 -0.8223 -0.0000
vn -0.5957 -0.8032 -0.0000
vn -0.6217 -0.7833 -0.0000
vn -0.6470 -0.7625 -0.0000
vn -0.6716 -0.7410 -0.0000
vn -0.6954 -0.7186 -0.0000
vn -0.7186 -0.6954 -0.0000
vn -0.7410 -0.6716 -0.0000
vn -0.7409 -0.6716 -0.0000
vn -0.7625 -0.6470 -0.0000
vn -0.7833 -0.6217 -0.0000
vn -0.8032 -0.5957 -0.0000
vn -0.8223 -0.5691 -0.0000
vn -0.8404 -0.5419 -0.0000
vn -0.8577 -0.5141 -0.0000
vn -0.8741 -0.4858 -0.0000
vn -0.8895 -0.4569 -0.0000
vn -0.9040 -0.4276 -0.0000
vn -0.9175 -0.3978 -0.0000
vn -0.9175 -0.3977 -0.0000
vn -0.9300 -0.3675 -0.0000
vn -0.9415 -0.3369 -0.0000
vn -0.9521 -0.3059 -0.0000
vn -0.9616 -0.2746 -0.0000
vn -0.9700 -0.2430 -0.0000
vn -0.9775 -0.2111 -0.0000
vn -0.9838 -0.1790 -0.0000
vn -0.9892 -0.1467 -0.0000
vn -0.9934 -0.1143 -0.0000
vn -0.9967 -0.0817 -0.0000
vn -0.9988 -0.0491 -0.0000
vn -0.9999 -0.0164 -0.0000
vn -0.9999 0.0164 -0.0000
vn -0.9988 0.0491 -0.0000
vn -0.9967 0.0817 -0.0000
vn -0.9934 0.1143 -0.0000
vn -0.9892 0.1467 -0.0000
vn -0.9838 0.1790 -0.0000
vn -0.9775 0.2111 -0.0000
vn -0.9700 0.2430 -0.0000
vn -0.9616 0.2746 -0.0000
vn -0.9521 0.3059 -0.0000
vn -0.9415 0.3369 -0.0000
vn -0.9300 0.3675 -0.0000
vn -0.9175 0.3977 -0.0000
vn -0.9175 0.3978 -0.0000
vn -0.9040 0.4276 -0.0000
vn -0.8895 0.4569 -0.0000
vn -0.8741 0.4858 -0.0000
vn -0.8577 0.5141 -0.0000
vn -0.8404 0.5419 -0.0000
vn -0.8223 0.5691 -0.0000
vn -0.8032 0.5957 -0.0000
vn -0.7833 0.6217 -0.0000
vn -0.7625 0.6470 -0.0000
vn -0.7409 0.6716 -0.0000
vn -0.7410 0.6716 -0.0000
vn -0.7186 0.6954 -0.0000
vn -0.6954 0.7186 -0.0000
vn -0.6716 0.7410 -0.0000
vn -0.6470 0.7625 -0.0000
vn -0.6217 0.7833 -0.0000
vn -0.5957 0.8032 -0.0000
vn -0.5691 0.8223 -0.0000
vn -0.5419 0.8404 -0.0000
vn -0.5141 0.8577 -0.0000
vn -0.4858 0.8741 -0.0000
vn -0.4569 0.8895 -0.0000
vn -0.4276 0.9040 -0.0000
vn -0.3977 0.9175 -0.0000
vn -0.3675 0.9300 -0.0000
vn -0.3369 0.9415 -0.0000
vn -0.3059 0.9521 -0.0000
vn -0.2746 0.9616 -0.0000
vn -0.2430 0.9700 -0.0000
vn -0.2111 0.9775 -0.0000
vn -0.1790 0.9838 -0.0000
vn -0.1467 0.9892 -0.0000
vn -0.1143 0.9934 -0.0000
vn -0.0817 0.9967 -0.0000
vn -0.0000 -0.0000 -1.0000
vn -0.0491 0.9988 -0.0000
vn -0.0164 0.9999 -0.0000
vn -0.0000 -0.0000 1.0000
vn -0.5419 -0.8405 -0.0000
vn -0.8405 -0.5419 -0.0000
vn -0.8405 0.5419 -0.0000
vn 0.8405 0.5419 -0.0000
vn 0.8405 -0.5419 -0.0000
vn 0.5419 -0.8405 -0.0000
vn -0.0327 -0.9995 -0.0000
vn -0.0980 -0.9952 -0.0000
vn -0.1629 -0.9866 -0.0000
vn -0.2271 -0.9739 -0.0000
vn -0.2903 -0.9569 -0.0000
vn -0.3522 -0.9359 -0.0000
vn -0.3523 -0.9359 -0.0000
vn -0.4127 -0.9109 -0.0000
vn -0.4714 -0.8819 -0.0000
vn -0.5281 -0.8492 -0.0000
vn -0.5825 -0.8128 -0.0000
vn -0.6344 -0.7730 -0.0000
vn -0.6836 -0.7299 -0.0000
vn -0.7299 -0.6836 -0.0000
vn -0.7730 -0.6344 -0.0000
vn -0.8129 -0.5825 -0.0000
vn -0.8128 -0.5825 -0.0000
vn -0.8492 -0.5281 -0.0000
vn -0.8819 -0.4714 -0.0000
vn -0.9109 -0.4127 -0.0000
vn -0.9359 -0.3522 -0.0000
vn -0.9569 -0.2903 -0.0000
vn -0.9739 -0.2271 -0.0000
vn -0.9866 -0.1629 -0.0000
vn -0.9952 -0.0980 -0.0000
vn -0.9995 -0.0327 -0.0000
vn -0.9995 0.0327 -0.0000
vn -0.9952 0.0980 -0.0000
vn -0.9866 0.1629 -0.0000
vn -0.9739 0.2271 -0.0000
vn -0.9569 0.2903 -0.0000
vn -0.9359 0.3522 -0.0000
vn -0.9109 0.4127 -0.0000
vn -0.8819 0.4714 -0.0000
vn -0.8492 0.5281 -0.0000
vn -0.8128 0.5825 -0.0000
vn -0.8129 0.5825 -0.0000
vn -0.7730 0.6344 -0.0000
vn -0.7299 0.6836 -0.0000
vn -0.6836 0.7299 -0.0000
vn -0.6344 0.7730 -0.0000
vn -0.5825 0.8128 -0.0000
vn -0.5281 0.8492 -0.0000
vn -0.4714 0.8819 -0.0000
vn -0.4127 0.9109 -0.0000
vn -0.3522 0.9359 -0.0000
vn -0.3523 0.9359 -0.0000
vn -0.2903 0.9569 -0.0000
vn -0.2271 0.9739 -0.0000
vn -0.1629 0.9866 -0.0000
vn -0.0980 0.9952 -0.0000
vn -0.0327 0.9995 -0.0000
vn 0.0327 0.9995 -0.0000
vn 0.0980 0.9952 -0.0000
vn 0.1629 0.9866 -0.0000
vn 0.2271 0.9739 -0.0000
vn 0.2903 0.9569 -0.0000
vn 0.3523 0.9359 -0.0000
vn 0.4127 0.9109 -0.0000
vn 0.4714 0.8819 -0.0000
vn 0.5281 0.8492 -0.0000
vn 0.5825 0.8128 -0.0000
vn 0.6344 0.7730 -0.0000
vn 0.6836 0.7299 -0.0000
vn 0.7299 0.6836 -0.0000
vn 0.7730 0.6344 -0.0000
vn 0.8128 0.5825 -0.0000
vn 0.8492 0.5281 -0.0000
vn 0.8819 0.4714 -0.0000
vn 0.9109 0.4127 -0.0000
vn 0.9359 0.3522 -0.0000
vn 0.9359 0.3523 -0.0000
vn 0.9569 0.2903 -0.0000
vn 0.9739 0.2271 -0.0000
vn 0.9866 0.1629 -0.0000
vn 0.9952 0.0980 -0.0000
vn 0.9995 0.0327 -0.0000
vn 0.9995 -0.0327 -0.0000
vn 0.9952 -0.0980 -0.0000
vn 0.9866 -0.1629 -0.0000
vn 0.9739 -0.2271 -0.0000
vn 0.9569 -0.2903 -0.0000
vn 0.9359 -0.3523 -0.0000
vn 0.9359 -0.3522 -0.0000
vn 0.9109 -0.4127 -0.0000
vn 0.8819 -0.4714 -0.0000
vn 0.8492 -0.5281 -0.0000
vn 0.8128 -0.5825 -0.0000
vn 0.7730 -0.6344 -0.0000
vn 0.7299 -0.6836 -0.0000
vn 0.6836 -0.7299 -0.0000
vn 0.6344 -0.7730 -0.0000
vn 0.5825 -0.8128 -0.0000
vn 0.5281 -0.8492 -0.0000
vn 0.4714 -0.8819 -0.0000
vn 0.4127 -0.9109 -0.0000
vn 0.3523 -0.9359 -0.0000
vn 0.2903 -0.9569 -0.0000
vn 0.2271 -0.9739 -0.0000
vn 0.1629 -0.9866 -0.0000
vn 0.0980 -0.9952 -0.0000
vn 0.0327 -0.9995 -0.0000
vn -0.9359 -0.3523 -0.0000
vn -0.9359 0.3523 -0.0000
vn 0.3522 0.9359 -0.0000
vn 0.9739 -0.2270 -0.0000
vn 0.8129 0.5825 -0.0000
vn 0.8129 -0.5825 -0.0000
vn 0.3522 -0.9359 -0.0000
vn -0.9739 0.2270 -0.0000
s 0
f 2//1 5//1 8//1
f 2//1 8//1 11//1
f 6//2 14//2 17//2
f 6//2 17//2 9//2
f 15//3 20//3 23//3
f 15//3 23//3 18//3
f 21//4 26//4 29//4
f 21//4 29//4 24//4
f 27//5 32//5 35//5
f 27//5 35//5 30//5
f 33//6 38//6 41//6
f 33//6 41//6 36//6
f 39//7 44//7 47//7
f 39//7 47//7 42//7
f 45//8 50//8 53//8
f 45//8 53//8 48//8
f 51//9 56//9 59//9
f 51//9 59//9 54//9
f 57//10 62//10 65//10
f 57//10 65//10 60//10
f 63//11 68//11 71//11
f 63//11 71//11 66//11
f 69//12 74//12 77//12
f 69//12 77//12 72//12
f 75//13 80//13 83//13
f 75//13 83//13 78//13
f 81//14 86//14 89//14
f 81//14 89//14 84//14
f 87//15 92//15 95//15
f 87//15 95//15 90//15
f 93//16 98//16 101//16
f 93//16 101//16 96//16
f 99//17 104//17 107//17
f 99//17 107//17 102//17
f 105//18 110//18 113//18
f 105//18 113//18 108//18
s 1
f 111//19 116//19 119//19
s 0
f 111//19 119//19 114//19
f 117//20 122//20 125//20
f 117//20 125//20 120//20
f 123//21 128//21 131//21
f 123//21 131//21 126//21
f 129//22 134//22 137//22
f 129//22 137//22 132//22
f 135//23 140//23 143//23
f 135//23 143//23 138//23
f 141//24 146//24 149//24
f 141//24 149//24 144//24
f 147//25 152//25 156//25
f 147//25 156//25 150//25
f 154//26 159//26 163//26
f 153//27 162//27 157//27
f 160//28 166//28 169//28
f 160//28 169//28 164//28
f 167//29 172//29 175//29
f 167//29 175//29 170//29
f 173//30 178//30 181//30
f 173//30 181//30 176//30
f 179//31 184//31 187//31
f 179//31 187//31 182//31
f 185//32 190//32 193//32
f 185//32 193//32 188//32
f 191//33 196//33 199//33
f 191//33 199//33 194//33
f 197//34 202//34 205//34
f 197//34 205//34 200//34
f 203//35 208//35 211//35
f 203//35 211//35 206//35
f 209//36 214//36 218//36
f 209//36 218//36 212//36
f 215//37 221//37 224//37
f 216//38 225//38 219//38
f 222//39 228//39 231//39
f 222//39 231//39 226//39
f 229//40 234//40 237//40
f 229//40 237//40 232//40
f 235//41 240//41 243//41
f 235//41 243//41 238//41
f 241//42 246//42 249//42
f 241//42 249//42 244//42
f 247//43 252//43 255//43
f 247//43 255//43 250//43
f 253//44 258//44 261//44
f 253//44 261//44 256//44
f 259//45 264//45 267//45
f 259//45 267//45 262//45
f 265//46 270//46 273//46
f 265//46 273//46 268//46
f 271//47 276//47 279//47
f 271//47 279//47 274//47
f 277//48 282//48 285//48
f 277//48 285//48 280//48
f 283//49 288//49 291//49
f 283//49 291//49 286//49
f 289//50 295//50 298//50
f 289//50 298//50 292//50
f 294//51 301//51 304//51
f 294//51 304//51 297//51
f 300//52 307//52 310//52
f 300//52 310//52 303//52
f 306//53 313//53 316//53
f 306//53 316//53 309//53
f 312//54 319//54 322//54
f 312//54 322//54 315//54
f 318//55 325//55 328//55
f 318//55 328//55 321//55
f 324//56 331//56 334//56
f 324//56 334//56 327//56
f 330//57 337//57 340//57
f 330//57 340//57 333//57
f 336//58 343//58 346//58
f 336//58 346//58 339//58
f 342//59 349//59 352//59
f 342//59 352//59 345//59
f 348//60 355//60 358//60
f 348//60 358//60 351//60
f 354//61 361//61 364//61
f 354//61 364//61 357//61
f 360//62 368//62 371//62
f 360//62 371//62 363//62
f 367//63 374//63 378//63
f 366//64 377//64 370//64
f 373//65 381//65 384//65
f 373//65 384//65 376//65
f 380//66 387//66 390//66
f 380//66 390//66 383//66
f 386//67 393//67 396//67
f 386//67 396//67 389//67
f 392//68 399//68 402//68
f 392//68 402//68 395//68
f 398//69 405//69 408//69
f 398//69 408//69 401//69
f 404//70 411//70 414//70
f 404//70 414//70 407//70
f 410//71 417//71 420//71
f 410//71 420//71 413//71
f 416//72 423//72 426//72
f 416//72 426//72 419//72
f 422//73 430//73 433//73
f 422//73 433//73 425//73
f 428//74 436//74 439//74
f 429//75 440//75 432//75
f 435//76 443//76 446//76
f 435//76 446//76 438//76
f 442//77 449//77 452//77
f 442//77 452//77 445//77
f 448//78 455//78 458//78
f 448//78 458//78 451//78
f 454//79 461//79 464//79
f 454//79 464//79 457//79
f 460//80 467//80 470//80
f 460//80 470//80 463//80
f 466//81 473//81 476//81
f 466//81 476//81 469//81
f 472//82 479//82 482//82
s 1
f 472//82 482//82 475//82
s 0
f 478//83 485//83 488//83
f 478//83 488//83 481//83
f 484//84 491//84 494//84
f 484//84 494//84 487//84
f 490//85 497//85 500//85
f 490//85 500//85 493//85
f 496//86 503//86 506//86
f 496//86 506//86 499//86
f 502//87 509//87 512//87
f 502//87 512//87 505//87
f 508//88 515//88 518//88
f 508//88 518//88 511//88
f 514//89 521//89 524//89
f 514//89 524//89 517//89
f 520//90 527//90 530//90
f 520//90 530//90 523//90
f 526//91 533//91 536//91
f 526//91 536//91 529//91
f 532//92 539//92 542//92
f 532//92 542//92 535//92
f 538//93 545//93 548//93
f 538//93 548//93 541//93
f 544//94 551//94 554//94
f 544//94 554//94 547//94
f 550//95 557//95 560//95
f 550//95 560//95 553//95
f 556//96 563//96 566//96
f 556//96 566//96 559//96
f 562//97 569//97 572//97
f 562//97 572//97 565//97
f 568//98 575//98 578//98
f 568//98 578//98 571//98
f 574//99 581//99 584//99
f 574//99 584//99 577//99
f 580//100 586//100 589//100
f 580//100 589//100 583//100
f 587//101 592//101 595//101
f 587//101 595//101 590//101
f 593//102 598//102 601//102
f 593//102 601//102 596//102
f 599//103 604//103 607//103
f 599//103 607//103 602//103
f 605//104 610//104 613//104
f 605//104 613//104 608//104
f 611//105 616//105 619//105
f 611//105 619//105 614//105
f 617//106 622//106 625//106
f 617//106 625//106 620//106
f 623//107 628//107 631//107
f 623//107 631//107 626//107
f 629//108 634//108 637//108
f 629//108 637//108 632//108
f 635//109 640//109 643//109
f 635//109 643//109 638//109
f 641//110 646//110 649//110
f 641//110 649//110 644//110
f 647//111 652//111 655//111
f 647//111 655//111 650//111
f 653//112 658//112 661//112
f 653//112 661//112 656//112
f 659//113 664//113 667//113
f 659//113 667//113 662//113
f 665//114 670//114 673//114
f 665//114 673//114 668//114
f 671//115 676//115 679//115
f 671//115 679//115 674//115
f 677//116 682//116 685//116
f 677//116 685//116 680//116
f 683//117 688//117 691//117
f 683//117 691//117 686//117
f 689//118 694//118 697//118
f 689//118 697//118 692//118
s 1
f 695//119 700//119 703//119
s 0
f 695//119 703//119 698//119
f 701//120 706//120 709//120
f 701//120 709//120 704//120
f 707//121 712//121 715//121
f 707//121 715//121 710//121
f 713//122 718//122 721//122
f 713//122 721//122 716//122
f 719//123 724//123 727//123
f 719//123 727//123 722//123
f 725//124 730//124 733//124
f 725//124 733//124 728//124
f 731//125 736//125 740//125
f 731//125 740//125 734//125
f 738//126 743//126 747//126
f 737//127 746//127 741//127
f 744//128 750//128 753//128
f 744//128 753//128 748//128
f 751//129 756//129 759//129
f 751//129 759//129 754//129
f 757//130 762//130 765//130
f 757//130 765//130 760//130
f 763//131 768//131 771//131
f 763//131 771//131 766//131
f 769//132 774//132 777//132
f 769//132 777//132 772//132
f 775//133 780//133 783//133
f 775//133 783//133 778//133
f 781//134 786//134 789//134
f 781//134 789//134 784//134
f 787//135 792//135 795//135
f 787//135 795//135 790//135
f 793//136 798//136 802//136
f 793//136 802//136 796//136
f 799//137 805//137 808//137
f 800//138 809//138 803//138
f 806//139 812//139 815//139
f 806//139 815//139 810//139
f 813//140 818//140 821//140
f 813//140 821//140 816//140
f 819//141 824//141 827//141
f 819//141 827//141 822//141
f 825//142 830//142 833//142
f 825//142 833//142 828//142
f 831//143 836//143 839//143
f 831//143 839//143 834//143
f 837//144 842//144 845//144
f 837//144 845//144 840//144
f 843//145 848//145 851//145
f 843//145 851//145 846//145
f 849//146 854//146 857//146
f 849//146 857//146 852//146
f 855//147 860//147 863//147
f 855//147 863//147 858//147
f 861//148 866//148 869//148
f 861//148 869//148 864//148
f 867//149 872//149 875//149
f 867//149 875//149 870//149
f 873//150 878//150 881//150
f 873//150 881//150 876//150
f 879//151 885//151 888//151
f 879//151 888//151 882//151
f 884//152 891//152 894//152
f 884//152 894//152 887//152
f 890//153 897//153 900//153
f 890//153 900//153 893//153
f 896//154 903//154 906//154
f 896//154 906//154 899//154
f 902//155 909//155 912//155
f 902//155 912//155 905//155
f 908//156 915//156 918//156
f 908//156 918//156 911//156
f 914//157 921//157 924//157
f 914//157 924//157 917//157
f 920//158 927//158 930//158
f 920//158 930//158 923//158
f 926//159 933//159 936//159
f 926//159 936//159 929//159
f 932//160 939//160 942//160
f 932//160 942//160 935//160
f 938//161 945//161 948//161
f 938//161 948//161 941//161
f 944//162 952//162 955//162
f 944//162 955//162 947//162
f 951//163 958//163 962//163
f 950//164 961//164 954//164
f 957//165 965//165 968//165
f 957//165 968//165 960//165
f 964//166 971//166 974//166
f 964//166 974//166 967//166
f 970//167 977//167 980//167
f 970//167 980//167 973//167
f 976//168 983//168 986//168
f 976//168 986//168 979//168
f 982//169 989//169 992//169
f 982//169 992//169 985//169
f 988//170 995//170 998//170
f 988//170 998//170 991//170
f 994//171 1001//171 1004//171
f 994//171 1004//171 997//171
f 1000//172 1007//172 1010//172
f 1000//172 1010//172 1003//172
f 1006//173 1014//173 1017//173
f 1006//173 1017//173 1009//173
f 1012//174 1020//174 1023//174
f 1013//175 1024//175 1016//175
f 1019//176 1027//176 1030//176
f 1019//176 1030//176 1022//176
f 1026//177 1033//177 1036//177
f 1026//177 1036//177 1029//177
f 1032//178 1039//178 1042//178
f 1032//178 1042//178 1035//178
f 1038//179 1045//179 1048//179
f 1038//179 1048//179 1041//179
f 1044//180 1051//180 1054//180
f 1044//180 1054//180 1047//180
f 1050//181 1057//181 1060//181
f 1050//181 1060//181 1053//181
f 1056//182 1063//182 1066//182
s 1
f 1056//182 1066//182 1059//182
s 0
f 1062//183 1069//183 1072//183
f 1062//183 1072//183 1065//183
f 1068//184 1075//184 1078//184
f 1068//184 1078//184 1071//184
f 1074//185 1081//185 1084//185
f 1074//185 1084//185 1077//185
f 1080//186 1087//186 1090//186
f 1080//186 1090//186 1083//186
f 1086//187 1093//187 1096//187
f 1086//187 1096//187 1089//187
f 1092//188 1099//188 1102//188
f 1092//188 1102//188 1095//188
f 1098//189 1105//189 1108//189
f 1098//189 1108//189 1101//189
f 1104//190 1111//190 1114//190
f 1104//190 1114//190 1107//190
f 1110//191 1117//191 1120//191
f 1110//191 1120//191 1113//191
f 1116//192 1123//192 1126//192
f 1116//192 1126//192 1119//192
f 1122//193 1129//193 1132//193
f 1122//193 1132//193 1125//193
f 1128//194 1135//194 1138//194
f 1128//194 1138//194 1131//194
f 1134//195 1141//195 1144//195
f 1134//195 1144//195 1137//195
f 1140//196 1147//196 1150//196
f 1140//196 1150//196 1143//196
f 1146//197 1153//197 1156//197
f 1146//197 1156//197 1149//197
f 1152//198 1159//198 1162//198
f 1152//198 1162//198 1155//198
f 1163//199 1166//199 1168//199
f 1163//199 1168//199 1171//199
f 1175//199 1163//199 1171//199
f 1175//199 1171//199 1178//199
f 1181//199 1175//199 1178//199
f 1181//199 1178//199 1184//199
f 1187//199 1181//199 1184//199
f 1187//199 1184//199 1190//199
f 1193//199 1187//199 1190//199
f 1193//199 1190//199 1196//199
f 1199//199 1193//199 1196//199
f 1199//199 1196//199 1203//199
f 1206//199 1199//199 1203//199
f 1206//199 1203//199 1209//199
f 1212//199 1206//199 1209//199
f 1212//199 1209//199 1215//199
f 1218//199 1212//199 1215//199
f 1218//199 1215//199 1221//199
f 1224//199 1218//199 1221//199
f 1228//199 1224//199 1221//199
f 1231//199 1228//199 1221//199
f 1231//199 1221//199 1234//199
f 1237//199 1231//199 1234//199
f 1237//199 1234//199 1240//199
f 1243//199 1237//199 1240//199
f 1246//199 1243//199 1240//199
f 1249//199 1246//199 1240//199
f 1249//199 1240//199 1252//199
f 1255//199 1249//199 1252//199
f 1255//199 1252//199 1258//199
f 1261//199 1255//199 1258//199
f 1261//199 1258//199 1264//199
f 1267//199 1261//199 1264//199
f 1267//199 1264//199 1270//199
f 1273//199 1267//199 1270//199
f 1273//199 1270//199 1276//199
f 1279//199 1273//199 1276//199
f 1282//199 1285//199 1288//199
f 1279//199 1276//199 1282//199
f 1290//199 1279//199 1282//199
f 1282//199 1288//199 1293//199
f 1282//199 1293//199 1296//199
f 1299//199 1290//199 1282//199
f 1302//199 1299//199 1282//199
f 1282//199 1296//199 1305//199
f 1282//199 1305//199 1308//199
f 1311//199 1302//199 1282//199
f 1314//199 1311//199 1282//199
f 1282//199 1308//199 1317//199
f 1282//199 1317//199 1320//199
f 1324//199 1314//199 1282//199
f 1327//199 1324//199 1282//199
f 1282//199 1320//199 1330//199
f 1282//199 1330//199 1333//199
f 1336//199 1327//199 1282//199
f 1339//199 1336//199 1282//199
f 1282//199 1333//199 1342//199
f 1282//199 1342//199 1345//199
f 1348//199 1339//199 1282//199
f 1351//199 1348//199 1282//199
f 1282//199 1345//199 1354//199
f 1282//199 1354//199 1357//199
f 1360//199 1351//199 1282//199
f 1363//199 1360//199 1282//199
f 1363//199 1282//199 1357//199
f 1366//199 1363//199 1357//199
f 1366//199 1357//199 1369//199
f 1372//199 1366//199 1369//199
f 1372//199 1369//199 1375//199
f 1378//199 1372//199 1375//199
f 1378//199 1375//199 1381//199
f 1384//199 1378//199 1381//199
f 1384//199 1381//199 1387//199
f 1390//199 1384//199 1387//199
f 1390//199 1387//199 1393//199
f 1396//199 1390//199 1393//199
f 1396//199 1393//199 1399//199
f 1402//199 1396//199 1399//199
f 1402//199 1399//199 1405//199
f 1408//199 1402//199 1405//199
f 1408//199 1405//199 1411//199
f 1414//199 1408//199 1411//199
f 1414//199 1411//199 1417//199
f 1420//199 1414//199 1417//199
f 1420//199 1417//199 1423//199
f 1426//199 1420//199 1423//199
f 1426//199 1423//199 1429//199
f 1432//199 1426//199 1429//199
f 1432//199 1429//199 1435//199
f 1438//199 1432//199 1435//199
f 1438//199 1435//199 1441//199
f 1444//199 1438//199 1441//199
f 1444//199 1441//199 1447//199
f 1450//199 1444//199 1447//199
f 1450//199 1447//199 1453//199
f 1450//199 1453//199 1456//199
f 1450//199 1456//199 1459//199
f 1462//199 1450//199 1459//199
f 1462//199 1459//199 1465//199
f 1462//199 1465//199 1468//199
f 1462//199 1468//199 1472//199
f 1462//199 1472//199 1475//199
f 1462//199 1475//199 1478//199
f 1481//199 1462//199 1478//199
f 1481//199 1478//199 1485//199
f 1481//199 1485//199 1488//199
f 1481//199 1488//199 1491//199
f 1481//199 1491//199 1494//199
f 1481//199 1494//199 1497//199
f 1500//199 1481//199 1497//199
f 1500//199 1497//199 1503//199
f 1500//199 1503//199 1507//199
f 1500//199 1507//199 1510//199
f 1500//199 1510//199 1513//199
f 1500//199 1513//199 1516//199
f 1500//199 1516//199 1519//199
f 990//199 1522//199 1524//199
f 978//199 984//199 990//199
f 966//199 972//199 978//199
f 953//199 959//199 966//199
f 940//199 946//199 953//199
f 928//199 934//199 940//199
f 916//199 922//199 928//199
f 904//199 910//199 916//199
f 892//199 898//199 904//199
f 880//199 886//199 892//199
f 868//199 874//199 880//199
f 1527//199 1530//199 868//199
f 1532//199 1527//199 868//199
f 868//199 880//199 892//199
f 892//199 904//199 916//199
f 916//199 928//199 940//199
f 940//199 953//199 966//199
f 966//199 978//199 990//199
f 990//199 1524//199 1535//199
f 990//199 1535//199 1538//199
f 916//199 940//199 966//199
f 1541//199 1532//199 868//199
f 1544//199 1541//199 868//199
f 892//199 916//199 966//199
f 990//199 1538//199 1547//199
f 990//199 1547//199 1550//199
f 1553//199 1544//199 868//199
f 1556//199 1553//199 868//199
f 990//199 1550//199 1559//199
f 990//199 1559//199 1562//199
f 1565//199 1556//199 868//199
f 1568//199 1565//199 868//199
f 990//199 1562//199 1571//199
f 990//199 1571//199 1574//199
f 1577//199 1568//199 868//199
f 1577//199 868//199 892//199
f 990//199 1574//199 1580//199
f 966//199 990//199 1580//199
f 1583//199 1577//199 892//199
f 1586//199 1583//199 892//199
f 966//199 1580//199 1589//199
f 966//199 1589//199 1592//199
f 1595//199 1586//199 892//199
f 1519//199 1595//199 892//199
f 966//199 1592//199 1598//199
f 1500//199 1519//199 892//199
f 966//199 1598//199 1500//199
f 1500//199 892//199 966//199
f 576//199 582//199 1601//199
f 576//199 1601//199 1603//199
f 564//199 570//199 576//199
f 552//199 558//199 564//199
f 540//199 546//199 552//199
f 528//199 534//199 540//199
f 516//199 522//199 528//199
f 504//199 510//199 516//199
f 492//199 498//199 504//199
f 480//199 486//199 492//199
f 468//199 474//199 480//199
f 456//199 462//199 468//199
f 444//199 450//199 456//199
f 431//199 437//199 444//199
f 418//199 424//199 431//199
f 406//199 412//199 418//199
f 1606//199 1609//199 406//199
f 1611//199 1606//199 406//199
f 406//199 418//199 431//199
f 431//199 444//199 456//199
f 456//199 468//199 480//199
f 480//199 492//199 504//199
f 504//199 516//199 528//199
f 528//199 540//199 552//199
f 552//199 564//199 576//199
f 576//199 1603//199 1614//199
f 576//199 1614//199 1617//199
f 528//199 552//199 576//199
f 480//199 504//199 528//199
f 431//199 456//199 480//199
f 1611//199 406//199 431//199
f 1620//199 1611//199 431//199
f 431//199 480//199 528//199
f 528//199 576//199 1617//199
f 528//199 1617//199 1623//199
f 1620//199 431//199 528//199
f 1626//199 1620//199 528//199
f 528//199 1623//199 1629//199
f 528//199 1629//199 1632//199
f 1635//199 1626//199 528//199
f 1638//199 1635//199 528//199
f 528//199 1632//199 1641//199
f 528//199 1641//199 1644//199
f 1647//199 1638//199 528//199
f 1650//199 1647//199 528//199
f 528//199 1644//199 1653//199
f 528//199 1653//199 1656//199
f 1659//199 1650//199 528//199
f 1662//199 1659//199 528//199
f 528//199 1656//199 1665//199
f 528//199 1665//199 1668//199
f 1671//199 1662//199 528//199
f 1674//199 1671//199 528//199
f 528//199 1668//199 1677//199
f 528//199 1677//199 1680//199
f 1684//199 1674//199 528//199
f 1688//199 1684//199 528//199
f 528//199 1680//199 1691//199
f 528//199 1691//199 1694//199
f 1697//199 1688//199 528//199
f 1700//199 1697//199 528//199
f 528//199 1694//199 1703//199
f 528//199 1703//199 1706//199
f 1709//199 1700//199 528//199
f 1712//199 1709//199 528//199
f 528//199 1706//199 1715//199
f 528//199 1715//199 1718//199
f 1721//199 1712//199 528//199
f 1724//199 1721//199 528//199
f 528//199 1718//199 1727//199
f 528//199 1727//199 1730//199
f 1733//199 1724//199 528//199
f 1737//199 1733//199 528//199
f 528//199 1730//199 1740//199
f 528//199 1740//199 1743//199
f 1746//199 1737//199 528//199
f 1749//199 1746//199 528//199
f 528//199 1743//199 1752//199
f 528//199 1752//199 1756//199
f 1759//199 1749//199 528//199
f 1763//199 1759//199 528//199
f 528//199 1756//199 1766//199
f 528//199 1766//199 1769//199
f 1772//199 1763//199 528//199
f 1775//199 1772//199 528//199
f 528//199 1769//199 1778//199
f 528//199 1778//199 1781//199
f 1784//199 1775//199 528//199
f 1787//199 1784//199 528//199
f 528//199 1781//199 1790//199
f 528//199 1790//199 1793//199
f 1796//199 1787//199 528//199
f 1799//199 1803//199 1796//199
f 1805//199 1799//199 1796//199
f 528//199 1793//199 1808//199
f 528//199 1808//199 1811//199
f 1805//199 1796//199 528//199
f 1814//199 1805//199 528//199
f 528//199 1811//199 1817//199
f 528//199 1817//199 1820//199
f 1823//199 1814//199 528//199
f 1826//199 1823//199 528//199
f 1829//199 1826//199 528//199
f 1833//199 1829//199 528//199
f 1836//199 1833//199 528//199
f 1839//199 1836//199 528//199
f 1842//199 1839//199 528//199
f 1845//199 1842//199 528//199
f 1848//199 1845//199 528//199
f 1851//199 1848//199 528//199
f 1854//199 1851//199 528//199
f 1857//199 1854//199 528//199
f 1860//199 1857//199 528//199
f 1863//199 1860//199 528//199
f 1866//199 1863//199 528//199
f 1869//199 1866//199 528//199
f 1872//199 1869//199 528//199
f 1875//199 1872//199 528//199
f 1875//199 528//199 1820//199
f 1878//199 1875//199 1820//199
f 1878//199 1820//199 1881//199
f 1884//199 1878//199 1881//199
f 1884//199 1881//199 1887//199
f 1890//199 1884//199 1887//199
f 1890//199 1887//199 1893//199
f 1896//199 1890//199 1893//199
f 1896//199 1893//199 1899//199
f 1902//199 1896//199 1899//199
f 1902//199 1899//199 1905//199
f 1908//199 1902//199 1905//199
f 1908//199 1905//199 1911//199
f 1914//199 1908//199 1911//199
f 1914//199 1911//199 1917//199
f 1920//199 1914//199 1917//199
f 1920//199 1917//199 1923//199
f 1926//199 1920//199 1923//199
f 1926//199 1923//199 1929//199
f 1932//199 1926//199 1929//199
f 1932//199 1929//199 1935//199
f 1938//199 1932//199 1935//199
f 1938//199 1935//199 1941//199
f 1944//199 1938//199 1941//199
f 1944//199 1941//199 1947//199
f 1950//199 1944//199 1947//199
f 1950//199 1947//199 1953//199
f 1956//199 1950//199 1953//199
f 1956//199 1953//199 1959//199
f 1962//199 1956//199 1959//199
f 1962//199 1959//199 1965//199
f 1968//199 1962//199 1965//199
f 1968//199 1965//199 1971//199
f 1974//199 1968//199 1971//199
f 1974//199 1971//199 1977//199
f 1980//199 1974//199 1977//199
f 1980//199 1977//199 1983//199
f 1986//199 1980//199 1983//199
f 1986//199 1983//199 1989//199
f 1992//199 1986//199 1989//199
f 1992//199 1989//199 1995//199
f 1998//199 1992//199 1995//199
f 1998//199 1995//199 2001//199
f 2004//199 1998//199 2001//199
f 2004//199 2001//199 2007//199
f 2010//199 2004//199 2007//199
f 2010//199 2007//199 2013//199
f 2016//199 2010//199 2013//199
f 2016//199 2013//199 2019//199
f 2022//199 2016//199 2019//199
f 2022//199 2019//199 2025//199
f 2028//199 2022//199 2025//199
f 2028//199 2025//199 2031//199
f 2034//199 2028//199 2031//199
f 2034//199 2031//199 2037//199
f 2041//199 2034//199 2037//199
f 2041//199 2037//199 2044//199
f 2047//199 2041//199 2044//199
f 2047//199 2044//199 2050//199
f 2047//199 2050//199 2053//199
f 2047//199 2053//199 2056//199
f 2059//199 2047//199 2056//199
f 2059//199 2056//199 2062//199
f 2065//199 2059//199 2062//199
f 2065//199 2062//199 2068//199
f 2065//199 2068//199 2071//199
f 2065//199 2071//199 2074//199
f 2065//199 2074//199 2077//199
f 2065//199 2077//199 2080//199
f 2083//199 2065//199 2080//199
f 2083//199 2080//199 2086//199
f 2083//199 2086//199 2090//199
f 2083//199 2090//199 2093//199
f 2083//199 2093//199 2096//199
f 2083//199 2096//199 2099//199
f 2102//199 2083//199 2099//199
f 2102//199 2099//199 2105//199
f 2102//199 2105//199 2108//199
f 2102//199 2108//199 2111//199
f 2114//199 2117//199 588//199
f 588//199 594//199 600//199
f 600//199 606//199 612//199
f 612//199 618//199 624//199
f 624//199 630//199 636//199
f 636//199 642//199 648//199
f 648//199 654//199 660//199
f 660//199 666//199 672//199
f 672//199 678//199 684//199
f 684//199 690//199 696//199
f 696//199 702//199 708//199
f 708//199 714//199 720//199
f 720//199 726//199 732//199
f 732//199 739//199 745//199
f 745//199 752//199 758//199
f 758//199 764//199 770//199
f 770//199 776//199 782//199
f 782//199 788//199 794//199
f 794//199 801//199 807//199
f 807//199 814//199 820//199
f 820//199 826//199 832//199
f 832//199 838//199 844//199
f 844//199 850//199 856//199
f 856//199 862//199 868//199
f 868//199 1530//199 2120//199
f 868//199 2120//199 2123//199
f 844//199 856//199 868//199
f 820//199 832//199 844//199
f 794//199 807//199 820//199
f 770//199 782//199 794//199
f 745//199 758//199 770//199
f 720//199 732//199 745//199
f 696//199 708//199 720//199
f 672//199 684//199 696//199
f 648//199 660//199 672//199
f 624//199 636//199 648//199
f 600//199 612//199 624//199
f 2114//199 588//199 600//199
f 2127//199 2114//199 600//199
f 600//199 624//199 648//199
f 648//199 672//199 696//199
f 696//199 720//199 745//199
f 745//199 770//199 794//199
f 794//199 820//199 844//199
f 844//199 868//199 2123//199
f 844//199 2123//199 2130//199
f 745//199 794//199 844//199
f 648//199 696//199 745//199
f 2127//199 600//199 648//199
f 2133//199 2127//199 648//199
f 648//199 745//199 844//199
f 844//199 2130//199 2136//199
f 844//199 2136//199 2139//199
f 2142//199 2133//199 648//199
f 2145//199 2142//199 648//199
f 648//199 844//199 2139//199
f 648//199 2139//199 2148//199
f 2151//199 2145//199 648//199
f 2154//199 2151//199 648//199
f 648//199 2148//199 2157//199
f 648//199 2157//199 2160//199
f 2163//199 2154//199 648//199
f 2166//199 2163//199 648//199
f 648//199 2160//199 2169//199
f 648//199 2169//199 2172//199
f 2176//199 2166//199 648//199
f 2111//199 2176//199 648//199
f 648//199 2172//199 2179//199
f 648//199 2179//199 2182//199
f 2102//199 2111//199 648//199
f 2185//199 2102//199 648//199
f 648//199 2182//199 2188//199
f 648//199 2188//199 2191//199
f 2194//199 2185//199 648//199
f 2198//199 2194//199 648//199
f 648//199 2191//199 2201//199
f 648//199 2201//199 2204//199
f 2207//199 2198//199 648//199
f 2210//199 2207//199 648//199
f 648//199 2204//199 2213//199
f 648//199 2213//199 2216//199
f 2219//199 2210//199 648//199
f 2222//199 2219//199 648//199
f 648//199 2216//199 2226//199
f 648//199 2226//199 2229//199
f 2232//199 2222//199 648//199
f 2232//199 648//199 2229//199
f 2232//199 2229//199 2235//199
f 2238//199 2232//199 2235//199
f 2238//199 2235//199 2241//199
f 2244//199 2238//199 2241//199
f 2244//199 2241//199 2247//199
f 2250//199 2244//199 2247//199
f 2250//199 2247//199 2253//199
f 2256//199 2250//199 2253//199
f 2256//199 2253//199 2259//199
f 2262//199 2256//199 2259//199
f 2262//199 2259//199 2265//199
f 2268//199 2262//199 2265//199
f 2268//199 2265//199 2271//199
f 2274//199 2268//199 2271//199
f 2274//199 2271//199 2277//199
f 2280//199 2274//199 2277//199
f 2280//199 2277//199 2283//199
f 2286//199 2280//199 2283//199
f 2286//199 2283//199 2289//199
f 2292//199 2286//199 2289//199
f 2292//199 2289//199 2295//199
f 2298//199 2292//199 2295//199
f 2298//199 2295//199 2301//199
f 2304//199 2298//199 2301//199
f 2304//199 2301//199 2307//199
f 2310//199 2304//199 2307//199
f 2310//199 2307//199 2313//199
f 2317//199 2310//199 2313//199
f 2317//199 2313//199 2320//199
f 2323//199 2317//199 2320//199
f 2323//199 2320//199 2326//199
f 1288//199 1285//199 2329//199
f 2329//199 2323//199 2326//199
f 2329//199 2326//199 2332//199
f 2335//199 1288//199 2329//199
f 2329//199 2332//199 2338//199
f 2338//199 2335//199 2329//199
f 2341//199 1601//199 582//199
f 582//199 588//199 2117//199
f 582//199 2117//199 2344//199
f 2347//199 2341//199 582//199
f 582//199 2344//199 2350//199
f 2350//199 2347//199 582//199
f 400//199 406//199 1609//199
f 400//199 1609//199 2353//199
f 388//199 394//199 400//199
f 375//199 382//199 388//199
f 362//199 369//199 375//199
f 350//199 356//199 362//199
f 338//199 344//199 350//199
f 326//199 332//199 338//199
f 314//199 320//199 326//199
f 302//199 308//199 314//199
f 2356//199 2359//199 302//199
f 2361//199 2356//199 302//199
f 302//199 314//199 326//199
f 326//199 338//199 350//199
f 350//199 362//199 375//199
f 375//199 388//199 400//199
f 400//199 2353//199 2364//199
f 400//199 2364//199 2367//199
f 326//199 350//199 375//199
f 2361//199 302//199 326//199
f 2370//199 2361//199 326//199
f 400//199 2367//199 2373//199
f 400//199 2373//199 2376//199
f 2370//199 326//199 375//199
f 2379//199 2370//199 375//199
f 400//199 2376//199 2382//199
f 400//199 2382//199 2385//199
f 2388//199 2379//199 375//199
f 2391//199 2388//199 375//199
f 400//199 2385//199 2395//199
f 400//199 2395//199 2398//199
f 2401//199 2391//199 375//199
f 2404//199 2401//199 375//199
f 400//199 2398//199 2407//199
f 400//199 2407//199 2410//199
f 2413//199 2404//199 375//199
f 2416//199 2413//199 375//199
f 375//199 400//199 2410//199
f 375//199 2410//199 2419//199
f 2422//199 2416//199 375//199
f 2425//199 2422//199 375//199
f 375//199 2419//199 2428//199
f 375//199 2428//199 2431//199
f 2434//199 2425//199 375//199
f 2437//199 2434//199 375//199
f 375//199 2431//199 2440//199
f 375//199 2440//199 2444//199
f 2447//199 2437//199 375//199
f 2451//199 2447//199 375//199
f 375//199 2444//199 2454//199
f 375//199 2454//199 2457//199
f 2460//199 2451//199 375//199
f 2463//199 2460//199 375//199
f 375//199 2457//199 2466//199
f 375//199 2466//199 2469//199
f 2472//199 2463//199 375//199
f 2475//199 2472//199 375//199
f 375//199 2469//199 2478//199
f 375//199 2478//199 2481//199
f 2484//199 2475//199 375//199
f 2487//199 2484//199 375//199
f 375//199 2481//199 2490//199
f 375//199 2490//199 2493//199
f 2496//199 2487//199 375//199
f 2499//199 2496//199 375//199
f 375//199 2493//199 2502//199
f 375//199 2502//199 2505//199
f 2508//199 2499//199 375//199
f 2511//199 2508//199 375//199
f 375//199 2505//199 2514//199
f 375//199 2514//199 2517//199
f 2520//199 2511//199 375//199
f 2523//199 2520//199 375//199
f 375//199 2517//199 2526//199
f 375//199 2526//199 2529//199
f 2532//199 2523//199 375//199
f 2535//199 2532//199 375//199
f 375//199 2529//199 2538//199
f 375//199 2538//199 2541//199
f 2544//199 2535//199 375//199
f 2547//199 2544//199 375//199
f 2547//199 375//199 2541//199
f 2550//199 2547//199 2541//199
f 2550//199 2541//199 2553//199
f 2556//199 2550//199 2553//199
f 2556//199 2553//199 2559//199
f 2562//199 2556//199 2559//199
f 2562//199 2559//199 2565//199
f 2568//199 2562//199 2565//199
f 2568//199 2565//199 2571//199
f 2574//199 2568//199 2571//199
f 2574//199 2571//199 2577//199
f 2580//199 2574//199 2577//199
f 2580//199 2577//199 2584//199
f 2587//199 2580//199 2584//199
f 2587//199 2584//199 2590//199
f 2593//199 2587//199 2590//199
f 2593//199 2590//199 2596//199
f 2599//199 2593//199 2596//199
f 2599//199 2596//199 2602//199
f 2605//199 2599//199 2602//199
f 2605//199 2602//199 2608//199
f 2611//199 2614//199 2617//199
f 2617//199 2605//199 2608//199
f 2617//199 2608//199 2620//199
f 2623//199 2611//199 2617//199
f 2626//199 2623//199 2617//199
f 2617//199 2620//199 2629//199
f 2617//199 2629//199 2632//199
f 2635//199 2626//199 2617//199
f 2638//199 2635//199 2617//199
f 2617//199 2632//199 2641//199
f 2617//199 2641//199 2644//199
f 2647//199 2638//199 2617//199
f 2650//199 2647//199 2617//199
f 2617//199 2644//199 2653//199
f 2617//199 2653//199 2656//199
f 2659//199 2650//199 2617//199
f 2659//199 2617//199 2656//199
f 2659//199 2656//199 2662//199
f 2665//199 2659//199 2662//199
f 2665//199 2662//199 2668//199
f 2671//199 2665//199 2668//199
f 2671//199 2668//199 2674//199
f 2677//199 2671//199 2674//199
f 2677//199 2674//199 2680//199
f 2683//199 2677//199 2680//199
f 2683//199 2680//199 2686//199
f 2689//199 2683//199 2686//199
f 2689//199 2686//199 2692//199
f 2695//199 2689//199 2692//199
f 2695//199 2692//199 2698//199
f 2701//199 2695//199 2698//199
f 2701//199 2698//199 2704//199
f 2708//199 2701//199 2704//199
f 2708//199 2704//199 2711//199
f 2714//199 2708//199 2711//199
f 2714//199 2711//199 2717//199
f 1803//199 1799//199 2720//199
f 2720//199 2714//199 2717//199
f 2720//199 2717//199 2723//199
f 2726//199 1803//199 2720//199
f 2729//199 2726//199 2720//199
f 2720//199 2723//199 2732//199
f 2720//199 2732//199 2736//199
f 2739//199 2729//199 2720//199
f 2736//199 2739//199 2720//199
f 2742//199 2745//199 2747//199
f 2747//199 10//199 2750//199
f 2747//199 2750//199 2753//199
f 2756//199 2742//199 2747//199
f 2747//199 2753//199 2759//199
f 2759//199 2756//199 2747//199
f 2762//199 2614//199 2611//199
f 2762//199 2611//199 2765//199
f 2768//199 2762//199 2765//199
f 2768//199 2765//199 2771//199
f 2774//199 2768//199 2771//199
f 2774//199 2771//199 2777//199
f 2780//199 2774//199 2777//199
f 2780//199 2777//199 2783//199
f 2786//199 2780//199 2783//199
f 2786//199 2783//199 2790//199
f 2793//199 2786//199 2790//199
f 2793//199 2790//199 2796//199
f 2799//199 2793//199 2796//199
f 2799//199 2796//199 2802//199
f 2805//199 2799//199 2802//199
f 2805//199 2802//199 2808//199
f 2811//199 2805//199 2808//199
f 2811//199 2808//199 2814//199
f 2817//199 2811//199 2814//199
f 2817//199 2814//199 2820//199
f 2823//199 2817//199 2820//199
f 2823//199 2820//199 2826//199
f 2829//199 2823//199 2826//199
f 2829//199 2826//199 2832//199
f 2835//199 2829//199 2832//199
f 2835//199 2832//199 2838//199
f 2841//199 2835//199 2838//199
f 2841//199 2838//199 2844//199
f 2847//199 2841//199 2844//199
f 2847//199 2844//199 2850//199
f 2853//199 2847//199 2850//199
f 2853//199 2850//199 2856//199
f 2859//199 2853//199 2856//199
f 2859//199 2856//199 2862//199
f 2866//199 2859//199 2862//199
f 2866//199 2862//199 2869//199
f 2872//199 2866//199 2869//199
f 2875//199 2872//199 2869//199
f 2878//199 2875//199 2869//199
f 2878//199 2869//199 2881//199
f 2884//199 2878//199 2881//199
f 2884//199 2881//199 2887//199
f 2890//199 2884//199 2887//199
f 2893//199 2890//199 2887//199
f 2896//199 2893//199 2887//199
f 2896//199 2887//199 2899//199
f 2902//199 2896//199 2899//199
f 2905//199 2902//199 2899//199
f 2908//199 2905//199 2899//199
f 2908//199 2899//199 2911//199
f 2915//199 2908//199 2911//199
f 2919//199 2915//199 2911//199
f 2922//199 2919//199 2911//199
f 2925//199 2922//199 2911//199
f 2928//199 2925//199 2911//199
f 2928//199 2911//199 2931//199
f 2934//199 2928//199 2931//199
f 2937//199 2934//199 2931//199
f 2940//199 2937//199 2931//199
f 2943//199 2940//199 2931//199
f 2946//199 1168//199 1166//199
f 2946//199 1166//199 2949//199
f 2952//199 2946//199 2949//199
f 2952//199 2949//199 2955//199
f 2958//199 2952//199 2955//199
f 2958//199 2955//199 2961//199
f 2964//199 2958//199 2961//199
f 2964//199 2961//199 2968//199
f 2971//199 2964//199 2968//199
f 2971//199 2968//199 2974//199
f 2977//199 2971//199 2974//199
f 2977//199 2974//199 2980//199
f 2984//199 2977//199 2980//199
f 2984//199 2980//199 2987//199
f 2990//199 2984//199 2987//199
f 2990//199 2987//199 2993//199
f 2996//199 2990//199 2993//199
f 2996//199 2993//199 2999//199
f 3002//199 2996//199 2999//199
f 3002//199 2999//199 3005//199
f 3009//199 3002//199 3005//199
f 3009//199 3005//199 3012//199
f 3015//199 3009//199 3012//199
f 3015//199 3012//199 3018//199
f 3021//199 3015//199 3018//199
f 3021//199 3018//199 3024//199
f 3027//199 3021//199 3024//199
f 3027//199 3024//199 3030//199
f 3033//199 3027//199 3030//199
f 3033//199 3030//199 3036//199
f 3039//199 3033//199 3036//199
f 3039//199 3036//199 3042//199
f 3045//199 3039//199 3042//199
f 3045//199 3042//199 3048//199
f 3051//199 3045//199 3048//199
f 3051//199 3048//199 3054//199
f 3057//199 3051//199 3054//199
f 3057//199 3054//199 3060//199
f 3057//199 3060//199 3063//199
f 3057//199 3063//199 3067//199
f 3070//199 3057//199 3067//199
f 3070//199 3067//199 3073//199
f 3070//199 3073//199 3076//199
f 3070//199 3076//199 3079//199
f 3070//199 3079//199 3082//199
f 3070//199 3082//199 3085//199
f 3088//199 3070//199 3085//199
f 3088//199 3085//199 3091//199
f 3088//199 3091//199 3094//199
f 3088//199 3094//199 3097//199
f 3088//199 3097//199 3100//199
f 3103//199 1522//199 990//199
f 3100//199 3103//199 990//199
f 990//199 996//199 1002//199
f 1002//199 1008//199 1015//199
f 1015//199 1021//199 1028//199
f 1028//199 1034//199 1040//199
f 1040//199 1046//199 1052//199
f 1052//199 1058//199 1064//199
f 1064//199 1070//199 1076//199
f 1076//199 1082//199 1088//199
f 1088//199 1094//199 1100//199
f 1100//199 1106//199 1112//199
f 1112//199 1118//199 1124//199
f 1124//199 1130//199 1136//199
f 1136//199 1142//199 1148//199
f 1148//199 1154//199 1160//199
f 1160//199 2747//199 2745//199
f 1160//199 2745//199 3106//199
f 1136//199 1148//199 1160//199
f 1112//199 1124//199 1136//199
f 1088//199 1100//199 1112//199
f 1064//199 1076//199 1088//199
f 1040//199 1052//199 1064//199
f 1015//199 1028//199 1040//199
f 990//199 1002//199 1015//199
f 3088//199 3100//199 990//199
f 3088//199 990//199 1015//199
f 1015//199 1040//199 1064//199
f 1064//199 1088//199 1112//199
f 1112//199 1136//199 1160//199
f 1160//199 3106//199 3109//199
f 1160//199 3109//199 3112//199
f 1064//199 1112//199 1160//199
f 3088//199 1015//199 1064//199
f 3115//199 3088//199 1064//199
f 1064//199 1160//199 3112//199
f 1064//199 3112//199 3118//199
f 3121//199 3115//199 1064//199
f 3124//199 3121//199 1064//199
f 1064//199 3118//199 3127//199
f 1064//199 3127//199 3130//199
f 3133//199 3124//199 1064//199
f 3136//199 3133//199 1064//199
f 1064//199 3130//199 3139//199
f 1064//199 3139//199 3142//199
f 3145//199 3136//199 1064//199
f 3148//199 3145//199 1064//199
f 1064//199 3142//199 3151//199
f 1064//199 3151//199 3154//199
f 3157//199 3148//199 1064//199
f 3160//199 3157//199 1064//199
f 1064//199 3154//199 3163//199
f 1064//199 3163//199 3166//199
f 3169//199 3160//199 1064//199
f 3172//199 3169//199 1064//199
f 1064//199 3166//199 3175//199
f 1064//199 3175//199 3178//199
f 3181//199 3172//199 1064//199
f 1064//199 3178//199 3184//199
f 1064//199 3184//199 3188//199
f 1064//199 3188//199 3191//199
f 1064//199 3191//199 3194//199
f 1064//199 3194//199 3197//199
f 1064//199 3197//199 3200//199
f 1064//199 3200//199 3203//199
f 1064//199 3203//199 3206//199
f 1064//199 3206//199 3209//199
f 1064//199 3209//199 3212//199
f 1064//199 3212//199 3215//199
f 1064//199 3215//199 3218//199
f 1064//199 3218//199 3222//199
f 1064//199 3222//199 3225//199
f 1064//199 3225//199 3228//199
f 1064//199 3228//199 3231//199
f 1064//199 3231//199 3234//199
f 1064//199 3234//199 3237//199
f 1064//199 3237//199 3240//199
f 1064//199 3240//199 3243//199
f 1064//199 3243//199 3246//199
f 1064//199 3246//199 3249//199
f 1064//199 3249//199 3252//199
f 1064//199 3252//199 3255//199
f 1064//199 3255//199 3258//199
f 1064//199 3258//199 3261//199
f 1064//199 3261//199 3264//199
f 1064//199 3264//199 3267//199
f 3181//199 1064//199 3267//199
f 3181//199 3267//199 3270//199
f 3273//199 3181//199 3270//199
f 3273//199 3270//199 3276//199
f 3279//199 3273//199 3276//199
f 3279//199 3276//199 3282//199
f 3285//199 3279//199 3282//199
f 3285//199 3282//199 3288//199
f 3291//199 3285//199 3288//199
f 3291//199 3288//199 3294//199
f 3291//199 3294//199 3297//199
f 3291//199 3297//199 3300//199
f 3303//199 3291//199 3300//199
f 3303//199 3300//199 3306//199
f 3309//199 3303//199 3306//199
f 3309//199 3306//199 3312//199
f 3315//199 3309//199 3312//199
f 3315//199 3312//199 3318//199
f 3321//199 3315//199 3318//199
f 3321//199 3318//199 3324//199
f 3327//199 3321//199 3324//199
f 3327//199 3324//199 3330//199
f 3327//199 3330//199 3333//199
f 3327//199 3333//199 3336//199
f 3339//199 3327//199 3336//199
f 3339//199 3336//199 3342//199
f 3345//199 3339//199 3342//199
f 3345//199 3342//199 3348//199
f 3351//199 3345//199 3348//199
f 3351//199 3348//199 3354//199
f 3357//199 3351//199 3354//199
f 3357//199 3354//199 3360//199
f 3363//199 3357//199 3360//199
f 3363//199 3360//199 3366//199
f 3363//199 3366//199 3369//199
f 3363//199 3369//199 3373//199
f 3376//199 3363//199 3373//199
f 3376//199 3373//199 3379//199
f 3382//199 3376//199 3379//199
f 3382//199 3379//199 3385//199
f 3382//199 3385//199 3388//199
f 3382//199 3388//199 3391//199
f 3394//199 3382//199 3391//199
f 3394//199 3391//199 3397//199
f 3400//199 3394//199 3397//199
f 3400//199 3397//199 3403//199
f 3400//199 3403//199 3406//199
f 3400//199 3406//199 3409//199
f 3400//199 3409//199 3412//199
f 3400//199 3412//199 3415//199
f 3419//199 3400//199 3415//199
f 3419//199 3415//199 3422//199
f 3419//199 3422//199 3425//199
f 3419//199 3425//199 3428//199
f 3419//199 3428//199 3431//199
f 3419//199 3431//199 3434//199
f 3437//199 3419//199 3434//199
f 3437//199 3434//199 3440//199
f 3437//199 3440//199 3443//199
f 3437//199 3443//199 3446//199
f 3449//199 2750//199 10//199
f 10//199 7//199 16//199
f 16//199 22//199 28//199
f 28//199 34//199 40//199
f 40//199 46//199 52//199
f 52//199 58//199 64//199
f 64//199 70//199 76//199
f 76//199 82//199 88//199
f 88//199 94//199 100//199
f 100//199 106//199 112//199
f 112//199 118//199 124//199
f 124//199 130//199 136//199
f 136//199 142//199 148//199
f 148//199 155//199 161//199
f 161//199 168//199 174//199
f 174//199 180//199 186//199
f 186//199 192//199 198//199
f 198//199 204//199 210//199
f 210//199 217//199 223//199
f 223//199 230//199 236//199
f 236//199 242//199 248//199
f 248//199 254//199 260//199
f 260//199 266//199 272//199
f 272//199 278//199 284//199
f 284//199 290//199 296//199
f 302//199 2359//199 3452//199
f 302//199 3452//199 3455//199
f 284//199 296//199 302//199
f 260//199 272//199 284//199
f 236//199 248//199 260//199
f 210//199 223//199 236//199
f 186//199 198//199 210//199
f 161//199 174//199 186//199
f 136//199 148//199 161//199
f 112//199 124//199 136//199
f 88//199 100//199 112//199
f 64//199 76//199 88//199
f 40//199 52//199 64//199
f 16//199 28//199 40//199
f 3449//199 10//199 16//199
f 3458//199 3449//199 16//199
f 16//199 40//199 64//199
f 64//199 88//199 112//199
f 112//199 136//199 161//199
f 161//199 186//199 210//199
f 210//199 236//199 260//199
f 302//199 3455//199 3461//199
f 302//199 3461//199 3464//199
f 210//199 260//199 284//199
f 112//199 161//199 210//199
f 16//199 64//199 112//199
f 3467//199 3458//199 16//199
f 3470//199 3467//199 16//199
f 16//199 112//199 210//199
f 302//199 3464//199 3473//199
f 302//199 3473//199 3476//199
f 3479//199 3470//199 16//199
f 3482//199 3479//199 16//199
f 284//199 302//199 3476//199
f 284//199 3476//199 3485//199
f 3488//199 3482//199 16//199
f 3491//199 3488//199 16//199
f 284//199 3485//199 3494//199
f 284//199 3494//199 3497//199
f 3500//199 3491//199 16//199
f 3503//199 3500//199 16//199
f 210//199 284//199 3497//199
f 210//199 3497//199 3506//199
f 3503//199 16//199 210//199
f 3446//199 3503//199 210//199
f 210//199 3506//199 3509//199
f 210//199 3509//199 3512//199
f 3437//199 3446//199 210//199
f 3515//199 3437//199 210//199
f 210//199 3512//199 3518//199
f 210//199 3518//199 3521//199
f 2931//199 3515//199 210//199
f 2943//199 2931//199 210//199
f 210//199 3521//199 3525//199
f 3525//199 2943//199 210//199
f 1158//200 3530//200 2749//200
f 1158//200 2749//200 1161//200
f 3529//201 3//201 12//201
f 3529//201 12//201 2748//201
f 3531//202 3534//202 3537//202
f 3537//202 3540//202 3543//202
f 3546//202 3531//202 3537//202
f 3546//202 3537//202 3543//202
f 3549//202 3552//202 3554//202
f 3549//202 3554//202 3557//202
f 3560//202 3549//202 3557//202
f 3560//202 3557//202 3563//202
f 3566//202 3560//202 3563//202
f 3566//202 3563//202 3570//202
f 3574//202 3566//202 3570//202
f 3574//202 3570//202 3577//202
f 3580//202 3574//202 3577//202
f 3580//202 3577//202 3583//202
f 3586//202 3580//202 3583//202
f 3586//202 3583//202 3589//202
f 3592//202 3586//202 3589//202
f 3592//202 3589//202 3596//202
f 3599//202 3592//202 3596//202
f 3599//202 3596//202 3602//202
f 3606//202 3599//202 3602//202
f 3606//202 3602//202 3609//202
f 3612//202 3606//202 3609//202
f 3612//202 3609//202 3615//202
f 3618//202 3612//202 3615//202
f 3618//202 3615//202 3621//202
f 3624//202 3618//202 3621//202
f 3624//202 3621//202 3627//202
f 3630//202 3624//202 3627//202
f 3630//202 3627//202 3633//202
f 3636//202 3630//202 3633//202
f 3639//202 3636//202 3633//202
f 3642//202 3639//202 3633//202
f 3642//202 3633//202 3645//202
f 3648//202 3642//202 3645//202
f 3648//202 3645//202 3651//202
f 3654//202 3648//202 3651//202
f 3654//202 3651//202 3658//202
f 3661//202 3654//202 3658//202
f 3661//202 3658//202 3664//202
f 3667//202 3661//202 3664//202
f 3667//202 3664//202 3670//202
f 3673//202 3667//202 3670//202
f 3676//202 3673//202 3670//202
f 3680//202 3676//202 3670//202
f 3680//202 3670//202 3683//202
f 3686//202 3680//202 3683//202
f 3686//202 3683//202 3689//202
f 3692//202 3686//202 3689//202
f 3695//202 3692//202 3689//202
f 3698//202 3695//202 3689//202
f 3698//202 3689//202 3701//202
f 3704//202 3698//202 3701//202
f 3704//202 3701//202 3707//202
f 3710//202 3704//202 3707//202
f 3713//202 3710//202 3707//202
f 3717//202 3713//202 3707//202
f 3720//202 3717//202 3707//202
f 3723//202 3720//202 3707//202
f 3723//202 3707//202 3726//202
f 3729//202 3723//202 3726//202
f 3732//202 3729//202 3726//202
f 3735//202 3732//202 3726//202
f 3738//202 3735//202 3726//202
f 3741//202 3738//202 3726//202
f 3741//202 3726//202 3744//202
f 3747//202 3741//202 3744//202
f 3750//202 3747//202 3744//202
f 3753//202 3750//202 3744//202
f 969//202 3756//202 3759//202
f 981//202 975//202 969//202
f 993//202 987//202 981//202
f 1005//202 999//202 993//202
f 1018//202 1011//202 1005//202
f 1031//202 1025//202 1018//202
f 1043//202 1037//202 1031//202
f 1055//202 1049//202 1043//202
f 1067//202 1061//202 1055//202
f 1079//202 1073//202 1067//202
f 1091//202 1085//202 1079//202
f 1103//202 1097//202 1091//202
f 1115//202 1109//202 1103//202
f 1127//202 1121//202 1115//202
f 1139//202 1133//202 1127//202
f 1151//202 1145//202 1139//202
f 3528//202 1157//202 1151//202
f 3762//202 3765//202 3528//202
f 3767//202 3762//202 3528//202
f 3528//202 1151//202 1139//202
f 1139//202 1127//202 1115//202
f 1115//202 1103//202 1091//202
f 1091//202 1079//202 1067//202
f 1067//202 1055//202 1043//202
f 1043//202 1031//202 1018//202
f 1018//202 1005//202 993//202
f 993//202 981//202 969//202
f 969//202 3759//202 3770//202
f 969//202 3770//202 3773//202
f 1043//202 1018//202 993//202
f 1091//202 1067//202 1043//202
f 1139//202 1115//202 1091//202
f 3767//202 3528//202 1139//202
f 3776//202 3767//202 1139//202
f 1139//202 1091//202 1043//202
f 969//202 3773//202 3779//202
f 969//202 3779//202 3782//202
f 1139//202 1043//202 993//202
f 3785//202 3776//202 1139//202
f 3788//202 3785//202 1139//202
f 993//202 969//202 3782//202
f 993//202 3782//202 3791//202
f 3788//202 1139//202 993//202
f 3794//202 3788//202 993//202
f 993//202 3791//202 3797//202
f 993//202 3797//202 3800//202
f 3803//202 3794//202 993//202
f 3806//202 3803//202 993//202
f 993//202 3800//202 3809//202
f 993//202 3809//202 3812//202
f 3815//202 3806//202 993//202
f 3818//202 3815//202 993//202
f 993//202 3812//202 3821//202
f 993//202 3821//202 3824//202
f 3827//202 3818//202 993//202
f 3830//202 3827//202 993//202
f 993//202 3824//202 3833//202
f 993//202 3833//202 3836//202
f 3839//202 3830//202 993//202
f 3842//202 3839//202 993//202
f 993//202 3836//202 3846//202
f 993//202 3846//202 3753//202
f 3849//202 3842//202 993//202
f 3852//202 3849//202 993//202
f 993//202 3753//202 3744//202
f 993//202 3744//202 3855//202
f 3858//202 3852//202 993//202
f 3861//202 3858//202 993//202
f 3861//202 993//202 3855//202
f 3864//202 3861//202 3855//202
f 3864//202 3855//202 3867//202
f 3870//202 3864//202 3867//202
f 3870//202 3867//202 3873//202
f 3876//202 3870//202 3873//202
f 3876//202 3873//202 3879//202
f 3882//202 3876//202 3879//202
f 3882//202 3879//202 3885//202
f 3888//202 3882//202 3885//202
f 3891//202 3888//202 3885//202
f 3894//202 3891//202 3885//202
f 3894//202 3885//202 3898//202
f 3901//202 3894//202 3898//202
f 3904//202 3901//202 3898//202
f 3907//202 3904//202 3898//202
f 3907//202 3898//202 3910//202
f 3913//202 3907//202 3910//202
f 3916//202 3919//202 3922//202
f 3925//202 3913//202 3910//202
f 3928//202 3925//202 3910//202
f 3910//202 3916//202 3922//202
f 3910//202 3922//202 3931//202
f 3934//202 3928//202 3910//202
f 3937//202 3934//202 3910//202
f 3910//202 3931//202 3940//202
f 3910//202 3940//202 3943//202
f 3946//202 3937//202 3910//202
f 3949//202 3946//202 3910//202
f 3910//202 3943//202 3952//202
f 3910//202 3952//202 3955//202
f 3958//202 3949//202 3910//202
f 3961//202 3958//202 3910//202
f 3910//202 3955//202 3964//202
f 3910//202 3964//202 3961//202
f 3967//202 3922//202 3919//202
f 3967//202 3919//202 3970//202
f 3973//202 3967//202 3970//202
f 3973//202 3970//202 3976//202
f 3979//202 3973//202 3976//202
f 3979//202 3976//202 3982//202
f 3985//202 3979//202 3982//202
f 3985//202 3982//202 3988//202
f 3991//202 3985//202 3988//202
f 3991//202 3988//202 3994//202
f 3997//202 3991//202 3994//202
f 3997//202 3994//202 4000//202
f 4003//202 3997//202 4000//202
f 4003//202 4000//202 4006//202
f 4009//202 4003//202 4006//202
f 4009//202 4006//202 4012//202
f 4015//202 4009//202 4012//202
f 4015//202 4012//202 4018//202
f 4021//202 4015//202 4018//202
f 4021//202 4018//202 4024//202
f 4027//202 4021//202 4024//202
f 4027//202 4024//202 4030//202
f 4033//202 4027//202 4030//202
f 4033//202 4030//202 4036//202
f 4039//202 4033//202 4036//202
f 4039//202 4036//202 4042//202
f 4045//202 4039//202 4042//202
f 4045//202 4042//202 4048//202
f 4051//202 4045//202 4048//202
f 4051//202 4048//202 4054//202
f 4057//202 4051//202 4054//202
f 4057//202 4054//202 4060//202
f 4063//202 4057//202 4060//202
f 4063//202 4060//202 4066//202
f 4069//202 4063//202 4066//202
f 4069//202 4066//202 4072//202
f 4075//202 4069//202 4072//202
f 4079//202 4075//202 4072//202
f 4082//202 4079//202 4072//202
f 4082//202 4072//202 4085//202
f 4088//202 4082//202 4085//202
f 4088//202 4085//202 4091//202
f 4094//202 4088//202 4091//202
f 4097//202 4094//202 4091//202
f 4100//202 4097//202 4091//202
f 4100//202 4091//202 4103//202
f 4106//202 4100//202 4103//202
f 4109//202 4106//202 4103//202
f 4112//202 4109//202 4103//202
f 4112//202 4103//202 4115//202
f 4118//202 4112//202 4115//202
f 4121//202 4118//202 4115//202
f 4125//202 4121//202 4115//202
f 4128//202 4125//202 4115//202
f 4131//202 4128//202 4115//202
f 4131//202 4115//202 4134//202
f 4137//202 4131//202 4134//202
f 4140//202 4137//202 4134//202
f 4143//202 4140//202 4134//202
f 4146//202 4143//202 4134//202
f 4149//202 3537//202 3534//202
f 4149//202 3534//202 4152//202
f 4155//202 4149//202 4152//202
f 4155//202 4152//202 4158//202
f 4161//202 4155//202 4158//202
f 4161//202 4158//202 4164//202
f 4168//202 4161//202 4164//202
f 4168//202 4164//202 4171//202
f 4174//202 4168//202 4171//202
f 4174//202 4171//202 4177//202
f 4180//202 4174//202 4177//202
f 4180//202 4177//202 4183//202
f 4186//202 4180//202 4183//202
f 4186//202 4183//202 4189//202
f 4192//202 4186//202 4189//202
f 4192//202 4189//202 4195//202
f 4198//202 4192//202 4195//202
f 4198//202 4195//202 4201//202
f 4204//202 4198//202 4201//202
f 4204//202 4201//202 4207//202
f 4210//202 4204//202 4207//202
f 4210//202 4207//202 4213//202
f 4216//202 4210//202 4213//202
f 4216//202 4213//202 4219//202
f 4222//202 4216//202 4219//202
f 4222//202 4219//202 4225//202
f 4228//202 4222//202 4225//202
f 4228//202 4225//202 4231//202
f 4234//202 4228//202 4231//202
f 4234//202 4231//202 4237//202
f 4240//202 4234//202 4237//202
f 4240//202 4237//202 4243//202
f 4246//202 4240//202 4243//202
f 4246//202 4243//202 4250//202
f 4253//202 4246//202 4250//202
f 4253//202 4250//202 4256//202
f 4253//202 4256//202 4259//202
f 4253//202 4259//202 4262//202
f 4265//202 4253//202 4262//202
f 4265//202 4262//202 4268//202
f 4271//202 4265//202 4268//202
f 4271//202 4268//202 4274//202
f 4271//202 4274//202 4277//202
f 4271//202 4277//202 4280//202
f 4271//202 4280//202 4283//202
f 4271//202 4283//202 4286//202
f 4289//202 4271//202 4286//202
f 4289//202 4286//202 4292//202
f 4289//202 4292//202 4296//202
f 4289//202 4296//202 4299//202
f 4289//202 4299//202 4302//202
f 4289//202 4302//202 4305//202
f 4308//202 4289//202 4305//202
f 4308//202 4305//202 4312//202
f 4308//202 4312//202 4315//202
f 4308//202 4315//202 4318//202
f 4321//202 3543//202 3540//202
f 4321//202 3540//202 4324//202
f 4327//202 4321//202 4324//202
f 4327//202 4324//202 4330//202
f 4333//202 4327//202 4330//202
f 4333//202 4330//202 4336//202
f 4339//202 4333//202 4336//202
f 4339//202 4336//202 4342//202
f 4345//202 4339//202 4342//202
f 4345//202 4342//202 4349//202
f 4352//202 4345//202 4349//202
f 4352//202 4349//202 4355//202
f 4358//202 4352//202 4355//202
f 4358//202 4355//202 4361//202
f 4364//202 4358//202 4361//202
f 4364//202 4361//202 4367//202
f 4370//202 4364//202 4367//202
f 4370//202 4367//202 4373//202
f 4376//202 4370//202 4373//202
f 4376//202 4373//202 4379//202
f 4382//202 4376//202 4379//202
f 4382//202 4379//202 4385//202
f 4388//202 4382//202 4385//202
f 4388//202 4385//202 4391//202
f 4394//202 4388//202 4391//202
f 4394//202 4391//202 4397//202
f 4400//202 4394//202 4397//202
f 4403//202 4406//202 4409//202
f 4400//202 4397//202 4403//202
f 4411//202 4400//202 4403//202
f 4403//202 4409//202 4414//202
f 4403//202 4414//202 4417//202
f 4420//202 4411//202 4403//202
f 4423//202 4420//202 4403//202
f 4403//202 4417//202 4426//202
f 4403//202 4426//202 4429//202
f 4432//202 4423//202 4403//202
f 4435//202 4432//202 4403//202
f 4403//202 4429//202 4438//202
f 4403//202 4438//202 4441//202
f 4444//202 4435//202 4403//202
f 4447//202 4444//202 4403//202
f 4403//202 4441//202 4450//202
f 4403//202 4450//202 4453//202
f 4456//202 4447//202 4403//202
f 4459//202 4456//202 4403//202
f 4403//202 4453//202 4462//202
f 4403//202 4462//202 4465//202
f 4468//202 4459//202 4403//202
f 4471//202 4468//202 4403//202
f 4403//202 4465//202 4474//202
f 4403//202 4474//202 4477//202
f 4480//202 4471//202 4403//202
f 4483//202 4480//202 4403//202
f 4403//202 4477//202 4486//202
f 4483//202 4403//202 4486//202
f 4489//202 4483//202 4486//202
f 4489//202 4486//202 4492//202
f 4495//202 4489//202 4492//202
f 4495//202 4492//202 4498//202
f 4501//202 4495//202 4498//202
f 4501//202 4498//202 4505//202
f 4508//202 4501//202 4505//202
f 4508//202 4505//202 4511//202
f 4514//202 4508//202 4511//202
f 4514//202 4511//202 4517//202
f 4520//202 4514//202 4517//202
f 4520//202 4517//202 4523//202
f 4526//202 4520//202 4523//202
f 4526//202 4523//202 4529//202
f 4532//202 4526//202 4529//202
f 4532//202 4529//202 4535//202
f 4538//202 4532//202 4535//202
f 4538//202 4535//202 4541//202
f 4544//202 4538//202 4541//202
f 4544//202 4541//202 4547//202
f 4550//202 4544//202 4547//202
f 4550//202 4547//202 4553//202
f 4556//202 4550//202 4553//202
f 4556//202 4553//202 4560//202
f 4563//202 4556//202 4560//202
f 4563//202 4560//202 4566//202
f 4569//202 4563//202 4566//202
f 4569//202 4566//202 4572//202
f 4575//202 4569//202 4572//202
f 4575//202 4572//202 4578//202
f 4575//202 4578//202 4581//202
f 4575//202 4581//202 4584//202
f 4587//202 4575//202 4584//202
f 4587//202 4584//202 4590//202
f 4587//202 4590//202 4593//202
f 4587//202 4593//202 4596//202
f 4587//202 4596//202 4599//202
f 4587//202 4599//202 4602//202
f 4605//202 4587//202 4602//202
f 4605//202 4602//202 4608//202
f 4605//202 4608//202 4611//202
f 4605//202 4611//202 4614//202
f 4605//202 4614//202 4617//202
f 4620//202 4623//202 385//202
f 4605//202 4617//202 4620//202
f 4605//202 4620//202 385//202
f 385//202 379//202 372//202
f 372//202 365//202 359//202
f 359//202 353//202 347//202
f 347//202 341//202 335//202
f 335//202 329//202 323//202
f 323//202 317//202 311//202
f 311//202 305//202 299//202
f 299//202 293//202 287//202
f 287//202 281//202 275//202
f 275//202 269//202 263//202
f 263//202 257//202 251//202
f 251//202 245//202 239//202
f 239//202 233//202 227//202
f 227//202 220//202 213//202
f 213//202 207//202 201//202
f 201//202 195//202 189//202
f 189//202 183//202 177//202
f 177//202 171//202 165//202
f 165//202 158//202 151//202
f 151//202 145//202 139//202
f 139//202 133//202 127//202
f 127//202 121//202 115//202
f 115//202 109//202 103//202
f 103//202 97//202 91//202
f 91//202 85//202 79//202
f 79//202 73//202 67//202
f 67//202 61//202 55//202
f 55//202 49//202 43//202
f 43//202 37//202 31//202
f 31//202 25//202 19//202
f 19//202 13//202 4//202
f 4//202 1//202 3528//202
f 3528//202 3765//202 4626//202
f 3528//202 4626//202 4629//202
f 19//202 4//202 3528//202
f 43//202 31//202 19//202
f 67//202 55//202 43//202
f 91//202 79//202 67//202
f 115//202 103//202 91//202
f 139//202 127//202 115//202
f 165//202 151//202 139//202
f 189//202 177//202 165//202
f 213//202 201//202 189//202
f 239//202 227//202 213//202
f 263//202 251//202 239//202
f 287//202 275//202 263//202
f 311//202 299//202 287//202
f 335//202 323//202 311//202
f 359//202 347//202 335//202
f 385//202 372//202 359//202
f 4605//202 385//202 359//202
f 359//202 335//202 311//202
f 287//202 263//202 239//202
f 239//202 213//202 189//202
f 189//202 165//202 139//202
f 139//202 115//202 91//202
f 91//202 67//202 43//202
f 3528//202 4629//202 4632//202
f 3528//202 4632//202 4635//202
f 91//202 43//202 19//202
f 189//202 139//202 91//202
f 287//202 239//202 189//202
f 4605//202 359//202 311//202
f 4638//202 4605//202 311//202
f 287//202 189//202 91//202
f 3528//202 4635//202 4641//202
f 3528//202 4641//202 4644//202
f 4647//202 4638//202 311//202
f 4650//202 4647//202 311//202
f 19//202 3528//202 4644//202
f 19//202 4644//202 4653//202
f 4650//202 311//202 287//202
f 4656//202 4650//202 287//202
f 19//202 4653//202 4659//202
f 19//202 4659//202 4662//202
f 4665//202 4656//202 287//202
f 4668//202 4665//202 287//202
f 91//202 19//202 4662//202
f 91//202 4662//202 4671//202
f 4674//202 4668//202 287//202
f 4677//202 4674//202 287//202
f 91//202 4671//202 4680//202
f 91//202 4680//202 4683//202
f 4686//202 4677//202 287//202
f 4689//202 4686//202 287//202
f 91//202 4683//202 4692//202
f 91//202 4692//202 4695//202
f 4698//202 4689//202 287//202
f 4701//202 4698//202 287//202
f 91//202 4695//202 4704//202
f 91//202 4704//202 4146//202
f 4701//202 287//202 91//202
f 4707//202 4701//202 91//202
f 91//202 4146//202 4134//202
f 91//202 4134//202 4710//202
f 4713//202 4707//202 91//202
f 4318//202 4713//202 91//202
f 91//202 4710//202 4308//202
f 4308//202 4318//202 91//202
f 385//202 4623//202 4717//202
f 385//202 4717//202 4720//202
f 397//202 391//202 385//202
f 409//202 403//202 397//202
f 421//202 415//202 409//202
f 434//202 427//202 421//202
f 447//202 441//202 434//202
f 459//202 453//202 447//202
f 471//202 465//202 459//202
f 483//202 477//202 471//202
f 495//202 489//202 483//202
f 507//202 501//202 495//202
f 519//202 513//202 507//202
f 531//202 525//202 519//202
f 543//202 537//202 531//202
f 555//202 549//202 543//202
f 567//202 561//202 555//202
f 579//202 573//202 567//202
f 4723//202 4726//202 579//202
f 4728//202 4723//202 579//202
f 579//202 567//202 555//202
f 555//202 543//202 531//202
f 531//202 519//202 507//202
f 507//202 495//202 483//202
f 483//202 471//202 459//202
f 459//202 447//202 434//202
f 434//202 421//202 409//202
f 409//202 397//202 385//202
f 385//202 4720//202 4731//202
f 385//202 4731//202 4734//202
f 459//202 434//202 409//202
f 507//202 483//202 459//202
f 555//202 531//202 507//202
f 4728//202 579//202 555//202
f 4737//202 4728//202 555//202
f 555//202 507//202 459//202
f 385//202 4734//202 4740//202
f 385//202 4740//202 4743//202
f 555//202 459//202 409//202
f 4746//202 4737//202 555//202
f 4749//202 4746//202 555//202
f 409//202 385//202 4743//202
f 409//202 4743//202 4752//202
f 4749//202 555//202 409//202
f 4755//202 4749//202 409//202
f 409//202 4752//202 4758//202
f 409//202 4758//202 4761//202
f 4764//202 4755//202 409//202
f 4767//202 4764//202 409//202
f 409//202 4761//202 4770//202
f 409//202 4770//202 4773//202
f 4776//202 4767//202 409//202
f 4779//202 4776//202 409//202
f 409//202 4773//202 4782//202
f 409//202 4782//202 4785//202
f 4788//202 4779//202 409//202
f 4791//202 4788//202 409//202
f 409//202 4785//202 4794//202
f 409//202 4794//202 4797//202
f 4800//202 4791//202 409//202
f 4803//202 4800//202 409//202
f 409//202 4797//202 4806//202
f 409//202 4806//202 4809//202
f 4812//202 4803//202 409//202
f 4816//202 4812//202 409//202
f 409//202 4809//202 4819//202
f 409//202 4819//202 4822//202
f 4825//202 4816//202 409//202
f 4828//202 4825//202 409//202
f 409//202 4822//202 4831//202
f 409//202 4831//202 4834//202
f 4837//202 4828//202 409//202
f 4840//202 4837//202 409//202
f 409//202 4834//202 4843//202
f 409//202 4843//202 4846//202
f 4849//202 4840//202 409//202
f 4852//202 4849//202 409//202
f 409//202 4846//202 4855//202
f 409//202 4855//202 4858//202
f 4861//202 4852//202 409//202
f 4864//202 4861//202 409//202
f 409//202 4858//202 4867//202
f 409//202 4867//202 4871//202
f 4874//202 4864//202 409//202
f 4877//202 4874//202 409//202
f 4877//202 409//202 4871//202
f 4881//202 4877//202 4871//202
f 4881//202 4871//202 4884//202
f 4887//202 4881//202 4884//202
f 4887//202 4884//202 4890//202
f 4893//202 4887//202 4890//202
f 4893//202 4890//202 4896//202
f 4899//202 4893//202 4896//202
f 4899//202 4896//202 4902//202
f 4905//202 4899//202 4902//202
f 4905//202 4902//202 4908//202
f 4911//202 4905//202 4908//202
f 4911//202 4908//202 4914//202
f 4911//202 4914//202 4917//202
f 4920//202 4923//202 4926//202
f 4929//202 4920//202 4926//202
f 4929//202 4926//202 4932//202
f 4935//202 4929//202 4932//202
f 4935//202 4932//202 4938//202
f 4941//202 4935//202 4938//202
f 4941//202 4938//202 4944//202
f 4947//202 4941//202 4944//202
f 4947//202 4944//202 4950//202
f 4953//202 4947//202 4950//202
f 4953//202 4950//202 4956//202
f 4959//202 4953//202 4956//202
f 4959//202 4956//202 4962//202
f 4965//202 4959//202 4962//202
f 4965//202 4962//202 4968//202
f 4971//202 4965//202 4968//202
f 4971//202 4968//202 4974//202
f 4977//202 4971//202 4974//202
f 4977//202 4974//202 4980//202
f 4983//202 4977//202 4980//202
f 4983//202 4980//202 4986//202
f 4989//202 4983//202 4986//202
f 4992//202 4409//202 4406//202
f 4992//202 4406//202 4995//202
f 4998//202 4992//202 4995//202
f 4998//202 4995//202 5002//202
f 5006//202 4998//202 5002//202
f 5006//202 5002//202 5009//202
f 5012//202 5006//202 5009//202
f 5012//202 5009//202 5015//202
f 5018//202 5012//202 5015//202
f 5018//202 5015//202 5021//202
f 5024//202 5018//202 5021//202
f 5024//202 5021//202 5028//202
f 5031//202 5024//202 5028//202
f 5031//202 5028//202 5034//202
f 5038//202 5031//202 5034//202
f 5038//202 5034//202 5041//202
f 5044//202 5038//202 5041//202
f 5044//202 5041//202 5047//202
f 5050//202 5044//202 5047//202
f 5050//202 5047//202 5053//202
f 5056//202 5050//202 5053//202
f 5056//202 5053//202 5059//202
f 5062//202 5056//202 5059//202
f 5062//202 5059//202 5065//202
f 5068//202 5062//202 5065//202
f 5068//202 5065//202 5071//202
f 5074//202 5068//202 5071//202
f 5077//202 5074//202 5071//202
f 5080//202 5077//202 5071//202
f 5080//202 5071//202 5083//202
f 5086//202 5080//202 5083//202
f 5086//202 5083//202 5090//202
f 5093//202 5086//202 5090//202
f 5093//202 5090//202 5096//202
f 5099//202 5093//202 5096//202
f 5099//202 5096//202 5102//202
f 5105//202 5099//202 5102//202
f 5105//202 5102//202 5108//202
f 5111//202 5105//202 5108//202
f 5115//202 5111//202 5108//202
f 4989//202 4986//202 4911//202
f 5118//202 4989//202 4911//202
f 4917//202 5115//202 5108//202
f 4917//202 5108//202 5121//202
f 5124//202 5118//202 4911//202
f 4911//202 4917//202 5121//202
f 5121//202 5124//202 4911//202
f 5127//202 4923//202 4920//202
f 5127//202 4920//202 5130//202
f 5133//202 5127//202 5130//202
f 5133//202 5130//202 5136//202
f 5139//202 5133//202 5136//202
f 5139//202 5136//202 5142//202
f 5145//202 5139//202 5142//202
f 5145//202 5142//202 5148//202
f 5151//202 5145//202 5148//202
f 5151//202 5148//202 5154//202
f 5157//202 5151//202 5154//202
f 5157//202 5154//202 5160//202
f 5163//202 5157//202 5160//202
f 5163//202 5160//202 5166//202
f 5169//202 5163//202 5166//202
f 5169//202 5166//202 5172//202
f 5175//202 5169//202 5172//202
f 5175//202 5172//202 5178//202
f 5181//202 5175//202 5178//202
f 5181//202 5178//202 5184//202
f 5187//202 5181//202 5184//202
f 5187//202 5184//202 5190//202
f 5193//202 5187//202 5190//202
f 5193//202 5190//202 5196//202
f 5199//202 5193//202 5196//202
f 5199//202 5196//202 5202//202
f 5205//202 5199//202 5202//202
f 5205//202 5202//202 5208//202
f 5211//202 5205//202 5208//202
f 5211//202 5208//202 5214//202
f 5217//202 5211//202 5214//202
f 5217//202 5214//202 5220//202
f 5223//202 5217//202 5220//202
f 5223//202 5220//202 5226//202
f 5229//202 5223//202 5226//202
f 5229//202 5226//202 5233//202
f 5236//202 5229//202 5233//202
f 5239//202 5236//202 5233//202
f 5242//202 5239//202 5233//202
f 5242//202 5233//202 5245//202
f 5248//202 5242//202 5245//202
f 5248//202 5245//202 5251//202
f 5254//202 5248//202 5251//202
f 5257//202 5254//202 5251//202
f 5260//202 5257//202 5251//202
f 5260//202 5251//202 5263//202
f 5266//202 5260//202 5263//202
f 5269//202 5266//202 5263//202
f 5272//202 5269//202 5263//202
f 5272//202 5263//202 5275//202
f 5278//202 5272//202 5275//202
f 5282//202 5278//202 5275//202
f 5285//202 5282//202 5275//202
f 5288//202 5285//202 5275//202
f 5291//202 5288//202 5275//202
f 5291//202 5275//202 5294//202
f 5297//202 5291//202 5294//202
f 5300//202 5297//202 5294//202
f 5303//202 5300//202 5294//202
f 5306//202 5303//202 5294//202
f 5309//202 3554//202 3552//202
f 5309//202 3552//202 5312//202
f 5315//202 5309//202 5312//202
f 5315//202 5312//202 5318//202
f 5321//202 5315//202 5318//202
f 5321//202 5318//202 5324//202
f 5327//202 5321//202 5324//202
f 5327//202 5324//202 5330//202
f 5333//202 5327//202 5330//202
f 5333//202 5330//202 5336//202
f 5339//202 5333//202 5336//202
f 5339//202 5336//202 5342//202
f 5345//202 5339//202 5342//202
f 5345//202 5342//202 5348//202
f 5351//202 5345//202 5348//202
f 5351//202 5348//202 5354//202
f 5357//202 5351//202 5354//202
f 5357//202 5354//202 5360//202
f 5363//202 5357//202 5360//202
f 5363//202 5360//202 5366//202
f 5369//202 5363//202 5366//202
f 5369//202 5366//202 5372//202
f 5375//202 5369//202 5372//202
f 5375//202 5372//202 5378//202
f 5381//202 5375//202 5378//202
f 5381//202 5378//202 5384//202
f 5387//202 5381//202 5384//202
f 5387//202 5384//202 5390//202
f 5393//202 5387//202 5390//202
f 5393//202 5390//202 5396//202
f 5399//202 5393//202 5396//202
f 5399//202 5396//202 5402//202
f 5405//202 5399//202 5402//202
f 5405//202 5402//202 5408//202
f 5411//202 5405//202 5408//202
f 5411//202 5408//202 5414//202
f 5411//202 5414//202 5417//202
f 5411//202 5417//202 5420//202
f 5423//202 5411//202 5420//202
f 5423//202 5420//202 5426//202
f 5429//202 5423//202 5426//202
f 5429//202 5426//202 5432//202
f 5429//202 5432//202 5435//202
f 5429//202 5435//202 5438//202
f 5429//202 5438//202 5441//202
f 5444//202 5429//202 5441//202
f 5447//202 3756//202 969//202
f 969//202 963//202 956//202
f 956//202 949//202 943//202
f 943//202 937//202 931//202
f 931//202 925//202 919//202
f 919//202 913//202 907//202
f 907//202 901//202 895//202
f 895//202 5450//202 5452//202
f 895//202 5452//202 5455//202
f 919//202 907//202 895//202
f 943//202 931//202 919//202
f 969//202 956//202 943//202
f 5458//202 5447//202 969//202
f 5461//202 5458//202 969//202
f 969//202 943//202 919//202
f 919//202 895//202 5455//202
f 919//202 5455//202 5464//202
f 5461//202 969//202 919//202
f 5467//202 5461//202 919//202
f 919//202 5464//202 5470//202
f 919//202 5470//202 5473//202
f 5476//202 5467//202 919//202
f 5479//202 5476//202 919//202
f 919//202 5473//202 5482//202
f 919//202 5482//202 5485//202
f 5489//202 5479//202 919//202
f 5492//202 5489//202 919//202
f 919//202 5485//202 5495//202
f 919//202 5495//202 5498//202
f 5501//202 5492//202 919//202
f 5504//202 5501//202 919//202
f 919//202 5498//202 5507//202
f 919//202 5507//202 5510//202
f 5513//202 5504//202 919//202
f 5516//202 5513//202 919//202
f 919//202 5510//202 5519//202
f 919//202 5519//202 5522//202
f 5525//202 5516//202 919//202
f 5528//202 5525//202 919//202
f 919//202 5522//202 5531//202
f 919//202 5531//202 5534//202
f 5537//202 5528//202 919//202
f 579//202 4726//202 5540//202
f 591//202 585//202 579//202
f 603//202 597//202 591//202
f 615//202 609//202 603//202
f 627//202 621//202 615//202
f 639//202 633//202 627//202
f 651//202 645//202 639//202
f 663//202 657//202 651//202
f 675//202 669//202 663//202
f 687//202 681//202 675//202
f 699//202 693//202 687//202
f 711//202 705//202 699//202
f 723//202 717//202 711//202
f 735//202 729//202 723//202
f 749//202 742//202 735//202
f 761//202 755//202 749//202
f 773//202 767//202 761//202
f 785//202 779//202 773//202
f 797//202 791//202 785//202
f 811//202 804//202 797//202
f 823//202 817//202 811//202
f 835//202 829//202 823//202
f 847//202 841//202 835//202
f 859//202 853//202 847//202
f 871//202 865//202 859//202
f 5543//202 5546//202 871//202
f 5549//202 5543//202 871//202
f 871//202 859//202 847//202
f 847//202 835//202 823//202
f 823//202 811//202 797//202
f 797//202 785//202 773//202
f 773//202 761//202 749//202
f 749//202 735//202 723//202
f 723//202 711//202 699//202
f 699//202 687//202 675//202
f 675//202 663//202 651//202
f 651//202 639//202 627//202
f 627//202 615//202 603//202
f 603//202 591//202 579//202
f 579//202 5540//202 5552//202
f 579//202 5552//202 5555//202
f 651//202 627//202 603//202
f 699//202 675//202 651//202
f 749//202 723//202 699//202
f 797//202 773//202 749//202
f 847//202 823//202 797//202
f 5549//202 871//202 847//202
f 5558//202 5549//202 847//202
f 847//202 797//202 749//202
f 749//202 699//202 651//202
f 579//202 5555//202 5561//202
f 579//202 5561//202 5564//202
f 749//202 651//202 603//202
f 5558//202 847//202 749//202
f 5567//202 5558//202 749//202
f 603//202 579//202 5564//202
f 603//202 5564//202 5570//202
f 5573//202 5567//202 749//202
f 5577//202 5573//202 749//202
f 603//202 5570//202 5580//202
f 603//202 5580//202 5583//202
f 5586//202 5577//202 749//202
f 5589//202 5586//202 749//202
f 603//202 5583//202 5592//202
f 603//202 5592//202 5595//202
f 5598//202 5589//202 749//202
f 5601//202 5598//202 749//202
f 603//202 5595//202 5604//202
f 603//202 5604//202 5607//202
f 5610//202 5601//202 749//202
f 5613//202 5610//202 749//202
f 749//202 603//202 5607//202
f 749//202 5607//202 5616//202
f 5619//202 5613//202 749//202
f 5622//202 5619//202 749//202
f 749//202 5616//202 5625//202
f 749//202 5625//202 5628//202
f 5631//202 5622//202 749//202
f 5635//202 5631//202 749//202
f 749//202 5628//202 5306//202
f 749//202 5306//202 5294//202
f 5638//202 5635//202 749//202
f 5641//202 5638//202 749//202
f 749//202 5294//202 5644//202
f 749//202 5644//202 5647//202
f 5650//202 5641//202 749//202
f 5653//202 5650//202 749//202
f 749//202 5647//202 5656//202
f 749//202 5656//202 5660//202
f 5663//202 5653//202 749//202
f 5666//202 5663//202 749//202
f 749//202 5660//202 5669//202
f 749//202 5669//202 5672//202
f 5675//202 5666//202 749//202
f 5678//202 5675//202 749//202
f 749//202 5672//202 5681//202
f 749//202 5681//202 5684//202
f 5688//202 5678//202 749//202
f 5691//202 5688//202 749//202
f 749//202 5684//202 5694//202
f 749//202 5694//202 5697//202
f 5700//202 5691//202 749//202
f 5703//202 5700//202 749//202
f 749//202 5697//202 5706//202
f 749//202 5706//202 5709//202
f 5712//202 5703//202 749//202
f 5715//202 5712//202 749//202
f 749//202 5709//202 5718//202
f 749//202 5718//202 5721//202
f 5724//202 5715//202 749//202
f 5727//202 5724//202 749//202
f 749//202 5721//202 5730//202
f 749//202 5730//202 5733//202
f 5736//202 5727//202 749//202
f 5739//202 5736//202 749//202
f 749//202 5733//202 5742//202
f 749//202 5742//202 5745//202
f 5748//202 5739//202 749//202
f 5751//202 5748//202 749//202
f 749//202 5745//202 5444//202
f 5441//202 5537//202 919//202
f 919//202 5534//202 5754//202
f 919//202 5754//202 5758//202
f 5751//202 749//202 5444//202
f 5761//202 5751//202 5444//202
f 5441//202 919//202 5758//202
f 5441//202 5758//202 5764//202
f 5767//202 5761//202 5444//202
f 5770//202 5767//202 5444//202
f 5441//202 5764//202 5774//202
f 5441//202 5774//202 5777//202
f 5780//202 5770//202 5444//202
f 5783//202 5780//202 5444//202
f 5441//202 5777//202 5786//202
f 5441//202 5786//202 5789//202
f 5792//202 5783//202 5444//202
f 5795//202 5792//202 5444//202
f 5441//202 5789//202 5798//202
f 5441//202 5798//202 5801//202
f 5804//202 5795//202 5444//202
f 5807//202 5804//202 5444//202
f 5441//202 5801//202 5810//202
f 5441//202 5810//202 5813//202
f 5816//202 5807//202 5444//202
f 5819//202 5816//202 5444//202
f 5441//202 5813//202 5822//202
f 5441//202 5822//202 5825//202
f 5819//202 5444//202 5441//202
f 5828//202 5819//202 5441//202
f 5441//202 5825//202 5831//202
f 5441//202 5831//202 5834//202
f 5837//202 5828//202 5441//202
f 5840//202 5837//202 5441//202
f 5441//202 5834//202 5844//202
f 5441//202 5844//202 5847//202
f 5850//202 5840//202 5441//202
f 5853//202 5850//202 5441//202
f 5441//202 5847//202 5856//202
f 5441//202 5856//202 5859//202
f 5862//202 5853//202 5441//202
f 5441//202 5859//202 5865//202
f 5441//202 5865//202 5862//202
f 5868//202 5450//202 895//202
f 895//202 889//202 883//202
f 883//202 877//202 871//202
f 871//202 5546//202 5871//202
f 871//202 5871//202 5874//202
f 895//202 883//202 871//202
f 5877//202 5868//202 895//202
f 5880//202 5877//202 895//202
f 871//202 5874//202 5883//202
f 5886//202 5880//202 895//202
f 871//202 5883//202 5886//202
f 5886//202 895//202 871//202
f 3971//101 3921//101 3162//101
f 3971//101 3162//101 3170//101
f 3977//102 3972//102 3171//102
f 3977//102 3171//102 3173//102
f 3983//103 3978//103 3174//103
f 3983//103 3174//103 3182//103
f 3989//104 3984//104 3183//104
f 3989//104 3183//104 3274//104
f 3995//105 3990//105 3275//105
f 3995//105 3275//105 3280//105
f 4001//106 3996//106 3281//106
f 4001//106 3281//106 3286//106
f 4007//107 4002//107 3287//107
f 4007//107 3287//107 3292//107
f 4013//108 4008//108 3293//108
f 4013//108 3293//108 3304//108
f 4019//109 4014//109 3305//109
f 4019//109 3305//109 3310//109
f 4025//110 4020//110 3311//110
f 4025//110 3311//110 3316//110
f 4031//111 4026//111 3317//111
f 4031//111 3317//111 3322//111
f 4037//112 4032//112 3323//112
f 4037//112 3323//112 3328//112
f 4043//113 4038//113 3329//113
f 4043//113 3329//113 3340//113
f 4049//114 4044//114 3341//114
f 4049//114 3341//114 3346//114
f 4055//115 4050//115 3347//115
f 4055//115 3347//115 3352//115
f 4061//116 4056//116 3353//116
f 4061//116 3353//116 3358//116
f 4067//117 4062//117 3359//117
f 4067//117 3359//117 3364//117
f 4073//203 4068//203 3365//203
f 4073//203 3365//203 3377//203
f 4086//119 4074//119 3378//119
f 4086//119 3378//119 3383//119
f 4092//120 4087//120 3384//120
f 4092//120 3384//120 3395//120
f 4104//121 4093//121 3396//121
f 4104//121 3396//121 3401//121
f 4116//122 4105//122 3402//122
f 4116//122 3402//122 3420//122
f 4135//123 4117//123 3421//123
s 1
f 4135//123 3421//123 3438//123
s 0
f 4711//124 4136//124 3439//124
f 4711//124 3439//124 3516//124
f 2932//125 4309//125 4712//125
f 2932//125 4712//125 3517//125
f 2913//126 4290//126 4311//126
f 2912//127 4310//127 2933//127
f 2900//128 4272//128 4291//128
f 2900//128 4291//128 2914//128
f 2888//129 4266//129 4273//129
f 2888//129 4273//129 2901//129
f 2882//130 4254//130 4267//130
f 2882//130 4267//130 2889//130
f 2870//131 4247//131 4255//131
s 1
f 2870//131 4255//131 2883//131
s 0
f 2863//132 4241//132 4248//132
f 2864//204 4249//204 2871//204
f 2857//133 4235//133 4242//133
s 1
f 2857//133 4242//133 2865//133
s 0
f 2851//134 4229//134 4236//134
f 2851//134 4236//134 2858//134
f 2845//135 4223//135 4230//135
f 2845//135 4230//135 2852//135
f 2839//136 4217//136 4224//136
f 2839//136 4224//136 2846//136
f 2833//138 4211//138 4218//138
f 2833//138 4218//138 2840//138
s 1
f 2827//139 4205//139 4212//139
s 0
f 2827//139 4212//139 2834//139
f 2821//140 4199//140 4206//140
f 2821//140 4206//140 2828//140
f 2815//141 4193//141 4200//141
f 2815//141 4200//141 2822//141
f 2809//142 4187//142 4194//142
f 2809//142 4194//142 2816//142
f 2803//143 4181//143 4188//143
f 2803//143 4188//143 2810//143
f 2797//144 4175//144 4182//144
f 2797//144 4182//144 2804//144
f 2791//145 4169//145 4176//145
f 2791//145 4176//145 2798//145
f 2784//146 4162//146 4170//146
f 2784//146 4170//146 2792//146
f 2778//147 4156//147 4163//147
f 2778//147 4163//147 2785//147
f 2772//148 4150//148 4157//148
f 2772//148 4157//148 2779//148
f 2766//149 3538//149 4151//149
f 2766//149 4151//149 2773//149
f 2612//150 3541//150 3539//150
f 2612//150 3539//150 2767//150
f 2625//151 4326//151 3542//151
f 2625//151 3542//151 2613//151
f 2628//152 4332//152 4325//152
f 2628//152 4325//152 2624//152
f 2637//153 4338//153 4331//153
f 2637//153 4331//153 2627//153
f 2640//154 4344//154 4337//154
f 2640//154 4337//154 2636//154
f 2649//155 4351//155 4343//155
f 2649//155 4343//155 2639//155
f 2652//156 4357//156 4350//156
f 2652//156 4350//156 2648//156
f 2661//157 4363//157 4356//157
f 2661//157 4356//157 2651//157
f 2667//158 4369//158 4362//158
f 2667//158 4362//158 2660//158
f 2673//159 4375//159 4368//159
f 2673//159 4368//159 2666//159
f 2679//160 4381//160 4374//160
f 2679//160 4374//160 2672//160
f 2685//161 4387//161 4380//161
f 2685//161 4380//161 2678//161
f 2691//162 4393//162 4386//162
s 1
f 2691//162 4386//162 2684//162
s 0
f 2697//163 4399//163 4392//163
f 2697//163 4392//163 2690//163
f 2703//165 4405//165 4398//165
f 2703//165 4398//165 2696//165
f 2710//166 4408//166 4404//166
f 2710//166 4404//166 2702//166
f 2716//167 4997//167 4407//167
f 2716//167 4407//167 2709//167
s 1
f 2722//168 5005//168 4996//168
s 0
f 2722//168 4996//168 2715//168
f 1802//205 5011//205 5004//205
f 1801//169 5003//169 2721//169
s 1
f 1807//170 5017//170 5010//170
s 0
f 1807//170 5010//170 1800//170
f 1816//171 5023//171 5016//171
f 1816//171 5016//171 1806//171
f 1825//172 5030//172 5022//172
f 1825//172 5022//172 1815//172
f 1828//173 5037//173 5029//173
f 1828//173 5029//173 1824//173
f 1831//174 5043//174 5035//174
f 1832//175 5036//175 1827//175
f 1835//176 5049//176 5042//176
f 1835//176 5042//176 1830//176
f 1838//177 5055//177 5048//177
f 1838//177 5048//177 1834//177
f 1841//178 5061//178 5054//178
s 1
f 1841//178 5054//178 1837//178
s 0
f 1844//179 5067//179 5060//179
f 1844//179 5060//179 1840//179
f 1847//180 5073//180 5066//180
f 1847//180 5066//180 1843//180
f 1850//181 5085//181 5072//181
f 1850//181 5072//181 1846//181
f 1853//182 5092//182 5084//182
f 1853//182 5084//182 1849//182
f 1856//183 5098//183 5091//183
f 1856//183 5091//183 1852//183
f 1859//184 5104//184 5097//184
f 1859//184 5097//184 1855//184
f 1862//185 5110//185 5103//185
f 1862//185 5103//185 1858//185
f 1865//186 5123//186 5109//186
f 1865//186 5109//186 1861//186
f 1868//187 5126//187 5122//187
f 1868//187 5122//187 1864//187
f 1871//188 5120//188 5125//188
f 1871//188 5125//188 1867//188
f 1874//189 4991//189 5119//189
f 1874//189 5119//189 1870//189
f 1877//190 4985//190 4990//190
f 1877//190 4990//190 1873//190
f 1880//191 4979//191 4984//191
f 1880//191 4984//191 1876//191
f 1886//192 4973//192 4978//192
f 1886//192 4978//192 1879//192
f 1892//193 4967//193 4972//193
f 1892//193 4972//193 1885//193
f 1898//194 4961//194 4966//194
f 1898//194 4966//194 1891//194
f 1904//195 4955//195 4960//195
f 1904//195 4960//195 1897//195
f 1910//196 4949//196 4954//196
f 1910//196 4954//196 1903//196
f 1916//197 4943//197 4948//197
f 1916//197 4948//197 1909//197
f 1922//198 4937//198 4942//198
f 1922//198 4942//198 1915//198
f 1928//200 4931//200 4936//200
f 1928//200 4936//200 1921//200
f 1934//201 4922//201 4930//201
f 1934//201 4930//201 1927//201
f 1939//1 5131//1 4921//1
f 1939//1 4921//1 1933//1
f 1945//2 5137//2 5132//2
f 1945//2 5132//2 1940//2
f 1951//3 5143//3 5138//3
f 1951//3 5138//3 1946//3
f 1957//4 5149//4 5144//4
f 1957//4 5144//4 1952//4
f 1963//5 5155//5 5150//5
f 1963//5 5150//5 1958//5
f 1969//6 5161//6 5156//6
f 1969//6 5156//6 1964//6
f 1975//7 5167//7 5162//7
f 1975//7 5162//7 1970//7
f 1981//8 5173//8 5168//8
f 1981//8 5168//8 1976//8
f 1987//9 5179//9 5174//9
f 1987//9 5174//9 1982//9
f 1993//10 5185//10 5180//10
f 1993//10 5180//10 1988//10
f 1999//11 5191//11 5186//11
f 1999//11 5186//11 1994//11
f 2005//12 5197//12 5192//12
f 2005//12 5192//12 2000//12
f 2011//13 5203//13 5198//13
f 2011//13 5198//13 2006//13
f 2017//14 5209//14 5204//14
f 2017//14 5204//14 2012//14
f 2023//15 5215//15 5210//15
f 2023//15 5210//15 2018//15
f 2029//16 5221//16 5216//16
f 2029//16 5216//16 2024//16
f 2035//17 5227//17 5222//17
f 2035//17 5222//17 2030//17
f 2042//18 5234//18 5228//18
f 2042//18 5228//18 2036//18
f 2048//19 5246//19 5235//19
f 2048//19 5235//19 2043//19
f 2060//20 5252//20 5247//20
f 2060//20 5247//20 2049//20
f 2066//21 5264//21 5253//21
f 2066//21 5253//21 2061//21
f 2084//22 5276//22 5265//22
f 2084//22 5265//22 2067//22
s 1
f 2103//23 5295//23 5277//23
s 0
f 2103//23 5277//23 2085//23
f 2186//24 5645//24 5296//24
f 2186//24 5296//24 2104//24
f 5648//25 5646//25 2187//25
f 5648//25 2187//25 2195//25
f 5657//27 5649//27 2196//27
f 5658//26 2197//26 2199//26
f 5661//28 5659//28 2200//28
f 5661//28 2200//28 2208//28
f 5670//29 5662//29 2209//29
f 5670//29 2209//29 2211//29
f 5673//30 5671//30 2212//30
f 5673//30 2212//30 2220//30
s 1
f 5682//31 5674//31 2221//31
s 0
f 5682//31 2221//31 2223//31
f 5686//206 5683//206 2225//206
f 5685//32 2224//32 2233//32
s 1
f 5695//33 5687//33 2234//33
s 0
f 5695//33 2234//33 2239//33
f 5698//34 5696//34 2240//34
f 5698//34 2240//34 2245//34
f 5707//35 5699//35 2246//35
f 5707//35 2246//35 2251//35
f 5710//36 5708//36 2252//36
f 5710//36 2252//36 2257//36
f 5719//38 5711//38 2258//38
f 5719//38 2258//38 2263//38
f 5722//39 5720//39 2264//39
s 1
f 5722//39 2264//39 2269//39
s 0
f 5731//40 5723//40 2270//40
f 5731//40 2270//40 2275//40
f 5734//41 5732//41 2276//41
f 5734//41 2276//41 2281//41
f 5743//42 5735//42 2282//42
f 5743//42 2282//42 2287//42
f 5746//43 5744//43 2288//43
f 5746//43 2288//43 2293//43
f 5445//44 5747//44 2294//44
f 5445//44 2294//44 2299//44
f 5430//45 5446//45 2300//45
f 5430//45 2300//45 2305//45
f 5424//46 5431//46 2306//46
f 5424//46 2306//46 2311//46
f 5412//47 5425//47 2312//47
f 5412//47 2312//47 2318//47
f 5406//48 5413//48 2319//48
f 5406//48 2319//48 2324//48
f 5400//49 5407//49 2325//49
f 5400//49 2325//49 2330//49
f 5395//50 5401//50 2331//50
f 5395//50 2331//50 1287//50
f 5389//51 5394//51 1286//51
f 5389//51 1286//51 1284//51
f 5383//52 5388//52 1283//52
f 5383//52 1283//52 1278//52
f 5377//53 5382//53 1277//53
f 5377//53 1277//53 1272//53
f 5371//54 5376//54 1271//54
f 5371//54 1271//54 1266//54
f 5365//55 5370//55 1265//55
f 5365//55 1265//55 1260//55
f 5359//56 5364//56 1259//56
f 5359//56 1259//56 1254//56
f 5353//57 5358//57 1253//57
f 5353//57 1253//57 1242//57
f 5347//58 5352//58 1241//58
f 5347//58 1241//58 1236//58
f 5341//59 5346//59 1235//59
f 5341//59 1235//59 1223//59
f 5335//60 5340//60 1222//60
f 5335//60 1222//60 1217//60
f 5329//61 5334//61 1216//61
f 5329//61 1216//61 1211//61
s 1
f 5323//62 5328//62 1210//62
s 0
f 5323//62 1210//62 1205//62
f 5317//63 5322//63 1204//63
f 5317//63 1204//63 1198//63
f 5311//65 5316//65 1197//65
f 5311//65 1197//65 1192//65
f 3556//66 5310//66 1191//66
f 3556//66 1191//66 1186//66
f 3559//67 3555//67 1185//67
f 3559//67 1185//67 1180//67
f 3565//68 3558//68 1179//68
s 1
f 3565//68 1179//68 1174//68
s 0
f 3572//69 3564//69 1172//69
f 3573//207 1173//207 1170//207
f 3579//70 3571//70 1169//70
s 1
f 3579//70 1169//70 2948//70
s 0
f 3585//71 3578//71 2947//71
f 3585//71 2947//71 2954//71
f 3591//72 3584//72 2953//72
f 3591//72 2953//72 2960//72
f 3598//73 3590//73 2959//73
f 3598//73 2959//73 2967//73
f 3605//75 3597//75 2966//75
f 3604//74 2965//74 2973//74
f 3611//76 3603//76 2972//76
f 3611//76 2972//76 2979//76
f 3617//77 3610//77 2978//77
f 3617//77 2978//77 2986//77
s 1
f 3623//78 3616//78 2985//78
s 0
f 3623//78 2985//78 2992//78
f 3629//79 3622//79 2991//79
f 3629//79 2991//79 2998//79
f 3635//80 3628//80 2997//80
f 3635//80 2997//80 3004//80
f 3647//81 3634//81 3003//81
f 3647//81 3003//81 3011//81
f 3653//82 3646//82 3010//82
f 3653//82 3010//82 3017//82
f 3660//208 3652//208 3016//208
f 3660//208 3016//208 3023//208
f 3666//84 3659//84 3022//84
f 3666//84 3022//84 3029//84
f 3672//85 3665//85 3028//85
f 3672//85 3028//85 3035//85
f 3685//86 3671//86 3034//86
f 3685//86 3034//86 3041//86
f 3691//87 3684//87 3040//87
f 3691//87 3040//87 3047//87
f 3703//88 3690//88 3046//88
f 3703//88 3046//88 3053//88
f 3709//89 3702//89 3052//89
f 3709//89 3052//89 3059//89
f 3728//90 3708//90 3058//90
f 3728//90 3058//90 3072//90
f 3746//91 3727//91 3071//91
f 3746//91 3071//91 3090//91
f 3857//92 3745//92 3089//92
f 3857//92 3089//92 3117//92
f 3869//93 3856//93 3116//93
f 3869//93 3116//93 3123//93
f 3875//94 3868//94 3122//94
f 3875//94 3122//94 3126//94
f 3881//95 3874//95 3125//95
f 3881//95 3125//95 3135//95
f 3887//96 3880//96 3134//96
f 3887//96 3134//96 3138//96
f 3900//97 3886//97 3137//97
f 3900//97 3137//97 3147//97
f 3912//98 3899//98 3146//98
f 3912//98 3146//98 3150//98
f 3918//99 3911//99 3149//99
f 3918//99 3149//99 3159//99
f 3920//100 3917//100 3158//100
f 3920//100 3158//100 3161//100
f 4275//209 4270//209 2895//209
f 4275//209 2895//209 2897//209
f 4278//210 4276//210 2898//210
f 4278//210 2898//210 2903//210
f 4281//211 4279//211 2904//211
f 4281//211 2904//211 2906//211
f 4284//212 4282//212 2907//212
f 4284//212 2907//212 2909//212
f 4287//213 4285//213 2910//213
f 4287//213 2910//213 2916//213
f 4293//214 4288//214 2917//214
f 4294//215 2918//215 2920//215
f 4297//216 4295//216 2921//216
f 4297//216 2921//216 2923//216
f 4300//217 4298//217 2924//217
f 4300//217 2924//217 2926//217
f 4303//218 4301//218 2927//218
f 4303//218 2927//218 2929//218
f 4306//219 4304//219 2930//219
f 4306//219 2930//219 2935//219
s 1
f 4313//220 4307//220 2936//220
s 0
f 4313//220 2936//220 2938//220
f 4316//221 4314//221 2939//221
f 4316//221 2939//221 2941//221
f 2944//222 4319//222 4317//222
f 2944//222 4317//222 2942//222
f 3526//223 4714//223 4320//223
f 3526//223 4320//223 2945//223
f 3523//224 4708//224 4716//224
f 3522//225 4715//225 3527//225
f 3519//226 4702//226 4709//226
f 3519//226 4709//226 3524//226
f 3513//227 4699//227 4703//227
f 3513//227 4703//227 3520//227
f 3510//228 4690//228 4700//228
f 3510//228 4700//228 3514//228
f 3507//229 4687//229 4691//229
f 3507//229 4691//229 3511//229
f 3498//230 4678//230 4688//230
f 3498//230 4688//230 3508//230
f 3495//231 4675//231 4679//231
f 3495//231 4679//231 3499//231
f 3486//232 4669//232 4676//232
f 3486//232 4676//232 3496//232
f 3477//233 4666//233 4670//233
f 3477//233 4670//233 3487//233
f 3474//234 4657//234 4667//234
f 3474//234 4667//234 3478//234
f 3466//235 4652//235 4658//235
f 3466//235 4658//235 3475//235
f 3463//236 4649//236 4651//236
f 3463//236 4651//236 3465//236
f 3457//237 4640//237 4648//237
f 3457//237 4648//237 3462//237
f 3456//238 3454//238 4607//238
f 3456//238 4607//238 4639//238
f 2358//239 4589//239 4606//239
f 4606//239 3453//239 2360//239
f 4606//239 2360//239 2358//239
f 2363//240 4577//240 4588//240
f 2363//240 4588//240 2357//240
f 2372//241 4571//241 4576//241
f 2372//241 4576//241 2362//241
f 2381//242 4565//242 4570//242
f 2381//242 4570//242 2371//242
f 2390//243 4559//243 4564//243
f 2390//243 4564//243 2380//243
f 2393//244 4552//244 4557//244
f 2394//245 4558//245 2389//245
f 2403//246 4546//246 4551//246
f 2403//246 4551//246 2392//246
f 2406//247 4540//247 4545//247
f 2406//247 4545//247 2402//247
f 2415//248 4534//248 4539//248
f 2415//248 4539//248 2405//248
s 1
f 2418//249 4528//249 4533//249
s 0
f 2418//249 4533//249 2414//249
f 2424//250 4522//250 4527//250
f 2424//250 4527//250 2417//250
f 2427//251 4516//251 4521//251
f 2427//251 4521//251 2423//251
f 2436//252 4510//252 4515//252
f 2436//252 4515//252 2426//252
f 2439//253 4504//253 4509//253
f 2439//253 4509//253 2435//253
f 2449//254 4497//254 4502//254
f 2450//255 4503//255 2438//255
f 2453//256 4491//256 4496//256
f 2453//256 4496//256 2448//256
f 2462//257 4485//257 4490//257
f 2462//257 4490//257 2452//257
f 2465//258 4482//258 4484//258
f 2465//258 4484//258 2461//258
f 2474//259 4473//259 4481//259
f 2474//259 4481//259 2464//259
f 2477//260 4470//260 4472//260
f 2477//260 4472//260 2473//260
f 2485//261 4460//261 4469//261
f 2485//261 4469//261 2476//261
f 2488//262 4457//262 4461//262
f 2488//262 4461//262 2486//262
f 2497//263 4448//263 4458//263
f 2497//263 4458//263 2489//263
f 2500//264 4445//264 4449//264
f 2500//264 4449//264 2498//264
f 2509//265 4436//265 4446//265
f 2509//265 4446//265 2501//265
f 2512//266 4433//266 4437//266
f 2512//266 4437//266 2510//266
f 2521//267 4424//267 4434//267
f 2521//267 4434//267 2513//267
f 2524//268 4421//268 4425//268
f 2524//268 4425//268 2522//268
f 2533//269 4412//269 4422//269
f 2533//269 4422//269 2525//269
f 2536//270 4401//270 4413//270
f 2536//270 4413//270 2534//270
s 1
f 2545//271 4395//271 4402//271
f 2545//271 4402//271 2537//271
s 0
f 2548//272 4389//272 4396//272
f 2548//272 4396//272 2546//272
f 4383//273 4390//273 2549//273
f 4383//273 2549//273 2551//273
f 4377//274 4384//274 2552//274
f 4377//274 2552//274 2557//274
f 4371//275 4378//275 2558//275
f 4371//275 2558//275 2563//275
f 4365//276 4372//276 2564//276
f 4365//276 2564//276 2569//276
f 4359//277 4366//277 2570//277
f 4359//277 2570//277 2575//277
f 4353//278 4360//278 2576//278
f 4353//278 2576//278 2581//278
f 4347//279 4354//279 2583//279
f 4346//280 2582//280 2588//280
f 4340//281 4348//281 2589//281
f 4340//281 2589//281 2594//281
f 4334//282 4341//282 2595//282
f 4334//282 2595//282 2600//282
f 4328//283 4335//283 2601//283
f 4328//283 2601//283 2606//283
f 4322//284 4329//284 2607//284
f 4322//284 2607//284 2618//284
f 3545//285 4323//285 2619//285
f 3545//285 2619//285 2616//285
f 3548//286 3544//286 2615//286
f 3548//286 2615//286 2764//286
f 3533//287 3547//287 2763//287
f 3533//287 2763//287 2770//287
f 3536//288 3532//288 2769//288
f 3536//288 2769//288 2776//288
f 4154//289 3535//289 2775//289
f 4154//289 2775//289 2782//289
f 4160//290 4153//290 2781//290
f 4160//290 2781//290 2789//290
f 4166//291 4159//291 2787//291
f 4167//292 2788//292 2795//292
f 4173//293 4165//293 2794//293
f 4173//293 2794//293 2801//293
f 4179//294 4172//294 2800//294
f 4179//294 2800//294 2807//294
f 4185//295 4178//295 2806//295
f 4185//295 2806//295 2813//295
f 4191//296 4184//296 2812//296
f 4191//296 2812//296 2819//296
f 4197//297 4190//297 2818//297
f 4197//297 2818//297 2825//297
f 4203//298 4196//298 2824//298
f 4203//298 2824//298 2831//298
f 4209//299 4202//299 2830//299
f 4209//299 2830//299 2837//299
s 1
f 4215//300 4208//300 2836//300
f 4215//300 2836//300 2843//300
s 0
f 4221//301 4214//301 2842//301
f 4221//301 2842//301 2849//301
f 4227//302 4220//302 2848//302
f 4227//302 2848//302 2855//302
f 4233//303 4226//303 2854//303
f 4233//303 2854//303 2861//303
f 4239//304 4232//304 2860//304
f 4239//304 2860//304 2868//304
f 4245//305 4238//305 2867//305
f 4245//305 2867//305 2874//305
f 4252//306 4244//306 2873//306
f 4252//306 2873//306 2877//306
f 4258//307 4251//307 2876//307
f 4258//307 2876//307 2880//307
f 4261//308 4257//308 2879//308
f 4261//308 2879//308 2886//308
f 4264//309 4260//309 2885//309
f 4264//309 2885//309 2892//309
f 4269//310 4263//310 2891//310
f 4269//310 2891//310 2894//310
f 4645//209 4643//209 2752//209
f 4645//209 2752//209 3450//209
f 4654//210 4646//210 3451//210
f 4654//210 3451//210 3459//210
f 4660//211 4655//211 3460//211
f 4660//211 3460//211 3468//211
f 4663//212 4661//212 3469//212
f 4663//212 3469//212 3471//212
f 4672//213 4664//213 3472//213
f 4672//213 3472//213 3480//213
f 4681//215 4673//215 3481//215
f 4681//215 3481//215 3483//215
f 4684//216 4682//216 3484//216
f 4684//216 3484//216 3489//216
f 4693//217 4685//217 3490//217
f 4693//217 3490//217 3492//217
f 4696//218 4694//218 3493//218
f 4696//218 3493//218 3501//218
f 4705//219 4697//219 3502//219
f 4705//219 3502//219 3504//219
f 4147//220 4706//220 3505//220
f 4147//220 3505//220 3447//220
f 4144//221 4148//221 3448//221
f 4144//221 3448//221 3444//221
f 3441//222 4141//222 4145//222
f 3441//222 4145//222 3445//222
f 3435//223 4138//223 4142//223
f 3435//223 4142//223 3442//223
f 3432//225 4132//225 4139//225
f 3432//225 4139//225 3436//225
s 1
f 3429//226 4129//226 4133//226
s 0
f 3429//226 4133//226 3433//226
f 3426//227 4126//227 4130//227
f 3426//227 4130//227 3430//227
f 3423//228 4122//228 4127//228
f 3423//228 4127//228 3427//228
f 3417//229 4119//229 4124//229
f 3416//311 4123//311 3424//311
f 3413//230 4113//230 4120//230
f 3413//230 4120//230 3418//230
f 3410//231 4110//231 4114//231
f 3410//231 4114//231 3414//231
f 3407//232 4107//232 4111//232
f 3407//232 4111//232 3411//232
f 3404//233 4101//233 4108//233
f 3404//233 4108//233 3408//233
f 3398//234 4098//234 4102//234
f 3398//234 4102//234 3405//234
f 3393//235 4096//235 4099//235
f 3393//235 4099//235 3399//235
f 3390//236 4090//236 4095//236
f 3390//236 4095//236 3392//236
f 3387//237 4084//237 4089//237
f 3387//237 4089//237 3389//237
f 3381//238 4081//238 4083//238
f 3381//238 4083//238 3386//238
f 3375//239 4078//239 4080//239
f 3375//239 4080//239 3380//239
f 3371//312 4071//312 4076//312
f 3372//240 4077//240 3374//240
f 3368//241 4065//241 4070//241
f 3368//241 4070//241 3370//241
f 3362//242 4059//242 4064//242
f 3362//242 4064//242 3367//242
f 3356//243 4053//243 4058//243
s 1
f 3356//243 4058//243 3361//243
s 0
f 3350//244 4047//244 4052//244
f 3350//244 4052//244 3355//244
f 3344//246 4041//246 4046//246
f 3344//246 4046//246 3349//246
f 3338//247 4035//247 4040//247
f 3338//247 4040//247 3343//247
f 3335//248 4029//248 4034//248
f 3335//248 4034//248 3337//248
f 3332//249 4023//249 4028//249
f 3332//249 4028//249 3334//249
f 3326//250 4017//250 4022//250
f 3326//250 4022//250 3331//250
f 3320//251 4011//251 4016//251
f 3320//251 4016//251 3325//251
f 3314//252 4005//252 4010//252
f 3314//252 4010//252 3319//252
f 3308//253 3999//253 4004//253
f 3308//253 4004//253 3313//253
f 3302//255 3993//255 3998//255
f 3302//255 3998//255 3307//255
f 3299//256 3987//256 3992//256
f 3299//256 3992//256 3301//256
f 3296//257 3981//257 3986//257
f 3296//257 3986//257 3298//257
f 3290//258 3975//258 3980//258
f 3290//258 3980//258 3295//258
f 3284//259 3969//259 3974//259
f 3284//259 3974//259 3289//259
f 3278//260 3924//260 3968//260
f 3278//260 3968//260 3283//260
f 3271//261 3932//261 3923//261
f 3271//261 3923//261 3277//261
f 3268//262 3941//262 3933//262
f 3268//262 3933//262 3272//262
f 3265//263 3944//263 3942//263
f 3265//263 3942//263 3269//263
f 3262//264 3953//264 3945//264
f 3262//264 3945//264 3266//264
f 3259//265 3956//265 3954//265
f 3259//265 3954//265 3263//265
f 3256//266 3965//266 3957//266
f 3256//266 3957//266 3260//266
f 3253//267 3962//267 3966//267
f 3253//267 3966//267 3257//267
f 3250//268 3959//268 3963//268
f 3250//268 3963//268 3254//268
f 3247//269 3950//269 3960//269
f 3247//269 3960//269 3251//269
f 3244//270 3947//270 3951//270
f 3244//270 3951//270 3248//270
f 3241//271 3938//271 3948//271
f 3241//271 3948//271 3245//271
f 3238//272 3935//272 3939//272
f 3238//272 3939//272 3242//272
f 3929//273 3936//273 3239//273
f 3929//273 3239//273 3235//273
f 3926//274 3930//274 3236//274
f 3926//274 3236//274 3232//274
f 3914//275 3927//275 3233//275
f 3914//275 3233//275 3229//275
f 3908//276 3915//276 3230//276
s 1
f 3908//276 3230//276 3226//276
s 0
f 3905//277 3909//277 3227//277
f 3905//277 3227//277 3223//277
f 3902//278 3906//278 3224//278
f 3902//278 3224//278 3219//278
f 3895//280 3903//280 3220//280
f 3896//279 3221//279 3216//279
f 3892//281 3897//281 3217//281
f 3892//281 3217//281 3213//281
f 3889//282 3893//282 3214//282
f 3889//282 3214//282 3210//282
f 3883//283 3890//283 3211//283
f 3883//283 3211//283 3207//283
f 3877//284 3884//284 3208//284
f 3877//284 3208//284 3204//284
f 3872//285 3878//285 3205//285
f 3872//285 3205//285 3202//285
f 3866//286 3871//286 3201//286
f 3866//286 3201//286 3199//286
f 3863//287 3865//287 3198//287
f 3863//287 3198//287 3196//287
f 3860//288 3862//288 3195//288
f 3860//288 3195//288 3193//288
f 3854//289 3859//289 3192//289
f 3854//289 3192//289 3190//289
f 3851//290 3853//290 3189//290
f 3851//290 3189//290 3187//290
f 3845//292 3850//292 3186//292
f 3844//291 3185//291 3180//291
f 3841//293 3843//293 3179//293
f 3841//293 3179//293 3177//293
f 3832//294 3840//294 3176//294
f 3832//294 3176//294 3168//294
s 1
f 3829//295 3831//295 3167//295
s 0
f 3829//295 3167//295 3165//295
f 3820//296 3828//296 3164//296
f 3820//296 3164//296 3156//296
f 3817//297 3819//297 3155//297
f 3817//297 3155//297 3153//297
f 3808//298 3816//298 3152//298
f 3808//298 3152//298 3144//298
f 3805//299 3807//299 3143//299
f 3805//299 3143//299 3141//299
f 3796//300 3804//300 3140//300
f 3796//300 3140//300 3132//300
f 3790//301 3795//301 3131//301
f 3790//301 3131//301 3129//301
f 3787//302 3789//302 3128//302
f 3787//302 3128//302 3120//302
f 3778//303 3786//303 3119//303
f 3778//303 3119//303 3114//303
f 3769//304 3777//304 3113//304
f 3769//304 3113//304 3111//304
f 3764//305 3768//305 3110//305
f 3764//305 3110//305 3108//305
f 3766//306 3763//306 3107//306
f 2746//306 2744//306 4628//306
f 3766//306 3107//306 2746//306
f 3766//306 2746//306 4628//306
f 4631//307 4627//307 2743//307
f 4631//307 2743//307 2758//307
f 4634//308 4630//308 2757//308
f 4634//308 2757//308 2761//308
f 4637//309 4633//309 2760//309
f 4637//309 2760//309 2755//309
f 4642//310 4636//310 2754//310
f 4642//310 2754//310 2751//310
f 3733//209 3737//209 3084//209
f 3733//209 3084//209 3080//209
f 3730//210 3734//210 3081//210
f 3730//210 3081//210 3077//210
f 3724//211 3731//211 3078//211
f 3724//211 3078//211 3074//211
f 3721//212 3725//212 3075//212
f 3721//212 3075//212 3068//212
f 3718//213 3722//213 3069//213
f 3718//213 3069//213 3064//213
f 3714//214 3719//214 3065//214
f 3715//215 3066//215 3061//215
f 3711//216 3716//216 3062//216
f 3711//216 3062//216 3055//216
f 3705//217 3712//217 3056//217
f 3705//217 3056//217 3049//217
f 3699//218 3706//218 3050//218
f 3699//218 3050//218 3043//218
f 3696//219 3700//219 3044//219
f 3696//219 3044//219 3037//219
f 3693//220 3697//220 3038//220
f 3693//220 3038//220 3031//220
f 3687//221 3694//221 3032//221
f 3687//221 3032//221 3025//221
f 3019//222 3681//222 3688//222
f 3019//222 3688//222 3026//222
f 3013//223 3677//223 3682//223
f 3013//223 3682//223 3020//223
f 3007//224 3674//224 3679//224
f 3006//225 3678//225 3014//225
f 3000//226 3668//226 3675//226
f 3000//226 3675//226 3008//226
f 2994//227 3662//227 3669//227
f 2994//227 3669//227 3001//227
f 2988//228 3655//228 3663//228
f 2988//228 3663//228 2995//228
f 2981//311 3649//311 3656//311
f 2982//229 3657//229 2989//229
f 2975//230 3643//230 3650//230
f 2975//230 3650//230 2983//230
f 2969//231 3640//231 3644//231
f 2969//231 3644//231 2976//231
f 2962//232 3637//232 3641//232
f 2962//232 3641//232 2970//232
f 2956//233 3631//233 3638//233
f 2956//233 3638//233 2963//233
f 2950//234 3625//234 3632//234
f 2950//234 3632//234 2957//234
f 1165//235 3620//235 3626//235
f 3626//235 2951//235 1167//235
f 3626//235 1167//235 1165//235
f 1177//236 3614//236 3619//236
f 1177//236 3619//236 1164//236
f 1183//237 3608//237 3613//237
f 1183//237 3613//237 1176//237
f 1189//238 3601//238 3607//238
f 1189//238 3607//238 1182//238
f 1195//239 3595//239 3600//239
f 1195//239 3600//239 1188//239
f 1202//240 3588//240 3594//240
f 1201//312 3593//312 1194//312
f 1208//241 3582//241 3587//241
f 1208//241 3587//241 1200//241
f 1214//242 3576//242 3581//242
f 1214//242 3581//242 1207//242
f 1220//243 3569//243 3575//243
f 1220//243 3575//243 1213//243
f 1226//244 3562//244 3567//244
f 1227//245 3568//245 1219//245
f 1230//246 3551//246 3561//246
f 1230//246 3561//246 1225//246
f 3553//247 3550//247 1229//247
f 1229//247 1233//247 5314//247
f 3553//247 1229//247 5314//247
f 1239//248 5320//248 5313//248
f 1239//248 5313//248 1232//248
f 1245//249 5326//249 5319//249
f 1245//249 5319//249 1238//249
f 1248//250 5332//250 5325//250
f 1248//250 5325//250 1244//250
f 1251//251 5338//251 5331//251
f 1251//251 5331//251 1247//251
f 1257//252 5344//252 5337//252
f 1257//252 5337//252 1250//252
f 1263//253 5350//253 5343//253
f 1263//253 5343//253 1256//253
f 1269//254 5356//254 5349//254
f 1269//254 5349//254 1262//254
f 1275//256 5362//256 5355//256
f 1275//256 5355//256 1268//256
f 1281//257 5368//257 5361//257
f 1281//257 5361//257 1274//257
f 1292//258 5374//258 5367//258
f 1292//258 5367//258 1280//258
f 1301//259 5380//259 5373//259
f 1301//259 5373//259 1291//259
f 1304//260 5386//260 5379//260
f 1304//260 5379//260 1300//260
f 1312//261 5391//261 5385//261
f 1312//261 5385//261 1303//261
f 1315//262 5397//262 5392//262
f 1315//262 5392//262 1313//262
f 1325//263 5403//263 5398//263
f 1325//263 5398//263 1316//263
f 1328//264 5409//264 5404//264
f 1328//264 5404//264 1326//264
f 1337//265 5415//265 5410//265
f 1337//265 5410//265 1329//265
f 1340//313 5418//313 5416//313
f 1340//313 5416//313 1338//313
s 1
f 1349//267 5421//267 5419//267
f 1349//267 5419//267 1341//267
s 0
f 1352//268 5427//268 5422//268
f 1352//268 5422//268 1350//268
f 1361//269 5433//269 5428//269
f 1361//269 5428//269 1353//269
f 1364//270 5436//270 5434//270
f 1364//270 5434//270 1362//270
f 1367//271 5439//271 5437//271
f 1367//271 5437//271 1365//271
f 1373//272 5442//272 5440//272
f 1373//272 5440//272 1368//272
f 5538//273 5443//273 1374//273
f 5538//273 1374//273 1379//273
f 5529//274 5539//274 1380//274
s 1
f 5529//274 1380//274 1385//274
s 0
f 5526//275 5530//275 1386//275
f 5526//275 1386//275 1391//275
f 5517//276 5527//276 1392//276
f 5517//276 1392//276 1397//276
f 5514//277 5518//277 1398//277
f 5514//277 1398//277 1403//277
f 5505//278 5515//278 1404//278
f 5505//278 1404//278 1409//278
f 5502//279 5506//279 1410//279
f 5502//279 1410//279 1415//279
f 5493//281 5503//281 1416//281
f 5493//281 1416//281 1421//281
f 5490//282 5494//282 1422//282
f 5490//282 1422//282 1427//282
f 5480//283 5491//283 1428//283
f 5480//283 1428//283 1433//283
f 5477//284 5481//284 1434//284
f 5477//284 1434//284 1439//284
f 5469//285 5478//285 1440//285
f 5469//285 1440//285 1446//285
f 5463//286 5468//286 1445//286
f 5463//286 1445//286 1452//286
f 5460//287 5462//287 1451//287
f 5460//287 1451//287 1464//287
f 5449//288 5459//288 1463//288
f 5449//288 1463//288 1484//288
s 1
f 3758//314 5448//314 1483//314
s 0
f 1482//289 1502//289 3761//289
f 3757//289 1482//289 3761//289
f 3772//290 3760//290 1501//290
f 3772//290 1501//290 1600//290
f 3775//292 3771//292 1599//292
f 3775//292 1599//292 1594//292
f 3781//293 3774//293 1593//293
f 3781//293 1593//293 1591//293
f 3784//294 3780//294 1590//294
f 3784//294 1590//294 1582//294
f 3793//295 3783//295 1581//295
f 3793//295 1581//295 1576//295
f 3799//296 3792//296 1575//296
f 3799//296 1575//296 1573//296
s 1
f 3802//297 3798//297 1572//297
s 0
f 3802//297 1572//297 1564//297
f 3811//298 3801//298 1563//298
f 3811//298 1563//298 1561//298
f 3814//299 3810//299 1560//299
f 3814//299 1560//299 1552//299
f 3823//300 3813//300 1551//300
f 3823//300 1551//300 1549//300
f 3826//301 3822//301 1548//301
f 3826//301 1548//301 1540//301
f 3835//302 3825//302 1539//302
f 3835//302 1539//302 1537//302
f 3838//303 3834//303 1536//303
f 3838//303 1536//303 1526//303
f 3848//304 3837//304 1525//304
f 1523//304 3105//304 3848//304
f 1525//304 1523//304 3848//304
f 3755//305 3847//305 3104//305
f 3755//305 3104//305 3102//305
f 3752//306 3754//306 3101//306
f 3752//306 3101//306 3099//306
f 3749//307 3751//307 3098//307
f 3749//307 3098//307 3096//307
f 3743//308 3748//308 3095//308
f 3743//308 3095//308 3093//308
f 3740//309 3742//309 3092//309
f 3740//309 3092//309 3087//309
f 3736//310 3739//310 3086//310
f 3736//310 3086//310 3083//310
f 5790//209 5788//209 1443//209
f 5790//209 1443//209 1436//209
f 5799//210 5791//210 1437//210
f 5799//210 1437//210 1430//210
f 5802//211 5800//211 1431//211
f 5802//211 1431//211 1424//211
f 5811//212 5803//212 1425//212
f 5811//212 1425//212 1418//212
f 5814//213 5812//213 1419//213
f 5814//213 1419//213 1412//213
f 5823//215 5815//215 1413//215
f 5823//215 1413//215 1406//215
f 5826//216 5824//216 1407//216
f 5826//216 1407//216 1400//216
f 5832//217 5827//217 1401//217
f 5832//217 1401//217 1394//217
f 5835//218 5833//218 1395//218
f 5835//218 1395//218 1388//218
f 5845//219 5836//219 1389//219
f 5845//219 1389//219 1382//219
s 1
f 5848//220 5846//220 1383//220
f 5848//220 1383//220 1376//220
s 0
f 5857//221 5849//221 1377//221
f 5857//221 1377//221 1370//221
f 1358//222 5860//222 5858//222
f 1358//222 5858//222 1371//222
f 1355//223 5866//223 5861//223
f 1355//223 5861//223 1359//223
f 1346//225 5863//225 5867//225
f 1346//225 5867//225 1356//225
f 1343//226 5854//226 5864//226
f 1343//226 5864//226 1347//226
f 1334//227 5851//227 5855//227
f 1334//227 5855//227 1344//227
f 1331//228 5841//228 5852//228
f 1331//228 5852//228 1335//228
f 1321//311 5838//311 5842//311
f 1322//229 5843//229 1332//229
f 1318//230 5829//230 5839//230
f 1318//230 5839//230 1323//230
f 1309//231 5820//231 5830//231
f 1309//231 5830//231 1319//231
f 1306//232 5817//232 5821//232
f 1306//232 5821//232 1310//232
f 1297//233 5808//233 5818//233
f 1297//233 5818//233 1307//233
f 1294//234 5805//234 5809//234
f 1294//234 5809//234 1298//234
f 5797//235 5806//235 1295//235
f 1289//235 2337//235 5797//235
f 1295//235 1289//235 5797//235
f 2336//236 2340//236 5794//236
f 2336//236 5794//236 5796//236
f 2334//237 5785//237 5793//237
f 2334//237 5793//237 2339//237
f 2328//238 5782//238 5784//238
f 2328//238 5784//238 2333//238
f 2322//239 5773//239 5781//239
f 2322//239 5781//239 2327//239
f 2316//240 5769//240 5772//240
f 2315//312 5771//312 2321//312
f 2309//241 5763//241 5768//241
f 2309//241 5768//241 2314//241
f 2303//242 5753//242 5762//242
f 2303//242 5762//242 2308//242
f 2297//243 5750//243 5752//243
f 2297//243 5752//243 2302//243
f 2291//244 5741//244 5749//244
f 2291//244 5749//244 2296//244
f 2285//246 5738//246 5740//246
f 2285//246 5740//246 2290//246
f 2279//247 5729//247 5737//247
f 2279//247 5737//247 2284//247
f 2273//248 5726//248 5728//248
f 2273//248 5728//248 2278//248
s 1
f 2267//249 5717//249 5725//249
f 2267//249 5725//249 2272//249
s 0
f 2261//250 5714//250 5716//250
f 2261//250 5716//250 2266//250
f 2255//251 5705//251 5713//251
f 2255//251 5713//251 2260//251
f 2249//252 5702//252 5704//252
f 2249//252 5704//252 2254//252
f 2243//253 5693//253 5701//253
f 2243//253 5701//253 2248//253
f 2237//255 5690//255 5692//255
f 2237//255 5692//255 2242//255
f 2231//256 5680//256 5689//256
f 2231//256 5689//256 2236//256
f 2228//257 5677//257 5679//257
f 2228//257 5679//257 2230//257
f 2218//258 5668//258 5676//258
f 2218//258 5676//258 2227//258
f 2215//259 5665//259 5667//259
f 2215//259 5667//259 2217//259
f 2206//260 5655//260 5664//260
f 2206//260 5664//260 2214//260
f 2202//261 5651//261 5654//261
f 2202//261 5654//261 2205//261
f 2192//262 5642//262 5652//262
f 2192//262 5652//262 2203//262
f 2189//263 5639//263 5643//263
f 2189//263 5643//263 2193//263
f 2183//264 5636//264 5640//264
f 2183//264 5640//264 2190//264
f 2180//265 5632//265 5637//265
f 2180//265 5637//265 2184//265
f 2174//266 5623//266 5634//266
f 2173//313 5633//313 2181//313
f 2170//267 5620//267 5624//267
f 2170//267 5624//267 2175//267
f 2161//268 5614//268 5621//268
f 2161//268 5621//268 2171//268
f 2158//269 5611//269 5615//269
f 2158//269 5615//269 2162//269
f 2149//270 5602//270 5612//270
f 2149//270 5612//270 2159//270
f 2140//271 5599//271 5603//271
s 1
f 2140//271 5603//271 2150//271
s 0
f 2137//272 5590//272 5600//272
f 2137//272 5600//272 2141//272
f 5587//273 5591//273 2138//273
f 5587//273 2138//273 2131//273
f 5578//274 5588//274 2132//274
f 5578//274 2132//274 2124//274
f 5574//275 5579//275 2125//275
f 5575//315 2126//315 2121//315
f 1528//276 5568//276 5576//276
f 5576//276 2122//276 1531//276
f 5576//276 1531//276 1528//276
f 5559//277 5569//277 1529//277
f 5559//277 1529//277 1533//277
f 5550//278 5560//278 1534//278
f 5550//278 1534//278 1542//278
f 5544//279 5551//279 1543//279
f 5544//279 1543//279 1545//279
f 5547//281 5545//281 1546//281
f 5547//281 1546//281 1554//281
f 5872//282 5548//282 1555//282
f 5872//282 1555//282 1557//282
f 5875//283 5873//283 1558//283
f 5875//283 1558//283 1566//283
f 5884//284 5876//284 1567//284
f 5884//284 1567//284 1569//284
f 5888//285 5885//285 1570//285
f 5888//285 1570//285 1579//285
f 5882//286 5887//286 1578//286
f 5882//286 1578//286 1585//286
f 5879//287 5881//287 1584//287
f 5879//287 1584//287 1588//287
f 5870//288 5878//288 1587//288
f 5870//288 1587//288 1597//288
f 5451//289 5869//289 1596//289
f 1596//289 1521//289 5454//289
f 5451//289 1596//289 5454//289
f 5457//290 5453//290 1520//290
f 5457//290 1520//290 1518//290
f 5466//292 5456//292 1517//292
f 5466//292 1517//292 1515//292
f 5472//293 5465//293 1514//293
f 5472//293 1514//293 1512//293
f 5475//294 5471//294 1511//294
f 5475//294 1511//294 1509//294
f 5484//295 5474//295 1508//295
f 5484//295 1508//295 1506//295
f 5488//316 5483//316 1505//316
f 5487//296 1504//296 1499//296
f 5497//297 5486//297 1498//297
f 5497//297 1498//297 1496//297
f 5500//298 5496//298 1495//298
f 5500//298 1495//298 1493//298
f 5509//299 5499//299 1492//299
f 5509//299 1492//299 1490//299
f 5512//300 5508//300 1489//300
s 1
f 5512//300 1489//300 1487//300
s 0
f 5521//301 5511//301 1486//301
f 5521//301 1486//301 1480//301
f 5524//302 5520//302 1479//302
f 5524//302 1479//302 1477//302
f 5533//303 5523//303 1476//303
f 5533//303 1476//303 1474//303
f 5536//304 5532//304 1473//304
f 5536//304 1473//304 1471//304
f 5757//305 5535//305 1470//305
f 5756//317 1469//317 1467//317
f 5760//306 5755//306 1466//306
f 5760//306 1466//306 1461//306
f 5766//307 5759//307 1460//307
f 5766//307 1460//307 1458//307
f 5776//308 5765//308 1457//308
f 5776//308 1457//308 1455//308
f 5779//309 5775//309 1454//309
f 5779//309 1454//309 1449//309
f 5787//310 5778//310 1448//310
f 5787//310 1448//310 1442//310
f 4927//209 4925//209 1925//209
f 4927//209 1925//209 1918//209
f 4933//210 4928//210 1919//210
f 4933//210 1919//210 1912//210
f 4939//211 4934//211 1913//211
f 4939//211 1913//211 1906//211
f 4945//212 4940//212 1907//212
f 4945//212 1907//212 1900//212
f 4951//213 4946//213 1901//213
f 4951//213 1901//213 1894//213
f 4957//215 4952//215 1895//215
f 4957//215 1895//215 1888//215
f 4963//216 4958//216 1889//216
f 4963//216 1889//216 1882//216
f 4969//217 4964//217 1883//217
f 4969//217 1883//217 1821//217
f 4975//218 4970//218 1822//218
f 4975//218 1822//218 1818//218
f 4981//219 4976//219 1819//219
f 4981//219 1819//219 1812//219
f 4987//220 4982//220 1813//220
f 4987//220 1813//220 1809//220
f 4912//221 4988//221 1810//221
f 4912//221 1810//221 1794//221
f 1791//222 4906//222 4913//222
f 1791//222 4913//222 1795//222
f 1782//223 4900//223 4907//223
f 1782//223 4907//223 1792//223
f 1779//225 4894//225 4901//225
f 1779//225 4901//225 1783//225
s 1
f 1770//226 4888//226 4895//226
s 0
f 1770//226 4895//226 1780//226
f 1767//227 4882//227 4889//227
f 1767//227 4889//227 1771//227
f 1757//228 4878//228 4883//228
f 1757//228 4883//228 1768//228
f 1754//229 4875//229 4880//229
f 1753//311 4879//311 1758//311
f 1744//230 4865//230 4876//230
f 1744//230 4876//230 1755//230
f 1741//231 4862//231 4866//231
f 1741//231 4866//231 1745//231
f 1731//232 4853//232 4863//232
f 1731//232 4863//232 1742//232
f 1728//233 4850//233 4854//233
f 1728//233 4854//233 1732//233
f 1719//234 4841//234 4851//234
f 1719//234 4851//234 1729//234
f 1717//235 4839//235 4842//235
f 1717//235 4842//235 1720//235
f 1708//236 4830//236 4838//236
f 1708//236 4838//236 1716//236
f 1705//237 4827//237 4829//237
f 1705//237 4829//237 1707//237
f 1696//238 4818//238 4826//238
f 1696//238 4826//238 1704//238
f 1693//239 4815//239 4817//239
f 1693//239 4817//239 1695//239
f 1682//312 4805//312 4813//312
f 1683//240 4814//240 1692//240
f 1679//241 4802//241 4804//241
f 1679//241 4804//241 1681//241
f 1670//242 4793//242 4801//242
f 1670//242 4801//242 1678//242
f 1669//243 1667//243 4790//243
s 1
f 1669//243 4790//243 4792//243
s 0
f 1658//244 4781//244 4789//244
f 1658//244 4789//244 1666//244
f 1655//246 4778//246 4780//246
f 1655//246 4780//246 1657//246
f 1646//247 4769//247 4777//247
f 1646//247 4777//247 1654//247
f 1643//248 4766//248 4768//248
f 1643//248 4768//248 1645//248
f 1634//249 4757//249 4765//249
f 1634//249 4765//249 1642//249
f 1631//250 4751//250 4756//250
f 1631//250 4756//250 1633//250
f 1625//251 4748//251 4750//251
f 1625//251 4750//251 1630//251
f 1619//252 4739//252 4747//252
f 1619//252 4747//252 1624//252
f 1616//253 4730//253 4738//253
f 1616//253 4738//253 1618//253
f 1605//255 4725//255 4729//255
f 1605//255 4729//255 1615//255
f 2343//256 5542//256 4727//256
f 4727//256 4724//256 1604//256
f 1602//256 2343//256 4727//256
f 4727//256 1604//256 1602//256
f 2342//257 2349//257 5554//257
f 2342//257 5554//257 5541//257
f 2352//258 5557//258 5553//258
f 2352//258 5553//258 2348//258
f 2346//259 5563//259 5556//259
f 2346//259 5556//259 2351//259
f 2119//260 5566//260 5562//260
f 2119//260 5562//260 2345//260
f 2115//261 5571//261 5565//261
f 2115//261 5565//261 2118//261
f 2128//262 5581//262 5572//262
f 2128//262 5572//262 2116//262
f 2134//263 5584//263 5582//263
f 2134//263 5582//263 2129//263
f 2143//264 5593//264 5585//264
f 2143//264 5585//264 2135//264
f 2146//265 5596//265 5594//265
f 2146//265 5594//265 2144//265
f 2152//266 5605//266 5597//266
f 2152//266 5597//266 2147//266
f 2155//267 5608//267 5606//267
f 2155//267 5606//267 2153//267
f 2164//268 5617//268 5609//268
f 2164//268 5609//268 2156//268
f 2167//269 5626//269 5618//269
f 2167//269 5618//269 2165//269
f 2177//270 5629//270 5627//270
f 2177//270 5627//270 2168//270
f 2112//271 5307//271 5630//271
f 2112//271 5630//271 2178//271
f 2109//272 5304//272 5308//272
f 2109//272 5308//272 2113//272
f 5301//273 5305//273 2110//273
f 5301//273 2110//273 2106//273
f 5298//274 5302//274 2107//274
f 5298//274 2107//274 2100//274
f 5292//275 5299//275 2101//275
f 5292//275 2101//275 2097//275
f 5289//276 5293//276 2098//276
s 1
f 5289//276 2098//276 2094//276
s 0
f 5286//277 5290//277 2095//277
f 5286//277 2095//277 2091//277
f 5283//278 5287//278 2092//278
f 5283//278 2092//278 2087//278
f 5279//280 5284//280 2088//280
f 5280//279 2089//279 2081//279
f 5273//281 5281//281 2082//281
f 5273//281 2082//281 2078//281
f 5270//282 5274//282 2079//282
f 5270//282 2079//282 2075//282
f 5267//283 5271//283 2076//283
f 5267//283 2076//283 2072//283
f 5261//284 5268//284 2073//284
f 5261//284 2073//284 2069//284
f 5259//285 5262//285 2070//285
f 5259//285 2070//285 2064//285
f 5256//286 5258//286 2063//286
f 5256//286 2063//286 2058//286
f 5250//287 5255//287 2057//287
f 5250//287 2057//287 2055//287
f 5244//288 5249//288 2054//288
f 5244//288 2054//288 2052//288
f 5241//289 5243//289 2051//289
f 5241//289 2051//289 2046//289
f 5238//290 5240//290 2045//290
f 5238//290 2045//290 2040//290
f 5232//292 5237//292 2039//292
f 5231//291 2038//291 2033//291
f 5225//293 5230//293 2032//293
f 5225//293 2032//293 2027//293
f 5219//294 5224//294 2026//294
f 5219//294 2026//294 2021//294
s 1
f 5213//295 5218//295 2020//295
s 0
f 5213//295 2020//295 2015//295
f 5207//296 5212//296 2014//296
f 5207//296 2014//296 2009//296
f 5201//297 5206//297 2008//297
f 5201//297 2008//297 2003//297
f 5195//298 5200//298 2002//298
f 5195//298 2002//298 1997//298
f 5189//299 5194//299 1996//299
f 5189//299 1996//299 1991//299
f 5183//300 5188//300 1990//300
f 5183//300 1990//300 1985//300
f 5177//301 5182//301 1984//301
f 5177//301 1984//301 1979//301
f 5171//302 5176//302 1978//302
f 5171//302 1978//302 1973//302
f 5165//303 5170//303 1972//303
f 5165//303 1972//303 1967//303
f 5159//304 5164//304 1966//304
f 5159//304 1966//304 1961//304
f 5153//305 5158//305 1960//305
f 5153//305 1960//305 1955//305
f 5147//306 5152//306 1954//306
f 5147//306 1954//306 1949//306
f 5141//307 5146//307 1948//307
f 5141//307 1948//307 1943//307
f 5135//308 5140//308 1942//308
f 5135//308 1942//308 1937//308
f 5129//309 5134//309 1936//309
f 5129//309 1936//309 1931//309
f 4924//310 5128//310 1930//310
f 4924//310 1930//310 1924//310
f 4493//209 4488//209 2610//209
f 4493//209 2610//209 2603//209
f 4499//210 4494//210 2604//210
f 4499//210 2604//210 2597//210
f 4506//211 4500//211 2598//211
f 4506//211 2598//211 2591//211
f 4512//212 4507//212 2592//212
f 4512//212 2592//212 2585//212
f 4518//213 4513//213 2586//213
f 4518//213 2586//213 2578//213
f 4524//214 4519//214 2579//214
f 4524//214 2579//214 2572//214
s 1
f 4530//216 4525//216 2573//216
f 4530//216 2573//216 2566//216
s 0
f 4536//217 4531//217 2567//217
f 4536//217 2567//217 2560//217
f 4542//218 4537//218 2561//218
f 4542//218 2561//218 2554//218
f 4548//219 4543//219 2555//219
f 4548//219 2555//219 2542//219
f 4554//220 4549//220 2543//220
f 4554//220 2543//220 2539//220
f 4561//221 4555//221 2540//221
f 4561//221 2540//221 2530//221
f 2527//222 4567//222 4562//222
f 2527//222 4562//222 2531//222
s 1
f 2518//223 4573//223 4568//223
s 0
f 2518//223 4568//223 2528//223
f 2515//225 4579//225 4574//225
f 2515//225 4574//225 2519//225
f 2506//226 4582//226 4580//226
f 2506//226 4580//226 2516//226
f 2503//227 4585//227 4583//227
f 2503//227 4583//227 2507//227
f 2494//228 4591//228 4586//228
f 2494//228 4586//228 2504//228
f 2491//229 4594//229 4592//229
f 2491//229 4592//229 2495//229
f 2482//230 4597//230 4595//230
f 2482//230 4595//230 2492//230
f 2479//231 4600//231 4598//231
f 2479//231 4598//231 2483//231
f 2470//232 4603//232 4601//232
f 2470//232 4601//232 2480//232
f 2467//233 4609//233 4604//233
f 2467//233 4604//233 2471//233
f 2458//234 4612//234 4610//234
f 2458//234 4610//234 2468//234
f 2456//235 4616//235 4613//235
f 2456//235 4613//235 2459//235
f 2446//236 4619//236 4615//236
f 2446//236 4615//236 2455//236
f 2443//237 4622//237 4618//237
f 2443//237 4618//237 2445//237
f 2441//238 2433//238 4719//238
s 1
f 4625//318 4621//318 2442//318
s 0
f 4719//238 4624//238 2441//238
f 2432//239 2430//239 4722//239
f 2432//239 4722//239 4718//239
f 2421//240 4733//240 4721//240
f 2421//240 4721//240 2429//240
f 2412//241 4736//241 4732//241
f 2412//241 4732//241 2420//241
f 2409//242 4742//242 4735//242
f 2409//242 4735//242 2411//242
f 2400//243 4745//243 4741//243
f 2400//243 4741//243 2408//243
f 2397//244 4754//244 4744//244
f 2397//244 4744//244 2399//244
f 2396//246 2387//246 4760//246
s 1
f 2396//246 4760//246 4753//246
s 0
f 2384//247 4763//247 4759//247
f 2384//247 4759//247 2386//247
f 2378//248 4772//248 4762//248
f 2378//248 4762//248 2383//248
f 2375//249 4775//249 4771//249
f 2375//249 4771//249 2377//249
f 2369//250 4784//250 4774//250
f 2369//250 4774//250 2374//250
f 2366//251 4787//251 4783//251
f 2366//251 4783//251 2368//251
f 2355//252 4796//252 4786//252
f 2355//252 4786//252 2365//252
f 1610//253 1608//253 4799//253
f 4799//253 4795//253 2354//253
f 4799//253 2354//253 1610//253
f 1613//255 4808//255 4798//255
f 1613//255 4798//255 1607//255
f 1622//256 4811//256 4807//256
f 1622//256 4807//256 1612//256
f 1628//257 4821//257 4810//257
f 1628//257 4810//257 1621//257
f 1637//258 4824//258 4820//258
f 1637//258 4820//258 1627//258
f 1640//259 4833//259 4823//259
f 1640//259 4823//259 1636//259
f 1649//260 4836//260 4832//260
f 1649//260 4832//260 1639//260
f 1651//261 4844//261 4835//261
f 1651//261 4835//261 1648//261
f 1660//262 4847//262 4845//262
f 1660//262 4845//262 1652//262
f 1661//263 1663//263 4856//263
f 1661//263 4856//263 4848//263
f 1672//264 4859//264 4857//264
f 1672//264 4857//264 1664//264
f 1675//265 4868//265 4860//265
f 1675//265 4860//265 1673//265
f 1686//266 4872//266 4870//266
f 1685//313 4869//313 1676//313
f 1689//267 4885//267 4873//267
f 1689//267 4873//267 1687//267
f 1698//268 4891//268 4886//268
f 1698//268 4886//268 1690//268
f 1701//269 4897//269 4892//269
f 1701//269 4892//269 1699//269
f 1710//270 4903//270 4898//270
f 1710//270 4898//270 1702//270
f 1713//271 4909//271 4904//271
f 1713//271 4904//271 1711//271
f 1722//272 4915//272 4910//272
f 1722//272 4910//272 1714//272
f 4918//273 4916//273 1723//273
f 4918//273 1723//273 1725//273
f 5116//274 4919//274 1726//274
f 5116//274 1726//274 1734//274
f 5112//275 5117//275 1735//275
f 5113//315 1736//315 1738//315
f 5106//276 5114//276 1739//276
f 5106//276 1739//276 1747//276
f 5100//277 5107//277 1748//277
f 5100//277 1748//277 1750//277
f 5094//278 5101//278 1751//278
f 5094//278 1751//278 1760//278
f 5088//279 5095//279 1762//279
f 5087//280 1761//280 1764//280
f 5081//281 5089//281 1765//281
f 5081//281 1765//281 1773//281
f 5078//282 5082//282 1774//282
f 5078//282 1774//282 1776//282
f 5075//283 5079//283 1777//283
f 5075//283 1777//283 1785//283
f 5069//284 5076//284 1786//284
f 5069//284 1786//284 1788//284
f 5064//285 5070//285 1789//285
f 5064//285 1789//285 1798//285
f 2728//286 5058//286 5063//286
f 5063//286 1797//286 1804//286
f 5063//286 1804//286 2728//286
f 5052//287 5057//287 2727//287
f 5052//287 2727//287 2731//287
f 5046//288 5051//288 2730//288
f 5046//288 2730//288 2741//288
f 5040//289 5045//289 2740//289
f 5040//289 2740//289 2738//289
f 5033//290 5039//290 2737//290
f 5033//290 2737//290 2735//290
f 5026//291 5032//291 2733//291
f 5027//292 2734//292 2725//292
f 5020//293 5025//293 2724//293
f 5020//293 2724//293 2719//293
f 5014//294 5019//294 2718//294
f 5014//294 2718//294 2713//294
f 5008//295 5013//295 2712//295
f 5008//295 2712//295 2707//295
f 5001//316 5007//316 2706//316
f 5000//296 2705//296 2700//296
f 4994//297 4999//297 2699//297
f 4994//297 2699//297 2694//297
f 2688//298 4416//298 4410//298
f 4410//298 4993//298 2693//298
f 4410//298 2693//298 2688//298
f 4419//299 4415//299 2687//299
f 4419//299 2687//299 2682//299
f 4428//300 4418//300 2681//300
f 4428//300 2681//300 2676//300
f 4431//301 4427//301 2675//301
f 4431//301 2675//301 2670//301
f 4440//302 4430//302 2669//302
f 4440//302 2669//302 2664//302
f 4443//303 4439//303 2663//303
f 4443//303 2663//303 2658//303
f 4452//304 4442//304 2657//304
f 4452//304 2657//304 2655//304
f 4455//317 4451//317 2654//317
f 4455//317 2654//317 2646//317
f 4464//306 4454//306 2645//306
f 4464//306 2645//306 2643//306
f 4467//307 4463//307 2642//307
f 4467//307 2642//307 2634//307
f 4476//308 4466//308 2633//308
f 4476//308 2633//308 2631//308
f 4479//309 4475//309 2630//309
f 4479//309 2630//309 2622//309
f 4487//310 4478//310 2621//310
f 4487//310 2621//310 2609//310
